tau,epoch,mean_train_loss,std_train_loss,mean_test_loss,std_test_loss,mean_test_acc,std_test_acc,mean_test_error,std_test_error,mean_weight_norm,std_weight_norm,mean_mean_grad_sq,std_mean_grad_sq
0,1,1.6757762846739397,0.016070088797199743,1.948280719502767,0.32269913217448104,0.3736333333333333,0.048906577608061386,0.6263666666666666,0.04890657760806143,37.626365661621094,0.07101818948796239,6.3386868330390405,0.21302725335227782
0,2,1.2899599036190719,0.02299410140125301,1.2917196955362957,0.09227453714842174,0.5532666666666667,0.01775678274162672,0.44673333333333326,0.017756782741626724,37.883836110432945,0.07129203902986128,5.392340202125873,0.09081260718942995
0,3,1.0941266377360417,0.0259348871331434,1.3336662033081055,0.26243919025508655,0.5664999999999999,0.04536066577994637,0.4335,0.04536066577994638,38.134254455566406,0.06850975081901908,5.037602086950852,0.08619401633754847
0,4,0.9696142106409879,0.020543225465459097,1.1645405955632528,0.154551981125583,0.6120333333333333,0.04146339751314809,0.3879666666666666,0.04146339751314809,38.373251597086586,0.06870121785712267,4.720138243581379,0.0802845208504648
0,5,0.8762677095938421,0.015078077270346843,1.1821989627838134,0.4211750086172911,0.6180333333333333,0.0928444038880822,0.38196666666666673,0.0928444038880822,38.606658935546875,0.06564026534670928,4.522697216946273,0.056436826895274884
0,6,0.8035362663679618,0.007498503318715,1.0456934181213378,0.05635308303615334,0.6581,0.013509996299037257,0.34190000000000004,0.013509996299037257,38.83410517374674,0.06338134032439535,4.439838522503697,0.05815748752585067
0,7,0.743966891510509,0.009817691368008379,0.8596192679405212,0.08000680540516304,0.7071333333333333,0.01959727872265262,0.29286666666666666,0.01959727872265262,39.054290771484375,0.06082031621543264,4.27020452154732,0.09602540239751226
0,8,0.6946797814007407,0.0074675831224773215,0.8858517410596213,0.05229736752293419,0.7052,0.013952419145080145,0.2948,0.013952419145080145,39.26883316040039,0.05761653626506303,4.153233004729157,0.08585036340196199
0,9,0.65608542120975,0.00587378365564445,0.801468246046702,0.05232907052544529,0.7359333333333334,0.015301089285842845,0.26406666666666667,0.015301089285842846,39.47780990600586,0.055451392463174314,4.063709285491339,0.048215955466393234
0,10,0.6232582942248407,0.00922998585516654,0.780473667271932,0.027552959162810503,0.7392666666666666,0.005084617324178178,0.2607333333333333,0.005084617324178178,39.6814931233724,0.05153466853452585,3.9878375967114983,0.08278036369445836
0,11,0.595839976400569,0.009955465945645735,0.8794028999964397,0.17169933264923973,0.7082666666666667,0.052616759053873065,0.29173333333333334,0.052616759053873065,39.88227844238281,0.05049695675041565,3.96144803924024,0.07372916990370268
0,12,0.5682561598521263,0.005289241210260728,0.7265951635360718,0.048056054681175284,0.7623666666666665,0.009089737803332594,0.23763333333333336,0.009089737803332592,40.08098602294922,0.04818025484377535,3.8651510966403406,0.056682600967944696
0,13,0.5472858468386624,0.008198525936785203,0.8077718900998434,0.02246508533169839,0.7426666666666667,0.004499259198282918,0.2573333333333333,0.004499259198282918,40.275211334228516,0.04532221111876069,3.854591127983648,0.036274642819483525
0,14,0.525198511150487,0.009250600317491304,0.7637740537961323,0.13430496186707513,0.7543000000000001,0.03329999999999999,0.24569999999999995,0.033299999999999996,40.46712112426758,0.04475229830930908,3.7747148718059265,0.07145447664890102
0,15,0.5105854893279503,0.0057100830180694786,0.7401852814038595,0.1413556380487371,0.7684666666666667,0.02859830997337664,0.23153333333333329,0.02859830997337664,40.65864817301432,0.043958885251459155,3.823689948803946,0.02797313436368031
0,16,0.49226339068660757,0.006853409146722829,0.757402669620514,0.1007010894605408,0.7585666666666667,0.02348581131946122,0.2414333333333333,0.02348581131946122,40.84614817301432,0.040640686206021875,3.748889070826774,0.07238304927450331
0,17,0.47592143179612184,0.007778682020005743,0.7047928268432617,0.026265088514426233,0.7709333333333334,0.0033291640592396855,0.22906666666666667,0.0033291640592396855,41.03289286295573,0.041085397521805005,3.7097960972058046,0.04843430554039976
0,18,0.46353140574993484,0.007113296761715787,0.6696557061195373,0.11913197230098461,0.7877666666666667,0.021716660271168173,0.21223333333333336,0.021716660271168177,41.215771993001304,0.039037226408433746,3.694793646486646,0.04632453204745465
0,19,0.45092459440942717,0.0109006615619791,0.6466599362055461,0.0858471864943824,0.7877333333333333,0.02422897714170644,0.21226666666666671,0.02422897714170644,41.398295084635414,0.039489060004856684,3.6740037885471506,0.021003233169839965
0,20,0.4378783254164056,0.008628635920757391,0.6913417663097382,0.04987210769304811,0.7793333333333333,0.00854068693568225,0.22066666666666668,0.00854068693568225,41.57992172241211,0.03942287109518339,3.661356457894174,0.03604741791932218
0,21,0.4247117292545641,0.008925826255920798,0.6247362359364828,0.05986642393734229,0.8038333333333334,0.014759516703921317,0.19616666666666668,0.014759516703921317,41.76124699910482,0.03828358190241606,3.65988901275141,0.0518884989148102
0,22,0.4149213703849432,0.004548145502691455,0.7041057458082834,0.17333927385949346,0.7807666666666667,0.04152858453322642,0.2192333333333333,0.04152858453322642,41.93895594278971,0.037819234661795556,3.6247234087872484,0.027796952876602086
0,23,0.40345256702572696,0.006769341839298843,0.615810510635376,0.1332995789561288,0.8043666666666667,0.03329404351131496,0.19563333333333333,0.03329404351131496,42.115552266438804,0.03795270996056909,3.603136614377897,0.04748212455649658
0,24,0.39134749056229917,0.005568887591611968,0.7155660459518433,0.09735550733146027,0.7812666666666667,0.023958575361096388,0.21873333333333334,0.023958575361096388,42.291342417399086,0.03784134240287728,3.583414333544589,0.011727282311129798
0,25,0.3843056748209097,0.005833520879598853,0.6171807221412658,0.03194554965268104,0.8069333333333333,0.009402836451482804,0.19306666666666664,0.009402836451482804,42.46467208862305,0.03843491732060052,3.5633536304465516,0.009855428647936993
0,26,0.37478703964193555,0.0030102667336732065,0.5748733636538188,0.042323113339585994,0.8164000000000001,0.009516827202382117,0.18359999999999999,0.009516827202382115,42.63778559366862,0.038678079664364866,3.5663972204854395,0.009096470136197389
0,27,0.36764344249082653,0.0051027528870579725,0.6346429095904033,0.03306013239974298,0.7935666666666666,0.009623062575569876,0.20643333333333336,0.009623062575569876,42.8106320699056,0.037627606943237565,3.6104452885045824,0.019032841692371967
0,28,0.35864753932243526,0.002664465831662529,0.6651264313538869,0.02622179709379708,0.7951999999999999,0.004869291529575904,0.2048,0.004869291529575904,42.982496897379555,0.03781483007245485,3.5510544816598943,0.019466406483159223
0,29,0.35170196299103723,0.0040641158473344935,0.5938912522315979,0.057246411595088115,0.8108333333333334,0.01559241268480708,0.18916666666666668,0.015592412684807083,43.15194574991862,0.03749716754188012,3.524003890261232,0.020009498380815137
0,30,0.3440189944661182,0.0017094255528303853,0.6436090222676595,0.16267940179091292,0.8065333333333333,0.033285181888241686,0.19346666666666668,0.033285181888241686,43.321417490641274,0.03778034618510716,3.5290927911170926,0.01726698468547227
0,31,0.33452153284633046,0.007087145046647299,0.5378917556126913,0.009984120975867103,0.8311333333333333,0.005081666393352993,0.16886666666666664,0.005081666393352992,43.49030303955078,0.039418000576492966,3.535965745215831,0.0350382358500011
0,32,0.32944363335311055,0.0055964654643460105,0.5837085351308188,0.05724229676115713,0.8153333333333332,0.011402338941345912,0.18466666666666665,0.011402338941345912,43.658957163492836,0.04088279246819106,3.5357923808436955,0.04948399341500624
0,33,0.32274556209516647,0.003584694220940148,0.6159000501155854,0.07446773659613183,0.8102999999999999,0.01268345378830232,0.1897,0.01268345378830232,43.82667668660482,0.04329945717248144,3.541742550017025,0.07293689711818502
0,34,0.31650484801100953,0.006803174714523835,0.6694792461077372,0.0866676569801714,0.7958999999999999,0.022194819215303356,0.20410000000000003,0.022194819215303356,43.99391174316406,0.04615679274709973,3.5332782980902575,0.05676509147928872
0,35,0.3090008161993791,0.004295197814405217,0.5387195841948191,0.06792998284826843,0.8279,0.018421997720117104,0.1721,0.018421997720117104,44.159566243489586,0.04691522167376698,3.5122503061022194,0.04947485731254151
0,36,0.3024689033818062,0.0018512900201410095,0.6593623030662537,0.025624230638790105,0.8063666666666666,0.007489548272982391,0.19363333333333332,0.007489548272982391,44.324503580729164,0.04746238831333916,3.4884937632930577,0.05273063368627913
0,37,0.2982188248776617,0.004725114992334499,0.5946880368073781,0.06260816895926553,0.8174,0.015950235107985086,0.1826,0.015950235107985086,44.48838424682617,0.04692505282010564,3.5193842771031973,0.030453223324882935
0,38,0.2937791068281563,0.003031336596311239,0.5674931958715121,0.014059123541550212,0.8253666666666666,0.004675824347998267,0.17463333333333333,0.004675824347998267,44.65228017171224,0.04766854744298993,3.507675164738052,0.0295766808286774
0,39,0.2874220623003552,0.006758572149419402,0.5531321891307831,0.06968158202402834,0.8302,0.016839536810732074,0.16979999999999998,0.016839536810732074,44.81533686319987,0.04890507540408527,3.520224642040302,0.030669361312788263
0,40,0.2828370115615726,0.006567077488836657,0.5801439699729284,0.11932036955374552,0.8266333333333332,0.02790292696713612,0.1733666666666667,0.027902926967136123,44.9777577718099,0.049929787259034415,3.525257265612877,0.00928419461986395
0,41,0.2758006251147946,0.0016821949189396463,0.4970519595464071,0.0324095522825838,0.8468666666666667,0.00903677671149026,0.15313333333333334,0.00903677671149026,45.138955434163414,0.05067333063049689,3.467704304445532,0.06521907059929964
0,42,0.27324545647685383,0.005533118724973769,0.7910696796576181,0.30182508899603216,0.7897333333333334,0.051363443550187834,0.21026666666666669,0.051363443550187834,45.30011240641276,0.05131647344220204,3.517756721683685,0.04020495001481653
0,43,0.26827715358872345,0.0027050487798768973,0.6989239372571309,0.12438212695813673,0.8000333333333334,0.031050013419213394,0.19996666666666665,0.031050013419213398,45.459921518961586,0.0537347857586168,3.4806216029912385,0.056751839365715706
0,44,0.26232417767513333,0.004014945277809493,0.5220132120768229,0.04801576363792917,0.8461,0.00835942581760255,0.1539,0.00835942581760255,45.620262145996094,0.052074608422802565,3.48944024109176,0.025604959281494526
0,45,0.25882648194537444,0.006952988960920098,0.5517597566922505,0.04758112842181714,0.8362999999999999,0.010289800775525255,0.16370000000000004,0.010289800775525253,45.77878952026367,0.054308863488484495,3.491070029994303,0.05443969404638165
0,46,0.2537944290313778,0.0031206310171482832,0.5516780757904053,0.034935757934367324,0.8348,0.01062261737991159,0.1652,0.01062261737991159,45.93626912434896,0.05584986963320958,3.4810497867402392,0.057186921297266845
0,47,0.2488574891875975,0.0072545652589102415,0.5584483663717906,0.05398980657599668,0.8358666666666666,0.012133150181767876,0.16413333333333333,0.012133150181767876,46.09419631958008,0.05669594590657841,3.4754781990541495,0.07722051701110388
0,48,0.2472193333219486,0.003824611756728748,0.6464472683588663,0.07973810008566408,0.8180666666666667,0.017737061011715908,0.1819333333333333,0.017737061011715908,46.250665028889976,0.05898515170228861,3.494411257089283,0.07548957308013257
0,49,0.24442815536098003,0.0018470777216757282,0.6361112459659576,0.048573967187338245,0.8227333333333334,0.011168855506869694,0.17726666666666666,0.011168855506869694,46.40666198730469,0.06060913260937532,3.4906157908424458,0.03914106529805782
0,50,0.23707376012716755,0.0034877024074329173,0.5197506587664286,0.06307411503419723,0.8441,0.01172049487009832,0.1559,0.011720494870098318,46.5613899230957,0.06218745889468398,3.437597426284146,0.03784580153434062
0,51,0.23480996160505171,0.004555344280168951,0.5488867542743683,0.055457662532136486,0.8409333333333334,0.013747848316494213,0.1590666666666667,0.013747848316494213,46.71533075968424,0.06270021092534703,3.447449313532259,0.02560370294612643
0,52,0.229130513813642,0.005297139789575809,0.5508309884230296,0.06971692323720499,0.8372666666666667,0.013476028099307792,0.1627333333333333,0.013476028099307792,46.86828486124674,0.0625004686087187,3.4094501261282573,0.06693707002811775
0,53,0.2256102735162391,0.003807631704414491,0.5602808933417003,0.0993228512628407,0.8435333333333334,0.02011624550788081,0.15646666666666664,0.02011624550788081,47.02047220865885,0.06261705871299532,3.4299929938715774,0.050281216002165334
0,54,0.2221663190593398,0.0029367884199342385,0.5671830452442169,0.08450690599542467,0.8382666666666667,0.018744154644404036,0.16173333333333337,0.018744154644404036,47.174065907796226,0.0637227247789526,3.472509726104688,0.043028282820482
0,55,0.2192217065728026,0.0023378517088862585,0.5283502616405488,0.05582776709687191,0.8461,0.011624543001769986,0.1539,0.011624543001769986,47.32429758707682,0.06444748221758154,3.4044939056261168,0.029155002849319902
0,56,0.2150424096514197,0.003830419436915313,0.5923159080664316,0.09457530439791027,0.8347666666666665,0.021338775347552946,0.16523333333333334,0.021338775347552942,47.47610600789388,0.064568887766381,3.438818255113875,0.041015602513294454
0,57,0.2136421215173432,0.003770672778894631,0.605576742998759,0.08748352912610391,0.8331666666666666,0.018422088191443777,0.16683333333333336,0.018422088191443777,47.62647374471029,0.06502298293951361,3.445641116191492,0.02428373749005442
0,58,0.21092059441666675,0.002409192752199219,0.529986388305823,0.02836099094267293,0.8489999999999999,0.007402026749478782,0.15100000000000002,0.007402026749478783,47.77597173055013,0.06840900832469714,3.417246382344492,0.06086420510830242
0,59,0.20722486818080665,0.003918986219094203,0.5452887525399527,0.1059650938939,0.8481000000000001,0.019755252466116462,0.15189999999999995,0.019755252466116462,47.9245974222819,0.06955508845094345,3.416097664240135,0.044027932970157946
0,60,0.2058361328928672,0.003160701245149428,0.5535665758689244,0.020959413736617173,0.8443999999999999,0.003950949253027691,0.15559999999999996,0.003950949253027691,48.07408014933268,0.06985285992405511,3.461677772164478,0.07928106435217415
0,61,0.20169906847286914,0.003096006938499708,0.5470160243670145,0.026874287330374426,0.8456999999999999,0.006533758489567827,0.1543,0.006533758489567827,48.22248840332031,0.07010621492061887,3.432537455663548,0.02383986840670108
0,62,0.19741946572512514,0.0034034279112806357,0.5444848905563354,0.03995706528248006,0.8438666666666667,0.01257033545031052,0.15613333333333335,0.01257033545031052,48.369588216145836,0.0702078294265217,3.38612562351013,0.016289021213210686
0,63,0.19493052922348028,0.0013859241053852912,0.5535683571497599,0.07210014270716704,0.8479666666666668,0.011184960139997535,0.15203333333333333,0.011184960139997535,48.51440938313802,0.07153211531500925,3.3673552598904273,0.04323897170392385
0,64,0.19257130222958777,0.005118104253701755,0.5407871596256891,0.05649757647805844,0.8480333333333334,0.009332916657365636,0.15196666666666667,0.009332916657365636,48.65939203898112,0.07161185656083192,3.3887765549066913,0.047839857777376316
0,65,0.18833916706095774,0.004589245311604614,0.5589105295976003,0.07001059659485963,0.8450333333333333,0.017273196963310904,0.15496666666666667,0.017273196963310904,48.80379104614258,0.07081083203780988,3.35171643027977,0.08456106169054209
0,66,0.18796376766476586,0.0019664255249845167,0.5543594048500061,0.07494412730229892,0.8461666666666666,0.012023865157815648,0.1538333333333333,0.012023865157815648,48.946852366129555,0.0716184431606372,3.388253424951818,0.0481273136831631
0,67,0.183964940872542,0.0040203964709280655,0.5429185963948568,0.0231850782860285,0.8505333333333333,0.0028867513459481316,0.14946666666666672,0.002886751345948131,49.090555826822914,0.07315762340172093,3.36235327279165,0.08765140044910665
0,68,0.1800883976490144,0.001533912769912022,0.534118736743927,0.012042046393288245,0.8512666666666666,0.005923118547972275,0.14873333333333336,0.005923118547972275,49.23271942138672,0.07373629033477087,3.3343938104381574,0.03390348941176968
0,69,0.17931931341687837,0.0024854138795541007,0.5466616648832957,0.010664986614805527,0.851,0.005737595315112465,0.14900000000000002,0.005737595315112465,49.37549336751302,0.07329031399568503,3.377994396955645,0.023062221148869456
0,70,0.17607165888294843,0.0036895515803924707,0.5594183481375377,0.03771630906988701,0.8483999999999999,0.004699999999999982,0.15159999999999998,0.004699999999999982,49.516387939453125,0.07455661778708486,3.3455433680716418,0.041914874292972804
0,71,0.17422969098133811,0.0022162466552369826,0.5871055737495422,0.01586992297843933,0.8412333333333333,0.0051675268101223325,0.1587666666666667,0.0051675268101223325,49.65613810221354,0.07653230837842724,3.331004652449145,0.06279646587720393
0,72,0.17130735748386341,0.0045591367798842545,0.5551690103371937,0.03850966782296238,0.8506333333333332,0.008173942337289472,0.14936666666666668,0.008173942337289472,49.79696909586588,0.07516323355275191,3.342882665140969,0.09842488633816761
0,73,0.17023334965960957,0.0002345471739641087,0.6099424874623617,0.09781243537848977,0.8388,0.023047559523732677,0.16119999999999998,0.023047559523732677,49.93622716267904,0.07802933598308695,3.3322162976224874,0.08462707785193115
0,74,0.16957112284216835,0.003204276156499546,0.6130901952743532,0.06416732713152724,0.8388666666666666,0.008974593769822266,0.16113333333333335,0.008974593769822266,50.07597732543945,0.0787593497253796,3.3737353875777365,0.0037587269056944352
0,75,0.16408108516841594,0.001460346655253923,0.5345889290332795,0.046778427805126845,0.8519333333333333,0.013273030299571161,0.14806666666666665,0.013273030299571161,50.214561462402344,0.08080542998738426,3.2988941912548833,0.08879761809156003
0,76,0.16289679539681293,0.003580121375554855,0.572903749358654,0.0505728706326972,0.8497666666666666,0.009523829761883268,0.15023333333333333,0.009523829761883268,50.35174051920573,0.08319001277203482,3.3069473238052915,0.06337815101694372
0,77,0.16214670405071308,0.003179783348982146,0.5717809847195943,0.004639739039520374,0.8464,0.005550675634551166,0.1536,0.005550675634551166,50.48962529500326,0.08461162140172873,3.3353906492476386,0.06610790265780378
0,78,0.15742644841345274,0.004619945257031639,0.5207676049550375,0.023987478113283067,0.8588999999999999,0.00443057558337514,0.1411,0.00443057558337514,50.624603271484375,0.08522048726491208,3.2501309905753004,0.09430936666350988
0,79,0.1544531135734898,0.004246762574837499,0.5935865034302076,0.04615319203440761,0.8447,0.009534673565466213,0.1553,0.009534673565466213,50.75889333089193,0.08725929319316995,3.2437147665534645,0.05865812369068531
0,80,0.15495030773773422,0.004411496291989659,0.569406906414032,0.026741578330680884,0.8519,0.00476969600708475,0.14809999999999998,0.00476969600708475,50.895975748697914,0.08791301828898541,3.344643746037036,0.1474063485434712
0,81,0.15216840469204557,0.00038394771130910693,0.6362349619468053,0.07293254791261979,0.8429666666666668,0.011913997370040562,0.15703333333333333,0.011913997370040562,51.02960713704427,0.0908819945651605,3.25530610383724,0.10015012721285817
0,82,0.15065889910676494,0.002907589829645079,0.5351951237519582,0.04826272013998973,0.858,0.007830708780180775,0.14200000000000002,0.007830708780180775,51.16339365641276,0.0904189827293659,3.2761844667861717,0.048209836922136054
0,83,0.1503732832178842,0.001059872404776923,0.6407345191637676,0.11264443696299277,0.8385333333333334,0.021774373316661346,0.16146666666666665,0.021774373316661346,51.29677708943685,0.09309430860337756,3.3237586504393093,0.14226801021208169
0,84,0.14868431202972027,0.0025778062271330903,0.5388672127405804,0.01381626415280899,0.8579666666666667,0.0029737742572921366,0.14203333333333332,0.0029737742572921366,51.429500579833984,0.09370923343380089,3.2876341770298283,0.060389453790517716
0,85,0.14545020903798114,0.0012886781714324849,0.5618926391243935,0.08159538801052954,0.8565,0.011688883607941344,0.14349999999999996,0.011688883607941344,51.56077448527018,0.09618425140945618,3.2462288905879944,0.10351689254534588
0,86,0.14292819150751304,0.004707813183570103,0.5200308445135752,0.04476218321575619,0.8642666666666666,0.007757147241952618,0.1357333333333333,0.007757147241952618,51.69077173868815,0.0975878886273626,3.210790359630279,0.014027025787936128
0,87,0.140620602121718,0.002990190738676797,0.5669491878668467,0.04267294858726163,0.8561333333333333,0.01057654638023838,0.14386666666666667,0.01057654638023838,51.82020060221354,0.09771808226429249,3.190742463555873,0.11059099373422532
0,88,0.13719680897084852,0.002240394799075902,0.5619664394537608,0.03450052124929312,0.8560666666666666,0.0063437633415295,0.14393333333333333,0.0063437633415295,51.94836552937826,0.09873972279030785,3.1684536548158295,0.08089808097193038
0,89,0.13552423357607865,0.003715725830757526,0.5251711782932281,0.04686745096985273,0.8661666666666666,0.006423654204059665,0.13383333333333333,0.006423654204059665,52.076080322265625,0.09799246251798265,3.1589139590914406,0.04508400654286707
0,90,0.13716531247662767,0.0026348374664359074,0.6043229754765828,0.1488242790112553,0.8501333333333333,0.027308850824107073,0.14986666666666668,0.027308850824107073,52.20506286621094,0.09637909388203578,3.2499600215997617,0.05639630487307184
0,91,0.13499281544933844,0.003308775214652259,0.5502544230937958,0.060973598884890304,0.8597666666666667,0.00871569465581104,0.14023333333333332,0.00871569465581104,52.33275477091471,0.09588029033348201,3.2212632593515393,0.02216330474906062
0,92,0.13094699765473783,0.00444281233061218,0.6073813522497813,0.08782607051494366,0.8485,0.01848864516399186,0.15149999999999997,0.01848864516399186,52.45789464314779,0.09393104274067982,3.112261543331076,0.07295869056764215
0,93,0.1295625191048512,0.004512495171880023,0.580030529387792,0.07925806462097407,0.8579666666666667,0.008130395644329547,0.14203333333333334,0.008130395644329547,52.58418655395508,0.09442877362989051,3.1559440924522826,0.04613048228780699
0,94,0.1278504242728332,0.0032921232303822546,0.613701954682668,0.061047085363487505,0.8530666666666668,0.010980588933811,0.14693333333333333,0.010980588933811,52.70949172973633,0.09596917768813368,3.131385963084613,0.11844039626155099
0,95,0.12691728625595822,0.002506720325366574,0.5640972850322723,0.020937335501775112,0.8615,0.0023811761799581,0.13849999999999998,0.0023811761799581,52.83398691813151,0.09605956378787212,3.146480244839642,0.044875990264300794
0,96,0.1252307705279481,0.0029308229842777275,0.5901042795976003,0.07889217972468064,0.8571,0.013550276749941307,0.1429,0.013550276749941307,52.957967122395836,0.09563739745726721,3.1360517949769426,0.0548223912045038
0,97,0.12512209626249748,0.00439804502645373,0.5848434452851614,0.01534893654851402,0.8605,0.004229657196511316,0.13950000000000004,0.004229657196511316,53.08183670043945,0.09455389292459539,3.1581546763676314,0.11802836169994405
0,98,0.12169102883920746,0.005236049188344591,0.6138521367708841,0.05529150375005454,0.8505333333333334,0.010920317455703111,0.14946666666666664,0.010920317455703111,53.204115549723305,0.09493141510350837,3.1107461886011616,0.08451905561035364
0,99,0.12057215750585838,0.001972416242161772,0.5643312292893728,0.031358166505045096,0.8647,0.006937578828380992,0.13529999999999998,0.006937578828380992,53.32589848836263,0.09678358671215155,3.0913893486919375,0.0759756596942077
0,100,0.12121540074572539,0.004027171168170708,0.5664336344877879,0.045899619773671345,0.8635666666666667,0.005810622456616302,0.13643333333333332,0.005810622456616302,53.449517567952476,0.09911041024062088,3.182142445372969,0.10283517551048454
1,1,1.8460335839231707,0.023655186901682442,1.5892048345565797,0.019824130898065208,0.4289666666666667,0.014950027870654074,0.5710333333333333,0.014950027870654067,37.64265060424805,0.08905530198751285,5.942212607666978,0.536736783951325
1,2,1.4054269293689972,0.038350693924831425,1.711116381072998,0.2915309053148584,0.43439999999999995,0.04437307742314025,0.5656,0.044373077423140284,37.914450327555336,0.09599529231986184,4.31994419914606,0.18452170745761146
1,3,1.1983026756451665,0.0338033823388835,1.2163545125325521,0.17677917045018926,0.5745,0.04842034696282135,0.4255,0.04842034696282135,38.185282389322914,0.09844328210850634,4.231907998982623,0.05661999981073665
1,4,1.0524452594946514,0.03232268350386429,1.075363461303711,0.022736187772269805,0.6198,0.018194229854544542,0.38020000000000004,0.018194229854544542,38.44128672281901,0.09837590828266482,3.9974384926678734,0.07509640879839122
1,5,0.9473277554487632,0.0333106742396542,1.0261222045898437,0.12067079080338833,0.6450666666666667,0.041988728646308565,0.3549333333333333,0.041988728646308565,38.68754577636719,0.09718195409325271,3.9207841631148934,0.011424120284684801
1,6,0.8664818514846678,0.029749440520414238,1.1004565952936807,0.20677503133910247,0.6417666666666667,0.04804584616107131,0.35823333333333335,0.04804584616107131,38.929606119791664,0.09622878171596937,3.868464988414182,0.06752142769244938
1,7,0.7983012224046572,0.02812442474050356,1.018712450536092,0.12916383075277368,0.6705333333333333,0.02257528146742215,0.3294666666666667,0.02257528146742215,39.161720275878906,0.09163356360043416,3.7809590534064905,0.016340139493063965
1,8,0.7469070310889404,0.029010663214054697,0.9230332176526388,0.15413228314861507,0.6932,0.02992607558635108,0.3068,0.02992607558635108,39.387072245279946,0.08798279667223223,3.722415650080817,0.034712055163133054
1,9,0.7006325812697511,0.0228482122423067,0.8640100495020548,0.16561293531864296,0.7172666666666667,0.03820501712253681,0.28273333333333334,0.03820501712253681,39.60607782999674,0.08420733744783715,3.6439375839682846,0.017179011326300377
1,10,0.6622342257700917,0.01986871037120799,0.8901328676541646,0.09287377328162126,0.709,0.02776706682384728,0.291,0.02776706682384728,39.81961313883463,0.07860519610587592,3.622063477033748,0.041871594710868126
1,11,0.628149840583785,0.01747224148199208,0.7834184337933858,0.09086937440935876,0.7401666666666666,0.03055230487759203,0.25983333333333336,0.03055230487759203,40.02839914957682,0.0756633822245974,3.553845880935818,0.04164743613939642
1,12,0.603154368412769,0.015659827729768865,0.7566776056925456,0.054566149790562506,0.7516333333333334,0.011582026305156309,0.24836666666666665,0.011582026305156309,40.23282114664713,0.0749217425006428,3.538338870816854,0.010879323963013738
1,13,0.5798501502928933,0.013278422344732276,0.8073201063156127,0.16008277752945113,0.7348,0.03795247027533254,0.2652,0.03795247027533254,40.43099848429362,0.07042119883649481,3.469702211890659,0.03571119763579926
1,14,0.5532389542584936,0.012243910782714541,0.6897375525474548,0.05093856465281255,0.7736333333333333,0.018492521010758215,0.2263666666666667,0.018492521010758215,40.62708028157552,0.07152579847512434,3.4148576308299057,0.010049651837713572
1,15,0.5379387052874227,0.012597042330667193,0.7136397415161132,0.05999664542394548,0.7696666666666667,0.01574240557644645,0.23033333333333336,0.01574240557644645,40.821511586507164,0.07130188821817963,3.4885775402064443,0.00913040593167571
1,16,0.517776224060335,0.008979856242756235,0.68528492881457,0.04436321103922094,0.7760333333333334,0.009134732252963604,0.22396666666666665,0.009134732252963604,41.01362101236979,0.06991108468335813,3.4437597221937044,0.05576279904544122
1,17,0.4999704477071559,0.009549075476490494,0.6752505289077759,0.029498858166673594,0.7771666666666667,0.0086558265540232,0.2228333333333333,0.0086558265540232,41.203269958496094,0.06925090582140235,3.3837195678446554,0.0319063614305774
1,18,0.48709823169570043,0.007879473478492318,0.618381827100118,0.07112223508014184,0.7970333333333334,0.024279483794622428,0.20296666666666663,0.024279483794622428,41.38961919148763,0.0665864365072255,3.4111134877757117,0.013469255685721833
1,19,0.4729735763379883,0.008456384190487564,0.6394753922621409,0.058181687034074885,0.7896333333333333,0.019131213587572894,0.2103666666666667,0.019131213587572894,41.57242075602213,0.06398033843636476,3.363479813705345,0.05659037088771559
1,20,0.45875887784913166,0.005837873105028535,0.5898922089099884,0.021007932097706166,0.8060666666666667,0.0030088757590391595,0.19393333333333332,0.0030088757590391595,41.75694274902344,0.06411561062336185,3.3594897440718032,0.034086026737490095
1,21,0.4469057050202509,0.0057209277979742125,0.5932227083603542,0.010404683165379992,0.8067333333333333,0.0037647487742654717,0.19326666666666667,0.0037647487742654717,41.93910598754883,0.06487401714055892,3.3751801843044347,0.027591358494304136
1,22,0.4348126093190852,0.00458074050136881,0.605389834133784,0.0852165433680428,0.8033,0.022400669632848074,0.19669999999999999,0.022400669632848074,42.12028503417969,0.060333118211851715,3.368555183769327,0.015084353011438763
1,23,0.42453338522130574,0.004779528504874964,0.5585699484666188,0.019342902907319336,0.8158,0.003235737937472688,0.1842,0.003235737937472688,42.29882049560547,0.05792799272605506,3.3428163127362325,0.08209812522673424
1,24,0.4109629769408591,0.0030210142922482254,0.5960065961519877,0.05796167290290776,0.8079666666666667,0.015875242780295815,0.1920333333333333,0.015875242780295815,42.47495142618815,0.057702194048011586,3.306206501532863,0.04640328077478942
1,25,0.40232945883365545,0.00392751818106029,0.6331414569060008,0.07693683795994392,0.7983666666666668,0.021594983985484553,0.20163333333333333,0.021594983985484553,42.65088653564453,0.05494545299339212,3.3202505356363017,0.018986997002475615
1,26,0.39390505948131754,0.002700864622380104,0.6034975051164627,0.03821351365234207,0.8017666666666666,0.011216654284292336,0.19823333333333334,0.011216654284292336,42.82558949788412,0.05403282657688348,3.3321998118496765,0.03144076947835974
1,27,0.38744868306349406,0.002672288678802555,0.5739444089730581,0.060198170968826174,0.8145000000000001,0.015600961508830155,0.18549999999999997,0.015600961508830155,42.99842834472656,0.05029590766500134,3.3312400350218536,0.07080044311082126
1,28,0.37704776978248833,0.0024114932169366147,0.5803892012278239,0.09919272844894633,0.8155,0.02210610775328842,0.1845,0.02210610775328842,43.17121887207031,0.049818568626855624,3.298700033590985,0.07060206883120286
1,29,0.3679008647888416,0.0021907588950053907,0.6586321358680726,0.10225797130118486,0.7986333333333334,0.026848898177268533,0.20136666666666667,0.026848898177268536,43.34156926472982,0.04932270510462974,3.2840551924601975,0.03845882790467473
1,30,0.3584392503196117,0.0024835311116124486,0.5757039797782898,0.02798008565193678,0.8159000000000001,0.008727542609463427,0.1841,0.008727542609463427,43.5106201171875,0.045619477512576855,3.272824660456483,0.0030807778159064143
1,31,0.35289180136499304,0.004326924825018672,0.533956603050232,0.059757058074690124,0.8290333333333333,0.016513428878743883,0.17096666666666668,0.016513428878743883,43.679752349853516,0.04240111583288485,3.3350121624305693,0.09119822903512963
1,32,0.3476107865826045,0.002489590840518649,0.5485020119826,0.012155014002652946,0.8261666666666666,0.0014742229591664046,0.1738333333333333,0.0014742229591664046,43.84733327229818,0.041029536127117676,3.302121287033927,0.04418204167532675
1,33,0.33857582134765535,0.002567627350767884,0.6417058458169301,0.07199867385589016,0.8027666666666667,0.017208234462992824,0.19723333333333334,0.017208234462992824,44.0145009358724,0.0394502978410591,3.289054063475117,0.10670359845459036
1,34,0.3299479238492042,0.0037743574858838955,0.6123972074190775,0.07024802096642893,0.8075333333333333,0.018486842167696835,0.19246666666666665,0.018486842167696835,44.180137634277344,0.039993252839704424,3.261146122432502,0.02443489552761217
1,35,0.3258453811068669,0.0024648090209486353,0.5600369266351064,0.06886370072383066,0.8256,0.01442116500148307,0.17439999999999997,0.01442116500148307,44.34456253051758,0.04019960286388355,3.2796153792514384,0.08544586962970514
1,36,0.3172686157679822,0.001970859555721621,0.5069663356145223,0.017124655077269072,0.8391333333333333,0.004416257842714045,0.1608666666666667,0.004416257842714045,44.50861104329427,0.0399224634703183,3.259998128974123,0.026168876730876433
1,37,0.3148090124562167,0.0028525349387350588,0.5075138117790222,0.025281612105909682,0.8387333333333333,0.010006164766449421,0.16126666666666667,0.010006164766449421,44.6702880859375,0.03842885716014643,3.25920132448133,0.019879435605520423
1,38,0.30859330205051494,0.003540461002675801,0.5066930053393045,0.031140474547146593,0.8374666666666667,0.009066605391949804,0.16253333333333334,0.009066605391949804,44.83378982543945,0.03722716154406333,3.3036706186441953,0.02484029404660321
1,39,0.3009489630265614,0.0009258462526208842,0.5270979046503702,0.014411804028221193,0.8344,0.00622173609212092,0.16559999999999997,0.00622173609212092,44.99571990966797,0.03731227858841771,3.2647567163424003,0.04977603664519931
1,40,0.2975120703862045,0.0022477371390491347,0.5336604395866394,0.07378567258880839,0.8334666666666667,0.020695973843560346,0.1665333333333333,0.020695973843560346,45.15654373168945,0.03835381013129026,3.2809212373042413,0.012786320412151607
1,41,0.28830349469479594,0.0038171588503028596,0.5791482289155324,0.03999949039265867,0.8287,0.01129291813483122,0.1713,0.01129291813483122,45.318808237711586,0.03861767102345722,3.2725234016202847,0.03822209812564798
1,42,0.2852553528974124,0.0006329505622937297,0.5161257000764211,0.058273354271962556,0.8382999999999999,0.015761662348876753,0.16169999999999998,0.015761662348876753,45.47985967000326,0.036378296871563263,3.2957807955064538,0.05564994590539567
1,43,0.28280526428195224,0.0007799749441317449,0.48769545770486195,0.03235101037059267,0.8474,0.0053254107822777105,0.15259999999999999,0.005325410782277711,45.640384674072266,0.034917280632780594,3.3398031611622763,0.05069972706368383
1,44,0.2774970704865883,0.003175306914885583,0.5545961621284485,0.08069844265146806,0.8329333333333334,0.019809425366055764,0.1670666666666667,0.019809425366055764,45.800235748291016,0.03755255182774121,3.289193215529067,0.046430421762282285
1,45,0.27190461714147807,0.00579942964917455,0.47348458433151247,0.03393350825519625,0.8518333333333333,0.0068995168912999606,0.14816666666666667,0.0068995168912999606,45.958316802978516,0.036214431036832855,3.2794277928324966,0.07271369247014002
1,46,0.2688063165365075,0.004526475568982976,0.5544474056323369,0.019190488304456545,0.8328666666666668,0.0012741009902410803,0.16713333333333333,0.0012741009902410803,46.113922119140625,0.03587613142124047,3.26710786986445,0.020176815203123654
1,47,0.26148235078866117,0.006536830271741559,0.5723140118281047,0.058376098526616814,0.8299666666666666,0.00983378530034765,0.17003333333333337,0.00983378530034765,46.27136993408203,0.034933158057977726,3.2758726152128523,0.08977872620706706
1,48,0.25949462631499776,0.003130829440635695,0.48318049704233806,0.02624766905484342,0.8525666666666667,0.005105226080530938,0.14743333333333333,0.005105226080530938,46.42724482218424,0.035293882217238066,3.2622631634819776,0.04598254511180637
1,49,0.2552203916756393,0.004136476621854443,0.5381757907549539,0.024606325139467457,0.8397333333333333,0.004164532786920226,0.16026666666666667,0.004164532786920226,46.581103006998696,0.035220684901691834,3.2655568673828803,0.030369528802232374
1,50,0.24949990125263435,0.004360398909919364,0.5169477284431457,0.09151398877429355,0.847,0.021306337085477637,0.153,0.021306337085477637,46.73648579915365,0.03506444937029341,3.2848214040798567,0.048145182041902164
1,51,0.24681215739006276,0.005057253830469909,0.5439683179537456,0.006416315526623236,0.8410666666666667,0.0013503086067019566,0.15893333333333334,0.0013503086067019568,46.89003117879232,0.037748476743635455,3.2735014239152243,0.03417489763168597
1,52,0.24507895581430592,0.006820803712335218,0.5348895935058594,0.11645385196157074,0.8428,0.02587334535772286,0.1572,0.02587334535772286,47.046190897623696,0.037026150516894916,3.3318555058263564,0.06360096710607509
1,53,0.23645550058320963,0.004792021643724699,0.5121508993625641,0.03871113211154403,0.8488666666666665,0.004901360355384359,0.15113333333333334,0.004901360355384358,47.19815190633138,0.03647712089687239,3.2349518884683164,0.021947171039367944
1,54,0.23523823768916743,0.005969366584257645,0.5303722945292791,0.053152813007545714,0.8441000000000001,0.009525229656024077,0.1559,0.009525229656024077,47.35037485758463,0.03710930957861622,3.2765418447411996,0.0674810446675507
1,55,0.230752072123158,0.00381190894196413,0.513429185851415,0.03362934527804481,0.8475333333333334,0.011509271624795989,0.15246666666666667,0.011509271624795989,47.50133260091146,0.03755300333646179,3.2440412723136163,0.05867561122546945
1,56,0.22824372307342644,0.004581400386674366,0.5541628515243531,0.06684290272921078,0.8378,0.017485994395515524,0.1622,0.017485994395515524,47.65379206339518,0.038910630973707734,3.293281444804131,0.0182733121779274
1,57,0.22474156653560948,0.0037250462582890205,0.4794373349666596,0.007941690003334093,0.8577,0.004299999999999989,0.1423,0.004299999999999988,47.803253173828125,0.040602938292284535,3.279788217602579,0.046219724557132226
1,58,0.2212260800706761,0.005781442711766517,0.46969706455866495,0.057324907994311815,0.8595,0.012662148316932612,0.14049999999999999,0.012662148316932612,47.95078913370768,0.039916783175762145,3.230213042543145,0.08831525441435788
1,59,0.21888653548451845,0.005695876878523185,0.5332432814915975,0.0980716490594562,0.8467666666666666,0.0208857207999469,0.15323333333333333,0.0208857207999469,48.09929911295573,0.04202584237867992,3.242102336282592,0.010391527038526156
1,60,0.21435918167347798,0.004964770766127488,0.5608775008678436,0.0864023363168555,0.8368000000000001,0.02093633205697691,0.16319999999999998,0.02093633205697691,48.24848302205404,0.04145823260947333,3.249649286944616,0.010591332242849109
1,61,0.21234429673389402,0.004859040981724471,0.5236515588919323,0.04585877188162036,0.8464666666666667,0.01354301788130447,0.15353333333333333,0.01354301788130447,48.39645131429037,0.042600471180878875,3.2750470061712633,0.04856292551796274
1,62,0.20914475231702168,0.003357669503009694,0.497404856189092,0.01770919012640936,0.8541333333333333,0.005024274408641836,0.14586666666666667,0.005024274408641837,48.543768564860024,0.04418292269566567,3.2356595530048433,0.05923895832202918
1,63,0.2044062534853727,0.005676109192083707,0.5054949337959289,0.04005373990099068,0.8568000000000001,0.008571464285639905,0.1432,0.008571464285639905,48.69056955973307,0.04434794912558586,3.2130921456172032,0.009911422323808202
1,64,0.2046933347090939,0.004413607452511891,0.4877954298019409,0.04136862371401962,0.8576,0.012229472596968336,0.1424,0.012229472596968336,48.83899943033854,0.044484796787352045,3.2955071626505785,0.0838740732026113
1,65,0.2016704405156954,0.001074566428286347,0.5467585084915162,0.03022270586624561,0.8457666666666667,0.006500256405199158,0.15423333333333333,0.006500256405199158,48.98379135131836,0.044081658701966106,3.27353588355116,0.061837687446644765
1,66,0.19655779484287858,0.005028624434998827,0.5017803899447123,0.04175946249721628,0.8574333333333333,0.008015193904911727,0.14256666666666665,0.008015193904911727,49.12828063964844,0.0445918431104799,3.23277323165367,0.05038268066025615
1,67,0.19395069481974878,0.004261331713428172,0.48635996216138205,0.012908601830673324,0.8588666666666667,0.0026102362600602443,0.1411333333333333,0.0026102362600602443,49.27113342285156,0.04408835783010911,3.2134890515970196,0.030384253800917464
1,68,0.19224444628778117,0.004175559928002539,0.47353855040868126,0.009092353481916799,0.8640333333333334,0.001401189970465595,0.13596666666666665,0.0014011899704655948,49.41433970133463,0.043995262165924004,3.2448832033668906,0.01785121413216337
1,69,0.1878407556319074,0.00518642373021509,0.501000627930959,0.030616513307151125,0.8586666666666667,0.006757465007925155,0.14133333333333334,0.006757465007925155,49.55641301472982,0.04511352116437265,3.202577152412912,0.012173236097460143
1,70,0.1866144998616778,0.0027054513086085742,0.5114164172172546,0.03639638185878009,0.8578666666666667,0.0071023470299143784,0.14213333333333333,0.0071023470299143784,49.6992301940918,0.04596310736682448,3.2274179049435676,0.07088555613911139
1,71,0.18395548552681218,0.0020084495867554717,0.4886057208697001,0.04061403670213768,0.8597999999999999,0.009472592042308194,0.1402,0.009472592042308194,49.8407834370931,0.04600742159933142,3.2016537530762155,0.045699651260470826
1,72,0.1825270125259727,0.007232806885769018,0.5065301277478537,0.00699444862225516,0.8557333333333333,0.0034195516275285828,0.14426666666666665,0.0034195516275285828,49.98333867390951,0.04538265709714076,3.2735841942161876,0.04980682535073852
1,73,0.180058403339202,0.006120160627322103,0.48666163021723435,0.05121784249054754,0.8633666666666667,0.011939988833048937,0.1366333333333333,0.011939988833048937,50.12482452392578,0.04684504794422461,3.232642418091191,0.09699334896156331
1,74,0.17783140738868652,0.0009450755038395763,0.5180772016525268,0.06083131134785431,0.8533666666666666,0.013030860805538974,0.1466333333333333,0.013030860805538974,50.26455815633138,0.04679948346744678,3.2095941613322694,0.061600893470264116
1,75,0.17383429375679596,0.004068915984942856,0.49795079805850984,0.03182429977082943,0.8606333333333334,0.007046512139586057,0.13936666666666664,0.007046512139586057,50.404066721598305,0.047482366231059565,3.196405785255935,0.019225120371979588
1,76,0.1724381697287137,0.008493302733695784,0.4919268869717916,0.015624789399793114,0.8604666666666666,0.0032254198693089904,0.13953333333333331,0.0032254198693089904,50.54314168294271,0.049057503594414145,3.2224467602182885,0.06838761883349066
1,77,0.17132892260186608,0.002976422947914983,0.5312569747130076,0.05338008328284644,0.8533,0.013551383693187926,0.14670000000000002,0.013551383693187924,50.682692209879555,0.049966079256198254,3.260131088582099,0.10865465009951442
1,78,0.16609907625060455,0.00631442229422454,0.5283861654122671,0.025713477212069173,0.858,0.0028792360097775697,0.14200000000000002,0.0028792360097775697,50.81969197591146,0.047922421974850214,3.182861015292318,0.045832096989666005
1,79,0.1658896144292137,0.004354454540562189,0.4915845982074738,0.026230555338957448,0.8633000000000001,0.00497895571380184,0.13670000000000002,0.00497895571380184,50.95586395263672,0.048011780239792023,3.177615295949123,0.04523794078501701
1,80,0.16413882682187275,0.00580534625233798,0.5326983303546906,0.06722672137303032,0.8544333333333333,0.015004777017114706,0.1455666666666667,0.015004777017114704,51.091348012288414,0.0507775822237247,3.172474354920386,0.09282468718555918
1,81,0.1604558087358186,0.0031231796318859487,0.525821594429016,0.01640979601506299,0.8559666666666667,0.0049369356217529295,0.14403333333333335,0.0049369356217529295,51.22687021891276,0.05287676663585961,3.1583876109948794,0.1257244450126176
1,82,0.15955965625215876,0.0051364993003557265,0.517478376086553,0.03519027721140215,0.8593333333333334,0.0034645827069552204,0.1406666666666667,0.0034645827069552204,51.36362838745117,0.052306007603586016,3.199932855033083,0.028369790646571708
1,83,0.15774919504564947,0.007163750301106551,0.5735899166901905,0.10646789630033332,0.8478333333333333,0.01986714205247786,0.15216666666666667,0.01986714205247786,51.49797821044922,0.05379792614390345,3.181525453899726,0.10761909984706561
1,84,0.15486253233974243,0.0063049960706767355,0.5438415627002716,0.028259486377827957,0.8559000000000001,0.007063285354564123,0.14409999999999998,0.007063285354564123,51.630863189697266,0.05093731591181898,3.1465672326549323,0.09766257390823661
1,85,0.15062298530749246,0.005172638336509055,0.5449331849416098,0.08463262285461469,0.8558333333333333,0.014162391511793932,0.14416666666666667,0.014162391511793932,51.76350021362305,0.051155419743307215,3.1259941644256,0.05531155678676174
1,86,0.15279337139728733,0.004017317491697698,0.5442389334519704,0.0591286854977074,0.8568666666666666,0.013750030302996905,0.14313333333333336,0.013750030302996904,51.89573287963867,0.052756980735259945,3.1850472868182784,0.09889079534921501
1,87,0.15011688762638983,0.003265952027175814,0.5173568453629812,0.06323140826680566,0.8645333333333335,0.013191411347287041,0.13546666666666662,0.013191411347287041,52.02877934773763,0.05101587813937033,3.1711186535453195,0.011383711704220416
1,88,0.14706711596209884,0.003862939630445076,0.6011259297053019,0.05372505596688109,0.8475333333333334,0.011609191760554796,0.15246666666666664,0.011609191760554796,52.15950266520182,0.050675898592837144,3.0955096249276486,0.013889945434474438
1,89,0.14489035512886797,0.004053690546467758,0.51681271109581,0.02640059157539696,0.8651666666666666,0.0029143323992526027,0.13483333333333333,0.0029143323992526023,52.287495930989586,0.050067959061846995,3.0568083572699245,0.03182786523159282
1,90,0.14468219268111113,0.007278369824979465,0.5086983741760254,0.046541879396471926,0.866,0.009354677974147456,0.13399999999999998,0.009354677974147458,52.416550954182945,0.04839390658981411,3.1117684766543015,0.0799697356591762
1,91,0.1409905785845572,0.007457709613743285,0.544754909435908,0.062096644530329065,0.8599,0.009957911427603655,0.1401,0.009957911427603655,52.54397455851237,0.04622393995173294,3.0765787874076924,0.07078928571143714
1,92,0.139403431184863,0.003906878976964234,0.5864937491416932,0.0687157946047024,0.8502666666666667,0.014835205874315761,0.14973333333333336,0.014835205874315761,52.67133331298828,0.04568177415673197,3.0876660017850064,0.06441165510432706
1,93,0.14017544575638988,0.0030815032531709597,0.562825861152013,0.02967906410722021,0.8536999999999999,0.005402777063695999,0.14629999999999999,0.005402777063695999,52.79966354370117,0.044730467208128635,3.1554589778326214,0.05631301874394761
1,94,0.1376072668263217,0.004264142057918453,0.511622380288442,0.004338756790870874,0.8658333333333333,0.001747378989610798,0.13416666666666668,0.001747378989610798,52.92680740356445,0.04464124012470871,3.0923548958373264,0.021783396723855743
1,95,0.1347268949892413,0.004806618100006353,0.5287814357995987,0.028667948780215734,0.8629000000000001,0.004915282290977849,0.1371,0.0049152822909778494,53.053000132242836,0.04470172374397904,3.0627245561093512,0.052333262032113886
1,96,0.13330225750981795,0.005721281616909139,0.5163954057057698,0.022062736869138858,0.8670333333333334,0.0030550504633038962,0.13296666666666665,0.003055050463303896,53.17897160847982,0.04374420477633099,3.085837624570115,0.059415028477780046
1,97,0.13163435311459212,0.006395673631104605,0.5597022284030914,0.02076325637101923,0.8584666666666667,0.004266536456346482,0.14153333333333332,0.004266536456346482,53.30282084147135,0.04330176175340804,3.0373264463135663,0.07315052820412499
1,98,0.13043722181000572,0.005012525763954712,0.5303016998608907,0.027353701669043086,0.8625333333333334,0.007035860525432079,0.13746666666666663,0.007035860525432079,53.42584101359049,0.043197263019657726,3.0245187598594625,0.05360145453304495
1,99,0.12998208219704724,0.006176068258101304,0.5198133592287699,0.008099961025819719,0.8678333333333333,0.003669241520169146,0.13216666666666665,0.003669241520169146,53.550926208496094,0.04057112825546368,3.0696679687112383,0.05473757554276601
1,100,0.12873013430010632,0.005560342897029417,0.5031029697736104,0.036090365505017624,0.8687999999999999,0.00669552089086427,0.13119999999999998,0.00669552089086427,53.67378616333008,0.03870559848904187,3.0449812066422113,0.0612949156560919
2,1,1.977948868874292,0.004754963187833507,1.7938180795669556,0.24936818714788334,0.35863333333333336,0.06570436312249998,0.6413666666666666,0.06570436312250001,37.631046295166016,0.08556237536557929,4.182315125351974,0.350471349568629
2,2,1.5431871801386097,0.02364864179974698,1.5584231979370118,0.08325037921048731,0.43323333333333336,0.02147424814360991,0.5667666666666668,0.02147424814360991,37.890611012776695,0.09162396182182887,3.1444675585307427,0.1693262976792454
2,3,1.3396008872416727,0.031796085167495006,1.4388349351882936,0.10600795760703768,0.4945333333333333,0.01728650726240939,0.5054666666666666,0.017286507262409358,38.16212590535482,0.09004449771173792,3.387654654237062,0.0858033975160572
2,4,1.1761428531376807,0.029156914091217102,1.3226482727686564,0.03885649133852534,0.5399999999999999,0.01371531990148243,0.46,0.01371531990148243,38.43610127766927,0.08767489560659081,3.449695234068647,0.032034867448577926
2,5,1.052859292209199,0.022162409645054094,1.0943541193008424,0.10957883626667392,0.6118666666666667,0.040022160528054115,0.3881333333333334,0.040022160528054115,38.693094889322914,0.08548058311703953,3.413352249052061,0.03262137807686397
2,6,0.954932776456802,0.015050671722197952,1.0188693836847942,0.09583502230878907,0.6490666666666667,0.02584730804809917,0.3509333333333333,0.02584730804809917,38.94294865926107,0.08411060891252145,3.415955927178505,0.03552254944739214
2,7,0.8761210733260848,0.014015609767310748,1.0161898733774821,0.08212284719231282,0.6598,0.01877684744572421,0.3402,0.01877684744572421,39.18259048461914,0.0735863527849927,3.339619852399226,0.08017042107191623
2,8,0.8121639385196966,0.010756610746744142,0.9385560544331869,0.009856153883727422,0.6815000000000001,0.00945991543302583,0.31849999999999995,0.00945991543302583,39.417032877604164,0.06984538825000663,3.302717368630573,0.06895823727958426
2,9,0.7556111141340609,0.007731221126759747,0.8444822025934856,0.033392449979083555,0.7140333333333334,0.006839103255057139,0.28596666666666665,0.006839103255057138,39.642937978108726,0.06499092536574932,3.2790354060807854,0.054732064074362215
2,10,0.7122955897732464,0.003989722989823803,0.8525723949591318,0.048780089920459964,0.7155333333333335,0.012560785538067772,0.28446666666666665,0.012560785538067772,39.862786610921226,0.06046716504904819,3.2723326006505675,0.05022000825774632
2,11,0.672106777437711,0.004603346827111344,0.783986560535431,0.04729120969724284,0.7404666666666667,0.006463229326995396,0.25953333333333334,0.006463229326995396,40.074049631754555,0.05612859927951002,3.2118744874835166,0.0960557275941576
2,12,0.6384906978660024,0.001683231710453258,0.8032254954338073,0.07665733063682918,0.7376999999999999,0.01751199588853306,0.26230000000000003,0.01751199588853306,40.28130976359049,0.05560431682174603,3.2075607246907474,0.04265272681607541
2,13,0.6121142928354373,0.004150191929731715,0.7912898014704387,0.10603802186788248,0.7342333333333334,0.03090134840639373,0.26576666666666665,0.03090134840639373,40.48279062906901,0.05226908888717961,3.181174951434796,0.042430125322801444
2,14,0.582450524544167,0.003016980780512723,0.6818608981291453,0.017746597265182018,0.7709,0.006296030495478877,0.22909999999999997,0.006296030495478877,40.68086369832357,0.049886641954780146,3.1383748620157816,0.07630294187294313
2,15,0.5648750284748614,0.0035845324394064696,0.6619810332298278,0.05528750050605437,0.7802333333333333,0.015081556064721346,0.21976666666666667,0.015081556064721346,40.87457021077474,0.04891810609986373,3.142811992897224,0.0210521471068699
2,16,0.5435937463424191,0.0052469291933823995,0.6770023639996846,0.11421529805968988,0.7777,0.031115430255742895,0.22229999999999997,0.031115430255742895,41.0662956237793,0.045816085273935304,3.130715185292033,0.03963310305951849
2,17,0.5221661453509269,0.003067317240943375,0.6638437533537547,0.04013098318290122,0.7820666666666667,0.010179063480170107,0.21793333333333334,0.010179063480170107,41.25363286336263,0.04475896425294195,3.072625918328152,0.035062884363099615
2,18,0.508612900413414,0.0026539863895388145,0.7126374184290568,0.08885152935975882,0.7705666666666667,0.017495237447183527,0.22943333333333335,0.017495237447183527,41.439291636149086,0.04195167462918608,3.1140923769263282,0.047757208953451646
2,19,0.4952740067868586,0.002322363574344543,0.6379810941537222,0.03953064245657237,0.7895,0.015099668870541514,0.21050000000000002,0.015099668870541514,41.62127939860026,0.04033469217286206,3.0555278362114007,0.01737835713469014
2,20,0.47907846485155825,0.0019316633939356004,0.6378536564350128,0.04958433160259659,0.7897,0.006974238309665049,0.21030000000000001,0.006974238309665049,41.801283518473305,0.041927794972661886,3.0618743913522892,0.01880019667982081
2,21,0.46676835857287285,0.0029337978291513775,0.5880736240228017,0.029467516531053044,0.8050666666666667,0.006690540586031414,0.19493333333333332,0.006690540586031414,41.98054504394531,0.04452293627785108,3.064126903565961,0.04619877460270773
2,22,0.4549545713931398,0.001707854399745147,0.594050220266978,0.026204726099959618,0.8044666666666668,0.00555007507456731,0.1955333333333333,0.00555007507456731,42.158447265625,0.04253241651969879,3.0690783073193533,0.012592578748639493
2,23,0.44257901459043086,0.0036960395204011357,0.6392226695378621,0.03270858936159879,0.789,0.010453229166147616,0.211,0.010453229166147616,42.335872650146484,0.040853968896827936,3.0629818827002757,0.030786498532435248
2,24,0.42791359104971954,0.0024131575730042855,0.5875925576051076,0.025704145244330387,0.8090999999999999,0.008847598544237823,0.1909,0.008847598544237821,42.51107915242513,0.0387619234219748,3.029940844889022,0.03435913863935896
2,25,0.4225163976427641,0.000712338825666161,0.557845246775945,0.05921649921120564,0.8184999999999999,0.017691806012954146,0.1815,0.01769180601295415,42.68486658732096,0.03802055570803707,3.0641436437660956,0.013046917294293244
2,26,0.4107764212879887,0.003820614585039285,0.5514685297807058,0.057525389570359915,0.8179666666666666,0.01540205613979294,0.18203333333333335,0.01540205613979294,42.857626597086586,0.038169038367104106,3.0419871752568777,0.037203200397740964
2,27,0.4009910048527892,0.002329061701113917,0.5835214160283406,0.04913239484308039,0.8119666666666667,0.016902465303420513,0.18803333333333336,0.016902465303420513,43.02672576904297,0.03835620111437786,3.029465381738882,0.019993872428731456
2,28,0.3891213969196505,0.0026383015854124655,0.5521777981758117,0.06506144614992458,0.8224333333333332,0.017433970670312954,0.17756666666666665,0.017433970670312958,43.19630559285482,0.038722857658968365,3.0356460917671186,0.009961227607619519
2,29,0.3815173157645613,0.004718180828658445,0.6300340568542481,0.10768881570150331,0.8005999999999999,0.02988494604311677,0.1994,0.02988494604311677,43.365699768066406,0.04052430541501303,3.0543044366590357,0.05886622383286348
2,30,0.37688277024086586,0.003721790671556005,0.5417584391673406,0.04447962464662299,0.8245333333333332,0.014086281742650668,0.1754666666666667,0.01408628174265067,43.532430013020836,0.04173376865618117,3.0579293257344866,0.07255908313844318
2,31,0.3681650861449864,0.0009169668378346948,0.526209304189682,0.02326670676349022,0.8291666666666666,0.0024214320831551874,0.1708333333333333,0.0024214320831551874,43.69922637939453,0.04063851640728345,3.0436070130174095,0.0251081271475404
2,32,0.3600790551327684,0.00101672491767457,0.5295478744506835,0.02011675790431588,0.8260333333333333,0.005437217425607791,0.17396666666666669,0.005437217425607791,43.86461639404297,0.04082980881090994,3.020700267354902,0.04122250796726211
2,33,0.3524784007874291,0.0016742652132852457,0.6207456308682759,0.16563471460280585,0.8075333333333332,0.04040053630007074,0.1924666666666667,0.04040053630007073,44.02804056803385,0.03901557606140902,3.023838651240291,0.029842805961423063
2,34,0.34423608295397173,0.0002888819992334703,0.49674887452125543,0.04883425047738023,0.8393666666666667,0.014897091438711528,0.16063333333333332,0.014897091438711528,44.190364837646484,0.03867818513447547,3.0067638710239635,0.009881524368960806
2,35,0.34031933878896997,0.0030028754226028923,0.5235436872800191,0.022656836883189,0.8332333333333333,0.0033321664624284823,0.16676666666666665,0.003332166462428482,44.352438608805336,0.0379879241899407,3.0467900992962647,0.0554930957346997
2,36,0.33025575001729623,0.0031135102083983974,0.5096053806145986,0.0416045128212933,0.8359666666666667,0.012868695867621273,0.16403333333333334,0.012868695867621273,44.514959971110024,0.03937434730135853,3.013671545178422,0.06901649835723346
2,37,0.3259268199924923,0.002364084886067517,0.5516463536183039,0.06559567060092984,0.8232333333333334,0.018285604538361134,0.1767666666666667,0.018285604538361134,44.67292149861654,0.03963814286955239,2.9972995798733124,0.03981971568473356
2,38,0.3231151336319713,0.003506585831952709,0.5290884958346685,0.03139791527797979,0.8343999999999999,0.004782258880487335,0.1656,0.004782258880487335,44.831703186035156,0.03948885210608375,3.045819168137855,0.04358285912618158
2,39,0.31459362853162837,0.0022251489067646904,0.5203539535204569,0.018794617230217983,0.8369666666666667,0.006757465007925165,0.16303333333333334,0.006757465007925164,44.991494496663414,0.042389868019990395,3.018866779602657,0.05564679041741212
2,40,0.3087154207505025,0.00045162991935956834,0.5324780762990317,0.025866350173624836,0.8307333333333333,0.00644541180479055,0.16926666666666665,0.00644541180479055,45.14984003702799,0.043179782434763135,3.049059232178431,0.028563413145059634
2,41,0.3032588087790864,0.0002066520690162337,0.47528895055452985,0.030892539030111913,0.8452000000000001,0.009471536306217688,0.15479999999999997,0.009471536306217688,45.30643081665039,0.04373690606659855,3.017348634341108,0.004776198772654354
2,42,0.2975836459480588,0.0015425164046717675,0.5167020573695501,0.05976561846049881,0.8378,0.013865424623862092,0.16219999999999998,0.013865424623862092,45.46254094441732,0.044805012942863424,3.0188133912685013,0.03747799605164743
2,43,0.2941013044865845,0.003130547556488638,0.5251756704648335,0.04412134745661045,0.8343666666666666,0.01725118353427767,0.16563333333333333,0.01725118353427767,45.619903564453125,0.044589527697796526,3.066167015492605,0.04246709011655571
2,44,0.2883513093070911,0.001695997064856598,0.5382008837858836,0.03758031663961787,0.8344,0.010677546534667971,0.16559999999999997,0.010677546534667971,45.775274912516274,0.04730106495848996,3.038356118391682,0.01625358287885914
2,45,0.28347570959157853,0.00012032936380370397,0.49556465713183084,0.056357722005538104,0.8422666666666666,0.012796223401196643,0.15773333333333336,0.012796223401196643,45.929152170817055,0.04694881320045056,3.036473139087556,0.03970014595050415
2,46,0.28085898175416396,0.0021721285822332995,0.46397553129196173,0.013870947475314326,0.8541333333333334,0.00462313025268954,0.14586666666666667,0.00462313025268954,46.08251953125,0.04953565597892207,3.061765338773764,0.07856088361292327
2,47,0.2721874688998919,0.0034754034025015986,0.5246496174017589,0.11682919940293084,0.8389000000000001,0.031328581199920255,0.16110000000000002,0.031328581199920255,46.2365976969401,0.051039339104803245,3.0267984360886797,0.03892415281739635
2,48,0.2714515988669737,0.0013376671504435752,0.5385398299535115,0.053784850158089106,0.8321999999999999,0.017569291391516067,0.16779999999999998,0.017569291391516063,46.38888676961263,0.052577267663077694,3.0569190909126926,0.05073308627090758
2,49,0.26614853685748746,0.0017268497945933572,0.5018663437843323,0.04102397982967285,0.8473666666666667,0.0098895567814404,0.15263333333333332,0.0098895567814404,46.54074223836263,0.05276014858436264,3.0403407028013203,0.028499913114224878
2,50,0.2615750827727314,0.002208337609353246,0.5194560720761617,0.025317865957882338,0.8419333333333334,0.00511598801145324,0.15806666666666666,0.00511598801145324,46.69440841674805,0.05337231719627184,3.0608652137872543,0.04187853816709475
2,51,0.255934278329061,0.0010259241066104567,0.4953851088682811,0.005161267672199767,0.8446666666666666,0.004266536456346482,0.15533333333333335,0.004266536456346482,46.84404754638672,0.05528616202717202,3.00766998396683,0.03568606770845266
2,52,0.2552377240953035,0.00123987362349671,0.4690297751267751,0.03197615339648408,0.8542333333333333,0.008467782078757903,0.14576666666666668,0.008467782078757903,46.995443979899086,0.05492679420037559,3.0736769571958327,0.027928323648500692
2,53,0.2488483488051584,0.0029249142276768533,0.49535529522895816,0.06083016945184463,0.8503,0.015464798737778626,0.14969999999999997,0.015464798737778626,47.14530563354492,0.05609811193137373,3.0345079517190467,0.0659318386215816
2,54,0.24406539500140778,0.00107203009138654,0.47545303227901464,0.02293205258299095,0.8549333333333333,0.0011590225767142473,0.14506666666666665,0.0011590225767142473,47.294359842936196,0.058472332016671485,3.0463790838643967,0.04890019747897381
2,55,0.24189672330735792,0.003546715989429353,0.4821103304227193,0.0331012255226586,0.8531999999999998,0.011285388783732753,0.1468,0.011285388783732753,47.442675272623696,0.05883108458455876,3.0550835612313367,0.057603402183773265
2,56,0.24206782951760475,0.0004719295977977795,0.47163023632367446,0.025330343635875496,0.8574333333333334,0.004771093515467215,0.14256666666666665,0.004771093515467215,47.59140396118164,0.06137981034015086,3.0834556338635335,0.035865014831566046
2,57,0.23283121255937034,0.000587690774726502,0.5421224537054697,0.025233971214611964,0.8439666666666666,0.004007908847932193,0.15603333333333333,0.004007908847932193,47.738731384277344,0.06238480472190255,3.0201085653534765,0.024689467758781294
2,58,0.2328589555616066,0.004248367243586449,0.46273751931190493,0.006672560223664611,0.8598333333333334,0.0013428824718989547,0.14016666666666666,0.0013428824718989547,47.884588877360024,0.06250325352953588,3.0448774025022813,0.08991034129533626
2,59,0.22884347584520967,0.0037194336566890797,0.46197241639296216,0.026917599919522948,0.8607666666666667,0.007934943814125791,0.13923333333333335,0.007934943814125791,48.031853993733726,0.06321411419335288,3.082593311569975,0.031472893730468396
2,60,0.22556404616979076,0.0018776281033524708,0.4800912530342738,0.03350402540768979,0.8545999999999999,0.009402659198333245,0.1454,0.009402659198333245,48.177407582600914,0.06412701196253877,3.050992029598372,0.058816271621492534
2,61,0.22295571741062867,0.0012595367920680187,0.49184936296145115,0.041311863194681823,0.8523333333333333,0.008292365967161179,0.1476666666666667,0.008292365967161179,48.323568979899086,0.06880310938341408,3.081243874810839,0.09567104816594568
2,62,0.21801419118506626,0.0018871097056766188,0.4866782409509023,0.05382265032569355,0.8547333333333333,0.014330852498485043,0.14526666666666666,0.014330852498485043,48.468640645345054,0.07106495771487334,3.0406481365515248,0.05661829468678106
2,63,0.21415430412827044,0.0038432350219334476,0.4733783729235331,0.029149244478193555,0.8601000000000001,0.006908690179766311,0.1399,0.0069086901797663115,48.61345545450846,0.07236742994548781,3.0409668183259075,0.08439100751133088
2,64,0.21416929271469132,0.001419087889747652,0.5336459830125172,0.1038617973382626,0.8478666666666665,0.01960416622387533,0.15213333333333334,0.01960416622387533,48.75801340738932,0.0719725703704659,3.0764035767072113,0.04841340990738183
2,65,0.20806189746503026,0.004212937322631056,0.47371853342056275,0.05512477003354458,0.8576333333333334,0.011207735423953124,0.14236666666666664,0.011207735423953124,48.900577545166016,0.07410908309277131,3.045111799059247,0.0931524363347718
2,66,0.20795668932813308,0.0009967034245903514,0.5097290379683176,0.040906010384973344,0.8513666666666667,0.012302980668656425,0.1486333333333333,0.012302980668656425,49.045127868652344,0.0745750418113955,3.0927369189595537,0.030600922108904843
2,67,0.2054093678665283,0.004988838271539962,0.5567615965565046,0.15568283631917046,0.8416666666666667,0.0340000490195725,0.15833333333333333,0.0340000490195725,49.18752670288086,0.07529153401542261,3.075443848690458,0.05978580747219539
2,68,0.20302175691086108,0.002582400536361176,0.48048753913243614,0.04690452473549531,0.8593333333333333,0.010956885202160918,0.1406666666666667,0.010956885202160918,49.32814025878906,0.07757886503780571,3.0445380096255508,0.08769135272027487
2,69,0.19618355364039322,0.0006897894302598138,0.5036140684525171,0.050645492675271735,0.8528000000000001,0.011888229472886166,0.1472,0.011888229472886166,49.46909840901693,0.07842393929490546,3.0322603516670488,0.03721846555085645
2,70,0.19554663903674607,0.0011556654487926987,0.49584993569056196,0.030746943802156552,0.8578999999999999,0.00768960337078577,0.1421,0.00768960337078577,49.61111958821615,0.0800612395983877,3.05899776111715,0.08747851931014355
2,71,0.19309614387238425,0.002781562974582186,0.4563017042477926,0.006023352790902279,0.8659666666666667,0.0032516662395352942,0.13403333333333334,0.0032516662395352942,49.753012339274086,0.07949704265651601,3.0731373797071573,0.05802467591626609
2,72,0.18961185188956067,0.0012798697843773193,0.49639244306882224,0.053592036786180006,0.8547666666666668,0.012608066201179852,0.14523333333333335,0.012608066201179852,49.892154693603516,0.0800798051791588,3.049559076130867,0.018063660866117544
2,73,0.1878544812274101,0.0023084802326941494,0.45753356961409253,0.031407607705081865,0.8682,0.006729041536504261,0.1318,0.006729041536504261,50.02994028727213,0.08024408510268959,3.021768558387329,0.060114988602218526
2,74,0.18671462991023205,0.001786925779534274,0.499956570927302,0.04168859316425635,0.8594333333333334,0.008690416177222634,0.14056666666666665,0.008690416177222634,50.16814295450846,0.08229834832797703,3.057139455189949,0.028711330954016904
2,75,0.18215181146893658,0.0029621783741079137,0.5261430542786916,0.05571600822194895,0.8561,0.012998846102635382,0.1439,0.012998846102635382,50.30547841389974,0.0849001653008099,3.0278173835943343,0.02257597773046037
2,76,0.17893387903185454,0.001430908264567449,0.4898500277916591,0.03334774494948912,0.8601333333333333,0.00716542624924248,0.1398666666666667,0.00716542624924248,50.441630045572914,0.08615174855203239,3.0034494236193416,0.053823906549923556
2,77,0.1789127258045594,0.001581450508982298,0.49808128597736356,0.030076544503347,0.8592,0.007531932023060251,0.1408,0.007531932023060251,50.578931172688804,0.08510424240309186,3.0817139933063618,0.017531228812646155
2,78,0.17604271715025765,0.0011203427497565208,0.49875599455038705,0.0456113402047709,0.8618,0.006873863542433742,0.13820000000000002,0.006873863542433742,50.71339416503906,0.08762702113139559,3.0108272636933324,0.04166662484233939
2,79,0.1741543029834344,0.0017233844721047933,0.5035671116669973,0.03612332352136147,0.8606333333333334,0.009901683358567566,0.13936666666666667,0.009901683358567566,50.848192850748696,0.08881170194312119,3.018161505895833,0.026251241162884048
2,80,0.17151187252307284,0.004255137286383675,0.537591699496905,0.08375853464033556,0.8529333333333332,0.022980063823526138,0.14706666666666668,0.022980063823526138,50.98217900594076,0.09152203492865957,3.006225682340899,0.10628576913733823
2,81,0.1711497018740966,0.002940268377096546,0.5502208913485208,0.01916655966491238,0.8521000000000001,0.0018248287590894566,0.14790000000000003,0.0018248287590894566,51.11660512288412,0.09192684194229586,3.0254309943064137,0.03912992258940252
2,82,0.16913961935772515,0.0014980420578366122,0.47111028901735946,0.03729875614132563,0.8658333333333333,0.0049652123150308045,0.13416666666666668,0.0049652123150308045,51.24994023640951,0.09408931081294798,3.0163091196264133,0.06695850076916003
2,83,0.1648162684331109,0.0017063335827413803,0.5090748853643735,0.0171622749308144,0.8622,0.006548282217497917,0.1378,0.006548282217497917,51.38242975870768,0.0951528879734467,2.9947637106930696,0.011288225414811807
2,84,0.16154043563186665,0.00493818472082418,0.5232472010612487,0.05487628993865992,0.8581333333333333,0.013479737880735448,0.14186666666666667,0.013479737880735447,51.51346333821615,0.09776233910788418,2.9584317623356955,0.11795692572339679
2,85,0.15895406321923347,0.0030238106825175104,0.5143910069863001,0.033885542608213595,0.8603666666666667,0.0077886669805129725,0.13963333333333336,0.0077886669805129725,51.64264933268229,0.09919549487602948,2.9279580077834075,0.06809730194807706
2,86,0.16064860903279252,0.0040606757120062896,0.5211772902647654,0.036983633444070824,0.8614666666666667,0.005437217425607791,0.13853333333333331,0.005437217425607791,51.773746490478516,0.09783180885040725,3.0289691459412946,0.1035557694213145
2,87,0.1564414699332438,0.0015027109017336634,0.4960384590625763,0.033664329552976296,0.8690333333333333,0.004966219219218341,0.13096666666666668,0.004966219219218341,51.90318806966146,0.09960408993897119,2.935293182251119,0.039164411659363955
2,88,0.15397460499853025,0.002795171231832196,0.5208678894837697,0.07400080246683836,0.8597666666666667,0.015027419383691025,0.14023333333333335,0.015027419383691027,52.03257369995117,0.0995041402221808,2.970946781326344,0.030826471468438348
2,89,0.15262679037624508,0.0028223024678028664,0.5045228379090627,0.033916854322788896,0.8677999999999999,0.004036087214122131,0.1322,0.004036087214122131,52.16070302327474,0.1014145005288514,2.9494465292667225,0.04888928139398951
2,90,0.14922343515882305,0.0025417454368165168,0.5231312764326731,0.027843583319103575,0.8624999999999999,0.008326463835266425,0.13749999999999998,0.008326463835266426,52.28913116455078,0.1002216326588057,2.9414833322296814,0.04345124837111565
2,91,0.15029504885047495,0.0021590346726554797,0.4898390466849009,0.022579983552275928,0.8673333333333334,0.00644851404071773,0.13266666666666663,0.00644851404071773,52.41868209838867,0.09878476762554218,3.0287498327973323,0.05475542018874046
2,92,0.1472274243279034,0.0016345007750484726,0.4982763414462408,0.0074504561755083555,0.8671666666666668,0.002532455988429692,0.13283333333333336,0.002532455988429692,52.546146392822266,0.0980841488125108,2.957165866893719,0.007851692026030714
2,93,0.14593210909118637,0.0044482927257957,0.5023839492638905,0.04035794724313115,0.8667999999999999,0.007926537705707318,0.1332,0.007926537705707318,52.673362731933594,0.0952648483919339,2.989600006736083,0.08872134230197415
2,94,0.14486195516073083,0.004996489764409252,0.531176059627533,0.039472379163034886,0.859,0.008553946457629955,0.14100000000000004,0.008553946457629955,52.79897435506185,0.0965674126750744,2.9635209815300967,0.12160371890025802
2,95,0.1460735558326541,0.0021074168662902075,0.5776262254973252,0.06830912697909822,0.8530333333333333,0.011200595222278727,0.1469666666666667,0.011200595222278727,52.926483154296875,0.09550223169667062,3.014099602184583,0.03584050718695262
2,96,0.1380843269906284,0.0025912717260480876,0.518908429813385,0.013830963797624348,0.8652666666666667,0.0023544284515213936,0.13473333333333334,0.002354428451521393,53.04883066813151,0.09601392848712306,2.848568543225474,0.013632812952864531
2,97,0.1400295176764812,0.00143299701839057,0.5131415174325307,0.01325927696788981,0.8695666666666666,0.0024006943440041243,0.13043333333333332,0.0024006943440041243,53.17411422729492,0.09765241503636139,2.954390092822942,0.07617159031140808
2,98,0.13714613644477655,0.005613041746858642,0.5446197961886724,0.07138929495012195,0.8634,0.010505712731652251,0.13660000000000003,0.010505712731652251,53.29852294921875,0.10288635114721134,2.924587356912342,0.17364964383758733
2,99,0.13560045389847583,0.0018438415153164004,0.5487144994179408,0.06685678443935915,0.858,0.013268006632497597,0.14200000000000002,0.013268006632497597,53.42120615641276,0.10358909218273202,2.903704821833196,0.026264137996046395
2,100,0.13507468952699694,0.000890836063731613,0.5361252651532491,0.04393388094107786,0.8632333333333334,0.008519585279421324,0.13676666666666668,0.008519585279421324,53.54547373453776,0.10377187723642206,2.967955997531506,0.06894713713804944
4,1,2.2975102984183686,0.035581667486650724,1.9156567186991376,0.1530865356323614,0.2793,0.04832525219799684,0.7206999999999999,0.04832525219799681,37.806827545166016,0.06890045153495569,4.494661212784858,0.49607649234637474
4,2,1.7465635073662618,0.02226224905511818,1.703723505592346,0.1073588416472777,0.36086666666666667,0.017772263033540046,0.6391333333333332,0.017772263033540032,38.01551055908203,0.07794853794892748,1.5897857358521177,0.16891924081480347
4,3,1.5883777934267087,0.028663383373494847,1.5705939601898191,0.08397033783090012,0.42110000000000003,0.026630996977206837,0.5789,0.026630996977206847,38.25093460083008,0.09017438148195393,1.8309664863073614,0.16744027724419375
4,4,1.4436797769478213,0.04190857685897151,1.6766738960266112,0.2665543218986318,0.4263666666666666,0.032656443978690226,0.5736333333333333,0.0326564439786902,38.50536600748698,0.09987959794604212,2.068384494670593,0.17397862618484644
4,5,1.3143049175680341,0.04382108634590287,1.2864386381785076,0.06579793927893743,0.5331333333333333,0.035387191656492484,0.4668666666666667,0.03538719165649251,38.76926803588867,0.1042863192227178,2.270937094711028,0.15079082233518815
4,6,1.2003292331610191,0.043500724966729326,1.2217078330357871,0.1787789204292104,0.5597333333333333,0.05317088802468258,0.44026666666666664,0.05317088802468258,39.0269521077474,0.10826662043741901,2.4002741975416026,0.10029843864426963
4,7,1.1011420978711186,0.04645576486251761,1.0932126915613811,0.07960668012823052,0.6086333333333332,0.02937368436770118,0.3913666666666667,0.02937368436770118,39.27735265096029,0.10696713857770282,2.4543583140313907,0.04930948615265554
4,8,1.0212711241137544,0.040553683961755564,1.0942076272328694,0.09173490813842446,0.6207333333333334,0.03280309944705431,0.37926666666666664,0.03280309944705431,39.51659138997396,0.10826911979516328,2.510341154009688,0.01994579285217806
4,9,0.9610480740348804,0.04224101175663061,0.9677169950485229,0.06428969558673761,0.6607000000000001,0.020675589471645068,0.3393,0.020675589471645068,39.752976735432945,0.10531151532017971,2.5689015978437557,0.048252855780025784
4,10,0.8970917121325409,0.03239272816443955,1.03178204053243,0.081471463530938,0.6469999999999999,0.017099415194678398,0.35300000000000004,0.017099415194678398,39.98359171549479,0.10810729737039676,2.5756203085930425,0.07420016515270542
4,11,0.8480392712258112,0.037019927491993024,1.0261230349222819,0.13535255142772337,0.6496666666666666,0.03683915489439648,0.3503333333333334,0.03683915489439648,40.20905303955078,0.10985836183607214,2.5974637927552595,0.05210449713517611
4,12,0.7918432512449995,0.02476423364172405,0.9744186738014221,0.16094676042585077,0.6766333333333333,0.04797002536306744,0.3233666666666667,0.04797002536306744,40.42466735839844,0.11569359973899568,2.6112090012333327,0.08408420267860933
4,13,0.7509765970788242,0.028516553478145683,0.9045036481698353,0.02528905147681659,0.6934999999999999,0.010739180601889484,0.3065,0.010739180601889484,40.635328928629555,0.12026631203009025,2.635261215228279,0.037320372210523416
4,14,0.7114122316101525,0.027621354797192185,0.880274647140503,0.09479780493046672,0.7025333333333333,0.029121870361179296,0.29746666666666666,0.029121870361179296,40.84342575073242,0.11887423795048566,2.6308439795804373,0.010037276832419673
4,15,0.6779706863033802,0.026560379950959844,0.8055431045214335,0.0342814681713024,0.7302333333333332,0.015408547411528846,0.26976666666666665,0.015408547411528846,41.046478271484375,0.11949870044849746,2.661752920831218,0.04087657579379505
4,16,0.6477504678496112,0.02109902237930737,0.809772582689921,0.06918999822391428,0.7304,0.013494813818648992,0.2696,0.013494813818648994,41.24641799926758,0.11553126899682661,2.6617031649599854,0.02333890282564809
4,17,0.6203243435699516,0.018377933900226212,0.7588716290791829,0.09676379407772849,0.7515000000000001,0.025940894356209058,0.24849999999999997,0.025940894356209058,41.446964263916016,0.11647099953653724,2.692993482392209,0.06623860944766717
4,18,0.5946683317092577,0.02093369538150295,0.787998390229543,0.059840177022908225,0.7389333333333333,0.015497204048902967,0.26106666666666667,0.015497204048902967,41.63689041137695,0.11576357986307086,2.677405999911487,0.051435357038737355
4,19,0.5764790603419399,0.020143287690879783,0.6388795719782512,0.011821951716389256,0.7840333333333334,0.0022810816147900885,0.21596666666666667,0.0022810816147900885,41.8238271077474,0.11852085432214174,2.6729751440624163,0.03571878832222342
4,20,0.5586737671522432,0.01708738958097183,0.7049792655944825,0.006303225040212564,0.7628333333333334,0.0019553345834750014,0.23716666666666664,0.0019553345834750014,42.01193491617838,0.11855060242316236,2.6945960825866524,0.01771656882059806
4,21,0.5367579934237253,0.012419359928371596,0.6745625087420146,0.0863606786262949,0.7730333333333334,0.026828405344584565,0.22696666666666665,0.026828405344584565,42.19126892089844,0.11558133316693414,2.6426970908666014,0.035414873446635076
4,22,0.5186133437805063,0.01394959872761589,0.7147383602142335,0.04617441592714736,0.7704,0.012046161214262378,0.2296,0.012046161214262378,42.37057367960612,0.11709549455734972,2.6590007439562187,0.03594879103319164
4,23,0.508151191351054,0.011297648983698859,0.663054922215144,0.04423363799843079,0.7800333333333334,0.014011542860560864,0.21996666666666667,0.014011542860560866,42.54873784383138,0.11750055202077335,2.6826548898927647,0.040118963404964854
4,24,0.49301985129777526,0.011952034677017715,0.6551102313359579,0.021268885360784362,0.7864333333333332,0.004437717130838051,0.21356666666666668,0.004437717130838051,42.727097829182945,0.11723899208804583,2.6611572369728287,0.03152238624406844
4,25,0.4791384661873486,0.010153595689641902,0.6621606754302979,0.049899969562969444,0.7832666666666667,0.015594977824073167,0.21673333333333333,0.015594977824073167,42.898520151774086,0.11803798932152954,2.6548641475468546,0.007728388861804059
4,26,0.4660996766244867,0.011895512849615262,0.6287375234444936,0.06912780666485516,0.7922666666666668,0.017458904127502776,0.20773333333333333,0.017458904127502776,43.071048736572266,0.11961720413027868,2.663681040183726,0.0629439408736228
4,27,0.45610667122345344,0.007914188194191105,0.6708820828755697,0.09449039796132878,0.7783000000000001,0.035106836940972094,0.2217,0.03510683694097209,43.2419064839681,0.11998261959118885,2.692486661628448,0.014005873802116355
4,28,0.4449726344552289,0.010931394623717686,0.5924660809993744,0.044068759823894264,0.8033,0.01336300864326593,0.19669999999999999,0.01336300864326593,43.412445068359375,0.12114879325491792,2.7022557618614136,0.05119413133305298
4,29,0.4345176720964736,0.010740501775724328,0.6736923549652101,0.05306310117147006,0.7816333333333333,0.011638871652068911,0.21836666666666668,0.011638871652068911,43.58035532633463,0.12147657759578802,2.6720482004855626,0.038368657224079096
4,30,0.4246975977199258,0.007668383163379926,0.5637774647394816,0.06132688113221998,0.8161666666666667,0.018290525780669413,0.18383333333333332,0.018290525780669413,43.74765268961588,0.12268598449693328,2.686032823647411,0.025167215963442142
4,31,0.4134325919274276,0.009479872126727108,0.5428411154588063,0.015832451316793283,0.8206666666666665,0.004106498914322669,0.17933333333333334,0.004106498914322669,43.910630544026695,0.1244211999382242,2.664434470519747,0.013552485638550632
4,32,0.4079298035313914,0.008831939235935745,0.5766823753039042,0.06368860724703186,0.8111666666666667,0.018109205762079503,0.18883333333333333,0.018109205762079503,44.075042724609375,0.12782545879469068,2.6815801808389836,0.01564306294906387
4,33,0.39732466892157475,0.009104827065516524,0.5591980253537496,0.05975103942354325,0.8189333333333333,0.020131153303607187,0.18106666666666668,0.020131153303607187,44.23852030436198,0.1263213595803689,2.6895662735622032,0.03284139453237634
4,34,0.3900814631863323,0.010951405843887475,0.539158030128479,0.022910942261685524,0.8252,0.003862641583165616,0.17480000000000004,0.0038626415831656165,44.40167490641276,0.1274576772983536,2.684788215072557,0.06779874507588506
4,35,0.38084026464822446,0.008747872809566399,0.5134067912101745,0.015924807292338916,0.8293666666666667,0.005404936015655775,0.17063333333333333,0.005404936015655774,44.5611941019694,0.12740265735907633,2.681134234022155,0.05104927369139338
4,36,0.372899482787316,0.007183643326492962,0.49239134531021117,0.020102795604831022,0.8409666666666666,0.0034385074281340984,0.15903333333333336,0.0034385074281340984,44.72083028157552,0.12829021552956565,2.6802612596921116,0.039472377940244247
4,37,0.36692959363655664,0.011105645340824602,0.595235065126419,0.09511283700186389,0.8123999999999999,0.026402272629453705,0.1876,0.026402272629453705,44.88152058919271,0.13119555308931327,2.715729246908467,0.030631259681117944
4,38,0.35986152013092093,0.009886399887646105,0.5688582106590271,0.042840935153956525,0.8162666666666668,0.012198497175198816,0.1837333333333333,0.012198497175198816,45.03688049316406,0.13199935229221957,2.6960810135529143,0.06292335272734913
4,39,0.35191144086007675,0.009597493241645135,0.5170355355739593,0.025521389821049418,0.8315333333333332,0.009000185183280067,0.16846666666666668,0.009000185183280067,45.19554901123047,0.13410090054225512,2.7225468664248265,0.05632242874148316
4,40,0.34809840151060367,0.007612579156407929,0.5501847759723663,0.08756700502047118,0.8258666666666667,0.018192672517619097,0.17413333333333328,0.018192672517619097,45.35477828979492,0.1352103895263964,2.747227006553746,0.000863134338464516
4,41,0.3411347382882164,0.01039549717358978,0.4945664701302846,0.00805782155642193,0.8398333333333333,0.003435597958628654,0.16016666666666668,0.003435597958628654,45.51484807332357,0.1328846030524039,2.7406758871993393,0.018781213517339235
4,42,0.33383615043106385,0.0052300361608084295,0.5603209720373153,0.027961270704123707,0.8242333333333334,0.008025168741735804,0.17576666666666665,0.008025168741735806,45.6711794535319,0.13541685081170052,2.741299744246834,0.024143624614537056
4,43,0.3274483218827211,0.010913064562466556,0.537084320004781,0.026281910243757027,0.8305333333333333,0.005795112883571216,0.16946666666666665,0.005795112883571216,45.826133728027344,0.1362941631069677,2.7523118047502595,0.026181278900483246
4,44,0.32248264871289967,0.008406869772458726,0.5635920839945475,0.07933403235949747,0.8223333333333334,0.021450485619988524,0.17766666666666667,0.021450485619988524,45.983865102132164,0.13667932953925754,2.785344474421749,0.05608232125632466
4,45,0.31955164554072363,0.007297633937787248,0.537124835507075,0.024905131648302988,0.8324666666666666,0.0025540817005987302,0.16753333333333334,0.0025540817005987302,46.13781992594401,0.13767618507314508,2.7570006669930103,0.017786015201230056
4,46,0.3131523692800972,0.006251188557706512,0.5208042444070181,0.0636568253495733,0.8388666666666666,0.01586137867063683,0.16113333333333332,0.01586137867063683,46.29223505655924,0.13704218521531195,2.7782654154335944,0.033219852094465
4,47,0.3054958207807476,0.011806187701806388,0.5758786068121592,0.0551890874799413,0.8207333333333334,0.012363791220064075,0.17926666666666666,0.012363791220064075,46.444802602132164,0.13616848164377696,2.7571588413716825,0.05811415145319296
4,48,0.3026854626434234,0.009064094747808928,0.5217106713453928,0.021826087504569738,0.8346333333333334,0.009597048157289479,0.16536666666666666,0.009597048157289479,46.59716542561849,0.135536930498447,2.7464072232707086,0.0481005142860477
4,49,0.2977329767725962,0.009220023563605653,0.5387279969851176,0.05512361501979259,0.8334,0.015857805648954035,0.1666,0.015857805648954035,46.7475954691569,0.1339304627377102,2.763553234149098,0.01859523842632494
4,50,0.2908572782234361,0.008590767036628071,0.498627786286672,0.05654075411367544,0.8469666666666668,0.01164316680861923,0.15303333333333333,0.01164316680861923,46.89788691202799,0.13226100922117348,2.7779349852774136,0.015195718067736624
4,51,0.2861906665187561,0.00977279677679449,0.6121088364601136,0.13270879639315852,0.8106,0.03802801598821583,0.1894,0.03802801598821583,47.04728317260742,0.1326275504225859,2.7470062633242716,0.04547774785237748
4,52,0.2833224407826746,0.010932496156187391,0.5133087008158366,0.05682846229548101,0.8407333333333332,0.017178571923571893,0.15926666666666667,0.017178571923571893,47.19676208496094,0.1292406677151613,2.7646768242962345,0.05591785198113753
4,53,0.2756228790843172,0.008648266130029577,0.5476082302570343,0.04889744678108963,0.8329000000000001,0.012979984591670364,0.1671,0.012979984591670364,47.34691619873047,0.12987464041250016,2.784316428581718,0.03147594609332139
4,54,0.27554341671132476,0.007044157231283079,0.5016291073958079,0.020808463637214444,0.8459333333333333,0.0072858309981315,0.15406666666666669,0.0072858309981315,47.49767812093099,0.1318675692751861,2.8330601007873724,0.0673531713187573
4,55,0.26975572010135407,0.009909176303164461,0.5242358027219772,0.03128896667466392,0.8395333333333334,0.007587050371081868,0.16046666666666667,0.007587050371081868,47.645636240641274,0.13116126909169779,2.7808244389157113,0.01711510743103863
4,56,0.26807718051364055,0.008965722151120084,0.48829335652192435,0.005564806627817965,0.8506333333333332,0.0022188585654190026,0.14936666666666668,0.0022188585654190026,47.79503504435221,0.1310363953974607,2.846387442773826,0.052663915199236626
4,57,0.26279506984802764,0.003227463287133056,0.514486447874705,0.02993823355528728,0.8456333333333333,0.00436615773115597,0.15436666666666668,0.00436615773115597,47.94174575805664,0.1314159494070887,2.778898643755703,0.08911317751628803
4,58,0.25913730072522917,0.00852726965150838,0.4948347231705983,0.019891951044510667,0.8488000000000001,0.0038935844667863273,0.1512,0.0038935844667863273,48.08894348144531,0.1295059671179748,2.7894071148286073,0.027625672481124432
4,59,0.25260901662623486,0.012069246540228677,0.5201311233679453,0.03426789858777112,0.8438666666666667,0.006823733093647031,0.15613333333333335,0.006823733093647031,48.233802795410156,0.12755498082101582,2.7707035362614096,0.06039134796716718
4,60,0.25531093813701256,0.008429226453924707,0.5226189659754436,0.03718892963665548,0.8428333333333334,0.00942142947398822,0.15716666666666668,0.00942142947398822,48.381640116373696,0.12705900714473747,2.842137897416524,0.033758531955841886
4,61,0.24428004835623507,0.007593254407630891,0.5239516555706659,0.03579232343123367,0.8438666666666667,0.012108812218105182,0.15613333333333332,0.012108812218105182,48.52653249104818,0.1275019270381471,2.771794094399606,0.022638948591648132
4,62,0.24439832493853386,0.009832740031534958,0.5047033169507981,0.055377196537896974,0.8481000000000001,0.012562245022288011,0.1519,0.012562245022288011,48.67357381184896,0.12797951298655194,2.854891339286,0.03944087551312097
4,63,0.24090138496950153,0.005850016520321137,0.479705676873525,0.04667495382958302,0.8586666666666667,0.008764892089086668,0.14133333333333334,0.008764892089086668,48.81834157307943,0.1291772426743337,2.8449348164714383,0.09226464584596002
4,64,0.23642993226761708,0.009591814511592979,0.49633355718453726,0.04120531099158614,0.8523666666666667,0.008666217937101131,0.14763333333333337,0.008666217937101131,48.961472829182945,0.12961547384558678,2.817220257103319,0.052315370130723966
4,65,0.23340147319555485,0.005884903247350799,0.5067961090405783,0.031126293738776158,0.8509000000000001,0.007163099887618479,0.14909999999999998,0.007163099887618479,49.104592641194664,0.12964805148458272,2.8380329352360896,0.07758809410187603
4,66,0.23072473506005728,0.00521273561403809,0.6166024428447088,0.21237439938499286,0.8264333333333332,0.045018477687870935,0.17356666666666673,0.045018477687870935,49.2455800374349,0.13397434545310072,2.808618968113295,0.08629401330198895
4,67,0.22668630706633855,0.007391514901722929,0.5460256939252218,0.012880670645100165,0.8418666666666667,0.00298384539367131,0.15813333333333332,0.00298384539367131,49.38938776652018,0.132511823364157,2.8379188553618313,0.026605707222539927
4,68,0.22347783447836367,0.007489669202143982,0.46600249863465626,0.01818394461744975,0.8597666666666667,0.008592050589546927,0.14023333333333332,0.008592050589546927,49.53048960367838,0.1335530497252827,2.7994384558256855,0.020254243893881224
4,69,0.2200208944470986,0.005093428021850659,0.4948015249013901,0.009497148023192495,0.8531333333333334,0.0033975481355432643,0.1468666666666667,0.0033975481355432643,49.67255147298177,0.13409474845118383,2.828120802807838,0.002889357503155814
4,70,0.21964062385114969,0.00885275324487207,0.5014474898576736,0.040474920934281323,0.8514666666666667,0.007605480480109906,0.14853333333333332,0.007605480480109905,49.813943227132164,0.13209382951911972,2.8453128626347794,0.05042867653684835
4,71,0.21427911624807836,0.009016434183832037,0.4688930019299189,0.024102827051624143,0.862,0.0032908965343809043,0.138,0.0032908965343809043,49.95334243774414,0.13147716785621769,2.8053126038137095,0.011232128348712024
4,72,0.21061268396427868,0.005267268771282573,0.47648636492490765,0.029938043031542173,0.8613333333333334,0.0074768531705078625,0.13866666666666663,0.0074768531705078625,50.092323303222656,0.13290574727472695,2.8056147934355633,0.046072485768424334
4,73,0.20830056129399774,0.006272864226050579,0.4905216991742452,0.0337478291569552,0.8569999999999999,0.005369357503463545,0.14300000000000002,0.005369357503463545,50.23062515258789,0.13630716944486185,2.8080563669478824,0.06185978622889515
4,74,0.2063368535826883,0.007350649413792701,0.5504124726374945,0.07202948894036718,0.8461666666666666,0.018680560305658206,0.15383333333333335,0.01868056030565821,50.36906814575195,0.13406541116865692,2.855836635045405,0.024903499886415065
4,75,0.20491514574078953,0.010129012149581127,0.4946546849568685,0.03210195662353091,0.8566666666666668,0.007565932416651195,0.1433333333333333,0.007565932416651195,50.506449381510414,0.13544271528950996,2.8323149641905094,0.023731354088177406
4,76,0.1992985423104893,0.005574538676652231,0.511377273329099,0.03166535840357343,0.8561666666666667,0.006010268990097963,0.14383333333333334,0.006010268990097963,50.642860412597656,0.136927886910233,2.801582543129373,0.061048087042491046
4,77,0.1986776154205673,0.010476538000555676,0.5067360363403957,0.03560123681824822,0.8527,0.009204890004774629,0.14730000000000001,0.009204890004774629,50.78078842163086,0.13500631826605752,2.829927363522265,0.0619491198866795
4,78,0.1926289741124542,0.007737093286103245,0.4878565330346425,0.02253844239830508,0.8591666666666667,0.006161439225808671,0.14083333333333334,0.006161439225808671,50.91598383585612,0.13468837933974614,2.789867981055947,0.019500387569429716
4,79,0.1920629952099724,0.00981598941097174,0.5045133059183756,0.0366789877985574,0.8562333333333333,0.008477224388520858,0.14376666666666668,0.008477224388520858,51.05166880289713,0.13374650173017352,2.8169937793078907,0.03238905824625389
4,80,0.1909501252462492,0.007071920046530149,0.5838914484818777,0.11029047390996251,0.8399666666666668,0.021201257824321043,0.16003333333333333,0.021201257824321043,51.1882578531901,0.1315772998914136,2.845671847713548,0.05240621362622264
4,81,0.1888738668191057,0.001841567237944806,0.5204236418883005,0.022341637219768833,0.8554,0.0027073972741361962,0.14459999999999998,0.0027073972741361962,51.32420094807943,0.1331338718639998,2.842315300262572,0.06580248087749814
4,82,0.1873162846888423,0.005210103269874626,0.5111526666641235,0.02487474248924909,0.8603,0.004493328387732162,0.13970000000000002,0.004493328387732161,51.459946950276695,0.13335226144394724,2.840743805829655,0.06854965406810853
4,83,0.1850502315753053,0.005951017008249051,0.5332136236667634,0.029049421115746876,0.8513666666666667,0.00809958846691197,0.1486333333333333,0.00809958846691197,51.594075520833336,0.13289550997596514,2.859980096832515,0.03904440544275924
4,84,0.18191561153680977,0.0071011470197019436,0.589899774090449,0.09124709486072055,0.8400333333333334,0.017425938520875515,0.15996666666666662,0.017425938520875515,51.72653071085612,0.13077588041694557,2.8301608047919715,0.09477147737965728
4,85,0.17890696592139874,0.005067494285017524,0.510348124774297,0.05420440279403863,0.8573000000000001,0.010378342834961656,0.14269999999999997,0.010378342834961656,51.85830815633138,0.130372798628887,2.795655660314775,0.035135656037519086
4,86,0.1782369106112386,0.005356146312897184,0.5396326572259267,0.023568373835393706,0.8496333333333334,0.0057492028432934335,0.15036666666666668,0.0057492028432934335,51.99003601074219,0.12923721498489393,2.8167974773535582,0.06548332793461127
4,87,0.17526548887140103,0.0027315464339065956,0.5423314266125361,0.035914115482437343,0.8507666666666668,0.0072569506911190325,0.14923333333333333,0.0072569506911190325,52.120062510172524,0.12885045951280688,2.7911766440921624,0.03357479855318646
4,88,0.16969234968606264,0.008370518525679372,0.5404448651154836,0.05083863092230992,0.8517333333333333,0.014761549150862642,0.14826666666666666,0.014761549150862642,52.24994405110677,0.12565492620937702,2.77894120295401,0.11092863756525531
4,89,0.1679379472354997,0.0063953229813341625,0.5049593728224436,0.030610106363351815,0.8610000000000001,0.006937578828380992,0.139,0.006937578828380992,52.379571278889976,0.12478264011790617,2.80028166336691,0.02008639731818074
4,90,0.16792449610782603,0.006332186574139755,0.5097653082370758,0.03197367708600084,0.8616666666666667,0.00971099033741325,0.13833333333333334,0.00971099033741325,52.51035690307617,0.12232560231406446,2.837183898913484,0.07080097853342021
4,91,0.16663879204385826,0.00563373307298037,0.5398724033037822,0.08100392243272908,0.8558333333333333,0.01677388843808535,0.14416666666666664,0.01677388843808535,52.63800938924154,0.1233041710452509,2.7980381105260292,0.04724374056937174
4,92,0.1613544174053175,0.0034003430168443797,0.5080930661360423,0.02746018137840631,0.8621,0.005144900387762581,0.1379,0.005144900387762581,52.76545969645182,0.12354631608741522,2.761161017314216,0.04573627089498621
4,93,0.16420556086560956,0.00847880352480461,0.5361386857032776,0.06098994898549381,0.8573999999999998,0.011625833303466901,0.14260000000000003,0.011625833303466901,52.895772298177086,0.12016262776968642,2.8617953794588753,0.07422129168582442
4,94,0.15979037217586242,0.005600975880325378,0.5568073355992635,0.048369521589958504,0.8525,0.01015332457867865,0.1475,0.01015332457867865,53.02215321858724,0.12139318300210503,2.773660801474334,0.01355265994168183
4,95,0.157752476280074,0.011405300423174832,0.5250834091027579,0.0320881285539872,0.8576666666666667,0.0084760446750435,0.14233333333333334,0.0084760446750435,53.148441314697266,0.11782480046495486,2.7596190358896777,0.134007487058758
4,96,0.15522862901912726,0.007601909842628921,0.5496003317674001,0.07791924227876615,0.8561666666666667,0.015196819842760988,0.14383333333333334,0.01519681984276099,53.27384694417318,0.11766423106723388,2.7811442432996167,0.0967318210448743
4,97,0.1543219932700362,0.006501189043307508,0.5528618350028992,0.009296914436115647,0.8563333333333333,0.004764801499887832,0.14366666666666664,0.004764801499887832,53.39812215169271,0.11593322408057363,2.764711108825663,0.09220486538317911
4,98,0.15101951991429413,0.008972951740289984,0.552844367758433,0.08946761086882012,0.8563333333333333,0.018481973199129337,0.14366666666666664,0.018481973199129337,53.52246348063151,0.1137405608126292,2.738467552846826,0.113802811534075
4,99,0.15140711744169036,0.0076144145954867735,0.5130075429280598,0.029334736667706075,0.8632,0.005820652884342109,0.1368,0.005820652884342109,53.64613469441732,0.11084241199336312,2.772571945267405,0.07500852983746069
4,100,0.1482673288376181,0.004867829568870097,0.5385110439777375,0.04004459900032242,0.8614333333333333,0.006813467056743828,0.13856666666666664,0.006813467056743828,53.76935577392578,0.10969329684121001,2.760618517246178,0.027401903016265237
8,1,2.939428191050849,0.16194945020423238,2.1072862724939982,0.08969220916168742,0.19330000000000003,0.020066638981154763,0.8066999999999999,0.020066638981154742,39.346327463785805,1.1094917422014468,12.075386550469673,6.137148469161647
8,2,2.0204796433347165,0.09853887295473301,1.9319112967809042,0.09547724426658331,0.2536333333333333,0.04778162129243141,0.7463666666666667,0.04778162129243136,39.4583371480306,1.0978750699587203,0.438178918465112,0.18060473985177813
8,3,1.853399515355233,0.08094080312416788,1.7937345836639402,0.11071445995783061,0.30296666666666666,0.03388367355133345,0.6970333333333333,0.033883673551333406,39.61399714152018,1.102844592038559,0.692052857067681,0.23090957886478036
8,4,1.740047354425819,0.09357440264454184,1.6690732039133707,0.10890683279924811,0.37033333333333335,0.050605566228759204,0.6296666666666667,0.05060556622875921,39.78276570638021,1.1099651739603036,0.7957306442752906,0.23698590748953988
8,5,1.6510416542680877,0.10079848993458213,1.6607354647318522,0.05000469726285332,0.37166666666666665,0.025230206763586657,0.6283333333333333,0.02523020676358669,39.9675407409668,1.1036496998309993,0.8991016528277082,0.2939912730442681
8,6,1.5714438351828728,0.11101595911337446,1.5437113299687704,0.1541207526601951,0.4310333333333333,0.060493002350134134,0.5689666666666667,0.06049300235013416,40.16029612223307,1.1043698141131795,1.0108672353926924,0.34390409251817006
8,7,1.502310653883275,0.14383314009490047,1.4982911289215088,0.13877775887753557,0.4415,0.0641347799559646,0.5585,0.06413477995596463,40.37820688883463,1.0982126398500434,1.1410378011920903,0.3631751561487026
8,8,1.4153157862860832,0.1491561726315032,1.4366767545064292,0.07776732752536206,0.47236666666666666,0.04318128452620806,0.5276333333333334,0.043181284526208084,40.60189946492513,1.1040847349157,1.2564464636245871,0.3796602247491724
8,9,1.3360295224067806,0.15885963528862088,1.371309113375346,0.15667070451460438,0.5020666666666667,0.07005714334265517,0.4979333333333334,0.07005714334265521,40.83175913492838,1.092087402226676,1.3307041611398578,0.3424194974556259
8,10,1.2711785562711198,0.17189140152108073,1.3694253969510395,0.1965437645306284,0.5106,0.0648722590943155,0.4894,0.06487225909431553,41.064239501953125,1.083126567457762,1.416644174326529,0.32066703840143657
8,11,1.2044470838167072,0.16342478772580507,1.3117016166687012,0.06473922187587601,0.5408333333333334,0.022012799307069838,0.45916666666666667,0.022012799307069838,41.291839599609375,1.069976881251405,1.4708165251995293,0.36398095287717847
8,12,1.1387542918108513,0.16326894535734915,1.1727181566874185,0.142224066554405,0.5760666666666666,0.05150051779674968,0.42393333333333333,0.05150051779674968,41.51115926106771,1.058501190774659,1.5283159860509041,0.32119757060791393
8,13,1.0830133614231152,0.1621051462256277,1.1633047956466676,0.04856318612805411,0.5902666666666667,0.03487037902480178,0.40973333333333334,0.03487037902480178,41.72972742716471,1.0363049210435935,1.5866368047254698,0.3104271520923897
8,14,1.024853932125794,0.15887146668218782,1.1312937816937765,0.06688236747900947,0.6056666666666667,0.032649093912899545,0.39433333333333337,0.032649093912899545,41.944087982177734,1.02313475725022,1.657470499547254,0.25642168700302603
8,15,0.9787925106281921,0.15362011855406393,1.1174106888453166,0.121638299051641,0.6118,0.048314387091217444,0.38820000000000005,0.04831438709121745,42.16426467895508,1.0021244825309645,1.7486042102738477,0.2722349145085625
8,16,0.9263147379177205,0.15086320196637645,1.0226990611394247,0.09695037837321317,0.6424,0.035481403579903655,0.3576,0.035481403579903655,42.37562561035156,0.984699513897729,1.764058030878161,0.2077811836197074
8,17,0.8892617214467925,0.1268059385648108,0.9230313251495361,0.13707491415297582,0.6758666666666667,0.049600134408420024,0.32413333333333333,0.049600134408420024,42.58349100748698,0.9769495485105041,1.8233522060212106,0.24593332432148657
8,18,0.8466457395551555,0.137350758920424,0.9937100246429443,0.12856772034433042,0.6616666666666666,0.047478030006870925,0.3383333333333334,0.047478030006870925,42.791351318359375,0.949660717564558,1.8644978867721476,0.1290598050940308
8,19,0.8087611409556835,0.11188607389919446,0.9195452519098918,0.17431307219112605,0.6893333333333334,0.05434908769550172,0.3106666666666667,0.05434908769550172,42.995198567708336,0.935393396816386,1.889205520138151,0.1374529067324671
8,20,0.7741835667908141,0.11323830009076906,0.9290402486165364,0.24337519211852615,0.6937000000000001,0.07208689201234851,0.30629999999999996,0.07208689201234852,43.19467035929362,0.9156674169542206,1.9528427069946386,0.10545464577165076
8,21,0.7459404445670145,0.09503676244538482,0.8910579938888551,0.14742592201647667,0.7002333333333333,0.05555045754387028,0.2997666666666667,0.05555045754387028,43.38922246297201,0.9146935992906539,1.9660394045485396,0.13692664455761205
8,22,0.7112224136573682,0.09130837971047218,0.8242358441034953,0.049289616765545996,0.7176333333333332,0.022750897418197247,0.28236666666666665,0.022750897418197247,43.57678731282552,0.9107865487549016,1.9769097322983968,0.10879937336571865
8,23,0.6848788886932055,0.07821490899217873,0.7959349996248881,0.14806487265523172,0.7307666666666667,0.04796512622034193,0.2692333333333333,0.04796512622034193,43.7607536315918,0.9019198429783265,1.9993227834051883,0.12767125623036524
8,24,0.6622409611203582,0.07020020402463882,0.73423057568868,0.06310769434594393,0.7511,0.02035018427434993,0.2489,0.02035018427434993,43.94247690836588,0.8985552142585734,2.0200545742094693,0.1153457669458014
8,25,0.6378065386544103,0.06951627486196972,0.8438243087132772,0.1783834537524754,0.7199333333333332,0.055040833327024904,0.2800666666666667,0.055040833327024904,44.116861979166664,0.8906853198539348,2.0235677921274347,0.08251316587965021
8,26,0.6217887958500595,0.06447525582030875,0.6951812101682027,0.05608899901188662,0.7635333333333333,0.019984076994780983,0.23646666666666669,0.019984076994780983,44.28921254475912,0.8873136293142115,2.029215124924012,0.0558546096164614
8,27,0.6013030371194402,0.06027185498987538,0.6547734674612681,0.05934576985393455,0.7808666666666667,0.018628562299150563,0.21913333333333337,0.018628562299150563,44.462646484375,0.8778332161347014,2.0881152860081906,0.12099389212243751
8,28,0.5820809173106335,0.05194384175800442,0.7017362863858541,0.03215965244500275,0.7657333333333334,0.006557692683660447,0.23426666666666665,0.006557692683660447,44.63254928588867,0.8702147581694046,2.0762307290003683,0.10356960501737593
8,29,0.5685281095500695,0.050506870600854264,0.6979101260503134,0.05843666191886597,0.7629333333333334,0.022759027512908633,0.23706666666666668,0.022759027512908637,44.800610860188804,0.8679290521212333,2.0879514519377707,0.10434602216722333
8,30,0.5534325008298837,0.053910272339167335,0.6656158260345459,0.05467088379849061,0.7773666666666667,0.0205733646575696,0.22263333333333332,0.0205733646575696,44.96429570515951,0.8620444786088683,2.086250564892509,0.06504302600517671
8,31,0.5394658728328813,0.04863664430098931,0.7133137932936351,0.04998472058963075,0.7685,0.01386217876093081,0.2315,0.013862178760930809,45.12571334838867,0.8553393041019292,2.1237285471094958,0.08167784262658097
8,32,0.5243434713421372,0.04937920882528982,0.6771011844476065,0.08562761783644861,0.7756333333333333,0.02853214561390944,0.2243666666666667,0.02853214561390944,45.28524907430013,0.8541078192658996,2.1148120279670817,0.045781468611812356
8,33,0.5121799230016609,0.04408890319026773,0.7570708422978719,0.16639174106062485,0.7588,0.043450086306013234,0.24119999999999997,0.043450086306013234,45.44232686360677,0.8434877052811343,2.1269772378434024,0.10122554736378506
8,34,0.5040769764021331,0.04506913561959459,0.6783750146389007,0.14327452135078755,0.7801333333333332,0.04310247479360478,0.21986666666666668,0.04310247479360478,45.607234954833984,0.8397163902806669,2.180041345311146,0.07199898279528856
8,35,0.4913807538388026,0.03926910664155211,0.6366539194107056,0.07521737114936902,0.7886666666666667,0.024681234436983366,0.21133333333333335,0.024681234436983366,45.76290639241537,0.835927902886278,2.178691533337786,0.07987877180566993
8,36,0.47838546643120966,0.03907890735429707,0.5840626261075338,0.03181905350673406,0.8076333333333334,0.008619938128161564,0.19236666666666666,0.008619938128161564,45.92050298055013,0.8314885430661461,2.14754710050946,0.05251885829139173
8,37,0.4666970139853688,0.03898323130149802,0.5774410262902577,0.005829198495292083,0.8099333333333333,0.0038552993831002668,0.1900666666666667,0.0038552993831002668,46.07282257080078,0.8291546736185199,2.1643647602271012,0.06817110272110943
8,38,0.460159186397672,0.039103968939151426,0.6869185175259909,0.07292978326630846,0.7796666666666666,0.009922869208718483,0.22033333333333335,0.009922869208718483,46.223253885904946,0.8213062303836579,2.192663358709436,0.07094449751041489
8,39,0.4495681334995146,0.03642619881067131,0.5839136329015097,0.06935950196375452,0.8099999999999999,0.022753241527307712,0.18999999999999997,0.022753241527307712,46.37570317586263,0.8160588645719212,2.1830417793260004,0.09243714508134795
8,40,0.44734104877085334,0.03781986410020877,0.5801743961175284,0.05797271035743401,0.8094666666666667,0.02119111449011904,0.19053333333333333,0.02119111449011904,46.529205322265625,0.8060057491787976,2.22720823978143,0.0735054514932693
8,41,0.43436094073027703,0.03694435983410823,0.6020331936836243,0.02688928897673924,0.8043999999999999,0.013554703980537564,0.1956,0.013554703980537564,46.68036651611328,0.8053065287575882,2.1803500628097257,0.07715228669899715
8,42,0.42730029612042814,0.03169115621012493,0.5968609801133474,0.03806140298066604,0.8098666666666666,0.009610584442859534,0.19013333333333335,0.009610584442859534,46.829359690348305,0.7979534629579225,2.2337536450970887,0.11213722529502701
8,43,0.41898929055237094,0.03681104729831689,0.6007196320533752,0.051306652747537686,0.8064,0.018457789683491353,0.1936,0.018457789683491353,46.97598648071289,0.7949861189709737,2.228035122211721,0.0679881887612665
8,44,0.41056786097732245,0.03503342827094072,0.5483015411853791,0.03662509932070745,0.8222,0.01075034883154961,0.17779999999999999,0.01075034883154961,47.12369918823242,0.7914717782991323,2.216265575337015,0.0887185886762578
8,45,0.40377943609021005,0.032546459110166355,0.6611876676559448,0.16859309746628742,0.7929666666666667,0.04166729332862088,0.20703333333333332,0.04166729332862088,47.27266947428385,0.7882656583437669,2.2546726330691587,0.07401682996050869
8,46,0.3956309552768917,0.03384536122032943,0.580423188082377,0.05702987533606401,0.8175,0.013619471355379394,0.1825,0.013619471355379394,47.415669759114586,0.7856415569423425,2.241332855388421,0.07827581159418166
8,47,0.3896924819660715,0.03467653277130087,0.5606320126215616,0.08238632760889603,0.8165666666666667,0.026190519913383427,0.18343333333333334,0.026190519913383427,47.55917231241862,0.7788950688081615,2.2651713498981585,0.04501837756802256
8,48,0.38672849363174994,0.03400724737122265,0.5370816261768341,0.039553845818946685,0.8253,0.01583287718641185,0.1747,0.01583287718641185,47.70325215657552,0.7719336491549206,2.256896106069725,0.06234011759109776
8,49,0.37675999844318153,0.030603333918989083,0.531778830909729,0.04807035235338638,0.8269666666666667,0.01840715440619035,0.17303333333333334,0.01840715440619035,47.84546407063802,0.7676694488442907,2.2594389237069668,0.07115213000834346
8,50,0.3714716755241181,0.03005519330691034,0.6028247514883677,0.038927245965818834,0.8117333333333333,0.008357830659527216,0.1882666666666667,0.008357830659527216,47.99133173624674,0.763045634265519,2.290485804215334,0.08553193972255668
8,51,0.3651140187910655,0.03141082949953627,0.5692893292268116,0.03450841446643742,0.8170666666666667,0.007910330797971323,0.1829333333333333,0.007910330797971323,48.13134892781576,0.7612410596296496,2.262642644806261,0.06279122536988425
8,52,0.3593922595970669,0.024229170218498613,0.5646438563982645,0.09776052870051602,0.8199,0.0309762812487232,0.18010000000000004,0.0309762812487232,48.27584457397461,0.7548794988542356,2.3154296048496867,0.1217370240515807
8,53,0.3569275144065229,0.027241268262844495,0.544033218717575,0.05393185631001015,0.8284333333333334,0.015149367423537317,0.17156666666666665,0.015149367423537317,48.42001215616862,0.7487674364219877,2.3189985250807243,0.08500683106170848
8,54,0.3485841484198891,0.02684192757549314,0.532718450419108,0.02154325479630608,0.8319333333333333,0.006615386106141728,0.16806666666666667,0.006615386106141728,48.56218973795573,0.7456324259693381,2.312367162429819,0.08567046425215304
8,55,0.34517885255488384,0.02808787573879782,0.5236098311901093,0.06904925570368418,0.8322333333333334,0.02008091963365558,0.1677666666666667,0.02008091963365558,48.70518493652344,0.7399893608645806,2.333620908278702,0.07340456957861309
8,56,0.3387921767568141,0.030023423283046413,0.5383990812937419,0.046906669616726425,0.8315333333333333,0.009700171819784074,0.16846666666666668,0.009700171819784074,48.84620157877604,0.7389120835766428,2.322272743570848,0.052177088421635855
8,57,0.33760404898026825,0.02299321356165651,0.5991449807167053,0.06465277107810422,0.8140999999999999,0.020110693672770172,0.18589999999999998,0.020110693672770172,48.988335927327476,0.7331499742089023,2.3575574014115945,0.09321889604957419
8,58,0.3322207858851092,0.02890147831556498,0.602640154536565,0.12928107384984178,0.8155666666666667,0.03156015420325656,0.1844333333333333,0.03156015420325656,49.128849029541016,0.729775464504303,2.349350865640918,0.039251348365833744
8,59,0.3241592042484755,0.02922397377325182,0.5511405326048533,0.03607894556241541,0.8282666666666666,0.00800520663901517,0.17173333333333332,0.00800520663901517,49.26521301269531,0.7252805789873285,2.3205210896830555,0.05730034629348591
8,60,0.3219218707857026,0.028550367030447568,0.5472764389673869,0.009792721913462065,0.8321333333333333,0.003980368492154152,0.16786666666666664,0.003980368492154152,49.403611501057945,0.7204957703312557,2.325677620868285,0.047803365674843216
8,61,0.3140152886776668,0.023563443052710756,0.49721740709940593,0.020030555693900935,0.8426666666666667,0.00796073698430822,0.15733333333333333,0.00796073698430822,49.53997929890951,0.7193098678463699,2.3347101805105215,0.09904927804193346
8,62,0.30737617525501526,0.026186353190337557,0.4908313714663188,0.04767458207477075,0.8454666666666667,0.01704709163855623,0.15453333333333338,0.01704709163855623,49.67383321126302,0.7131432871847837,2.3126454626703086,0.05033334450847649
8,63,0.3060291978353531,0.020834019034623927,0.5183825451533001,0.03736538371980049,0.8363666666666667,0.005001333155602951,0.1636333333333333,0.005001333155602951,49.812032063802086,0.7075785404349783,2.3784707408491284,0.08974110262337684
8,64,0.3027983307647888,0.029407721443359982,0.5128446458657582,0.04924226615090292,0.8412333333333333,0.01944899311875383,0.15876666666666664,0.019448993118753827,49.95120747884115,0.704728400024329,2.3938445061245157,0.019324852920178097
8,65,0.30101964698321576,0.02854367623723442,0.5048847519715628,0.06244040765639497,0.8420333333333333,0.01739664718655099,0.15796666666666667,0.01739664718655099,50.08732223510742,0.702392569931174,2.3724076443050888,0.07299329210051189
8,66,0.29472844673595366,0.027725452894285685,0.5705426795800527,0.032472252366958554,0.8259666666666666,0.0110816665413345,0.17403333333333335,0.0110816665413345,50.2231814066569,0.6984934480034626,2.364685055807722,0.09239035851704526
8,67,0.29144492376363895,0.024102945371643533,0.5349436822096506,0.05978639025849308,0.8394666666666667,0.008471324178269518,0.16053333333333333,0.00847132417826952,50.35870869954427,0.6935459681351361,2.3946215051614566,0.11283979004407511
8,68,0.2898643009447177,0.028097857191761496,0.5705423056920369,0.10834589820605801,0.8314666666666666,0.028664321609508468,0.16853333333333334,0.028664321609508468,50.49456278483073,0.6885171944355355,2.401689059410295,0.0711870797504607
8,69,0.28199295764384064,0.024595596071626636,0.5447893613974254,0.022251994068403915,0.8375666666666667,0.0017785762095939026,0.16243333333333332,0.0017785762095939026,50.63068517049154,0.6822327599105801,2.3911939173474757,0.06712320823180067
8,70,0.27927952512577875,0.02404687331446016,0.5368873957236608,0.03198032062128822,0.8358666666666666,0.011856784274554921,0.16413333333333333,0.011856784274554923,50.76568603515625,0.6814439069543152,2.4095107998972076,0.08838764200421409
8,71,0.275619612839978,0.023344484929631877,0.5681835203170776,0.06592593876406816,0.8285,0.014778700890132423,0.17149999999999999,0.014778700890132423,50.900227864583336,0.6776106077980839,2.4111496369189283,0.08873374317533528
8,72,0.2676335313728195,0.026022118913284032,0.4952850311438242,0.04070843452539032,0.8492666666666667,0.009586622623913663,0.15073333333333336,0.009586622623913663,51.03040568033854,0.6772947461237072,2.3510515463630965,0.015377248153150239
8,73,0.27188377985564033,0.022393165421572683,0.5362870691776276,0.05942607584009542,0.8384333333333333,0.01588626240918024,0.16156666666666672,0.01588626240918024,51.16792551676432,0.6732045911855498,2.4604637590252842,0.07916651611436801
8,74,0.26220804101010214,0.015985738114446812,0.49386218751271566,0.032515822704445314,0.8527,0.007796794213008326,0.1473,0.007796794213008326,51.29958979288737,0.6655806722497996,2.384838055516375,0.1216954695141299
8,75,0.26338911720274455,0.019315341979394968,0.5481968971172968,0.04050167189424773,0.8337333333333333,0.01251492442379628,0.16626666666666667,0.01251492442379628,51.436161041259766,0.6599914601621009,2.4691751059613174,0.06468784939697612
8,76,0.26107021872166986,0.01992610433609862,0.5493473964134852,0.003520317085740023,0.8396,0.004215447781671618,0.1604,0.004215447781671618,51.57244618733724,0.6585360498997863,2.478256449233169,0.0592889455694853
8,77,0.2569839655019133,0.019591568264757404,0.5333394834280014,0.09342642983578418,0.8443666666666667,0.01852898630074872,0.15563333333333337,0.018528986300748715,51.7052116394043,0.6563881936641695,2.442454752677421,0.0310490564915684
8,78,0.2489526707929927,0.022202666892976623,0.5271057637294133,0.05421670062352155,0.8447333333333332,0.0114823052273197,0.1552666666666667,0.0114823052273197,51.83240254720052,0.6524411589162523,2.372035118140271,0.025685255299557487
8,79,0.24869236625724642,0.015114454147560833,0.524649377322197,0.052186475786130906,0.8462000000000001,0.009796427920420828,0.15379999999999996,0.009796427920420828,51.96484502156576,0.6456638797276144,2.4605236295312927,0.07938537810043758
8,80,0.24787588289860263,0.02757786793875508,0.5175990163167318,0.04705411190505046,0.8475666666666667,0.012174289849241019,0.15243333333333334,0.012174289849241019,52.092411041259766,0.6412613061311316,2.428989728067137,0.03538587396843724
8,81,0.23896980859841022,0.027259164894387615,0.5633247712453207,0.06044145247094673,0.8349666666666667,0.017370185184198094,0.16503333333333334,0.017370185184198098,52.22037251790365,0.6396805355855134,2.4054614858952323,0.01661348894097356
8,82,0.2398776770501897,0.021820919503279336,0.5847330438216528,0.08989406429465055,0.8311999999999999,0.019787117020930573,0.16879999999999998,0.019787117020930573,52.349501291910805,0.6367675147918433,2.434380135740307,0.08188251814430608
8,83,0.240120434363429,0.01760747457978857,0.4939146825154623,0.02046193962383163,0.8556333333333334,0.0060351746729762085,0.14436666666666667,0.006035174672976209,52.479610443115234,0.6327911849901575,2.4749137017576586,0.09044579056275602
8,84,0.23357235165813087,0.02355210715176713,0.530461359500885,0.059008058514622465,0.8448666666666668,0.01274218714873288,0.15513333333333332,0.01274218714873288,52.607476552327476,0.6330878995394709,2.437850831112628,0.07003517319228406
8,85,0.2304342849162635,0.020107280449056773,0.4895253357330958,0.02073720472464192,0.8554,0.0029866369046136435,0.14460000000000003,0.0029866369046136435,52.734259287516274,0.6315449487129791,2.4229008246384693,0.06883539990395193
8,86,0.22714829326743055,0.021656814738870375,0.5673148586312929,0.058486688805873564,0.8391333333333333,0.011043701070444306,0.16086666666666669,0.011043701070444304,52.85960133870443,0.6281322912136983,2.4514742723248504,0.03146929724876033
8,87,0.22636881603431416,0.01811544528880191,0.5537325692653656,0.08566325662976451,0.8409000000000001,0.015852129194527758,0.1591,0.015852129194527758,52.989706675211586,0.623227059026816,2.479750219539192,0.053294830128371634
8,88,0.22336492980913736,0.02095418704490509,0.5226508964697519,0.051501814148478715,0.8506333333333332,0.013550030750272616,0.14936666666666668,0.013550030750272616,53.114990234375,0.6204826192848129,2.428705298235816,0.024968908010672967
8,89,0.22257401052312983,0.019665233971147385,0.47637916523615514,0.005558942947954832,0.8587666666666666,0.004548992562461869,0.14123333333333332,0.004548992562461869,53.24264780680338,0.6165584983722663,2.4539919240425605,0.060819349162448355
8,90,0.22027792427799994,0.022114763028862942,0.504726942205429,0.037126744423844095,0.8536333333333334,0.00951910359925417,0.14636666666666667,0.00951910359925417,53.36992645263672,0.6131442278645804,2.4651168110543815,0.017964156679078424
8,91,0.216931542954888,0.01756149655821968,0.5116768827438354,0.02046878566413701,0.8509000000000001,0.008983874442577668,0.14909999999999998,0.008983874442577668,53.494391123453774,0.610458573942134,2.4487027492602844,0.07475875136342144
8,92,0.21304231514965277,0.01950214700782456,0.5424017958799998,0.017970767942674756,0.8479000000000001,0.009619251530134775,0.1521,0.009619251530134775,53.62003962198893,0.6066134458496494,2.4461295290430094,0.0349934455604184
8,93,0.2110703243839873,0.01873115120708344,0.518129884894689,0.011639833829684684,0.8514333333333334,0.005499393905998496,0.1485666666666667,0.005499393905998496,53.74308776855469,0.6011491041014224,2.437524609716898,0.08046451302627815
8,94,0.20640079402074993,0.021839574706605892,0.558280079015096,0.04635331670848426,0.8466333333333335,0.01566822687266603,0.15336666666666665,0.01566822687266603,53.86716079711914,0.6027105159236805,2.430730038485271,0.010017721766754037
8,95,0.20688871214863383,0.02065594143332793,0.5193030911127726,0.037616233086625386,0.8528333333333333,0.010428966072115372,0.14716666666666667,0.010428966072115372,53.989968617757164,0.5993310259937134,2.447412313909515,0.06564815041619171
8,96,0.20015699702862075,0.02316534780889549,0.5158103278477987,0.02390270503483471,0.8513999999999999,0.005173973328110612,0.14860000000000004,0.005173973328110612,54.11009852091471,0.5988884727518234,2.405983675725025,0.03594588135481838
8,97,0.199779128473179,0.02122716877008679,0.5360646098295847,0.021962578335809255,0.8486000000000001,0.002961418578992175,0.15139999999999998,0.002961418578992175,54.232278188069664,0.5939745363795534,2.4457078986828598,0.07794123591805399
8,98,0.20002377829105553,0.015334458820791614,0.5221657491048177,0.03950111181803362,0.8534,0.004750789408087858,0.14660000000000004,0.004750789408087858,54.35686111450195,0.5869100974512529,2.5096797079130932,0.12755770779417536
8,99,0.19680593104339114,0.019571624239514723,0.5565133778254191,0.01333188417385177,0.8445666666666667,0.005704676444228355,0.1554333333333333,0.005704676444228355,54.4797617594401,0.5855735370657316,2.4511071830366253,0.05047371264304156
8,100,0.19808902908418288,0.018619627078679906,0.5135298532327016,0.02132698799713617,0.855,0.004886716689148231,0.145,0.004886716689148231,54.60670725504557,0.5810053006531105,2.538916702433477,0.026707426407106397
