tau,epoch,mean_train_loss,std_train_loss,mean_test_loss,std_test_loss,mean_test_acc,std_test_acc,mean_test_error,std_test_error,mean_weight_norm,std_weight_norm
0,1,1.6757762846739397,0.016070088797199743,1.9482807240804039,0.32269913073796325,0.3736333333333333,0.048906577608061386,0.6263666666666666,0.04890657760806143,37.62636693318685,0.07101723630203786
0,2,1.2899599036190719,0.02299410140125301,1.2917196901957195,0.09227454975320949,0.5532666666666667,0.01775678274162672,0.44673333333333326,0.017756782741626724,37.88383483886719,0.07129335237440936
0,3,1.0941266377360417,0.0259348871331434,1.3336662020365397,0.2624391932962718,0.5664999999999999,0.04536066577994637,0.4335,0.04536066577994638,38.13425318400065,0.06851110493236762
0,4,0.9696142106409879,0.020543225465459097,1.1645406031926473,0.15455198240612572,0.6120333333333333,0.04146339751314809,0.3879666666666666,0.04146339751314809,38.373251597086586,0.06870199002260241
0,5,0.8762677095938421,0.015078077270346843,1.1821989592234292,0.42117501037451593,0.6180333333333333,0.0928444038880822,0.38196666666666673,0.0928444038880822,38.606658935546875,0.06564308742394827
0,6,0.8035362663679618,0.007498503318715,1.0456934224446615,0.05635308017569434,0.6581,0.013509996299037257,0.34190000000000004,0.013509996299037257,38.83410517374674,0.06338134032439535
0,7,0.743966891510509,0.009817691368008379,0.8596192674318949,0.08000681201545039,0.7071333333333333,0.01959727872265262,0.29286666666666666,0.01959727872265262,39.05428949991862,0.06082181723918012
0,8,0.6946797814007407,0.0074675831224773215,0.8858517413139344,0.05229736837651681,0.7052,0.013952419145080145,0.2948,0.013952419145080145,39.26883188883463,0.057617193603582646
0,9,0.65608542120975,0.00587378365564445,0.8014682478268941,0.05232906936167474,0.7359333333333334,0.015301089285842845,0.26406666666666667,0.015301089285842846,39.47781117757162,0.05544995727777304
0,10,0.6232582942248407,0.00922998585516654,0.7804736721038817,0.027552957556991015,0.7392666666666666,0.005084617324178178,0.2607333333333333,0.005084617324178178,39.68149439493815,0.051533332759423525
0,11,0.595839976400569,0.009955465945645735,0.8794029088973998,0.17169933890872457,0.7082666666666667,0.052616759053873065,0.29173333333333334,0.052616759053873065,39.88227844238281,0.05050042466258062
0,12,0.5682561598521263,0.005289241210260728,0.7265951617558798,0.04805606238630383,0.7623666666666665,0.009089737803332594,0.23763333333333336,0.009089737803332592,40.08098347981771,0.048179305149274466
0,13,0.5472858468386624,0.008198525936785203,0.8077718878110249,0.022465080149529387,0.7426666666666667,0.004499259198282918,0.2573333333333333,0.004499259198282918,40.275211334228516,0.04532221111876069
0,14,0.525198511150487,0.009250600317491304,0.7637740525245666,0.13430495852055746,0.7543000000000001,0.03329999999999999,0.24569999999999995,0.033299999999999996,40.467122395833336,0.0447544991938517
0,15,0.5105854893279503,0.0057100830180694786,0.740185281531016,0.14135563688308828,0.7684666666666667,0.02859830997337664,0.23153333333333329,0.02859830997337664,40.65864690144857,0.04395668431233368
0,16,0.49226339068660757,0.006853409146722829,0.7574026673316956,0.10070108594336753,0.7585666666666667,0.02348581131946122,0.2414333333333333,0.02348581131946122,40.84614817301432,0.040640686206021875
0,17,0.47592143179612184,0.007778682020005743,0.7047928222656251,0.02626508767446089,0.7709333333333334,0.0033291640592396855,0.22906666666666667,0.0033291640592396855,41.03289286295573,0.041085397521805005
0,18,0.46353140574993484,0.007113296761715787,0.669655705610911,0.11913196807280983,0.7877666666666667,0.021716660271168173,0.21223333333333336,0.021716660271168177,41.215773264567055,0.039035889445168066
0,19,0.45092459440942717,0.0109006615619791,0.646659935061137,0.0858471847324668,0.7877333333333333,0.02422897714170644,0.21226666666666671,0.02422897714170644,41.39829635620117,0.03949124345932784
0,20,0.4378783254164056,0.008628635920757391,0.691341766945521,0.04987211298828988,0.7793333333333333,0.00854068693568225,0.22066666666666668,0.00854068693568225,41.57992045084635,0.0394206921594091
0,21,0.4247117292545641,0.008925826255920798,0.6247362286885579,0.059866424686106964,0.8038333333333334,0.014759516703921317,0.19616666666666668,0.014759516703921317,41.76124699910482,0.03828358190241606
0,22,0.4149213703849432,0.004548145502691455,0.7041057464440664,0.17333927198359433,0.7807666666666667,0.04152858453322642,0.2192333333333333,0.04152858453322642,41.93895594278971,0.037819234661795556
0,23,0.40345256702572696,0.006769341839298843,0.6158105063120525,0.1332995825907965,0.8043666666666667,0.03329404351131496,0.19563333333333333,0.03329404351131496,42.11555099487305,0.03795353539589448
0,24,0.39134749056229917,0.005568887591611968,0.7155660482406616,0.09735551229388212,0.7812666666666667,0.023958575361096388,0.21873333333333334,0.023958575361096388,42.291341145833336,0.03783916443723363
0,25,0.3843056748209097,0.005833520879598853,0.6171807156562805,0.03194555575528748,0.8069333333333333,0.009402836451482804,0.19306666666666664,0.009402836451482804,42.464674631754555,0.03843273594961539
0,26,0.37478703964193555,0.0030102667336732065,0.5748733579317727,0.042323115442891905,0.8164000000000001,0.009516827202382117,0.18359999999999999,0.009516827202382115,42.63778305053711,0.03867678327400661
0,27,0.36764344249082653,0.0051027528870579725,0.6346429085731505,0.03306013014885615,0.7935666666666666,0.009623062575569876,0.20643333333333336,0.009623062575569876,42.81063334147135,0.03762632528138572
0,28,0.35864753932243526,0.002664465831662529,0.6651264262676239,0.02622179263390345,0.7951999999999999,0.004869291529575904,0.2048,0.004869291529575904,42.982496897379555,0.03781483007245485
0,29,0.35170196299103723,0.0040641158473344935,0.5938912470181782,0.057246410506565364,0.8108333333333334,0.01559241268480708,0.18916666666666668,0.015592412684807083,43.151947021484375,0.0374993594851902
0,30,0.3440189944661182,0.0017094255528303853,0.6436090250651042,0.16267939447662016,0.8065333333333333,0.033285181888241686,0.19346666666666668,0.033285181888241686,43.32141621907552,0.03777815873243927
0,31,0.33452153284633046,0.007087145046647299,0.5378917526880901,0.009984119725150623,0.8311333333333333,0.005081666393352993,0.16886666666666664,0.005081666393352992,43.490301767985024,0.039415806234692236
0,32,0.32944363335311055,0.0055964654643460105,0.5837085319519043,0.05724230210048984,0.8153333333333332,0.011402338941345912,0.18466666666666665,0.011402338941345912,43.658955891927086,0.04088059339751098
0,33,0.32274556209516647,0.003584694220940148,0.6159000408331553,0.07446773552066008,0.8102999999999999,0.01268345378830232,0.1897,0.01268345378830232,43.82667795817057,0.043301650181918006
0,34,0.31650484801100953,0.006803174714523835,0.6694792459805806,0.08666766182816918,0.7958999999999999,0.022194819215303356,0.20410000000000003,0.022194819215303356,43.993909200032554,0.04615898640570083
0,35,0.3090008161993791,0.004295197814405217,0.538719582160314,0.06792998352016429,0.8279,0.018421997720117104,0.1721,0.018421997720117104,44.159566243489586,0.04691522167376698
0,36,0.3024689033818062,0.0018512900201410095,0.6593623014132182,0.025624228182212574,0.8063666666666666,0.007489548272982391,0.19363333333333332,0.007489548272982391,44.32450485229492,0.04746114391436058
0,37,0.2982188248776617,0.004725114992334499,0.5946880333105723,0.0626081678456093,0.8174,0.015950235107985086,0.1826,0.015950235107985086,44.488382975260414,0.046922855692951564
0,38,0.2937791068281563,0.003031336596311239,0.5674931912938753,0.014059126038681985,0.8253666666666666,0.004675824347998267,0.17463333333333333,0.004675824347998267,44.65228017171224,0.04766854744298993
0,39,0.2874220623003552,0.006758572149419402,0.5531321863969167,0.06968157387029834,0.8302,0.016839536810732074,0.16979999999999998,0.016839536810732074,44.815338134765625,0.048903883783801505
0,40,0.2828370115615726,0.006567077488836657,0.5801439698457719,0.11932037116381147,0.8266333333333332,0.02790292696713612,0.1733666666666667,0.027902926967136123,44.97775904337565,0.049928790498391544
0,41,0.2758006251147946,0.0016821949189396463,0.49705195636749266,0.032409556377433174,0.8468666666666667,0.00903677671149026,0.15313333333333334,0.00903677671149026,45.138954162597656,0.05067448040260664
0,42,0.27324545647685383,0.005533118724973769,0.791069671010971,0.3018250895716875,0.7897333333333334,0.051363443550187834,0.21026666666666669,0.051363443550187834,45.30011240641276,0.05131647344220204
0,43,0.26827715358872345,0.0027050487798768973,0.6989239311536153,0.12438212488183294,0.8000333333333334,0.031050013419213394,0.19996666666666665,0.031050013419213398,45.459921518961586,0.0537347857586168
0,44,0.26232417767513333,0.004014945277809493,0.5220132089614868,0.04801576269041968,0.8461,0.00835942581760255,0.1539,0.00835942581760255,45.620259602864586,0.05207680987940022
0,45,0.25882648194537444,0.006952988960920098,0.5517597541491192,0.047581127802975645,0.8362999999999999,0.010289800775525255,0.16370000000000004,0.010289800775525253,45.77878952026367,0.054308863488484495
0,46,0.2537944290313778,0.0031206310171482832,0.5516780694325765,0.03493575800252401,0.8348,0.01062261737991159,0.1652,0.01062261737991159,45.9362678527832,0.05585081956213098
0,47,0.2488574891875975,0.0072545652589102415,0.5584483654816945,0.05398980744670148,0.8358666666666666,0.012133150181767876,0.16413333333333333,0.012133150181767876,46.09419631958008,0.05669945724384091
0,48,0.2472193333219486,0.003824611756728748,0.6464472668329875,0.07973810178632548,0.8180666666666667,0.017737061011715908,0.1819333333333333,0.017737061011715908,46.250665028889976,0.05898515170228861
0,49,0.24442815536098003,0.0018470777216757282,0.6361112438042958,0.04857396510783779,0.8227333333333334,0.011168855506869694,0.17726666666666666,0.011168855506869694,46.406663258870445,0.060607742246591774
0,50,0.23707376012716755,0.0034877024074329173,0.5197506520271301,0.06307411506787497,0.8441,0.01172049487009832,0.1559,0.011720494870098318,46.561388651529946,0.06218528140110273
0,51,0.23480996160505171,0.004555344280168951,0.5488867536385854,0.055457663136083635,0.8409333333333334,0.013747848316494213,0.1590666666666667,0.013747848316494213,46.71533203125,0.06269522777686085
0,52,0.229130513813642,0.005297139789575809,0.5508309867699941,0.06971692232673911,0.8372666666666667,0.013476028099307792,0.1627333333333333,0.013476028099307792,46.8682861328125,0.06249973981121413
0,53,0.2256102735162391,0.003807631704414491,0.5602808850765228,0.09932285413286633,0.8435333333333334,0.02011624550788081,0.15646666666666664,0.02011624550788081,47.0204709370931,0.06261783351440263
0,54,0.2221663190593398,0.0029367884199342385,0.5671830405394237,0.0845069053283993,0.8382666666666667,0.018744154644404036,0.16173333333333337,0.018744154644404036,47.174068450927734,0.06371988646762226
0,55,0.2192217065728026,0.0023378517088862585,0.5283502581437429,0.05582776153205283,0.8461,0.011624543001769986,0.1539,0.011624543001769986,47.32429758707682,0.06444748221758154
0,56,0.2150424096514197,0.003830419436915313,0.592315905714035,0.094575307370301,0.8347666666666665,0.021338775347552946,0.16523333333333334,0.021338775347552942,47.476104736328125,0.064566713994845
0,57,0.2136421215173432,0.003770672778894631,0.6055767380396525,0.08748352626517134,0.8331666666666666,0.018422088191443777,0.16683333333333336,0.018422088191443777,47.62647374471029,0.06502298293951361
0,58,0.21092059441666675,0.002409192752199219,0.5299863816936811,0.028360988348465975,0.8489999999999999,0.007402026749478782,0.15100000000000002,0.007402026749478783,47.77597173055013,0.06841207630612567
0,59,0.20722486818080665,0.003918986219094203,0.5452887470722199,0.10596508880154835,0.8481000000000001,0.019755252466116462,0.15189999999999995,0.019755252466116462,47.924598693847656,0.06955420814157316
0,60,0.2058361328928672,0.003160701245149428,0.5535665747245152,0.020959414729456814,0.8443999999999999,0.003950949253027691,0.15559999999999996,0.003950949253027691,48.07408014933268,0.06985285992405511
0,61,0.20169906847286914,0.003096006938499708,0.547016020488739,0.026874290745074206,0.8456999999999999,0.006533758489567827,0.1543,0.006533758489567827,48.22248840332031,0.07010932351701049
0,62,0.19741946572512514,0.0034034279112806357,0.5444848890304566,0.03995707009003224,0.8438666666666667,0.01257033545031052,0.15613333333333335,0.01257033545031052,48.369589487711586,0.0702069193019038
0,63,0.19493052922348028,0.0013859241053852912,0.5535683513005574,0.0721001428720417,0.8479666666666668,0.011184960139997535,0.15203333333333333,0.011184960139997535,48.51440938313802,0.07153211531500925
0,64,0.19257130222958777,0.005118104253701755,0.5407871597528457,0.05649757520107056,0.8480333333333334,0.009332916657365636,0.15196666666666667,0.009332916657365636,48.65939203898112,0.07160835097884853
0,65,0.18833916706095774,0.004589245311604614,0.5589105269908905,0.070010596769067,0.8450333333333333,0.017273196963310904,0.15496666666666667,0.017273196963310904,48.80378977457682,0.07080863859023968
0,66,0.18796376766476586,0.0019664255249845167,0.5543594009081523,0.07494413167435876,0.8461666666666666,0.012023865157815648,0.1538333333333333,0.012023865157815648,48.946852366129555,0.0716184431606372
0,67,0.183964940872542,0.0040203964709280655,0.542918594678243,0.023185080617908346,0.8505333333333333,0.0028867513459481316,0.14946666666666672,0.002886751345948131,49.090554555257164,0.07316199535265194
0,68,0.1800883976490144,0.001533912769912022,0.534118735408783,0.012042048709161365,0.8512666666666666,0.005923118547972275,0.14873333333333336,0.005923118547972275,49.23271814982096,0.07373410516864995
0,69,0.17931931341687837,0.0024854138795541007,0.5466616559187572,0.010664986182144995,0.851,0.005737595315112465,0.14900000000000002,0.005737595315112465,49.37549336751302,0.07329031399568503
0,70,0.17607165888294843,0.0036895515803924707,0.5594183435599009,0.03771630995254018,0.8483999999999999,0.004699999999999982,0.15159999999999998,0.004699999999999982,49.516387939453125,0.07455661778708486
0,71,0.17422969098133811,0.0022162466552369826,0.5871055709520976,0.015869925803543343,0.8412333333333333,0.0051675268101223325,0.1587666666666667,0.0051675268101223325,49.65613810221354,0.07653581563547415
0,72,0.17130735748386341,0.0045591367798842545,0.5551690062681834,0.038509673403433205,0.8506333333333332,0.008173942337289472,0.14936666666666668,0.008173942337289472,49.79696782430013,0.0751640261640329
0,73,0.17023334965960957,0.0002345471739641087,0.609942483774821,0.09781243787018194,0.8388,0.023047559523732677,0.16119999999999998,0.023047559523732677,49.93622843424479,0.0780315112056656
0,74,0.16957112284216835,0.003204276156499546,0.6130901908238728,0.06416733222911004,0.8388666666666666,0.008974593769822266,0.16113333333333335,0.008974593769822266,50.07597859700521,0.07875857013939928
0,75,0.16408108516841594,0.001460346655253923,0.5345889318307241,0.04677843260808908,0.8519333333333333,0.013273030299571161,0.14806666666666665,0.013273030299571161,50.21456400553385,0.08080324977854092
0,76,0.16289679539681293,0.003580121375554855,0.5729037459890048,0.05057286842018959,0.8497666666666666,0.009523829761883268,0.15023333333333333,0.009523829761883268,50.35174051920573,0.08319001277203482
0,77,0.16214670405071308,0.003179783348982146,0.5717809783617656,0.004639741870901708,0.8464,0.005550675634551166,0.1536,0.005550675634551166,50.48962529500326,0.08461162140172873
0,78,0.15742644841345274,0.004619945257031639,0.520767602666219,0.023987480851194422,0.8588999999999999,0.00443057558337514,0.1411,0.00443057558337514,50.62460199991862,0.08522186793036654
0,79,0.1544531135734898,0.004246762574837499,0.5935865019043286,0.04615319128418477,0.8447,0.009534673565466213,0.1553,0.009534673565466213,50.75889460245768,0.08725794229176494
0,80,0.15495030773773422,0.004411496291989659,0.5694069024721782,0.02674157911102336,0.8519,0.00476969600708475,0.14809999999999998,0.00476969600708475,50.895974477132164,0.08791395127293423
0,81,0.15216840469204557,0.00038394771130910693,0.6362349632183711,0.07293255009645587,0.8429666666666668,0.011913997370040562,0.15703333333333333,0.011913997370040562,51.029605865478516,0.09088326691355206
0,82,0.15065889910676494,0.002907589829645079,0.5351951212088267,0.04826271643863463,0.858,0.007830708780180775,0.14200000000000002,0.007830708780180775,51.163394927978516,0.0904176867342224
0,83,0.1503732832178842,0.001059872404776923,0.6407345120429992,0.11264443633534543,0.8385333333333334,0.021774373316661346,0.16146666666666665,0.021774373316661346,51.296775817871094,0.09309211156243687
0,84,0.14868431202972027,0.0025778062271330903,0.5388672103881835,0.013816261798686578,0.8579666666666667,0.0029737742572921366,0.14203333333333332,0.0029737742572921366,51.429500579833984,0.09370923343380089
0,85,0.14545020903798114,0.0012886781714324849,0.5618926386157672,0.08159539016549879,0.8565,0.011688883607941344,0.14349999999999996,0.011688883607941344,51.56077448527018,0.096187230531266
0,86,0.14292819150751304,0.004707813183570103,0.5200308419068654,0.04476218196531473,0.8642666666666666,0.007757147241952618,0.1357333333333333,0.007757147241952618,51.69077173868815,0.0975878886273626
0,87,0.140620602121718,0.002990190738676797,0.5669491868495941,0.042672944402864545,0.8561333333333333,0.01057654638023838,0.14386666666666667,0.01057654638023838,51.82020060221354,0.09771808226429249
0,88,0.13719680897084852,0.002240394799075902,0.5619664372285207,0.03450051959161298,0.8560666666666666,0.0063437633415295,0.14393333333333333,0.0063437633415295,51.94836552937826,0.09873972279030785
0,89,0.13552423357607865,0.003715725830757526,0.5251711765766144,0.04686745824440635,0.8661666666666666,0.006423654204059665,0.13383333333333333,0.006423654204059665,52.07608286539713,0.0979935863869558
0,90,0.13716531247662767,0.0026348374664359074,0.6043229781468709,0.14882427980141247,0.8501333333333333,0.027308850824107073,0.14986666666666668,0.027308850824107073,52.20506286621094,0.09637909388203578
0,91,0.13499281544933844,0.003308775214652259,0.550254418961207,0.06097359696415627,0.8597666666666667,0.00871569465581104,0.14023333333333332,0.00871569465581104,52.33275349934896,0.09588144227381006
0,92,0.13094699765473783,0.00444281233061218,0.6073813545385996,0.08782607183639263,0.8485,0.01848864516399186,0.15149999999999997,0.01848864516399186,52.45789464314779,0.09393104274067982
0,93,0.1295625191048512,0.004512495171880023,0.5800305257002513,0.07925806765473739,0.8579666666666667,0.008130395644329547,0.14203333333333334,0.008130395644329547,52.58418655395508,0.09442877362989051
0,94,0.1278504242728332,0.0032921232303822546,0.6137019545555115,0.06104708401436204,0.8530666666666668,0.010980588933811,0.14693333333333333,0.010980588933811,52.70949172973633,0.09596917768813368
0,95,0.12691728625595822,0.002506720325366574,0.5640972841421763,0.02093733341715707,0.8615,0.0023811761799581,0.13849999999999998,0.0023811761799581,52.83398564656576,0.09606069524850398
0,96,0.1252307705279481,0.0029308229842777275,0.5901042778174083,0.078892176017679,0.8571,0.013550276749941307,0.1429,0.013550276749941307,52.957968393961586,0.09563636141352158
0,97,0.12512209626249748,0.00439804502645373,0.5848434433778128,0.01534893842599719,0.8605,0.004229657196511316,0.13950000000000004,0.004229657196511316,53.08183670043945,0.09455389292459539
0,98,0.12169102883920746,0.005236049188344591,0.6138521339734396,0.055291507669490224,0.8505333333333334,0.010920317455703111,0.14946666666666664,0.010920317455703111,53.204115549723305,0.09492803165455806
0,99,0.12057215750585838,0.001972416242161772,0.5643312264919281,0.031358170495474395,0.8647,0.006937578828380992,0.13529999999999998,0.006937578828380992,53.325897216796875,0.0967813879428955
0,100,0.12121540074572539,0.004027171168170708,0.5664336323897045,0.04589961924395405,0.8635666666666667,0.005810622456616302,0.13643333333333332,0.005810622456616302,53.449520111083984,0.09910820986785254
1,1,1.8384016334553204,0.02542564141128919,1.664097019704183,0.09542531763671941,0.40473333333333333,0.014816994747023866,0.5952666666666667,0.014816994747023887,37.688027699788414,0.07223903324760375
1,2,1.4308649569826055,0.026527261336353258,1.8333015770594276,0.34325205987875484,0.4236,0.022522655260870095,0.5764,0.022522655260870064,37.992682139078774,0.09033225431071053
1,3,1.23689174987471,0.033411821371245216,1.43289243590037,0.3568682714671047,0.5288,0.07676099269811457,0.4712,0.07676099269811457,38.30231730143229,0.09597948807666287
1,4,1.0888282019972089,0.02566671430593968,1.2571604602813722,0.0831894810218606,0.5645666666666668,0.030136577996403884,0.4354333333333333,0.030136577996403884,38.58757527669271,0.10504866995723015
1,5,1.0023111212182432,0.02936433114343655,1.3939641476949056,0.40925922614441007,0.5573,0.08659151228613578,0.44270000000000004,0.08659151228613578,38.88403574625651,0.10887672758647178
1,6,0.914792423662932,0.022629584862660684,1.0929575496673583,0.10603560709934291,0.6342666666666666,0.020409883226842167,0.3657333333333333,0.020409883226842167,39.159400939941406,0.10199959575831131
1,7,0.8430136635785214,0.02303932004254757,1.038953346379598,0.1924155472846192,0.6602666666666667,0.04573503398198508,0.3397333333333334,0.04573503398198508,39.43234380086263,0.0949380122675509
1,8,0.7908945598362452,0.009243719768519183,0.9443496585210166,0.16641225361044443,0.6882333333333334,0.04088500132485425,0.3117666666666667,0.04088500132485425,39.70094299316406,0.10212156160347981
1,9,0.744917455892327,0.012639052653209545,0.8358405061086018,0.07670254086526976,0.7215333333333334,0.0215824774605079,0.2784666666666667,0.0215824774605079,39.951342264811196,0.09973532693169686
1,10,0.7082509694196988,0.012677944594564552,0.8816791429519654,0.18660302031524215,0.7064333333333334,0.050319611816202744,0.29356666666666664,0.050319611816202744,40.20153681437174,0.09447998993825732
1,11,0.6724441775326433,0.01057112963160922,0.8715175766309101,0.21236182925329303,0.7040333333333333,0.07453149222532268,0.29596666666666666,0.07453149222532268,40.441636403401695,0.09196348280721245
1,12,0.6483876905884381,0.007857416671459054,0.7027005177338917,0.05959663021647436,0.7650333333333333,0.01871719352182192,0.23496666666666666,0.01871719352182192,40.68280792236328,0.08774044896003534
1,13,0.6226440981627528,0.014278607079472698,0.8676873865445455,0.08863750715730037,0.7150333333333333,0.030782679112340682,0.28496666666666665,0.030782679112340682,40.91490809122721,0.07685824770888798
1,14,0.5986794798626213,0.005584255602719114,0.7384308452606202,0.04298993016363995,0.7519333333333332,0.010861552989022,0.24806666666666666,0.010861552989022,41.144362131754555,0.0780619357739888
1,15,0.5821950810390564,0.003931966849749015,0.6332830573717753,0.0069449406166389475,0.7875333333333333,0.005159780357082415,0.2124666666666667,0.005159780357082415,41.36630630493164,0.07189945777930597
1,16,0.5588944187961068,0.004551631180721547,0.6573614153226217,0.014578042179878495,0.7808333333333334,0.008500196076169858,0.21916666666666665,0.008500196076169858,41.5798708597819,0.06297858681731189
1,17,0.542525874328532,0.007269229442691284,0.6683397706508636,0.07117538105706882,0.7772,0.022650165562308814,0.22280000000000003,0.02265016556230881,41.79082234700521,0.05758155845722633
1,18,0.530323825706708,0.006609973520067344,0.6603340870221456,0.09614179297483372,0.7823333333333333,0.024482714991057124,0.21766666666666667,0.024482714991057124,42.00461069742838,0.048667504256659645
1,19,0.5163300890294488,0.002122621603246745,0.6934523386478424,0.03638518192423358,0.774,0.012610709734190218,0.22599999999999998,0.012610709734190218,42.21377944946289,0.051519145748194155
1,20,0.5057341643916372,0.006384106292831447,0.7126983022689819,0.06189707427100581,0.7672,0.025647417023942208,0.23279999999999998,0.025647417023942208,42.419315338134766,0.049829575132440025
1,21,0.4908263685859784,0.0023030447714001423,0.6317683157761892,0.03496078421476326,0.7944999999999999,0.008510581648747606,0.20550000000000002,0.008510581648747606,42.62234242757162,0.05063234536759289
1,22,0.4801975239928929,0.0016193537433586722,0.7446997033437093,0.1904122037120706,0.7711333333333333,0.04120064724410689,0.22886666666666663,0.04120064724410689,42.818912506103516,0.049385055331011604
1,23,0.4689803774018422,0.00033915615072232765,0.5407153702418009,0.02738919456611913,0.8181333333333334,0.011367644141744264,0.18186666666666665,0.011367644141744262,43.015716552734375,0.04922477148064567
1,24,0.45544570590427363,0.0031437184197900155,0.5855732564449311,0.019826487163194042,0.8090999999999999,0.006708949247087777,0.1909,0.006708949247087778,43.20954895019531,0.053919506294891825
1,25,0.4484853976345022,0.0013941458321148424,0.6770526965300242,0.10323609156547887,0.7821333333333333,0.02447617889568006,0.21786666666666668,0.02447617889568006,43.4034309387207,0.054079184779066244
1,26,0.4394883982208379,0.005268836254370257,0.5808995178063711,0.042292220691160905,0.8100666666666667,0.007145861273026039,0.18993333333333332,0.007145861273026039,43.59512583414713,0.05319895707918297
1,27,0.4323040366376046,0.002541253669399839,0.580723628838857,0.012299213538229554,0.8077,0.0036097091295560313,0.1923,0.0036097091295560313,43.783738454182945,0.05933237219193916
1,28,0.42352263154327,0.004749847523634917,0.5374916310469309,0.023880663053964635,0.8193,0.008316249154516698,0.1807,0.008316249154516698,43.97769292195638,0.059567537195862615
1,29,0.41464461813040093,0.00575051618666501,0.5475511552174886,0.0441113266357256,0.8209000000000001,0.010746162105607754,0.17909999999999995,0.010746162105607754,44.16488901774088,0.058953235512818794
1,30,0.4076000360830767,0.00542490292567031,0.5685212992668153,0.05248530398005595,0.8167666666666668,0.014485279884535686,0.18323333333333333,0.014485279884535686,44.352369944254555,0.06042812034070635
1,31,0.3975664921555881,0.0026928619981551184,0.5954991828918458,0.022897040907549536,0.8095,0.0008660254037844074,0.19049999999999997,0.0008660254037844073,44.53386688232422,0.0625655138924704
1,32,0.39343747347974406,0.0006398415549900507,0.5341887921015421,0.037897689687460843,0.8274666666666666,0.010686595965663402,0.17253333333333334,0.010686595965663404,44.719163258870445,0.06666877255698882
1,33,0.38709567973782444,0.0035901740235838985,0.5680763544559478,0.016386250231558142,0.8176333333333333,0.0015502687938977943,0.18236666666666665,0.0015502687938977943,44.90590794881185,0.061999206417977154
1,34,0.37961002766374635,0.00600911736251679,0.5039267470359802,0.013487688447602685,0.8342333333333333,0.005818361739642325,0.16576666666666665,0.005818361739642326,45.089316050211586,0.06139585538669315
1,35,0.36950354781144723,0.008743218940430859,0.5295500936826071,0.03519781459036941,0.8304,0.008960468737739095,0.16959999999999997,0.008960468737739095,45.26366297403971,0.05743160180794761
1,36,0.3650110689041865,0.002027252581489278,0.5841530533154806,0.06428403450411133,0.8185333333333333,0.01784862272931254,0.18146666666666667,0.01784862272931254,45.444052378336586,0.05370101530008659
1,37,0.3591370334481949,0.005704200593033003,0.571251482629776,0.08608684334067057,0.8193,0.023169592141425367,0.1807,0.023169592141425367,45.61851247151693,0.05283380506069433
1,38,0.35662171425010447,0.005154693494139467,0.5870118782043456,0.06434210949002972,0.8157666666666666,0.010256867618007617,0.18423333333333336,0.010256867618007617,45.79441579182943,0.052940797774268966
1,39,0.3475539072878017,0.00280441819801526,0.5324072462638219,0.020698266121972536,0.8307666666666668,0.005479355193207818,0.16923333333333335,0.005479355193207818,45.971781412760414,0.0614921591469502
1,40,0.34376697514114074,0.007245075247907952,0.507982263469696,0.028834465773742567,0.8369666666666667,0.007574518686578953,0.16303333333333334,0.007574518686578952,46.14649327596029,0.0555925912114973
1,41,0.34086961769844254,0.0037545101009316658,0.5500970667997996,0.07051134024610575,0.8254999999999999,0.017567299166348832,0.1745,0.017567299166348832,46.32897694905599,0.05420075211596909
1,42,0.33574175212186114,0.0035045135385893722,0.48596096235911057,0.030360861308784806,0.8430999999999998,0.012285357137665955,0.15690000000000004,0.012285357137665955,46.50082651774088,0.05223350636943363
1,43,0.3292773951477,0.0034009197617319085,0.5191482045014699,0.03095071561999152,0.8349666666666667,0.007030173065674411,0.16503333333333334,0.007030173065674412,46.67486317952474,0.046538139755962486
1,44,0.32582462063886525,0.0045577925484404196,0.5219391069730123,0.07266116510699294,0.8365333333333332,0.016483426019287758,0.16346666666666668,0.016483426019287758,46.8501828511556,0.041443070945857134
1,45,0.3197671948135763,0.003502164878188951,0.46657312041918436,0.012122569678010594,0.8503666666666666,0.004852147290976797,0.1496333333333333,0.004852147290976797,47.02156194051107,0.0409430882334953
1,46,0.31455492378805605,0.004239405422739133,0.48149990318616237,0.024215419957124326,0.8462000000000001,0.0054616847217685985,0.15380000000000002,0.0054616847217685985,47.19121551513672,0.05387968045323501
1,47,0.3119614426894566,0.004204125874423364,0.5151247236092885,0.049141045270141716,0.8384,0.013251037695214681,0.1616,0.013251037695214681,47.36066818237305,0.05333475037635094
1,48,0.30351880773304873,0.004508769464629829,0.5033179958820343,0.03924662662849374,0.8428000000000001,0.010828203913853852,0.15719999999999998,0.010828203913853852,47.525421142578125,0.05752063762401419
1,49,0.30099980207914384,0.004219517665155673,0.4991235907554626,0.012690425768659929,0.8442666666666666,0.002200757445365911,0.15573333333333336,0.002200757445365911,47.69096120198568,0.055189043052332035
1,50,0.29841202242142706,0.005503625006152726,0.4629723372757435,0.02756829084555902,0.8534666666666667,0.0061370459777757725,0.14653333333333332,0.0061370459777757725,47.856641133626304,0.050728409688889246
1,51,0.29333702603772677,0.0013672745950034958,0.5051704593499502,0.044488448047666176,0.8418333333333333,0.013035464446399045,0.15816666666666668,0.013035464446399045,48.02287165323893,0.05310354831989759
1,52,0.28911232183554797,0.0026754923786837716,0.6233692101796469,0.15163799416707346,0.8146999999999999,0.039542508772206136,0.18530000000000002,0.039542508772206136,48.19053268432617,0.05085938187398988
1,53,0.2870488562458413,0.004692037062307317,0.47391304545402524,0.021590227061885583,0.8531,0.004856953777832367,0.1469,0.004856953777832367,48.35623550415039,0.05055982155954154
1,54,0.28375631382804795,0.0034117324647778015,0.48768835421403245,0.017766668153586858,0.8471333333333334,0.0021825062046494856,0.15286666666666668,0.0021825062046494856,48.5183474222819,0.04390501458417407
1,55,0.2753067640849696,0.0029685400205325583,0.5518150074958802,0.10787714235462276,0.8346,0.02329785397842471,0.16539999999999996,0.023297853978424713,48.67457707722982,0.0418257597100746
1,56,0.2757269571402697,0.004888020402172349,0.48068368066151934,0.046100311192456764,0.8511000000000001,0.014068404316055137,0.1489,0.014068404316055138,48.83383560180664,0.0455497148501683
1,57,0.27264019530599987,0.0062515152496862335,0.48141245758533474,0.051423396366919366,0.8530666666666668,0.005971878543082821,0.14693333333333333,0.005971878543082821,48.99871063232422,0.04297088690884425
1,58,0.2683046930179775,0.0036924893387950825,0.5349199259440104,0.050913223200123425,0.8408333333333333,0.013350031210949763,0.15916666666666665,0.013350031210949761,49.15447107950846,0.03754737907893029
1,59,0.261498155979041,0.005585617217177502,0.4496473151266575,0.027832667639431385,0.8632,0.007850477692471993,0.13680000000000003,0.007850477692471993,49.302789052327476,0.03567063206638581
1,60,0.26190704776757,0.009123916777863334,0.4920240328550338,0.013895662457021061,0.8507333333333333,0.0017243356208503707,0.14926666666666666,0.0017243356208503707,49.46074930826823,0.030353920163102722
1,61,0.25966510319572583,0.005610476728243164,0.44689366188446683,0.030861776474502643,0.8595,0.011389907813498723,0.14049999999999999,0.011389907813498723,49.61935297648112,0.03650012627288919
1,62,0.25539451948694974,0.0033849435385380714,0.4427826119800409,0.02896231628047713,0.8636,0.010602358228243382,0.13639999999999997,0.010602358228243382,49.777139027913414,0.03877210679325408
1,63,0.254515263659265,0.002636601819886552,0.4747972746014595,0.02935382463428434,0.8550333333333334,0.007419793348425068,0.14496666666666666,0.007419793348425068,49.93584314982096,0.03516093493026143
1,64,0.24992162452253233,0.006947664953399014,0.46438046155770624,0.0048765050900081985,0.8565666666666667,0.001422439219556762,0.14343333333333333,0.001422439219556762,50.08997599283854,0.030394290879922927
1,65,0.24719873726850683,0.0038136366479859627,0.46841610914866133,0.04185783359024911,0.8559666666666668,0.009348974988378828,0.14403333333333332,0.009348974988378828,50.24098587036133,0.031171244282738323
1,66,0.24280944979810756,0.006477150249162471,0.5064819364786148,0.04421291564222315,0.851,0.006754998149518654,0.14900000000000002,0.006754998149518654,50.39254633585612,0.029415528687982806
1,67,0.23999409822831272,0.006384055137365197,0.4936796542565028,0.04393071992542621,0.8557,0.009885342685005889,0.14429999999999998,0.009885342685005889,50.544298807779946,0.02513020713532112
1,68,0.23928216628838275,0.002792261659060398,0.486480314787229,0.007484772763036156,0.8546999999999999,0.0026907248094147386,0.14529999999999998,0.0026907248094147386,50.696301778157554,0.023085511056765064
1,69,0.23453628152405617,0.0009726981363500873,0.5102068736950557,0.06907364570528902,0.8499666666666666,0.016858627860337084,0.15003333333333335,0.016858627860337084,50.847494761149086,0.023510187013916998
1,70,0.23240059009496716,0.0019017865823573075,0.4681610438346863,0.042949343225965934,0.8585333333333334,0.011491881192099592,0.14146666666666666,0.011491881192099594,50.995924631754555,0.022233523545322525
1,71,0.23161503381055334,0.0024108219207459405,0.4607751446326574,0.03583108281921753,0.8610666666666665,0.00800020833062073,0.13893333333333335,0.00800020833062073,51.14582188924154,0.021191541971447382
1,72,0.22570972227811406,0.0012693520057314909,0.4708710758606593,0.03122809475831465,0.8590333333333334,0.011289966046597905,0.14096666666666668,0.011289966046597905,51.29351043701172,0.018958515413118094
1,73,0.22491916888992905,0.005190342949182356,0.48932731215953823,0.062347074235379496,0.8588666666666667,0.011951708385554498,0.14113333333333333,0.011951708385554498,51.44419479370117,0.013079962794301117
1,74,0.22739640948539705,0.004411269713433875,0.47384490865071616,0.044916574673951715,0.8616666666666667,0.009904207859961978,0.13833333333333334,0.009904207859961978,51.59226099650065,0.017470454454473608
1,75,0.2211882530156609,0.0010875372571945642,0.4534471518516541,0.006377354334354331,0.8626666666666667,0.003092463958291741,0.13733333333333334,0.003092463958291741,51.74307632446289,0.023806302528643093
1,76,0.2180563534553602,0.001906898099778208,0.48048581524689987,0.07368937727186285,0.8591666666666667,0.016218918993981483,0.14083333333333334,0.016218918993981483,51.88902791341146,0.02272073699687732
1,77,0.21776916723752368,0.005831852565094718,0.5079138580481212,0.05901154422641764,0.8496,0.015900943368240737,0.1504,0.015900943368240734,52.037208557128906,0.021638935050346118
1,78,0.21458842451005336,0.0015164128226789987,0.5034379432201386,0.047122677521489936,0.8535666666666666,0.012623126923759177,0.14643333333333333,0.012623126923759177,52.18553670247396,0.02360797648379887
1,79,0.21306681143277137,0.001055466854312387,0.5138654014587402,0.07601380846948128,0.8532000000000001,0.01572482114365693,0.1468,0.015724821143656934,52.3304328918457,0.025425505006217396
1,80,0.20686903921768182,0.0037278703820090965,0.5153602008104324,0.08840743506813091,0.8537,0.017860291151042283,0.14629999999999999,0.017860291151042283,52.47090276082357,0.024154820424617925
1,81,0.2088168459703855,0.0037666882862073723,0.4626559387604396,0.017957211666631053,0.8652666666666665,0.004505922029211487,0.13473333333333334,0.004505922029211488,52.61680603027344,0.026904295025200614
1,82,0.20699871558845298,0.004602881646338047,0.45903278616269433,0.01707269966633612,0.8647666666666667,0.00232880512996114,0.13523333333333334,0.00232880512996114,52.761305491129555,0.02043615760491128
1,83,0.20519718856178382,0.0020873314761379234,0.48148324987093605,0.04023078853614346,0.8596666666666667,0.00994199845772135,0.14033333333333334,0.00994199845772135,52.907037099202476,0.025299813202582795
1,84,0.2007587743194207,0.0032668148845297357,0.43974946720401453,0.028514796663755244,0.8689666666666667,0.008972364979944433,0.13103333333333333,0.008972364979944433,53.04504648844401,0.02542668494354525
1,85,0.197448619656449,0.0007798018104290643,0.48632794613242153,0.019264381140705198,0.8611666666666666,0.003401960219246198,0.13883333333333334,0.0034019602192461983,53.18776830037435,0.025787626167225356
1,86,0.19570298430661515,0.0041763701073852496,0.45266100199619924,0.015130155241758793,0.8699666666666667,0.0037072002014098986,0.13003333333333333,0.0037072002014098986,53.324719746907554,0.020257950577363106
1,87,0.19413189679536672,0.0019593275024241976,0.49495432003140455,0.05189298563062627,0.8600333333333333,0.009511221442766095,0.13996666666666668,0.009511221442766095,53.462162017822266,0.017787803274747074
1,88,0.19584351952067827,0.0026624300492435636,0.49485539468924206,0.029685777840618457,0.8598333333333333,0.006983074776438654,0.14016666666666666,0.006983074776438654,53.607985178629555,0.02275384143092237
1,89,0.1927033467639082,0.005535990991270977,0.491070680586497,0.03769477359557421,0.8603999999999999,0.009538867857350804,0.13960000000000003,0.009538867857350803,53.75021489461263,0.023484248095148832
1,90,0.18962087135409456,0.002064411423604102,0.47436032467683154,0.07237961463719507,0.8659333333333333,0.012100550951644045,0.1340666666666667,0.012100550951644045,53.88439178466797,0.02040063398340684
1,91,0.1870688439298418,0.000194567058119225,0.5146525749365488,0.033856784985871115,0.8550999999999999,0.008471717653463155,0.1449,0.008471717653463155,54.02354049682617,0.021849674866505634
1,92,0.18274121737236257,0.002852930363126588,0.4832965400298436,0.026706952683690995,0.8622666666666667,0.008085377748338876,0.1377333333333333,0.008085377748338876,54.15788904825846,0.02483487377819212
1,93,0.18369625581194982,0.006082655732936845,0.5108206021785736,0.011156818845610848,0.8588999999999999,0.004150903516103439,0.1411,0.004150903516103439,54.29730097452799,0.026016691302707017
1,94,0.18037509596180124,0.0018720572060366063,0.5248364371856054,0.041667468769917844,0.8581666666666666,0.007837303958207396,0.14183333333333334,0.007837303958207396,54.43095397949219,0.027548868138471183
1,95,0.1816089774107994,0.0017752525676855372,0.4575338306546211,0.012240253508444335,0.8693333333333334,0.003669241520169152,0.13066666666666668,0.003669241520169152,54.568528493245445,0.02985649582716204
1,96,0.17710362888320022,0.0039845203565930945,0.5351656504154206,0.036925465480644286,0.8525666666666667,0.0077860987235799746,0.1474333333333333,0.0077860987235799746,54.70562871297201,0.0217725497571065
1,97,0.17955894482727755,0.003666987868202115,0.4799105128149192,0.02693143936878465,0.8658333333333333,0.008603100216394884,0.13416666666666666,0.008603100216394884,54.842645009358726,0.019424324729528455
1,98,0.17723939154306642,0.003346350150443743,0.4817604314009348,0.044930192329289145,0.8639333333333333,0.009833276835995866,0.13606666666666667,0.009833276835995866,54.97848256429037,0.026792593887767658
1,99,0.17220173507471523,0.0012785213007811035,0.4551747878710429,0.005140764468947663,0.8729999999999999,0.0007810249675906433,0.12699999999999997,0.0007810249675906434,55.11279424031576,0.028456661149522063
1,100,0.17261075140163618,0.00220304153841529,0.4620403339942296,0.056738344180613444,0.8708,0.012831211945876357,0.12919999999999998,0.012831211945876357,55.24445724487305,0.026457015424605667
2,1,1.99464172749873,0.07158350627039445,1.7374849966049195,0.1649316980418542,0.37176666666666663,0.04202812550344509,0.6282333333333333,0.042028125503445125,37.70523325602213,0.06697287595843256
2,2,1.5599501608582713,0.05010096242174872,1.5892869271596275,0.14830091233562762,0.42629999999999996,0.04850855594634827,0.5737,0.04850855594634824,37.97046915690104,0.09839712031044438
2,3,1.378719224039551,0.08452421003947226,1.412169996833801,0.22276198718886694,0.49446666666666667,0.07564399072849962,0.5055333333333333,0.07564399072849962,38.26167424519857,0.10928282317663618
2,4,1.2050713719919208,0.08848984986012956,1.295794520441691,0.1977067282340906,0.5518666666666666,0.061271962048993746,0.44813333333333333,0.061271962048993746,38.54025395711263,0.12006297467471504
2,5,1.1087411429164558,0.08678008046630689,1.253563197771708,0.23320185008688946,0.5680333333333333,0.07829574275357076,0.43196666666666667,0.07829574275357076,38.828453063964844,0.10835544657541532
2,6,1.0199396331800117,0.06539987286518403,1.0360666272481283,0.05175154457856311,0.6357333333333334,0.015654498820892735,0.3642666666666667,0.015654498820892735,39.10040410359701,0.09838069712575896
2,7,0.9511444948721622,0.05642122140379911,0.9411258010228475,0.06109811423784527,0.6651333333333334,0.024042531757977045,0.33486666666666665,0.024042531757977045,39.360652923583984,0.08974606610744992
2,8,0.8893387346113227,0.04433483345086404,0.9119196926116944,0.03410168145745021,0.6788333333333334,0.016770311068472588,0.32116666666666666,0.016770311068472588,39.60798645019531,0.08791710641726888
2,9,0.8532581399468815,0.04961864147510989,1.196506014442444,0.26276208526293193,0.6268333333333334,0.06114649076875408,0.37316666666666665,0.06114649076875408,39.87212244669596,0.07863006060404713
2,10,0.8057378437004837,0.049055626300941395,0.9761992912292481,0.1015898967476736,0.6720666666666667,0.026686575901252944,0.32793333333333335,0.026686575901252944,40.12036641438802,0.07059848082033446
2,11,0.7640145815343605,0.044692999088095056,0.9570298450469972,0.16124337703715824,0.6831999999999999,0.040762605412313836,0.31679999999999997,0.040762605412313836,40.37007268269857,0.0724981749400231
2,12,0.7256931502749954,0.03218056790748394,0.8485729133923848,0.10273817839203571,0.7172333333333333,0.02445942217905678,0.28276666666666667,0.02445942217905678,40.610914866129555,0.0630929121234894
2,13,0.6976111001777324,0.038210803705905766,0.8686039875984192,0.058702184117105004,0.7094666666666667,0.015182336227779123,0.29053333333333337,0.015182336227779123,40.85000991821289,0.06300681106398415
2,14,0.6653134500431587,0.027430397812795704,0.7985839198112488,0.11444734795753304,0.7343000000000001,0.030787822267903296,0.2657,0.030787822267903296,41.08399963378906,0.05551970160339481
2,15,0.6387751651237078,0.026248697870449457,0.6855100817203521,0.03795539420856427,0.7674666666666669,0.012432752443981725,0.2325333333333333,0.012432752443981726,41.30985005696615,0.0577036410959789
2,16,0.6193080646099438,0.02283865427126412,0.7574847741762797,0.1287409872830024,0.7509333333333333,0.0334313226381089,0.24906666666666666,0.0334313226381089,41.53735097249349,0.05683792117521275
2,17,0.5981051975199024,0.015887044535261182,0.7958614734649658,0.04891198837727493,0.7398666666666668,0.015144746063679463,0.2601333333333333,0.015144746063679463,41.757433573404946,0.057603226493379865
2,18,0.5830832415427901,0.020785832768614648,0.6567445300738016,0.043676421479806535,0.779,0.010516178012947448,0.22099999999999997,0.010516178012947448,41.98269780476888,0.057344083162672435
2,19,0.5669999532179252,0.013087047131015815,0.7050314005533854,0.059853599468230094,0.7632,0.018495675170158012,0.2368,0.018495675170158012,42.19746653238932,0.055638346348904154
2,20,0.5522703549746052,0.01693941473456843,0.6811998228073121,0.03865523528223971,0.7744666666666666,0.01371288931382928,0.22553333333333334,0.01371288931382928,42.41394933064779,0.05288827539177528
2,21,0.5398681374665314,0.012262558289716757,0.697235633691152,0.04455132691850366,0.7666333333333334,0.010574655234726725,0.2333666666666667,0.010574655234726725,42.62745157877604,0.059031033147375636
2,22,0.5213705269526134,0.013397190751738314,0.6610981286684672,0.07103385837049556,0.7803333333333334,0.023209983484124532,0.21966666666666668,0.023209983484124532,42.83344523111979,0.06578225456284209
2,23,0.5099930640275114,0.016142221391784218,0.6038682678540548,0.06090496192265429,0.7962333333333333,0.016671032761449857,0.20376666666666665,0.016671032761449857,43.044134775797524,0.06804006908108283
2,24,0.49880099761516544,0.004573527305446661,0.674211904112498,0.12028337577125404,0.7794333333333334,0.033860350460875835,0.2205666666666667,0.033860350460875835,43.24978001912435,0.06418104914048459
2,25,0.4870294845343042,0.0091675206398304,0.635176219701767,0.021060570112996405,0.7887666666666667,0.007446028023942249,0.2112333333333333,0.007446028023942249,43.44817097981771,0.06646776093352681
2,26,0.47761722169467147,0.011635202463125655,0.6803193426767985,0.08851992187692471,0.7768333333333333,0.027669718707159514,0.22316666666666665,0.027669718707159514,43.64755630493164,0.06883808364924307
2,27,0.46760765912181174,0.010644749258677432,0.7249758331298829,0.14887476373274694,0.7692666666666667,0.033300200199598395,0.23073333333333335,0.033300200199598395,43.84558359781901,0.06116338662826085
2,28,0.45674060337175587,0.008748537438341614,0.638156067276001,0.08533194450151266,0.7916333333333334,0.028581520836605843,0.20836666666666667,0.02858152083660584,44.037087758382164,0.06110070932288518
2,29,0.4502814080683675,0.011815664419739781,0.7149527146339416,0.11122302041350793,0.7738333333333335,0.028460733183341122,0.22616666666666665,0.028460733183341125,44.2314084370931,0.06013986522075836
2,30,0.4404737177636007,0.008755410362410636,0.5836033184687297,0.08410849253976575,0.8060666666666666,0.02285395662316124,0.19393333333333332,0.02285395662316124,44.42217763264974,0.06417161320999083
2,31,0.4298063778816281,0.00655715146399167,0.6028776054700216,0.007528069501672538,0.8046666666666665,0.005687119950672145,0.19533333333333333,0.005687119950672145,44.60928090413412,0.06361980121790568
2,32,0.42432588528133514,0.00771681834673202,0.5566519377072652,0.0689712283930967,0.8162666666666666,0.019194877788965795,0.18373333333333333,0.019194877788965795,44.796984354654946,0.0670970564887924
2,33,0.4183084827300736,0.006679068663158257,0.5341461290995281,0.029960023251199917,0.8212999999999999,0.008143095234614381,0.1787,0.008143095234614381,44.98508961995443,0.06708850951813809
2,34,0.4114545791934721,0.00917569352289749,0.5386468606472015,0.00972897149203367,0.8211666666666666,0.005680082159030199,0.17883333333333332,0.005680082159030199,45.173056284586586,0.06556540156443776
2,35,0.40256810869199033,0.007543275288295924,0.4994457932949066,0.016461512464544793,0.8318333333333333,0.006446963109351042,0.16816666666666666,0.006446963109351042,45.35890579223633,0.06728747296653077
2,36,0.3963984344265752,0.007268050118334207,0.5644940993309021,0.05589721368768062,0.8159333333333333,0.01606123698017475,0.18406666666666663,0.01606123698017475,45.5392214457194,0.06803296321636489
2,37,0.3903428164182925,0.0016218337655749607,0.5179273238182067,0.024411247594672166,0.8299333333333333,0.007400225221797895,0.17006666666666667,0.007400225221797895,45.72284062703451,0.06665237068517622
2,38,0.38349572017166417,0.006798841565414159,0.5514080336570739,0.06205808242989428,0.8246333333333333,0.013355273615068077,0.17536666666666664,0.013355273615068077,45.89997227986654,0.05766818755682949
2,39,0.3804390392848191,0.0031739631758286053,0.5521596508502961,0.07177607687083454,0.8235,0.01806848084372346,0.1765,0.01806848084372346,46.086229960123696,0.05611558549840846
2,40,0.37151388561024384,0.009036467391915765,0.5684304259141286,0.033007255441201325,0.8173333333333334,0.010594967358766805,0.18266666666666664,0.010594967358766805,46.2609494527181,0.060572998830798024
2,41,0.364732499597221,0.007189457685056907,0.5417108960469563,0.01890079672646255,0.8269000000000001,0.004821825380496493,0.1731,0.004821825380496493,46.445204416910805,0.056881030405868366
2,42,0.36448314533158443,0.0021184118839175973,0.5267194917996725,0.037124384291158635,0.8306333333333334,0.010346658075597827,0.16936666666666667,0.010346658075597828,46.62612660725912,0.05494132080262464
2,43,0.3528823926600248,0.0054202637453829375,0.5335143524805704,0.010410676479590111,0.8295333333333333,0.0026274195198584408,0.17046666666666668,0.0026274195198584408,46.80020650227865,0.060245157799257716
2,44,0.3507650404380918,0.007688657738939254,0.5062311779181162,0.030698108516361396,0.8391666666666667,0.007769384359994861,0.16083333333333336,0.007769384359994861,46.9750862121582,0.0663691441785039
2,45,0.34354982068420775,0.004455954752518521,0.4856330326557159,0.03887392275529655,0.8408000000000001,0.012174974332621866,0.1592,0.012174974332621866,47.14428965250651,0.0649650594218639
2,46,0.34054122092829536,0.0038945823600088484,0.5002195372581482,0.024669112817454562,0.8408666666666665,0.006033517492585348,0.15913333333333332,0.006033517492585348,47.31725184122721,0.06444679861978235
2,47,0.33532765167245276,0.0022816045183963393,0.6127146606445312,0.2155374982693915,0.8138333333333332,0.05143562319378793,0.1861666666666667,0.05143562319378793,47.48585764567057,0.06158706110141789
2,48,0.33260829381498636,0.005265768271421968,0.514462176879247,0.042992952917050506,0.8367333333333334,0.00687337859668253,0.16326666666666667,0.006873378596682529,47.65614573160807,0.05117792368548312
2,49,0.3290319445543785,0.0037533190080844265,0.5424367137908935,0.039340911692686775,0.831,0.011100000000000014,0.16900000000000004,0.011100000000000014,47.83187993367513,0.03975543383050265
2,50,0.323511864446923,0.003983836888985813,0.5049933206558227,0.04122346226848032,0.8395666666666667,0.011651752371782249,0.16043333333333332,0.011651752371782249,47.999472300211586,0.03160478810240776
2,51,0.31735370682277747,0.005217291136960374,0.49844658401807146,0.020456081256162984,0.8404000000000001,0.006766830868286861,0.1596,0.0067668308682868605,48.16712188720703,0.036236177983322744
2,52,0.3112726406800066,0.005808477547554759,0.5938300220330556,0.1153109827671732,0.8160333333333334,0.029771350881902133,0.1839666666666667,0.029771350881902133,48.33488972981771,0.037361617147329114
2,53,0.31266085106723857,0.0005656327550925253,0.48589703745444623,0.05307320065056343,0.8450333333333333,0.015239860016854914,0.15496666666666667,0.015239860016854914,48.506473541259766,0.03353949629434286
2,54,0.305668239461898,0.0009827238808788753,0.514197010676066,0.05844887283348704,0.8397333333333333,0.01358835285578545,0.16026666666666667,0.01358835285578545,48.67108917236328,0.03175387618342027
2,55,0.29833874216927286,0.004070349179204694,0.5291766406377156,0.07570261437340454,0.8334666666666667,0.014413997826187365,0.1665333333333333,0.014413997826187365,48.82982381184896,0.029029460541832426
2,56,0.3005114208910065,0.007048056792461072,0.5180710484504699,0.03348115099073004,0.8403333333333333,0.009874377617517631,0.1596666666666667,0.009874377617517631,48.996054331461586,0.033079636755722196
2,57,0.29237856076298263,0.007421362946190155,0.5096013861179353,0.056021349396095606,0.8417333333333333,0.013982965827510761,0.15826666666666667,0.013982965827510761,49.15623219807943,0.031451350151633146
2,58,0.29336767819633064,0.006965230241530315,0.4779931537946065,0.02922751003609249,0.8491,0.004161730409336923,0.1509,0.004161730409336923,49.319409688313804,0.03348296722860646
2,59,0.2886604846590925,0.005722840669013177,0.4937492383639018,0.017208622023722357,0.8454666666666667,0.0012096831541083054,0.15453333333333333,0.0012096831541083054,49.48292795817057,0.027250250956517123
2,60,0.2828706138452098,0.0059474345203628255,0.5140786481221516,0.04007272101590561,0.8396333333333333,0.009052255704150946,0.16036666666666666,0.009052255704150946,49.64228185017904,0.027151664131484364
2,61,0.2836333233402615,0.00584869287554152,0.47509158147176106,0.0259490098011914,0.8512333333333334,0.010225621415509846,0.14876666666666669,0.010225621415509846,49.803236643473305,0.02950377874332843
2,62,0.27505412256346745,0.0019516766219714666,0.4587393840630849,0.004265483532337541,0.8544666666666667,0.0015011106998930267,0.14553333333333332,0.001501110699893027,49.95895767211914,0.023894781653461965
2,63,0.27632335583597595,0.0058655095033090035,0.49116021779378255,0.03567963495742389,0.8487,0.006618912297349164,0.1513,0.006618912297349164,50.12463887532552,0.023120191990054276
2,64,0.2723617103055615,0.0006489895985500214,0.44679426256815596,0.0173683011225319,0.8612000000000001,0.0060555759428810845,0.13879999999999995,0.0060555759428810845,50.280198415120445,0.021865280811379197
2,65,0.2687465199995834,0.005628483855473556,0.4886783563454946,0.026744322412081304,0.8494999999999999,0.006446704584514507,0.1505,0.006446704584514508,50.43785730997721,0.01903308416753965
2,66,0.2672459635334145,0.003906368810377726,0.4802739005565643,0.02432951980619886,0.85,0.01294179276607376,0.15000000000000002,0.01294179276607376,50.60104624430338,0.018399752967556863
2,67,0.2613633407465637,0.002485382513329518,0.4949364634990692,0.03447102004453221,0.8475,0.006269768735766897,0.15249999999999997,0.006269768735766897,50.75655619303385,0.020694183951748886
2,68,0.259688296262413,0.006449469601966925,0.5154431870778402,0.08251738100985871,0.8443999999999999,0.02294188309620638,0.15560000000000004,0.022941883096206376,50.91413497924805,0.023475002606028073
2,69,0.2539042973063588,0.005746188355083512,0.5223813817501067,0.03745480911119375,0.8418000000000001,0.00941222609163213,0.1582,0.00941222609163213,51.06971232096354,0.018354051221575646
2,70,0.258704701513179,0.002940241978741429,0.46723039123217264,0.03153473305900217,0.8576,0.00836122000667369,0.1424,0.00836122000667369,51.22655487060547,0.010219082708394413
2,71,0.25150508361805834,0.0039004865588555737,0.48452468638420104,0.05600228957246406,0.8502000000000001,0.01822964618416931,0.14980000000000002,0.018229646184169314,51.381591796875,0.011403833787180162
2,72,0.24564329052672665,0.004516119054804933,0.4979313350915908,0.022963101384971825,0.8488666666666665,0.004760602202803018,0.15113333333333334,0.004760602202803018,51.53334172566732,0.0140424422747143
2,73,0.2469016928527463,0.00492066298908935,0.45884844605127967,0.034918210541992255,0.8587333333333333,0.00890299575049506,0.14126666666666665,0.00890299575049506,51.686302185058594,0.009617396531798586
2,74,0.24040664181125945,0.004862723650026846,0.45826483613650004,0.0233666249508943,0.8607999999999999,0.004972926703662582,0.1392,0.004972926703662582,51.83016586303711,0.01322140888605537
2,75,0.23748679172631926,0.000776903329766337,0.5206752018769581,0.07047498324218726,0.8471000000000001,0.014471005493745064,0.15289999999999995,0.014471005493745063,51.98273849487305,0.008411919541461125
2,76,0.23554886429104557,0.0014688917109697427,0.45275828701655074,0.02992884203042193,0.8624333333333333,0.006801715469889471,0.1375666666666667,0.006801715469889471,52.13007100423177,0.00486000865421945
2,77,0.23591256750158437,0.0052259419269298476,0.551673123963674,0.10477854187647676,0.8377333333333333,0.024790387922203495,0.1622666666666667,0.024790387922203498,52.28027089436849,0.014321244026544206
2,78,0.23230115035890211,0.005616376634720182,0.5299965168317159,0.09813592713646518,0.844,0.01741235193763327,0.156,0.01741235193763327,52.42803064982096,0.009706201159664878
2,79,0.2324615600316421,0.004189218675053532,0.4742887202898662,0.004389019890337006,0.8572000000000001,0.005086255990411806,0.14279999999999995,0.005086255990411807,52.57306035359701,0.010793685969260428
2,80,0.22599372335686607,0.003266617398344359,0.46581055390040077,0.02275745754286548,0.8601,0.005650663677834694,0.1399,0.005650663677834694,52.713148752848305,0.012473074458981891
2,81,0.22452113137144566,0.006555911387341544,0.5264764501253764,0.07819564167083061,0.8467666666666668,0.015493977324539119,0.15323333333333333,0.015493977324539119,52.86213302612305,0.011224303808039014
2,82,0.22361276275895137,0.002181589276980155,0.49146563711166386,0.04365817883460701,0.8536666666666667,0.014665037788336355,0.14633333333333332,0.014665037788336355,53.00324503580729,0.006897050018776887
2,83,0.21902850050501402,0.005763649933678416,0.4714613766272863,0.040681100485372254,0.8605666666666667,0.0058560510015994325,0.13943333333333333,0.0058560510015994325,53.14662297566732,0.006205968866222579
2,84,0.22016990607809225,0.0026026236947518863,0.5072296845118204,0.10466447200377246,0.8515333333333334,0.02465873746430121,0.14846666666666666,0.02465873746430121,53.29369099934896,0.01824425871040568
2,85,0.21862691265466572,0.0027128043718731946,0.45772671931584674,0.021073944049923327,0.8632666666666667,0.005751811308912443,0.13673333333333335,0.005751811308912443,53.44069290161133,0.02290518542473887
2,86,0.21558859853513812,0.002530633300916361,0.47776230842272444,0.019757504552947187,0.8582000000000001,0.007607890640644089,0.14179999999999995,0.007607890640644089,53.58591969807943,0.02305383196301266
2,87,0.20828751179898589,0.004911105462947358,0.4836493710041046,0.08435187079591787,0.8590333333333332,0.01564267666779995,0.14096666666666668,0.01564267666779995,53.72407531738281,0.021916889245396996
2,88,0.20998079048347393,0.008127304351159902,0.4709813498338064,0.013561503700852962,0.8624999999999999,0.007184010022264751,0.13749999999999998,0.007184010022264751,53.864880879720054,0.01618128587407395
2,89,0.20685878847007153,0.0047010347235958965,0.5019555614550908,0.05641939509470769,0.8563666666666666,0.010971478174491053,0.1436333333333333,0.010971478174491053,54.00816345214844,0.016681545526645244
2,90,0.20924857563044616,0.004571749390127058,0.44707712128957117,0.0032067667220286515,0.8656666666666667,0.0024193663082165053,0.13433333333333333,0.0024193663082165053,54.14763514200846,0.015129497334693903
2,91,0.2004682307734209,0.006998834714488186,0.4779648703654607,0.03166054839896796,0.8648000000000001,0.008185352771872456,0.1352,0.008185352771872456,54.28554026285807,0.012523025588480235
2,92,0.20580498401618674,0.002058362783774043,0.4805887377580007,0.056902080217696625,0.8607666666666667,0.013914141487469986,0.13923333333333332,0.013914141487469986,54.42689514160156,0.020890115020513675
2,93,0.20210377163772186,0.0021934651628644536,0.4692997789859772,0.04984642765105366,0.8638,0.0072753006810715075,0.1362,0.0072753006810715075,54.56638717651367,0.02293650326868222
2,94,0.20096386864921115,0.00497014908180661,0.48889166986147564,0.06284150601500095,0.8616,0.012304064369142378,0.1384,0.012304064369142378,54.704087575276695,0.02695614905701253
2,95,0.19489365585230908,0.004711868637015008,0.44779271826346717,0.014397266785333969,0.8672333333333334,0.007148659548008517,0.13276666666666662,0.007148659548008517,54.837103525797524,0.02736144002752149
2,96,0.18773409107482442,0.004615398747674007,0.4800391006231308,0.02184093567159205,0.8626,0.003958535082577851,0.1374,0.003958535082577851,54.96377182006836,0.027581021785142424
2,97,0.1906500337304006,0.0025212556570680875,0.4899464395125707,0.019335369723550704,0.8582,0.008168231142664817,0.1418,0.008168231142664817,55.10198720296224,0.025473572178307147
2,98,0.19368536497854513,0.005232150292972377,0.4492759311040242,0.012252899412447782,0.8681333333333333,0.002236813209307691,0.13186666666666666,0.002236813209307691,55.24045944213867,0.024363986157263623
2,99,0.19006740958934043,0.002424723874684688,0.4761088050603866,0.055612547663034466,0.8642333333333333,0.008874870891079698,0.13576666666666667,0.008874870891079698,55.37939453125,0.028031522035674165
2,100,0.19202836533057213,0.002662622796299217,0.45946823317209873,0.03379094117255555,0.8681,0.005556077753235615,0.13190000000000002,0.005556077753235615,55.51826477050781,0.0313810528612526
4,1,2.075946141386886,0.034680186880034145,1.744904724884033,0.08459990148451962,0.3552333333333333,0.0190930179210447,0.6447666666666667,0.01909301792104472,37.70359675089518,0.08206974400168604
4,2,1.6318796916792564,0.041164141727857935,1.4970373994191488,0.08977905796132661,0.4458333333333333,0.04009068886079826,0.5541666666666667,0.04009068886079826,37.94628143310547,0.11343766817405217
4,3,1.4638690704579853,0.04738898220287992,1.5025822692871094,0.14647664979181033,0.4698,0.02322132640483743,0.5302,0.02322132640483743,38.21782684326172,0.12902554773628774
4,4,1.315292476947147,0.0473860390682866,1.331596839014689,0.14176535969137355,0.5313666666666667,0.03378702906935341,0.4686333333333333,0.03378702906935337,38.50900395711263,0.13284290093389722
4,5,1.1979998138757821,0.050531928904639395,1.2701595089594522,0.1342511524859869,0.5614333333333333,0.05146594343187864,0.4385666666666667,0.05146594343187864,38.811808268229164,0.12940169852877684
4,6,1.0799928047874496,0.03934148579893243,1.109272719637553,0.11995045459429057,0.6076333333333334,0.04717121297288566,0.3923666666666667,0.04717121297288566,39.09239832560221,0.13676171486285074
4,7,1.0089743667348063,0.031173815274057732,1.118592153962453,0.14931702872077496,0.6177,0.03773976682492886,0.38230000000000003,0.03773976682492886,39.37034479777018,0.143863410502035
4,8,0.9400000879628375,0.03272756330237931,0.9644696800867717,0.08690542771579705,0.6600333333333334,0.02555079907426254,0.3399666666666667,0.02555079907426254,39.63933817545573,0.14837175594488158
4,9,0.8962125175037855,0.030397953231848247,1.0020902615229288,0.12016689480899352,0.6514666666666667,0.03661821040593508,0.3485333333333333,0.03661821040593508,39.91897837320963,0.14148799566508202
4,10,0.8374174337354564,0.03344029004367854,1.2317918997446695,0.33839780168367156,0.6187333333333332,0.063672390667646,0.3812666666666667,0.063672390667646,40.184895833333336,0.1355653690259721
4,11,0.7962532653985427,0.03955278137012707,0.8655761382102966,0.11026808463420582,0.7013000000000001,0.03365768857185529,0.2987,0.03365768857185529,40.44460678100586,0.12073719908828119
4,12,0.7571478666196191,0.029394837075977464,0.837926532459259,0.025229141094944913,0.7154000000000001,0.009457272334029477,0.2846,0.009457272334029477,40.70383071899414,0.1174967581795236
4,13,0.7199446384406761,0.02357908976915088,0.8227366374174755,0.040443016561394825,0.7210666666666666,0.0075698965206489706,0.27893333333333337,0.0075698965206489706,40.95064163208008,0.11542414471234554
4,14,0.6903429544083806,0.015782310116772502,0.7934775606791179,0.1149625795537073,0.7324666666666667,0.03177016420060386,0.26753333333333335,0.03177016420060386,41.196781158447266,0.12032408529823206
4,15,0.6618350245255441,0.022867777224894022,0.7305087508201599,0.032491536927430856,0.7510333333333333,0.010337472289362331,0.24896666666666667,0.010337472289362331,41.424851735432945,0.11277108464810108
4,16,0.6393641077699767,0.01622499831363789,0.699861452960968,0.024705950517983046,0.7601666666666667,0.012239417197454002,0.23983333333333332,0.012239417197454002,41.65965906778971,0.10128390938236925
4,17,0.6138656276063034,0.01645004898144957,0.746239556837082,0.020106398745903375,0.7474666666666666,0.007503554713156521,0.25253333333333333,0.007503554713156521,41.88141759236654,0.10026831183443985
4,18,0.60107328212373,0.010261864212629717,0.7236972559452056,0.06365199748219387,0.7568999999999999,0.012882934448331244,0.2431,0.012882934448331244,42.10345967610677,0.09535771384000892
4,19,0.5833006358664968,0.014493196554615772,0.714786710802714,0.10454049791474522,0.7601999999999999,0.027886735197939543,0.2398,0.027886735197939546,42.32742182413737,0.09415156085669929
4,20,0.5706067800725106,0.012538127990039734,0.7355186029116313,0.0862292875954521,0.7560333333333333,0.02187700467004874,0.24396666666666667,0.02187700467004874,42.54291661580404,0.08648961465253131
4,21,0.5552326778977322,0.01057002128682676,0.6144861656665802,0.014724659418655719,0.7929,0.007163099887618518,0.20709999999999998,0.007163099887618518,42.7632090250651,0.07666980441364885
4,22,0.5388233289186098,0.011979878897717336,0.6501931669871012,0.06848072545291603,0.7852666666666668,0.02115900123666838,0.2147333333333333,0.02115900123666838,42.97110112508138,0.07636643269084349
4,23,0.5258840673110065,0.008420268300807466,0.6496910656929016,0.09408576589006494,0.7825666666666667,0.02814699510308932,0.21743333333333334,0.02814699510308932,43.17871856689453,0.07688603591205706
4,24,0.5141222621778697,0.006506688024016331,0.6983589966773986,0.1170768679149551,0.7751666666666667,0.034180452503343665,0.22483333333333333,0.034180452503343665,43.38227208455404,0.0776737182637845
4,25,0.5013413087664155,0.006847823394096832,0.7011875150680541,0.09908648463590074,0.7728,0.020543612145871495,0.22720000000000004,0.020543612145871498,43.580117543538414,0.07331423318776631
4,26,0.4936826278130823,0.00787221486156533,0.6367493481794994,0.08139816219217345,0.7888000000000001,0.022609953560323796,0.21120000000000003,0.0226099535603238,43.77772903442383,0.0655990937813572
4,27,0.4844813578065805,0.007672023129869317,0.6208312494834264,0.07091513605522747,0.7960666666666668,0.0175756460289041,0.20393333333333333,0.017575646028904098,43.97935231526693,0.06533551181165051
4,28,0.4781599502124445,0.00812293980387788,0.5984684632778169,0.06476716447927217,0.8031,0.01841303885837422,0.1969,0.01841303885837422,44.18515268961588,0.06265990008962054
4,29,0.4659864778256477,0.005201601018466663,0.6050402232170105,0.10957334201511579,0.8034333333333333,0.030973268044126867,0.19656666666666667,0.030973268044126867,44.38101323445638,0.060549416836392186
4,30,0.4627195471692878,0.007329814795953097,0.5804082651456196,0.012576284159420295,0.8082333333333332,0.006106826781015921,0.19176666666666667,0.006106826781015921,44.58302561442057,0.05384124348119674
4,31,0.44697398236950336,0.0035208367166360633,0.5884968774477641,0.016160867875569414,0.8064666666666667,0.004562163229580177,0.1935333333333333,0.004562163229580176,44.7708371480306,0.056851259524322025
4,32,0.44143502609859847,0.008229086242531483,0.587552311182022,0.04088627954002595,0.8039666666666667,0.013858691616936031,0.19603333333333336,0.013858691616936031,44.96111170450846,0.060626700573922464
4,33,0.4305098308829904,0.005745367057707182,0.644655684153239,0.04662235891412767,0.7939666666666666,0.009407621024113017,0.20603333333333332,0.009407621024113017,45.14686584472656,0.056915407461894926
4,34,0.42383363534270035,0.003953659462949782,0.5682171004136404,0.09471755689453294,0.8177333333333333,0.020279628530457224,0.1822666666666667,0.020279628530457224,45.33158620198568,0.06747575651626848
4,35,0.41682297662091067,0.011286031624458777,0.610680886888504,0.08047893013094254,0.8048000000000001,0.023960801322159535,0.1952,0.023960801322159535,45.519273122151695,0.06109482284604785
4,36,0.4089514435684183,0.007050720353789328,0.5388864660580953,0.021202703141841063,0.8238333333333333,0.005762233363317826,0.17616666666666667,0.005762233363317826,45.70247014363607,0.06423432611709969
4,37,0.406013764472772,0.0044776920023824746,0.569476466290156,0.018636926619160322,0.8150333333333334,0.006515622252197657,0.18496666666666664,0.006515622252197658,45.8831901550293,0.05977234659914454
4,38,0.402473417821341,0.005249142039602244,0.48808665006955465,0.00822312509827112,0.8367,0.002107130750570537,0.1633,0.002107130750570537,46.06805674235026,0.0537271525731165
4,39,0.3914555750107623,0.0050299179865720455,0.5198537444114685,0.05455897183650358,0.8311333333333333,0.017526075811011836,0.1688666666666667,0.017526075811011836,46.243203481038414,0.049643001844413816
4,40,0.3878861509219053,0.011256039624209846,0.5523392245928447,0.024288554606989653,0.8218,0.00871263450398333,0.1782,0.00871263450398333,46.422306060791016,0.04522185369765534
4,41,0.38110302948890745,0.0048972646876447624,0.5091216356515885,0.019741828067379924,0.8328333333333333,0.004697162263892237,0.16716666666666669,0.004697162263892237,46.60034306844076,0.04897691235597926
4,42,0.3766952280244153,0.003469254061025203,0.5280875367482504,0.044076197041680996,0.8294333333333334,0.01120728929462131,0.17056666666666667,0.01120728929462131,46.78042348225912,0.046414521526908
4,43,0.37206512022658683,0.003323938528599664,0.537317207924525,0.03467948255466528,0.8264,0.009199456505685558,0.1736,0.009199456505685558,46.95398712158203,0.04264023880067929
4,44,0.36328512562307047,0.00341262917915333,0.5089891790628432,0.064086261433775,0.8362333333333334,0.01763415246994686,0.16376666666666664,0.01763415246994686,47.12155532836914,0.05047878770672819
4,45,0.36098409757234046,0.0065653775573968325,0.47653806055386866,0.02091200814094504,0.8427333333333333,0.005424327915358136,0.15726666666666667,0.005424327915358136,47.294227600097656,0.05215465304015011
4,46,0.353442959138093,0.0020956160369713425,0.5276419122854868,0.04884030542275697,0.8347333333333333,0.009965105786359401,0.1652666666666667,0.009965105786359401,47.465413411458336,0.050251016250254674
4,47,0.35013150169060764,0.004520645374801476,0.48701521075566606,0.03729201386841574,0.8387666666666668,0.01527754343254608,0.16123333333333334,0.015277543432546082,47.63446299235026,0.05484272361079489
4,48,0.34735961480722,0.006301881644030363,0.5693024824937184,0.06203901073211379,0.8203333333333332,0.017110328264920364,0.17966666666666667,0.017110328264920364,47.8075065612793,0.062251572718485956
4,49,0.34208658816513604,0.00214663137913851,0.5020328923861186,0.04496512474382252,0.8380666666666667,0.015346769475473745,0.16193333333333335,0.015346769475473745,47.9775276184082,0.06396062066700933
4,50,0.3418491320384433,0.004192009368409027,0.5014172707239787,0.06207649114993773,0.8422666666666666,0.01563084557320344,0.15773333333333336,0.01563084557320344,48.148694356282554,0.06618021069163217
4,51,0.33160809195661584,0.0009284809595760904,0.5483553432146708,0.019068356583410866,0.8273666666666667,0.005424327915358138,0.1726333333333333,0.005424327915358138,48.314840952555336,0.0664314902173152
4,52,0.33013004972857485,0.005589826510573622,0.4722567458152771,0.014835618922191393,0.8469666666666665,0.0026576932353703803,0.15303333333333333,0.0026576932353703803,48.47762807210287,0.07162485422686495
4,53,0.32176324822332547,0.003126043364036781,0.46738554186820985,0.03493954994524194,0.8518666666666667,0.009596527149616887,0.14813333333333334,0.009596527149616887,48.63858540852865,0.0695274347683282
4,54,0.321893139454105,0.005250679814768607,0.5091689230600993,0.05677626118139209,0.8365333333333332,0.016055321028660068,0.16346666666666668,0.016055321028660068,48.798824310302734,0.07109247978337893
4,55,0.31673170529617173,0.005093645870056608,0.5488649124145507,0.1283950099286482,0.8292666666666667,0.032678790267287025,0.1707333333333333,0.032678790267287025,48.958438873291016,0.06184274014524879
4,56,0.3152194062004919,0.0015954332345772244,0.49311604493459066,0.0468543201759711,0.8440333333333334,0.01304619995758664,0.15596666666666661,0.01304619995758664,49.1230837504069,0.06822169441099041
4,57,0.3143655934576691,0.003209773749055335,0.5035050096193949,0.028195440464116046,0.8407333333333334,0.011461384442262334,0.15926666666666667,0.011461384442262334,49.28542836507162,0.07076148372376273
4,58,0.31224244563679154,0.0018593014192274074,0.4716896539529165,0.025028783768034687,0.8483333333333333,0.0074009008460682105,0.1516666666666667,0.0074009008460682105,49.45055262247721,0.0734468051948866
4,59,0.3029820719719543,0.002230105274614181,0.4816875225702921,0.01518887398987487,0.8473999999999999,0.009832090316916349,0.15260000000000004,0.009832090316916349,49.61078389485677,0.07980698385688072
4,60,0.30144861207136414,0.0015750775480062923,0.5551137761751811,0.05842668659163611,0.8299666666666666,0.014166980388683182,0.17003333333333334,0.01416698038868318,49.77325312296549,0.08471503794714827
4,61,0.2989760591550861,0.0022467325273528476,0.4730809345563252,0.030647143137029157,0.8504333333333333,0.007946277954698896,0.14956666666666665,0.007946277954698896,49.93058522542318,0.07789014157573582
4,62,0.29231613060143496,0.0028379419112633908,0.5027280318419138,0.027765761158284365,0.8399666666666666,0.005958467364459824,0.16003333333333333,0.005958467364459824,50.08472442626953,0.08056281941550227
4,63,0.29187836131527195,0.002223966436779161,0.45418159055709834,0.017409454601356362,0.8556,0.004300000000000026,0.1444,0.004300000000000026,50.24398422241211,0.08720520457544467
4,64,0.28685975875086184,0.004358187996898096,0.467242228492101,0.01691505419956008,0.8502666666666666,0.00565184335711221,0.14973333333333336,0.00565184335711221,50.39574432373047,0.08210318929016766
4,65,0.2815399845237927,0.003672292623038662,0.4826029044469198,0.019854753328439646,0.8483999999999999,0.007353230582539903,0.15160000000000004,0.007353230582539903,50.54580307006836,0.08848356922552023
4,66,0.2806668371178102,0.00024089247669225987,0.47199006172815955,0.02239966184437929,0.8503,0.005521775076911411,0.14970000000000003,0.005521775076911411,50.70132827758789,0.09081118419877696
4,67,0.28044413806329094,0.006411427177742375,0.4529740521351497,0.016254885627136065,0.8563999999999999,0.005156549233741538,0.14359999999999998,0.005156549233741538,50.856072743733726,0.09487559761376353
4,68,0.2726354429852424,0.002585365192716147,0.48284674294789626,0.06226576732572529,0.8487,0.016341358572652433,0.1513,0.016341358572652433,51.00625864664713,0.09524990777508636
4,69,0.26894298010368384,0.003670904453229756,0.4510095079421997,0.006352389326767099,0.8572000000000001,0.0023259406699225743,0.1428,0.0023259406699225743,51.1563720703125,0.09906523205368331
4,70,0.26864025953328213,0.005941444725128019,0.4781386179447174,0.050333284488139514,0.8509000000000001,0.012359611644384278,0.14909999999999998,0.012359611644384278,51.30898666381836,0.08990036734404871
4,71,0.26774940825839993,0.007402723899163624,0.44947104659875237,0.01042634235870647,0.8607999999999999,0.0024331050121193117,0.1392,0.0024331050121193117,51.463539123535156,0.08577295726906534
4,72,0.26318471448754815,0.001439643002769635,0.48512583287556965,0.013788567101321227,0.8527333333333335,0.00475955179962706,0.14726666666666666,0.00475955179962706,51.61843490600586,0.0852897750474077
4,73,0.2625601182343202,0.005035616857137357,0.4981366938114166,0.026049790509074303,0.8487666666666667,0.006595705673643487,0.15123333333333333,0.006595705673643487,51.77581659952799,0.087788128554772
4,74,0.26061144553105847,0.003099310657359544,0.5588691926161449,0.13557303417028127,0.8375,0.029718849237478934,0.16249999999999998,0.029718849237478934,51.92785517374674,0.0850059419312855
4,75,0.25664138029832056,0.003974253170849847,0.4847177946170171,0.032700717042825254,0.8527999999999999,0.006618912297349164,0.1472,0.006618912297349164,52.07808176676432,0.08580361259925585
4,76,0.2542748068160006,0.002556484859804398,0.4739336659908295,0.025472501672134763,0.8553666666666667,0.007234178138070242,0.1446333333333333,0.007234178138070242,52.23065439860026,0.08291308719634118
4,77,0.25213805406345635,0.0034494743904152493,0.4780982380231222,0.0456364309125677,0.8537666666666667,0.01417086212385589,0.14623333333333333,0.01417086212385589,52.38119761149088,0.0820909743163003
4,78,0.25016607936767055,0.0059375849310689885,0.458577482064565,0.022713588719654797,0.8573,0.0054616847217685985,0.14270000000000002,0.0054616847217685985,52.53274790445963,0.09191998172562421
4,79,0.2457968477105749,0.0035763477831195125,0.461352628048261,0.021621068779743742,0.8595333333333333,0.004398105652816123,0.14046666666666666,0.004398105652816123,52.68031311035156,0.09925654649243788
4,80,0.2447735633564524,0.0007364492836290163,0.47214516827265424,0.0342560740003893,0.8572333333333333,0.007051477386571792,0.14276666666666668,0.007051477386571792,52.82814915974935,0.09706457008922792
4,81,0.2402990607057284,0.00251923802904157,0.5044812873522441,0.02810560470328838,0.8523333333333333,0.008617037387253987,0.14766666666666664,0.008617037387253987,52.973480224609375,0.0994304778447822
4,82,0.23730871035619772,0.0036001213110941643,0.4777939718484879,0.04067301012224989,0.8552666666666666,0.010692676621563636,0.1447333333333333,0.010692676621563637,53.11474609375,0.10377246211012461
4,83,0.2384350691991084,0.006837473847875921,0.49236144010225935,0.03547502940147814,0.8515666666666667,0.010695949389060025,0.14843333333333333,0.010695949389060025,53.25947570800781,0.10401090039602294
4,84,0.23473125147392682,0.0013612427855098275,0.5050098218917847,0.04936281995887472,0.8500666666666666,0.013521217893863461,0.14993333333333336,0.013521217893863461,53.405434926350914,0.10444604786748621
4,85,0.23364247477598307,0.0021470544834413853,0.47818425227801004,0.04720132540643957,0.8557,0.010080178569846871,0.1443,0.010080178569846871,53.549418131510414,0.10059424747164003
4,86,0.23358388087582813,0.005270820797553383,0.44001789876619973,0.004887963032417908,0.8647333333333332,0.0014189197769195307,0.13526666666666667,0.001418919776919531,53.69514846801758,0.10763478157198687
4,87,0.22444854612570997,0.0016158493791948122,0.507415901486079,0.05950941492149503,0.8494,0.012453112060846476,0.15059999999999998,0.012453112060846476,53.83420054117838,0.10332697029426288
4,88,0.2292566573007536,0.0031146797720810237,0.498583096408844,0.02762647486392037,0.8525,0.004417012565071517,0.1475,0.004417012565071517,53.980909983317055,0.1119433520339344
4,89,0.22255780435431646,0.004235596326134263,0.5057917535463968,0.034315749354675296,0.8529333333333332,0.008168435182660966,0.14706666666666668,0.008168435182660966,54.12039566040039,0.10751221201607523
4,90,0.21860131465108193,0.006140882326128759,0.45565950832366947,0.03672805564286821,0.8656666666666667,0.010301617995894295,0.1343333333333333,0.010301617995894295,54.25512822469076,0.11123017241230145
4,91,0.2190813016390963,0.0014595704990595256,0.5049961486180624,0.057930318467256936,0.8498333333333333,0.010761195720426843,0.15016666666666667,0.010761195720426843,54.39789581298828,0.10211739999391263
4,92,0.21919457585203883,0.004464501643755082,0.495911358610789,0.011220970932364894,0.8552333333333334,0.002902297940138718,0.14476666666666663,0.002902297940138718,54.541866302490234,0.10005829985247981
4,93,0.21374383071423186,0.004423518110922087,0.4579621882120768,0.006126047009232129,0.8636333333333331,0.0025166114784235852,0.13636666666666672,0.0025166114784235852,54.681051890055336,0.09897360561632206
4,94,0.21807440707598194,0.006858646318516314,0.4970351059754689,0.045906244947702596,0.8525333333333333,0.013987256104516444,0.14746666666666666,0.013987256104516444,54.82231648763021,0.08581615276877637
4,95,0.21645494880756555,0.0031342220300989683,0.4829138814131419,0.0072041420811440925,0.8594666666666667,0.0020550750189064467,0.14053333333333332,0.0020550750189064467,54.965003967285156,0.08304125124578408
4,96,0.20976471735794933,0.003182027758142846,0.4605900027592977,0.014628447700727378,0.8657,0.007672678802087349,0.13429999999999997,0.007672678802087349,55.103614807128906,0.09039150974973324
4,97,0.20728688702965434,0.0053874653048434605,0.4752339453379313,0.05152322778876921,0.8619,0.011957842614786347,0.13809999999999997,0.011957842614786347,55.2384287516276,0.09337509778141011
4,98,0.20576475592423785,0.00427460703737148,0.49269171336491907,0.018385088420324602,0.8575333333333334,0.004623130252689587,0.14246666666666666,0.004623130252689587,55.37548065185547,0.09997011358645398
4,99,0.20613368708586347,0.008936580097093631,0.4649936573664348,0.038132590241144064,0.8641333333333333,0.00885456567728384,0.13586666666666666,0.00885456567728384,55.51495107014974,0.10666624695854393
4,100,0.20413365490093052,0.004309462473052541,0.4608440014680227,0.03561073502571939,0.8632333333333334,0.006434542200757854,0.13676666666666668,0.006434542200757854,55.65001932779948,0.10692012969188816
6,1,2.1377845924325407,0.08371275932733839,1.9084324336369833,0.12772057369371068,0.29073333333333334,0.04868206377438544,0.7092666666666667,0.04868206377438544,37.8092892964681,0.147160160497216
6,2,1.6659876497403638,0.036485958771906885,1.5646133805592857,0.09808695769455851,0.41503333333333337,0.04526967343965861,0.5849666666666666,0.045269673439658584,38.03459167480469,0.12636349877771288
6,3,1.5242026442660295,0.04338143143354023,1.5430783512115476,0.10793416682240146,0.44126666666666664,0.03573518340981803,0.5587333333333334,0.035735183409818065,38.310139973958336,0.10636972613553734
6,4,1.3829580992587287,0.07174799610996667,1.332310452334086,0.056537184622952846,0.5206000000000001,0.02370590643700425,0.4794,0.023705906437004223,38.58846664428711,0.0880076287718638
6,5,1.2629536603214593,0.09418281793374457,1.3074934775670368,0.09966010028739465,0.5303333333333334,0.04557481029399173,0.4696666666666666,0.04557481029399173,38.867042541503906,0.0867649393667903
6,6,1.1621582151882077,0.08595586061841012,1.3441377365112306,0.08900549290376232,0.5331,0.021641857591251253,0.46690000000000004,0.021641857591251253,39.14391072591146,0.09188310083962584
6,7,1.1096553919870225,0.08399381808740898,1.1538112855593363,0.07270237013947939,0.5976,0.020128586636920128,0.40240000000000004,0.020128586636920128,39.44908905029297,0.09125783608839863
6,8,1.01588989106997,0.07673008594229633,0.9877400684356689,0.061127611518724916,0.6498333333333334,0.024359871373497325,0.3501666666666667,0.024359871373497325,39.72641118367513,0.07714015034311632
6,9,0.9531365212780334,0.07447432242290465,1.1966820123036703,0.16059053998464823,0.5971666666666667,0.057088907270443814,0.4028333333333333,0.057088907270443814,39.99260584513346,0.06802018873837354
6,10,0.9099051017387242,0.06800246234236405,1.249017170461019,0.4392075442593279,0.6049333333333333,0.0858187819380661,0.3950666666666667,0.0858187819380661,40.269299825032554,0.07121655304468268
6,11,0.8749946530111203,0.0792211590570072,1.0463487890561423,0.2812465586580751,0.6509666666666667,0.08129116393147125,0.3490333333333333,0.08129116393147125,40.54513931274414,0.06653068487969857
6,12,0.8168306940148655,0.057497482127798795,0.9792463891983032,0.1801857241298899,0.6806333333333333,0.03441981018735191,0.31936666666666663,0.03441981018735191,40.80416742960612,0.06790059006740921
6,13,0.7845184846200804,0.04347377699613817,0.8701215556144715,0.058066507419610426,0.6981999999999999,0.01732512626216617,0.3018,0.017325126262166167,41.059808095296226,0.05984013506448716
6,14,0.7478357201088014,0.04471609331511935,0.864669477558136,0.09152765430544783,0.7122666666666667,0.026403850729265523,0.28773333333333334,0.026403850729265523,41.31544876098633,0.07339473405150837
6,15,0.712515650147164,0.043752543257131245,0.776795982170105,0.06540675585636155,0.7376333333333333,0.021453748701178835,0.2623666666666667,0.021453748701178835,41.55746841430664,0.0762753165390203
6,16,0.6839854163383685,0.033877008765784825,0.8230578544298807,0.15216087501375397,0.7288666666666668,0.03995376494566353,0.2711333333333333,0.03995376494566353,41.79531733194987,0.07133821952003348
6,17,0.6619087383976779,0.03125200184448791,0.8157872258822123,0.03546504579468967,0.7289333333333333,0.014935974468823061,0.2710666666666667,0.014935974468823061,42.03172810872396,0.07511106962126647
6,18,0.6385124367673684,0.029694575611803244,0.7802045084317525,0.022521453715949744,0.7402666666666667,0.01338817886545189,0.2597333333333333,0.01338817886545189,42.26444625854492,0.0781208446075582
6,19,0.6236795563781149,0.03530456557943475,0.6705294524828593,0.039555766506707446,0.7759,0.0123842642090679,0.22410000000000005,0.0123842642090679,42.495418548583984,0.09019921791157527
6,20,0.6033896754058324,0.022406407570368013,0.7745791584332783,0.04242822713306914,0.7469333333333333,0.013365752254674386,0.2530666666666666,0.013365752254674386,42.72645696004232,0.08642252064043664
6,21,0.5833654235746751,0.024752588328832828,0.7328144206841788,0.07640739385137194,0.7561,0.024166919538906904,0.2439,0.024166919538906904,42.942423502604164,0.08900304825581606
6,22,0.5682625481183977,0.02408047866730488,0.6603980764389038,0.008724727893400284,0.7793000000000001,0.0030789608636681304,0.22069999999999998,0.0030789608636681304,43.16120910644531,0.09565815497025212
6,23,0.55253607143933,0.02004533342681205,0.6476798839410146,0.027198257195122456,0.7806333333333333,0.010739801363774521,0.2193666666666667,0.010739801363774521,43.37819798787435,0.09657283953632197
6,24,0.538900123126265,0.016981595101512592,0.8088860816001892,0.18097032682668956,0.7475666666666667,0.03876316980502668,0.25243333333333334,0.03876316980502668,43.587912241617836,0.10186589700693582
6,25,0.5271097344154999,0.021412892664049884,0.6626406908988952,0.062203291443965324,0.7788666666666666,0.02420874497641987,0.22113333333333332,0.02420874497641987,43.79624811808268,0.11118126282549584
6,26,0.5182900421149895,0.016197481367990325,0.6512825995127359,0.039796382124549314,0.7848333333333333,0.008703064594344516,0.21516666666666664,0.008703064594344516,44.003770192464195,0.11109416545159624
6,27,0.5018864724743803,0.017805895716778878,0.6131689932028452,0.031594090910393245,0.7946333333333332,0.011217991501749916,0.2053666666666667,0.011217991501749916,44.206966400146484,0.12084593664955906
6,28,0.49700541683779953,0.01759496701293537,0.6025498209794362,0.07590572427128796,0.7981666666666666,0.023156496568637806,0.20183333333333334,0.023156496568637806,44.412008921305336,0.1286111933333364
6,29,0.4846589875749716,0.016129563711802665,0.5986580492019654,0.11028660334873816,0.8034333333333334,0.031100857437269036,0.19656666666666664,0.031100857437269036,44.613024393717446,0.12817187445907616
6,30,0.46982856129136535,0.014802009296103848,0.5555474490642548,0.017063749029217833,0.8144666666666667,0.004452340208624328,0.18553333333333333,0.004452340208624328,44.810325622558594,0.13235606804613795
6,31,0.46300174063428895,0.01490114564730918,0.5950831595420838,0.025044796896365233,0.8068333333333334,0.007973915809270442,0.19316666666666663,0.00797391580927044,45.00552241007487,0.13985576784728707
6,32,0.45558186195543043,0.010406359498544168,0.5521841585159302,0.037005224754675964,0.8185000000000001,0.014054536634126381,0.1815,0.014054536634126381,45.19806035359701,0.140257249051242
6,33,0.4473919448619812,0.014328476374502713,0.5958028007666271,0.03505561553599346,0.8056333333333333,0.0067825757152673045,0.19436666666666666,0.006782575715267304,45.38442738850912,0.1443399373726192
6,34,0.4409121173193387,0.007041155043659741,0.5742864754994711,0.051307314756773977,0.8117333333333333,0.012881123139436764,0.1882666666666666,0.012881123139436764,45.57402801513672,0.14228316254657358
6,35,0.432375947659786,0.010195764928822312,0.5654891484260559,0.05903875761211298,0.8150666666666666,0.012480918769599185,0.1849333333333333,0.012480918769599184,45.76351547241211,0.14097475140552918
6,36,0.4256853565815058,0.0037480978720721234,0.5626776509284973,0.07824151983588438,0.8146333333333332,0.02409861683444372,0.18536666666666668,0.02409861683444372,45.948404947916664,0.13693821932253947
6,37,0.4217251027534888,0.008839118247689704,0.5158632309913634,0.018621579488269355,0.828,0.006337980750996301,0.17200000000000001,0.006337980750996301,46.13493728637695,0.1430342354504966
6,38,0.40963194366204664,0.00848491060168798,0.5533054765701294,0.0532826710838046,0.8191,0.015308820986607703,0.18089999999999998,0.015308820986607703,46.313409169514976,0.14381433427892268
6,39,0.4028371567032018,0.00940606292557322,0.5432540258725483,0.021860265480815235,0.8199666666666667,0.006297883242275448,0.18003333333333335,0.006297883242275448,46.492207845052086,0.1380197472956484
6,40,0.40030587869176265,0.008439547013327973,0.5201727043628692,0.02742615579379819,0.8308,0.007450503338701334,0.1692,0.007450503338701334,46.673666636149086,0.14601531450095573
6,41,0.39158005236258187,0.0046385243729593845,0.544220458873113,0.0719209160338432,0.8248333333333333,0.01835683342336944,0.17516666666666666,0.01835683342336944,46.85375849405924,0.1507539473931297
6,42,0.3922949246331757,0.008612144660067038,0.5289542245388031,0.055188992959088475,0.8239000000000001,0.015853075411414636,0.1761,0.015853075411414636,47.03951517740885,0.15108495915281442
6,43,0.37928628614084997,0.006056869739382992,0.5576241349856059,0.06623527054759644,0.8202333333333334,0.014968745215726402,0.17976666666666666,0.014968745215726402,47.21600596110026,0.15152807017732572
6,44,0.3775392073093067,0.005142488216487405,0.4936181435902913,0.017784403903691234,0.8371333333333334,0.006087144924620498,0.16286666666666663,0.006087144924620498,47.39090347290039,0.15862827567506854
6,45,0.37456420366314874,0.007741864657647473,0.48629376303354893,0.02462298065531637,0.8393,0.004948737212663451,0.16070000000000004,0.004948737212663452,47.570107777913414,0.15660735957571406
6,46,0.3651980423739296,0.006984101497942494,0.5099585782130559,0.011555760970032176,0.8333333333333334,0.004895235779135995,0.1666666666666667,0.004895235779135995,47.73821512858073,0.15744765289170634
6,47,0.3589437053382447,0.004762988046987713,0.5272660304705302,0.03260589415605826,0.8298,0.008585452812752513,0.17020000000000002,0.008585452812752513,47.908983866373696,0.16098348082432612
6,48,0.35628391935697296,0.0025820797122166677,0.5297013002077738,0.021590300679599186,0.8287333333333334,0.008467191584777914,0.17126666666666668,0.008467191584777914,48.08739217122396,0.15700967173300853
6,49,0.3484171221297923,0.005823531346613748,0.4884446281433106,0.03660494596202868,0.8413666666666666,0.01000716410044992,0.15863333333333332,0.01000716410044992,48.25140635172526,0.1564442565274775
6,50,0.34975672377954664,0.00453475928791656,0.5384428860982259,0.09376317267680091,0.8296333333333333,0.02538037299436973,0.17036666666666664,0.025380372994369734,48.42908732096354,0.16284116331005333
6,51,0.34319921861778235,0.007302598477651077,0.534683965365092,0.019990434050874722,0.8274333333333334,0.005314445722117516,0.17256666666666667,0.005314445722117516,48.599440256754555,0.1672049103210365
6,52,0.3363674064274029,0.004789293963641623,0.47245762572288513,0.01639962621970163,0.8491666666666666,0.0035921210076128233,0.15083333333333337,0.0035921210076128233,48.763842264811196,0.16962516489747725
6,53,0.33405737178709805,0.0026035007054365606,0.493176052347819,0.03354836822272591,0.8412000000000001,0.010282509421342616,0.15880000000000002,0.010282509421342616,48.932308197021484,0.16777006377379647
6,54,0.3288180844863053,0.005255828980169096,0.47088451426823935,0.012895574080174233,0.8481333333333333,0.002939954648176298,0.15186666666666662,0.002939954648176298,49.09673817952474,0.16470643229979076
6,55,0.32458753705990184,0.0029046834038398256,0.5000843499660491,0.019149058324711445,0.8410333333333333,0.0026633312473917196,0.15896666666666667,0.002663331247391719,49.26309331258138,0.16802511303689308
6,56,0.3231939771367461,0.0015938780518556953,0.49321030172506974,0.01751040076641615,0.8457666666666667,0.0026006409466386503,0.15423333333333333,0.0026006409466386503,49.430798848470054,0.16147913531616487
6,57,0.3151839585611176,0.0037850196602061343,0.4674771757443746,0.02505359449404549,0.8506,0.004687216658103132,0.1494,0.004687216658103132,49.58930460611979,0.15594347378083223
6,58,0.31217140423011697,0.0024353053878547193,0.4937330900033315,0.05723278922310064,0.8458333333333332,0.012215290963924428,0.15416666666666667,0.012215290963924428,49.751566569010414,0.15650415585307176
6,59,0.3111433806270996,0.0009803008749163008,0.520687481657664,0.044352262460389806,0.8400333333333333,0.008854565677283889,0.15996666666666667,0.008854565677283889,49.91616694132487,0.15761511714700988
6,60,0.3031267426330009,0.0019884784587368798,0.46251582834323246,0.038531963120885346,0.8530000000000001,0.008241965784932637,0.147,0.008241965784932638,50.071173350016274,0.16070721116608513
6,61,0.3032308854893142,0.0015444838007239899,0.4558126051743825,0.010565526304141667,0.8546,0.001670329308849052,0.1454,0.001670329308849052,50.233290354410805,0.16342594082868897
6,62,0.2945373459494429,0.0031500419000764016,0.44805569423039754,0.02256174196163986,0.8564333333333334,0.006636515149785573,0.14356666666666665,0.006636515149785573,50.38598505655924,0.16386176145572706
6,63,0.294783871916249,0.0020364104372164005,0.5026857665777206,0.07663432490301915,0.8412333333333333,0.017427660007394354,0.15876666666666664,0.017427660007394354,50.54522196451823,0.16874816718573762
6,64,0.2900886614787101,0.0020127890630967167,0.48490831020673114,0.03173246375215122,0.8493333333333334,0.008237313477908535,0.1506666666666667,0.008237313477908535,50.70085144042969,0.16731178989716597
6,65,0.29320209117039386,0.002533364812334393,0.4871021707693736,0.0483786221622215,0.8488333333333333,0.013609677929081661,0.15116666666666667,0.013609677929081661,50.86228688557943,0.16483792791699087
6,66,0.2887731303237791,0.007944147007665062,0.47997217488288885,0.06276082399887443,0.8492999999999999,0.018101657382681862,0.15070000000000003,0.018101657382681862,51.022500356038414,0.1631170330953274
6,67,0.2828402878988125,0.002395221793871371,0.4717354581832886,0.0006491107277486181,0.8533,0.0005000000000000004,0.14670000000000002,0.0005000000000000004,51.181148529052734,0.16125853485286196
6,68,0.28154596946784194,0.0055122452634513465,0.5241395064671833,0.03455056807816721,0.8413333333333334,0.006115826463637875,0.15866666666666662,0.006115826463637875,51.340081532796226,0.1605850320934934
6,69,0.2798507299467934,0.002173887701548747,0.4938335030078888,0.03251885918903417,0.8465666666666666,0.0098723519656328,0.15343333333333334,0.0098723519656328,51.50275166829427,0.1587991264662798
6,70,0.2735486921472419,0.006027718673732372,0.4621382273197174,0.037445793109730986,0.8573666666666666,0.008655826554023213,0.14263333333333336,0.008655826554023213,51.64746602376302,0.16001561039179585
6,71,0.2690175201772424,0.007938771075802266,0.46394663468996683,0.03485905015386854,0.8588666666666667,0.009167515112250064,0.14113333333333336,0.009167515112250063,51.79601033528646,0.15517900900925274
6,72,0.2673196710284104,0.0012035110889776787,0.4679654365301132,0.02542859371605759,0.8528333333333333,0.005852634734316989,0.14716666666666667,0.005852634734316989,51.951358795166016,0.1535553400245941
6,73,0.2673693012131754,0.004074930961661128,0.4288793052752813,0.016233295016901086,0.8655666666666667,0.002402776172125361,0.13443333333333332,0.002402776172125361,52.10725657145182,0.16093881265734644
6,74,0.2633905355824127,0.003841554696905159,0.5144240755081176,0.03804521676217892,0.8449,0.01042449039521833,0.1551,0.01042449039521833,52.2602284749349,0.16700155467943525
6,75,0.25879695335083913,0.003388936440785255,0.4401310452699661,0.014128035987466224,0.8620333333333333,0.0034443189941312582,0.13796666666666668,0.0034443189941312582,52.4076894124349,0.16756346287393217
6,76,0.2590998435759788,0.0035496502299289445,0.45782261856396994,0.04447021578009359,0.8589000000000001,0.012871285872048681,0.1411,0.012871285872048681,52.556505839029946,0.1671065299431458
6,77,0.25763497755680953,0.0024032658607036975,0.49472525960604347,0.045043554603670724,0.8519333333333332,0.00965418734712215,0.1480666666666667,0.009654187347122149,52.71125920613607,0.17491534023187513
6,78,0.2517872129496304,0.003873941949329411,0.46603559168179837,0.02305464812365443,0.8572333333333333,0.005757024694521742,0.1427666666666667,0.005757024694521742,52.85832087198893,0.17381505591129204
6,79,0.25030990928818,0.004645658753974346,0.47672583421866094,0.06238340307544964,0.8568333333333333,0.01029190620503966,0.14316666666666666,0.01029190620503966,53.004721323649086,0.17291613881896853
6,80,0.24947247240701906,0.0024495078220551324,0.46256958355903627,0.0017649904231196902,0.8574999999999999,0.0015394804318340652,0.1425,0.0015394804318340652,53.15369415283203,0.16975862402534955
6,81,0.24490794447986672,0.0029664983729333146,0.4592631203810374,0.020523891148253114,0.8583666666666666,0.0045566800780100355,0.1416333333333333,0.0045566800780100355,53.298117319742836,0.1667384337708177
6,82,0.2432803022155168,0.0032847672705165532,0.4545889498710633,0.021672757118198622,0.8601666666666666,0.004128357219685972,0.13983333333333328,0.004128357219685972,53.44622039794922,0.1690206495827726
6,83,0.23896496723908597,0.007246268759967851,0.4400060132463773,0.012588411303099125,0.8663333333333333,0.0017473789896108591,0.13366666666666668,0.0017473789896108591,53.587589263916016,0.16404382689539168
6,84,0.242848323675576,0.009543778336415568,0.4578619286934534,0.023762308210021427,0.8603,0.006928924880528009,0.13970000000000005,0.006928924880528009,53.73874028523763,0.1719824512537369
6,85,0.23630791067289472,0.005852093946243896,0.462400094127655,0.01037436354987946,0.858,0.004011234224026274,0.14200000000000002,0.004011234224026274,53.88263829549154,0.16868618751329872
6,86,0.22966672156168066,0.004218373719876364,0.4716675453186035,0.05028006550858627,0.8580000000000001,0.0079642953235048,0.142,0.0079642953235048,54.022605895996094,0.16846879709832938
6,87,0.2330600717704416,0.00566025683017983,0.5143777173360189,0.08087608722031053,0.8470666666666666,0.017462626759263154,0.15293333333333334,0.017462626759263154,54.169882456461586,0.17115807978895753
6,88,0.22958250125935212,0.0006686312190727305,0.45176944216092424,0.0070609418166818145,0.8643333333333333,0.0034933269720043903,0.13566666666666669,0.0034933269720043903,54.31355667114258,0.17385603769857594
6,89,0.22715783257669397,0.0016308068506131767,0.440831915996472,0.006114855190351661,0.8653,0.0027784887978899745,0.13470000000000001,0.0027784887978899745,54.45391337076823,0.17432063100496553
6,90,0.22287860789668934,0.0025510124965627827,0.45603452008167905,0.03451271017858191,0.8613333333333334,0.010800154319885133,0.1386666666666667,0.010800154319885133,54.59484736124674,0.17427590921950023
6,91,0.22074956786068503,0.004641439738565115,0.4504124897321065,0.022815124322628985,0.8643000000000001,0.003843175770115124,0.13570000000000002,0.0038431757701151243,54.73508071899414,0.16992110750282635
6,92,0.2252283936901572,0.0027688072505363745,0.5655719109217326,0.12456798637005002,0.8397,0.02606549443229499,0.1603,0.02606549443229499,54.883130391438804,0.17571764540033172
6,93,0.22107979439942124,0.005639300264289582,0.46055803228219355,0.023989884563699652,0.8609,0.002107130750570537,0.1391,0.002107130750570537,55.02646255493164,0.17198064047406517
6,94,0.21895685269857001,0.007462750004132997,0.46789536333878834,0.030839040017127443,0.8596666666666666,0.009000185183280007,0.14033333333333334,0.009000185183280007,55.16601816813151,0.17010058982887183
6,95,0.2188744115224783,0.0021517904786126293,0.44177713102499644,0.003892120482430127,0.8680666666666665,0.0008020806277010867,0.13193333333333335,0.0008020806277010867,55.310794830322266,0.17360886543519843
6,96,0.20967626876538367,0.0037922281327033023,0.4693432735780875,0.016424910600889853,0.8638,0.00658710862214975,0.1362,0.00658710862214975,55.44718933105469,0.17746725578891268
6,97,0.2086836474884908,0.006324401848741946,0.48488071784575776,0.05654491866152844,0.8585666666666666,0.013086379687802605,0.14143333333333333,0.013086379687802605,55.58378601074219,0.17066680179534752
6,98,0.21017909597507015,0.004111861629806454,0.48120781463782,0.004449747982822412,0.8591666666666667,0.0009814954576223198,0.14083333333333334,0.0009814954576223198,55.72651672363281,0.16682992377342937
6,99,0.2105694776091277,0.011082835861876151,0.48695432360967,0.054526759872875495,0.8603999999999999,0.013423486879346972,0.13960000000000003,0.013423486879346972,55.86616643269857,0.15616007990639358
6,100,0.20791823899679884,0.0030508385503056302,0.46006904378732044,0.04419171333268157,0.8664666666666667,0.009849027024703201,0.1335333333333333,0.009849027024703201,56.002376556396484,0.1672095899978067
8,1,2.31101208645771,0.18197597748421637,1.86765426902771,0.2609577263634199,0.3145,0.07693549245959241,0.6854999999999999,0.07693549245959243,38.0520133972168,0.47069412906447433
8,2,1.7748115360482777,0.1134659056215936,1.6399785163879395,0.1274137756798553,0.37933333333333336,0.06340357508321855,0.6206666666666666,0.0634035750832185,38.24748229980469,0.41636836119046705
8,3,1.6272751818532527,0.07941139745051315,1.6713657640457154,0.1946865887047095,0.3977333333333333,0.05324437372467943,0.6022666666666666,0.053244373724679446,38.486897786458336,0.3608699954301889
8,4,1.4805124776544272,0.1123811068162967,1.4099828219095867,0.12488130240636303,0.47636666666666666,0.055625923213312424,0.5236333333333333,0.055625923213312424,38.732808430989586,0.3074004739271916
8,5,1.3672061315582844,0.14755478464830937,1.3140445994059244,0.17824261890326953,0.5255,0.06716784945195138,0.4745,0.06716784945195141,38.9864501953125,0.27309002119797876
8,6,1.2605376083019546,0.1454518964255309,1.4423756628672282,0.11159961900951694,0.4958333333333333,0.048809459465695086,0.5041666666666668,0.048809459465695114,39.24769719441732,0.23818243109531193
8,7,1.2064997812976006,0.1412551826570348,1.197203469467163,0.14145202803531767,0.5673,0.06048280747452123,0.43270000000000003,0.06048280747452123,39.54943339029948,0.1995448045964269
8,8,1.096678744090081,0.12241815383090976,1.1582516364097595,0.21218202504317074,0.5933,0.06565462664580467,0.4067,0.06565462664580467,39.82277297973633,0.17620193541409776
8,9,1.0251162132440423,0.1138487424338529,1.1208940068562825,0.16369488469523422,0.6109,0.056914936528120616,0.3891,0.056914936528120616,40.081984202067055,0.16391248663397517
8,10,0.9750134001302596,0.09250907679512377,1.0207509055137634,0.10554906753809903,0.6452666666666667,0.03233176972164272,0.35473333333333334,0.03233176972164272,40.35589472452799,0.15572324603600837
8,11,0.9196648224235494,0.09858345651637188,1.071652737490336,0.28707406072928915,0.6239666666666667,0.1005884850931424,0.3760333333333333,0.1005884850931424,40.62615839640299,0.16795944887661093
8,12,0.8685602773384263,0.08714175255452186,0.9860751795450846,0.09078680979421691,0.6644333333333333,0.034338074106352166,0.3355666666666666,0.034338074106352166,40.886041005452476,0.1735315784205556
8,13,0.8190428554147914,0.06418815456018963,0.9509317645390828,0.20310596078474982,0.6815666666666665,0.05263405108229209,0.31843333333333335,0.05263405108229209,41.131490071614586,0.17296893741426167
8,14,0.7875378978171109,0.05078366741067451,0.8233714030265809,0.08799400761509271,0.7157333333333334,0.0276380775983666,0.2842666666666666,0.0276380775983666,41.3867301940918,0.16267306258071526
8,15,0.7410687088509045,0.060413551749191004,0.8443387233893077,0.028039004031465947,0.7126333333333333,0.005253887449625634,0.28736666666666666,0.005253887449625634,41.61760457356771,0.16213820700580336
8,16,0.7213046953196415,0.04172758149154045,0.9707714556058248,0.3632696596848341,0.6932666666666667,0.08502719172907769,0.30673333333333336,0.08502719172907769,41.85789362589518,0.15584124693400883
8,17,0.6913420422302793,0.04633241331824572,0.8954106823603313,0.16674937727740194,0.7052999999999999,0.033057676869374865,0.2947,0.033057676869374865,42.087921142578125,0.14344270239538054
8,18,0.6767575123425944,0.04120144801332184,0.7859260632197063,0.09100939945041721,0.7281333333333334,0.0334509093050299,0.27186666666666665,0.033450909305029905,42.324727376302086,0.14419579482353226
8,19,0.6473954969354908,0.040840676209841206,0.6764770044644673,0.03723651712862083,0.7711,0.013979628035108837,0.2289,0.013979628035108837,42.54675801595052,0.1489746299119994
8,20,0.6271190283040359,0.039099254686831904,0.8162546137015024,0.14887855310568426,0.7320000000000001,0.040925664319592915,0.26799999999999996,0.040925664319592915,42.762203216552734,0.1436786266110567
8,21,0.6156699622886768,0.030236659526076664,0.6974190869013469,0.029660351616511333,0.7648,0.006409368143584826,0.2352,0.006409368143584826,42.98016230265299,0.14114445667285375
8,22,0.593047213854184,0.03629128447525277,0.9167531879425049,0.06407665524448128,0.7012999999999999,0.015830034744118534,0.2987,0.015830034744118534,43.18796157836914,0.14272154813692997
8,23,0.5801939359609631,0.0234752293670661,0.7164929564317067,0.11527742104119047,0.7625333333333334,0.03309113677910345,0.23746666666666663,0.03309113677910345,43.39913686116537,0.13558479253410063
8,24,0.5654004621434598,0.025908036259788696,0.7130788132508595,0.09293730512222556,0.7643999999999999,0.026505093850050773,0.2356,0.026505093850050773,43.605761210123696,0.12041286062287541
8,25,0.549662210828508,0.026095347346094935,0.7799705518563588,0.19288149096241342,0.7498333333333332,0.05298087705326641,0.25016666666666665,0.05298087705326641,43.803670247395836,0.121705901067427
8,26,0.5387706700950633,0.028212878743160728,0.679036502345403,0.05450514484548227,0.7756666666666666,0.01478862175232479,0.22433333333333336,0.01478862175232479,44.00422032674154,0.12434075578623235
8,27,0.5280167971120772,0.023970353927317868,0.6192103825410208,0.04152277184074695,0.7941333333333334,0.013853639714289259,0.20586666666666667,0.013853639714289259,44.2013308207194,0.12285351037271956
8,28,0.5196835732520998,0.025010739303834392,0.5902053773085276,0.03301594726135176,0.8019666666666666,0.01010263991901785,0.1980333333333333,0.01010263991901785,44.405029296875,0.12416314431846541
8,29,0.5076001758821378,0.017627826479471087,0.6835174827893574,0.19361100219500055,0.7792666666666666,0.05177164603654527,0.22073333333333334,0.05177164603654527,44.59941482543945,0.11817383682646017
8,30,0.500279219736935,0.027995957412817084,0.6152732050577799,0.04453150825666216,0.7977333333333334,0.014411569426448058,0.20226666666666668,0.014411569426448058,44.79802703857422,0.11974791596766325
8,31,0.48768948703267484,0.017269142023421894,0.5858938502470652,0.01340518454631851,0.8029666666666667,0.0019008769905843918,0.19703333333333337,0.0019008769905843918,44.98777770996094,0.11588504588806962
8,32,0.48269572249357245,0.01820367302813558,0.6219808549880982,0.05342256324259413,0.7961999999999999,0.01635756705625869,0.20379999999999998,0.01635756705625869,45.18504333496094,0.11298414016846398
8,33,0.47152579679310275,0.022511145021195233,0.5875531863371531,0.04269138711513042,0.8072333333333334,0.010902446208687874,0.19276666666666667,0.010902446208687874,45.37732696533203,0.11163533664096287
8,34,0.45822402621474106,0.020052831006929478,0.5872733814875285,0.07090300113470682,0.8055333333333333,0.01925988923471094,0.19446666666666665,0.01925988923471094,45.55875015258789,0.11216319600180386
8,35,0.45447258660148987,0.020342494222406037,0.5667420674641926,0.03272990507137694,0.8114333333333333,0.009135826910210844,0.18856666666666666,0.009135826910210844,45.745766957600914,0.10593831005241384
8,36,0.4418438646596208,0.01772740411094153,0.5955493330478668,0.0404097413175912,0.8061333333333334,0.008078572481158654,0.19386666666666666,0.008078572481158654,45.92763010660807,0.10195175258334985
8,37,0.440672551947888,0.011736439177029713,0.5400410651365917,0.03148748967288429,0.8209333333333334,0.010302588671461792,0.17906666666666668,0.010302588671461792,46.110955556233726,0.08766974547369959
8,38,0.43697609699697243,0.01582240127322926,0.6011537289937338,0.07102203293838612,0.8057,0.014831385639919105,0.1943,0.014831385639919105,46.29688390096029,0.09123270473123458
8,39,0.42158078636659685,0.014032335261832899,0.5293387418111165,0.012398870153779076,0.8277,0.0014000000000000362,0.1723,0.0014000000000000362,46.474761962890625,0.08275973576494829
8,40,0.42115308978266935,0.01575592699326256,0.6331325276056926,0.1410023230434037,0.8000666666666666,0.03189566323708186,0.19993333333333332,0.03189566323708186,46.65340932210287,0.08029970928615886
8,41,0.4109359079970322,0.015106026041382134,0.514497815767924,0.03796072412264656,0.8308333333333334,0.014019391332484175,0.16916666666666666,0.014019391332484175,46.83155186971029,0.08413074875982263
8,42,0.41150046071992,0.01102726516571655,0.6498433273792267,0.16706969805419378,0.7955,0.04565928164130486,0.2045,0.04565928164130486,47.012734731038414,0.07411935154753546
8,43,0.40111278288403024,0.01649863704785675,0.5488147000312805,0.04565311864236667,0.8217333333333334,0.010563301251660554,0.17826666666666668,0.010563301251660556,47.193260192871094,0.07523087171253597
8,44,0.3927755571031611,0.014518641396214184,0.5538529402335485,0.08843764558092035,0.8210666666666667,0.025091897762690874,0.17893333333333336,0.025091897762690874,47.36597696940104,0.07746382912859809
8,45,0.3873293587567963,0.01300054115967263,0.5103879435698191,0.025412612609186182,0.8338666666666666,0.011229574049505812,0.16613333333333333,0.011229574049505812,47.538857777913414,0.07785172886786013
8,46,0.3828302112178526,0.013718956274188175,0.5863171085079512,0.06487066606575782,0.8159666666666666,0.01939725066429085,0.18403333333333335,0.01939725066429085,47.70822016398112,0.07519104409927249
8,47,0.3807399383565857,0.01373808789683728,0.5132945797284444,0.05343031839606541,0.8306666666666667,0.01766701257522998,0.1693333333333333,0.01766701257522998,47.88363265991211,0.06995883996729554
8,48,0.37247960518439,0.01108734286858594,0.5042942837874095,0.017650578311529875,0.8345666666666668,0.005658032638058286,0.16543333333333332,0.005658032638058286,48.05048497517904,0.07264295384053145
8,49,0.3706794341252791,0.010799524506246683,0.5047268881003062,0.04029381705750472,0.8339666666666666,0.00930877722009362,0.16603333333333334,0.00930877722009362,48.22150802612305,0.06300712493486896
8,50,0.36548560950508097,0.011085159815363456,0.5789924352645873,0.05267536353122109,0.8184999999999999,0.01551644289133305,0.1815,0.01551644289133305,48.392154693603516,0.06120091056433162
8,51,0.359349202698149,0.011870959334610213,0.5317979689121247,0.06858280820249817,0.8252333333333334,0.020101326656052652,0.17476666666666665,0.020101326656052656,48.560593922932945,0.05685523938003943
8,52,0.35363536389689104,0.007838328765220394,0.5103238027652105,0.020302391042577465,0.8351333333333333,0.003407834111768563,0.16486666666666663,0.0034078341117685634,48.72733052571615,0.05925097408421938
8,53,0.35012772216922894,0.008766552701685939,0.531997593609492,0.07672874302762693,0.8324333333333334,0.020854096320227656,0.16756666666666667,0.020854096320227656,48.898240407307945,0.06521513223018983
8,54,0.34710398804196313,0.014959839655650854,0.5113418767929078,0.06892000524958017,0.8359333333333333,0.019683834314821208,0.16406666666666667,0.019683834314821208,49.059706370035805,0.06566950923132628
8,55,0.33674143846738264,0.0103222735520482,0.5147282207727433,0.06048079648601917,0.8347000000000001,0.01603464998058893,0.1653,0.01603464998058893,49.22278849283854,0.07137855876381081
8,56,0.3362184875634422,0.007938539373864068,0.4987584326903025,0.013473561302592703,0.8402,0.007312318373812763,0.15979999999999997,0.007312318373812763,49.3811403910319,0.07674310669492626
8,57,0.3309714971245199,0.011513870830319751,0.47395727663040166,0.0429444262826583,0.8488333333333333,0.006367364708679225,0.15116666666666667,0.006367364708679225,49.5435791015625,0.08276554368583407
8,58,0.3305396931301501,0.012108629585978305,0.47266266202131907,0.0223392283903039,0.8479,0.004114608122288186,0.1521,0.004114608122288186,49.705936431884766,0.08614297158354453
8,59,0.3289755137553097,0.012507448014469364,0.561191449725628,0.0884199309292711,0.8259666666666666,0.021400077881478217,0.17403333333333335,0.02140007788147822,49.86745071411133,0.08495830363611351
8,60,0.3180670582729837,0.008937242105450592,0.4713130194584529,0.01647544088641228,0.8482999999999999,0.00407308237088326,0.15170000000000003,0.00407308237088326,50.01945368448893,0.08178286330863473
8,61,0.31963907386742385,0.005932358472072572,0.484376312327385,0.01923722426418934,0.8436333333333333,0.0033620430296671428,0.15636666666666665,0.0033620430296671428,50.18317159016927,0.08002229799570772
8,62,0.31299501447878836,0.005183312651305807,0.5289064403851826,0.16171990372472936,0.8357000000000001,0.03533893037430532,0.16429999999999997,0.03533893037430532,50.33849207560221,0.07494074638815579
8,63,0.31110374447838024,0.011943725114625839,0.5183078691005707,0.06087557779491237,0.8373333333333334,0.014858106653720497,0.1626666666666667,0.014858106653720497,50.49645741780599,0.07960230419823701
8,64,0.30727707538102694,0.012285200293603332,0.4846532926440239,0.04859783128530951,0.8448333333333333,0.015093155181516328,0.15516666666666667,0.015093155181516328,50.653692881266274,0.08246830061463443
8,65,0.3031277299206783,0.01097125076740372,0.4732048921585083,0.0030499625996374138,0.8483333333333333,0.0026312227829154177,0.15166666666666664,0.0026312227829154177,50.80488713582357,0.08149018820313354
8,66,0.30322348309930125,0.013541099218433437,0.47368582090536754,0.014235794803110494,0.848,0.0017435595774162684,0.15200000000000002,0.0017435595774162684,50.962815602620445,0.09145888257353649
8,67,0.29964412789464706,0.013361640370522964,0.5052600344340007,0.02947610856805947,0.8403,0.012213517101965317,0.15969999999999998,0.012213517101965317,51.12085088094076,0.08737971622422945
8,68,0.29446224811131994,0.012984291703230129,0.47178710891405745,0.04049170738082237,0.8517666666666667,0.010267586538877247,0.14823333333333333,0.010267586538877247,51.27728525797526,0.09394011805427468
8,69,0.29185919411550293,0.009893228700483727,0.48931221046447754,0.02004217592315807,0.8463666666666666,0.0023007245235650096,0.15363333333333332,0.0023007245235650096,51.4355099995931,0.096668784979994
8,70,0.28797733812304716,0.011808379267443351,0.46232727867762247,0.011825522480420712,0.8540333333333333,0.003002221399786108,0.1459666666666667,0.003002221399786108,51.585611979166664,0.10484146118578609
8,71,0.28206388415405104,0.007025710107592081,0.44655814965566004,0.0098615048334507,0.8591333333333333,0.002967041174863166,0.14086666666666667,0.0029670411748631666,51.7366689046224,0.10554627186681032
8,72,0.2804709978001502,0.011590419894704856,0.49857743517557784,0.0784009901097671,0.8458,0.01896417675513496,0.1542,0.01896417675513496,51.88994852701823,0.1113506129162782
8,73,0.2812935628206529,0.01108368248336294,0.44805439818700155,0.03991791080598893,0.8580333333333333,0.008516063253248753,0.14196666666666669,0.008516063253248753,52.04226557413737,0.10985017674050486
8,74,0.27776419208127007,0.005162072501654558,0.5058908890565236,0.023084007329436686,0.8434666666666667,0.004404921490030569,0.15653333333333333,0.004404921490030569,52.190232594807945,0.11421930104833411
8,75,0.2780285066427172,0.010135481209708481,0.48032050296465556,0.005876907646584329,0.8485,0.003732291521304313,0.1515,0.0037322915213043126,52.34533945719401,0.11969070895923321
8,76,0.27547181975048823,0.009157879357114,0.4685680603822073,0.023672224929926874,0.8521333333333333,0.005921430007467226,0.14786666666666667,0.005921430007467226,52.5030263264974,0.11192185988986095
8,77,0.27221373210122013,0.008216213718558333,0.4600546675920487,0.02685545132329773,0.8552666666666667,0.0074069786912973595,0.1447333333333333,0.0074069786912973595,52.65762710571289,0.1182056126245913
8,78,0.26467360932783296,0.011106382655237893,0.4409436193784078,0.02447907901290938,0.8592,0.003928103868280499,0.1408,0.003928103868280499,52.80249786376953,0.12093172973892558
8,79,0.2624455193678538,0.010290570579395836,0.44917367707888284,0.016099802239273726,0.8579666666666667,0.003789898855290646,0.14203333333333332,0.003789898855290646,52.94439951578776,0.12531308853914766
8,80,0.2582203159640715,0.008969992031572685,0.4875787873586019,0.050089881845070995,0.8497333333333333,0.014595318884263365,0.15026666666666666,0.014595318884263365,53.08725357055664,0.12938186318086567
8,81,0.25819661449212244,0.006487791344920713,0.46941098936398823,0.05855023455418696,0.8543333333333334,0.013431803055931564,0.14566666666666664,0.013431803055931564,53.233951568603516,0.11945961954874126
8,82,0.25491626935440154,0.007070501116865318,0.46701763274669644,0.016199502603890643,0.8539,0.006828616258071641,0.1461,0.006828616258071641,53.377559661865234,0.12426887560243892
8,83,0.2531055654037842,0.007032514234921214,0.4185730317672094,0.01360864728305828,0.8684333333333334,0.001975685535031671,0.1315666666666667,0.001975685535031671,53.522046407063804,0.1201256988103754
8,84,0.24965112030074219,0.008361439681850541,0.4542218273480733,0.033561416022164586,0.8591666666666665,0.00863268980870583,0.14083333333333337,0.00863268980870583,53.66469192504883,0.12188166352398931
8,85,0.24589855705990513,0.009697463192546331,0.5022604407946268,0.013718822447343494,0.8464666666666667,0.0037806525010021324,0.15353333333333333,0.0037806525010021324,53.80813725789388,0.12665631561527507
8,86,0.24062713035537153,0.008736185307362553,0.4568133299390475,0.04759247530974976,0.8587000000000001,0.012002916312296733,0.14129999999999998,0.012002916312296733,53.9462521870931,0.13329330143958254
8,87,0.23839843010201175,0.0073428892168395325,0.5778096542517344,0.12472669099022785,0.8316,0.029279515023305922,0.1684,0.029279515023305922,54.08886210123698,0.13954921607566736
8,88,0.24291225131489938,0.007043700349587284,0.45777255315780635,0.01887195476012785,0.8600666666666666,0.004443347086750401,0.13993333333333335,0.004443347086750401,54.23298772176107,0.14316259622094027
8,89,0.2378634965684001,0.0030619339917550953,0.4501044803460439,0.015534353891840474,0.8628666666666667,0.003448671241700703,0.13713333333333333,0.003448671241700703,54.37665939331055,0.1466057179950679
8,90,0.23609271073890156,0.007638468011061122,0.4762515303293864,0.025588786833076166,0.8576333333333334,0.008150051124584015,0.14236666666666664,0.008150051124584015,54.51739629109701,0.14951530390952827
8,91,0.2329624148636726,0.004680593124974133,0.4629597748756409,0.015913839412457283,0.8563333333333333,0.005822656896411932,0.1436666666666667,0.005822656896411932,54.656698862711586,0.15433841518170843
8,92,0.23387668329431577,0.006334590383510224,0.4686945062319438,0.007856845640114858,0.8581,0.001473091986265631,0.14189999999999994,0.001473091986265631,54.79511006673177,0.1524591629789427
8,93,0.23015065897075113,0.004242945420380406,0.43964062933921816,0.01682052866486771,0.8645333333333333,0.006127261487266008,0.1354666666666667,0.006127261487266009,54.93207931518555,0.15557995301205194
8,94,0.22737849008955716,0.008193992085826962,0.46021770327885947,0.01815791264274869,0.8607666666666667,0.00479617903474559,0.13923333333333332,0.00479617903474559,55.07050450642904,0.15778207380933493
8,95,0.22629695720430734,0.003703429608411178,0.464081462876002,0.04283671138872007,0.8590333333333334,0.011346511945674476,0.14096666666666666,0.011346511945674478,55.211657206217446,0.15563743764267057
8,96,0.2234459925071358,0.006960516747717045,0.4731824540257454,0.04665513673552102,0.8584999999999999,0.0090088845036442,0.1415,0.0090088845036442,55.35380299886068,0.15939760806409317
8,97,0.22072867720760248,0.007020996551178873,0.47115120697021484,0.0346963245512903,0.8584999999999999,0.003559494346111535,0.1415,0.003559494346111535,55.4883181254069,0.15858791003993059
8,98,0.2200517893180518,0.002577054563082246,0.45995838040113446,0.01073376503274736,0.8604333333333334,0.002746512940681971,0.13956666666666664,0.002746512940681971,55.62872314453125,0.15832421714073194
8,99,0.2182989678927598,0.004155740081233628,0.4507908106009166,0.02169038387025772,0.8649,0.006854925236645568,0.1351,0.006854925236645568,55.762508392333984,0.15917117125856484
8,100,0.21851634964639066,0.00465379140813084,0.49442892336845395,0.0486397937368361,0.8523999999999999,0.009153687781435407,0.14759999999999998,0.009153687781435407,55.90017064412435,0.15578504938728202
10,1,2.4201358976469827,0.16785378065073503,1.9345563590367636,0.10784493772916592,0.27053333333333335,0.04337076588363796,0.7294666666666666,0.04337076588363796,38.65899149576823,1.2313347652964224
10,2,1.8558804903493817,0.1371328266963034,1.8275027010599771,0.18746253399667315,0.3184666666666667,0.07355829887465679,0.6815333333333333,0.07355829887465679,38.80985895792643,1.1656936309712977
10,3,1.7144768901696494,0.16369081801881982,1.723231946182251,0.12847329091320622,0.3614,0.06100393429935483,0.6386,0.061003934299354884,39.007164001464844,1.108024140342439
10,4,1.5710091309372627,0.17071804012860156,1.5861553127924601,0.10965290482566752,0.4127,0.05675059471054027,0.5873,0.056750594710540274,39.2231559753418,1.0672528371424894
10,5,1.4630234753689193,0.16663523560968194,1.4098323460261026,0.1402999687427353,0.4829666666666666,0.05741831879577572,0.5170333333333333,0.05741831879577575,39.45597457885742,1.0110213414547389
10,6,1.3593701694830809,0.17734489260835004,1.4990126825968424,0.3044762076847583,0.4745333333333333,0.08580567191819742,0.5254666666666666,0.08580567191819742,39.69739278157552,0.9618702429682888
10,7,1.2911649966280583,0.1752636047565718,1.265084937095642,0.13091997407016395,0.545,0.05478247895084704,0.4549999999999999,0.05478247895084702,39.954046885172524,0.8898049834584075
10,8,1.1997702401718928,0.1912199634967057,1.2108980321248373,0.148667198876461,0.5650666666666667,0.05630011841313772,0.43493333333333334,0.05630011841313772,40.19838205973307,0.8480187340245586
10,9,1.137063655910183,0.19250245795078866,1.2688309748967488,0.08964724523693109,0.5565666666666668,0.04964738999517828,0.44343333333333335,0.04964738999517828,40.44850413004557,0.8218426869348302
10,10,1.0859730068375082,0.1733206565534179,1.1621076585451762,0.09211957514004608,0.5943666666666667,0.04252697183357091,0.4056333333333333,0.04252697183357091,40.713409423828125,0.7951440945297683
10,11,1.027302668222686,0.1782093152521202,1.1119976700782777,0.23840907716808657,0.6116,0.09508901093186317,0.3884,0.09508901093186317,40.97059631347656,0.7938830218004951
10,12,0.9783060528331603,0.15494280336579214,1.0438320579846698,0.1372385116717287,0.6378333333333334,0.05361355549982984,0.3621666666666667,0.05361355549982984,41.23184331258138,0.7727406970052415
10,13,0.9181526404410881,0.14401314106058777,0.990415009466807,0.05102363727971064,0.6535666666666667,0.026750015576319456,0.3464333333333333,0.026750015576319456,41.4757080078125,0.7525073253647298
10,14,0.8740957558714012,0.1359570252631699,0.9804053775469462,0.13115007357909525,0.6642333333333332,0.04935679622233735,0.3357666666666667,0.04935679622233735,41.718308766682945,0.7423856378337153
10,15,0.8315224088569634,0.1342279415555707,0.8638730512301128,0.10706796562875316,0.6988666666666666,0.045261941334120114,0.3011333333333333,0.045261941334120114,41.953067779541016,0.7348392737802174
10,16,0.7942184131316212,0.11936801199341161,0.8803168343861897,0.18100246590284375,0.6975333333333333,0.06140768138704908,0.30246666666666666,0.06140768138704908,42.18794631958008,0.724087423105176
10,17,0.7620299269222136,0.11477736022503802,0.8314103669166565,0.10709058488621895,0.7165666666666666,0.04162803542485921,0.28343333333333337,0.04162803542485921,42.42006047566732,0.7202738769059656
10,18,0.7443850117418772,0.09745511257092025,0.8337277916908264,0.16272309448279054,0.7205333333333334,0.0513444576690935,0.2794666666666667,0.05134445766909349,42.6606699625651,0.7135208998209404
10,19,0.7125071530553487,0.08821551702751688,0.7659121075630188,0.04729542821407435,0.7401,0.023715185008766026,0.25989999999999996,0.023715185008766026,42.88732020060221,0.7112862752587673
10,20,0.6817722469441218,0.08172233644583689,0.7864343032836915,0.08587722213956721,0.7355999999999999,0.03192569498068918,0.2644,0.03192569498068918,43.101820627848305,0.7136856773861256
10,21,0.669620150901879,0.0737302904620801,0.6858735107739767,0.06989914901435867,0.7637333333333333,0.02310461714318878,0.2362666666666667,0.023104617143188785,43.322034200032554,0.7070196655420555
10,22,0.6401421643177465,0.07509988964460251,0.8436986137072245,0.05739236668619737,0.7204666666666667,0.01737651672037104,0.27953333333333336,0.01737651672037104,43.535091400146484,0.7094618117727088
10,23,0.6221730714157313,0.06747635021769748,0.6889175431569418,0.08278568533001991,0.7651,0.030732230638207833,0.2349,0.030732230638207833,43.74108632405599,0.7118528157897325
10,24,0.6071277224194364,0.05669095029627561,0.7557915369351704,0.03955229009614131,0.7494000000000001,0.01602778836895471,0.2506,0.01602778836895471,43.95088322957357,0.6983784846465243
10,25,0.5909474833796193,0.05806865233123247,0.7551302989323934,0.10926159660871461,0.7504333333333334,0.03291387751896353,0.24956666666666663,0.032913877518963526,44.152557373046875,0.700747002040319
10,26,0.5758775801660664,0.05460418126842863,0.6743384056727092,0.09245920990642836,0.7773333333333333,0.025935753957294794,0.22266666666666665,0.025935753957294794,44.355908711751304,0.697467135613727
10,27,0.5660575585851076,0.05475169324278996,0.713167295964559,0.11482715718989363,0.7646333333333333,0.03823667523900756,0.23536666666666664,0.03823667523900756,44.556575775146484,0.6917731981961825
10,28,0.5546349556600549,0.05071406921872184,0.6093112419446309,0.055847229691898544,0.7936333333333333,0.01902638518829403,0.20636666666666667,0.01902638518829403,44.75506846110026,0.6908945861717974
10,29,0.5430135500044876,0.05371953192228269,0.7049035234292349,0.23679014411380214,0.7746,0.065850816243992,0.22540000000000002,0.065850816243992,44.956251780192055,0.6934305038844577
10,30,0.5332148171396004,0.04629911789400766,0.6448517782211304,0.034776090553150424,0.7848666666666667,0.011126694627486347,0.2151333333333333,0.011126694627486347,45.15215301513672,0.6865181301331145
10,31,0.520793479548899,0.04271527242431498,0.6035914402802786,0.04051604662029789,0.7986,0.015391231269784787,0.2014,0.015391231269784787,45.34481684366862,0.675701623261655
10,32,0.509633492579952,0.03926684041813231,0.6217396998723349,0.05451356035814248,0.7953000000000001,0.01561665777303198,0.20469999999999997,0.01561665777303198,45.5320192972819,0.6695296215568436
10,33,0.49935232885404207,0.0385829483905938,0.6010031217892965,0.0163966450013204,0.7988666666666667,0.00434319390924849,0.2011333333333333,0.00434319390924849,45.7223269144694,0.6633423119075736
10,34,0.4934484544515813,0.03579568783753925,0.6137526298999786,0.08764922211561756,0.7974666666666667,0.026880166170121275,0.20253333333333332,0.02688016617012128,45.91334660847982,0.6571256590397163
10,35,0.4801143374284515,0.042459199152563194,0.5812688959280649,0.038170185260791314,0.8074,0.008574963556773887,0.1926,0.008574963556773887,46.095191955566406,0.6521374972465759
10,36,0.47174827139649955,0.03440901480901381,0.5577843100070954,0.0221796964037878,0.8149333333333333,0.009912281943797488,0.18506666666666668,0.009912281943797488,46.274462381998696,0.6452348700032382
10,37,0.4654424461104985,0.035495127725492195,0.5865015128135681,0.026067041055084682,0.8065333333333333,0.007939983207370983,0.19346666666666668,0.007939983207370983,46.46187973022461,0.6422977394126501
10,38,0.46043378527562845,0.033760449916424705,0.6379261858304343,0.05957201425531087,0.7936333333333333,0.015717612202027817,0.20636666666666667,0.015717612202027817,46.6452891031901,0.6371111648495643
10,39,0.4518305890624175,0.04298922654743569,0.5813726157347361,0.06650344520271538,0.8118666666666666,0.016773888438085336,0.18813333333333337,0.016773888438085336,46.827392578125,0.6375322361256321
10,40,0.44267240264480784,0.03993010682956914,0.5833865108807882,0.04418207252413024,0.8083666666666667,0.01998507776650699,0.19163333333333332,0.01998507776650699,47.000895182291664,0.636042460699771
10,41,0.4376969013271023,0.03298670857221158,0.5845064828157426,0.11570186953992286,0.8117,0.03463581960918493,0.1883,0.03463581960918493,47.174729665120445,0.629368082720776
10,42,0.43661488253442227,0.034258886695958786,0.5427223689238231,0.02129966486984041,0.8204000000000001,0.012669254121691639,0.17959999999999998,0.012669254121691639,47.362656911214195,0.6237963064478689
10,43,0.42393255705063093,0.03111425018519402,0.5628471217393874,0.0654747958957067,0.8171,0.016889049706836655,0.18289999999999998,0.016889049706836655,47.54060490926107,0.6133846426290083
10,44,0.41757088405447745,0.037285708964615624,0.5453167951742808,0.038771971536357246,0.8222333333333333,0.012090216430375946,0.17776666666666666,0.012090216430375946,47.71437327067057,0.6176835562068395
10,45,0.4133653954141483,0.032435078204476706,0.5371018971920013,0.03927237704352077,0.8241999999999999,0.016205863136531762,0.17580000000000004,0.016205863136531762,47.88572565714518,0.615640323878069
10,46,0.4061750838976077,0.03538132598324573,0.5333744235754013,0.03536108000198736,0.8271333333333334,0.012643311802424785,0.17286666666666664,0.012643311802424785,48.058892567952476,0.6158337952374914
10,47,0.39708967646623616,0.026496322043976537,0.5209449270566305,0.0464727903362621,0.8287,0.01428705707974879,0.1713,0.01428705707974879,48.226846059163414,0.60803179454335
10,48,0.39333706827419795,0.0233160606051963,0.5373304684638978,0.014934099855310181,0.8250000000000001,0.005408326913196019,0.17500000000000002,0.005408326913196019,48.394090016682945,0.5971220972217066
10,49,0.39217562638127895,0.021024908617336916,0.5323049439271291,0.006238670194224138,0.8247333333333332,0.0017616280348964834,0.17526666666666665,0.0017616280348964834,48.56839370727539,0.5844972427359824
10,50,0.3860207141487393,0.02586514765589978,0.5252672703742981,0.06091511329256844,0.8294666666666667,0.01856888077761642,0.17053333333333331,0.01856888077761642,48.736106872558594,0.5757231490338033
10,51,0.37824823566968896,0.023549573517894926,0.5294752846082051,0.04993298529868242,0.827,0.018255136263528707,0.17300000000000001,0.018255136263528707,48.904319763183594,0.5661451379253352
10,52,0.3746471248776711,0.02647198817429549,0.49038332435290016,0.018847376750320048,0.8382333333333333,0.0059936077059925446,0.16176666666666664,0.0059936077059925446,49.06632614135742,0.5642927397841737
10,53,0.36533301833696274,0.023045079100253923,0.5246652418613434,0.02042056274197049,0.8311333333333334,0.006331139971074208,0.16886666666666664,0.006331139971074208,49.228267669677734,0.5563572545572847
10,54,0.36385459049532587,0.025458816933027248,0.5439882855097452,0.029607057068626257,0.8242333333333334,0.007043673284113435,0.17576666666666663,0.007043673284113435,49.3924814860026,0.5512811318117178
10,55,0.3616541702068472,0.02715441137079838,0.5169493808865547,0.033611310199625495,0.8310333333333334,0.00867429151765913,0.16896666666666663,0.00867429151765913,49.55528132120768,0.5475995248979698
10,56,0.35424253202257044,0.022113292928693264,0.5312327162822088,0.026179538234545097,0.8277666666666667,0.010866615541802006,0.17223333333333332,0.010866615541802006,49.72223663330078,0.541929595236459
10,57,0.3523465303381792,0.02740064330295233,0.5060431983311972,0.0341898260098704,0.8363666666666667,0.00898127682088314,0.16363333333333333,0.00898127682088314,49.882511138916016,0.5410182794309346
10,58,0.34840450342506396,0.023914460559984422,0.4755922873655955,0.011729891156547035,0.8462333333333333,0.0039828800299950545,0.15376666666666663,0.0039828800299950545,50.05093510945638,0.530337839568279
10,59,0.34184874895283635,0.023366920548027276,0.5282619344393412,0.0915354005305338,0.8323,0.022590484722555176,0.1677,0.02259048472255518,50.207742055257164,0.5261087304512557
10,60,0.3460762395832342,0.02285284939752637,0.5506179364204407,0.04603912572975449,0.8278333333333334,0.014405670179944177,0.17216666666666666,0.014405670179944177,50.372397104899086,0.5200506689781568
10,61,0.3431739659260606,0.020247689461009154,0.5278279963493347,0.03300858715779988,0.8332999999999999,0.010678951259370005,0.1667,0.010678951259370004,50.53812789916992,0.5135538404883969
10,62,0.3312907008309702,0.027655985186847636,0.5592758746703467,0.13873503406672924,0.8242333333333334,0.03650374410020611,0.17576666666666665,0.03650374410020611,50.69428634643555,0.5126793813075168
10,63,0.3264997378055194,0.023538310040896408,0.49544388377666476,0.04451508664669317,0.8392333333333334,0.013887524377416326,0.16076666666666664,0.013887524377416326,50.850720723470054,0.5045665188748064
10,64,0.32875626381146833,0.018700507641714187,0.47363856902122503,0.0029298394160533455,0.8477666666666667,0.0016072751268321722,0.15223333333333333,0.0016072751268321722,51.01417668660482,0.49844566422466247
10,65,0.32223077517285476,0.023021580819340016,0.5787194056987762,0.10047793345826968,0.82,0.02407633693068776,0.18000000000000002,0.02407633693068776,51.17254384358724,0.49081661961566797
10,66,0.3257133578857802,0.024187049103855496,0.4813636665026347,0.021145235878036902,0.8440666666666666,0.00747819051197101,0.15593333333333334,0.00747819051197101,51.33878835042318,0.48697938315014383
10,67,0.3130619845020395,0.020843565056933345,0.5042723619381587,0.026917004911709945,0.84,0.006791170738539822,0.16,0.006791170738539822,51.49427159627279,0.4818353868328203
10,68,0.3105086062900652,0.01875711469972347,0.49672077841758727,0.019215121552032217,0.8464,0.0015874507866387474,0.1536,0.0015874507866387474,51.650126139322914,0.4742594910406662
10,69,0.30844121897007193,0.020856314846275696,0.48129721808433534,0.005226819163648645,0.846,0.0024331050121193117,0.15400000000000003,0.0024331050121193117,51.799434661865234,0.46803110717330926
10,70,0.3013272696926568,0.019692159844108093,0.4763166728099188,0.03549981067976224,0.8494,0.010479980916013128,0.15059999999999998,0.010479980916013126,51.947001139322914,0.4655492144537821
10,71,0.2987953358014628,0.018240426130481005,0.4677784715652466,0.011563230025586102,0.8520333333333333,0.003696394639825835,0.1479666666666667,0.003696394639825835,52.09595743815104,0.45820737091080427
10,72,0.2935808895621052,0.021680185699277352,0.4654877723693847,0.029232465777691955,0.8545666666666666,0.008441761269624532,0.14543333333333333,0.008441761269624532,52.24390411376953,0.4553425548976502
10,73,0.29533955068005935,0.02238913343595259,0.4736004219214121,0.016213972931548595,0.8502000000000001,0.004804164859785721,0.14979999999999996,0.004804164859785721,52.395880381266274,0.45640355218914125
10,74,0.2946522781611099,0.01781773063269594,0.5211688484032949,0.0722980016222432,0.8414333333333334,0.01618713480926548,0.15856666666666666,0.01618713480926548,52.55104192097982,0.44281921141195957
10,75,0.29064449817831456,0.011855177289648763,0.5041425107717514,0.04615065626674276,0.8438333333333333,0.013879961575355062,0.1561666666666667,0.013879961575355062,52.704453786214195,0.42721098432583093
10,76,0.2859801691397072,0.015551289436175654,0.4783221078554789,0.04683513839990495,0.8508333333333332,0.01446524570594409,0.14916666666666667,0.014465245705944088,52.85308837890625,0.42252830378239614
10,77,0.28546180128289,0.01604465366702833,0.5472108070691427,0.023027513145166708,0.8332333333333334,0.00815005112458407,0.16676666666666665,0.00815005112458407,53.00298945109049,0.41191010736191047
10,78,0.2827119178695244,0.017853386034522266,0.46995531687736514,0.04321938375624512,0.8497666666666667,0.012050449507521863,0.15023333333333333,0.012050449507521863,53.153350830078125,0.4055247740570715
10,79,0.2749637057599814,0.024576289855527764,0.482594780254364,0.033256954463398956,0.8526333333333334,0.008527797683653922,0.14736666666666667,0.008527797683653922,53.29690424601237,0.4116410147652759
10,80,0.2771149329834785,0.02249388515026825,0.4615703387419383,0.013218837557159023,0.8556,0.00627933117457587,0.1444,0.00627933117457587,53.44435119628906,0.413516267522172
10,81,0.2707493634543557,0.016655711864555927,0.48746792099475855,0.03435886180931338,0.8502333333333333,0.007043673284113397,0.1497666666666667,0.007043673284113397,53.58911895751953,0.4019922248320768
10,82,0.2655163271652768,0.013838465093333236,0.4948197672684987,0.040611727766766866,0.8497,0.008750428560933455,0.1503,0.008750428560933455,53.72882588704427,0.39395360106686866
10,83,0.267293295884173,0.016312204708074877,0.45588205560048417,0.005159180423092137,0.8580333333333333,0.0016196707484341926,0.14196666666666669,0.0016196707484341926,53.869117736816406,0.39528527739759733
10,84,0.2634841205086956,0.017392499307850407,0.483288199832042,0.0544546441806579,0.8521666666666666,0.011579435795121152,0.14783333333333334,0.011579435795121152,54.01199086507162,0.38782324601786206
10,85,0.2618785634611472,0.015135212542401804,0.5114240295688312,0.02743864624199641,0.8416,0.004611941023040058,0.15839999999999999,0.004611941023040058,54.15997314453125,0.38068669915954045
10,86,0.2611473765151173,0.016890270988428435,0.4718728357235591,0.05260741177408427,0.8551666666666667,0.012744541315140927,0.14483333333333334,0.012744541315140927,54.303094228108726,0.3753679245299739
10,87,0.25373455559404506,0.018654483932149926,0.515624117008845,0.06432643656236747,0.8442,0.019719026345131747,0.15580000000000005,0.019719026345131747,54.440748850504555,0.37705853613771617
10,88,0.2533061503665323,0.018363642583841308,0.4557346994638443,0.018279647975495694,0.8614666666666667,0.0033501243758005837,0.13853333333333337,0.0033501243758005837,54.579461415608726,0.3736536106467215
10,89,0.2500918741954867,0.011820542154060485,0.4649992862542471,0.031223810282320148,0.8576333333333332,0.006058327602014721,0.14236666666666664,0.006058327602014721,54.718753814697266,0.36346633501818987
10,90,0.25321135321871807,0.009908751061839718,0.4866346390883128,0.032573818444612476,0.8547666666666668,0.008778002810054987,0.14523333333333333,0.008778002810054987,54.862664540608726,0.3549383428267346
10,91,0.24645361788285056,0.016483331655077784,0.47261424160003657,0.007638537501070212,0.8563666666666666,0.0017925772879665298,0.14363333333333336,0.0017925772879665298,55.00739288330078,0.3560956579666043
10,92,0.24721110683293393,0.025293545555482466,0.4865073669274648,0.010410600903306333,0.8521333333333333,0.003707200201409845,0.14786666666666662,0.003707200201409845,55.149041493733726,0.3619960940145606
10,93,0.2434504643997268,0.015155470480440142,0.487190013329188,0.03770783804057244,0.8509666666666668,0.007144461724534092,0.14903333333333332,0.007144461724534092,55.28801727294922,0.3554514127925608
10,94,0.23993827195525275,0.015225882052178804,0.4710803733905156,0.05939339377800981,0.8589000000000001,0.014896979559628898,0.1411,0.014896979559628898,55.42503356933594,0.3550112039236961
10,95,0.2435063597097523,0.019614262111753017,0.4664585816144943,0.016754695056184456,0.8588999999999999,0.005828378848359098,0.1411,0.005828378848359098,55.5687001546224,0.35580288410240457
10,96,0.2337818712580438,0.01833201723145841,0.4614233088811239,0.012846111118958649,0.8611,0.0031320919526731765,0.1389,0.0031320919526731765,55.70147705078125,0.3540243067289295
10,97,0.23075631207517344,0.013836039682400903,0.4733688371976217,0.023627015766256074,0.8565333333333335,0.008075477282076438,0.14346666666666666,0.00807547728207644,55.83412170410156,0.3477199307470467
10,98,0.23449230897863604,0.00858892942037472,0.4508916882832845,0.015207560703766566,0.8637666666666667,0.004596012764705178,0.13623333333333335,0.004596012764705178,55.9751942952474,0.33903605365838824
10,99,0.23201001029007473,0.0190442137537808,0.49078776483535763,0.005970658382655195,0.8506666666666667,0.003878573620976309,0.14933333333333335,0.0038785736209763096,56.11723200480143,0.34565540398579025
10,100,0.23078980698279614,0.014565145896607911,0.5740546907901763,0.09705543818678602,0.8338666666666668,0.024186842152983386,0.16613333333333333,0.024186842152983386,56.258575439453125,0.3419054358795081
