tau,epoch,mean_train_loss,std_train_loss,mean_test_loss,std_test_loss,mean_test_acc,std_test_acc,mean_test_error,std_test_error,mean_weight_norm,std_weight_norm
0,1,1.6757762846739397,0.016070088797199743,1.948280719502767,0.32269913217448104,0.3736333333333333,0.048906577608061386,0.6263666666666666,0.04890657760806143,37.626365661621094,0.07101818948796239
0,2,1.2899599036190719,0.02299410140125301,1.2917196955362957,0.09227453714842174,0.5532666666666667,0.01775678274162672,0.44673333333333326,0.017756782741626724,37.883836110432945,0.07129203902986128
0,3,1.0941266377360417,0.0259348871331434,1.3336662033081055,0.26243919025508655,0.5664999999999999,0.04536066577994637,0.4335,0.04536066577994638,38.134254455566406,0.06850975081901908
0,4,0.9696142106409879,0.020543225465459097,1.1645405955632528,0.154551981125583,0.6120333333333333,0.04146339751314809,0.3879666666666666,0.04146339751314809,38.373251597086586,0.06870121785712267
0,5,0.8762677095938421,0.015078077270346843,1.1821989627838134,0.4211750086172911,0.6180333333333333,0.0928444038880822,0.38196666666666673,0.0928444038880822,38.606658935546875,0.06564026534670928
0,6,0.8035362663679618,0.007498503318715,1.0456934181213378,0.05635308303615334,0.6581,0.013509996299037257,0.34190000000000004,0.013509996299037257,38.83410517374674,0.06338134032439535
0,7,0.743966891510509,0.009817691368008379,0.8596192679405212,0.08000680540516304,0.7071333333333333,0.01959727872265262,0.29286666666666666,0.01959727872265262,39.054290771484375,0.06082031621543264
0,8,0.6946797814007407,0.0074675831224773215,0.8858517410596213,0.05229736752293419,0.7052,0.013952419145080145,0.2948,0.013952419145080145,39.26883316040039,0.05761653626506303
0,9,0.65608542120975,0.00587378365564445,0.801468246046702,0.05232907052544529,0.7359333333333334,0.015301089285842845,0.26406666666666667,0.015301089285842846,39.47780990600586,0.055451392463174314
0,10,0.6232582942248407,0.00922998585516654,0.780473667271932,0.027552959162810503,0.7392666666666666,0.005084617324178178,0.2607333333333333,0.005084617324178178,39.6814931233724,0.05153466853452585
0,11,0.595839976400569,0.009955465945645735,0.8794028999964397,0.17169933264923973,0.7082666666666667,0.052616759053873065,0.29173333333333334,0.052616759053873065,39.88227844238281,0.05049695675041565
0,12,0.5682561598521263,0.005289241210260728,0.7265951635360718,0.048056054681175284,0.7623666666666665,0.009089737803332594,0.23763333333333336,0.009089737803332592,40.08098602294922,0.04818025484377535
0,13,0.5472858468386624,0.008198525936785203,0.8077718900998434,0.02246508533169839,0.7426666666666667,0.004499259198282918,0.2573333333333333,0.004499259198282918,40.275211334228516,0.04532221111876069
0,14,0.525198511150487,0.009250600317491304,0.7637740537961323,0.13430496186707513,0.7543000000000001,0.03329999999999999,0.24569999999999995,0.033299999999999996,40.46712112426758,0.04475229830930908
0,15,0.5105854893279503,0.0057100830180694786,0.7401852814038595,0.1413556380487371,0.7684666666666667,0.02859830997337664,0.23153333333333329,0.02859830997337664,40.65864817301432,0.043958885251459155
0,16,0.49226339068660757,0.006853409146722829,0.757402669620514,0.1007010894605408,0.7585666666666667,0.02348581131946122,0.2414333333333333,0.02348581131946122,40.84614817301432,0.040640686206021875
0,17,0.47592143179612184,0.007778682020005743,0.7047928268432617,0.026265088514426233,0.7709333333333334,0.0033291640592396855,0.22906666666666667,0.0033291640592396855,41.03289286295573,0.041085397521805005
0,18,0.46353140574993484,0.007113296761715787,0.6696557061195373,0.11913197230098461,0.7877666666666667,0.021716660271168173,0.21223333333333336,0.021716660271168177,41.215771993001304,0.039037226408433746
0,19,0.45092459440942717,0.0109006615619791,0.6466599362055461,0.0858471864943824,0.7877333333333333,0.02422897714170644,0.21226666666666671,0.02422897714170644,41.398295084635414,0.039489060004856684
0,20,0.4378783254164056,0.008628635920757391,0.6913417663097382,0.04987210769304811,0.7793333333333333,0.00854068693568225,0.22066666666666668,0.00854068693568225,41.57992172241211,0.03942287109518339
0,21,0.4247117292545641,0.008925826255920798,0.6247362359364828,0.05986642393734229,0.8038333333333334,0.014759516703921317,0.19616666666666668,0.014759516703921317,41.76124699910482,0.03828358190241606
0,22,0.4149213703849432,0.004548145502691455,0.7041057458082834,0.17333927385949346,0.7807666666666667,0.04152858453322642,0.2192333333333333,0.04152858453322642,41.93895594278971,0.037819234661795556
0,23,0.40345256702572696,0.006769341839298843,0.615810510635376,0.1332995789561288,0.8043666666666667,0.03329404351131496,0.19563333333333333,0.03329404351131496,42.115552266438804,0.03795270996056909
0,24,0.39134749056229917,0.005568887591611968,0.7155660459518433,0.09735550733146027,0.7812666666666667,0.023958575361096388,0.21873333333333334,0.023958575361096388,42.291342417399086,0.03784134240287728
0,25,0.3843056748209097,0.005833520879598853,0.6171807221412658,0.03194554965268104,0.8069333333333333,0.009402836451482804,0.19306666666666664,0.009402836451482804,42.46467208862305,0.03843491732060052
0,26,0.37478703964193555,0.0030102667336732065,0.5748733636538188,0.042323113339585994,0.8164000000000001,0.009516827202382117,0.18359999999999999,0.009516827202382115,42.63778559366862,0.038678079664364866
0,27,0.36764344249082653,0.0051027528870579725,0.6346429095904033,0.03306013239974298,0.7935666666666666,0.009623062575569876,0.20643333333333336,0.009623062575569876,42.8106320699056,0.037627606943237565
0,28,0.35864753932243526,0.002664465831662529,0.6651264313538869,0.02622179709379708,0.7951999999999999,0.004869291529575904,0.2048,0.004869291529575904,42.982496897379555,0.03781483007245485
0,29,0.35170196299103723,0.0040641158473344935,0.5938912522315979,0.057246411595088115,0.8108333333333334,0.01559241268480708,0.18916666666666668,0.015592412684807083,43.15194574991862,0.03749716754188012
0,30,0.3440189944661182,0.0017094255528303853,0.6436090222676595,0.16267940179091292,0.8065333333333333,0.033285181888241686,0.19346666666666668,0.033285181888241686,43.321417490641274,0.03778034618510716
0,31,0.33452153284633046,0.007087145046647299,0.5378917556126913,0.009984120975867103,0.8311333333333333,0.005081666393352993,0.16886666666666664,0.005081666393352992,43.49030303955078,0.039418000576492966
0,32,0.32944363335311055,0.0055964654643460105,0.5837085351308188,0.05724229676115713,0.8153333333333332,0.011402338941345912,0.18466666666666665,0.011402338941345912,43.658957163492836,0.04088279246819106
0,33,0.32274556209516647,0.003584694220940148,0.6159000501155854,0.07446773659613183,0.8102999999999999,0.01268345378830232,0.1897,0.01268345378830232,43.82667668660482,0.04329945717248144
0,34,0.31650484801100953,0.006803174714523835,0.6694792461077372,0.0866676569801714,0.7958999999999999,0.022194819215303356,0.20410000000000003,0.022194819215303356,43.99391174316406,0.04615679274709973
0,35,0.3090008161993791,0.004295197814405217,0.5387195841948191,0.06792998284826843,0.8279,0.018421997720117104,0.1721,0.018421997720117104,44.159566243489586,0.04691522167376698
0,36,0.3024689033818062,0.0018512900201410095,0.6593623030662537,0.025624230638790105,0.8063666666666666,0.007489548272982391,0.19363333333333332,0.007489548272982391,44.324503580729164,0.04746238831333916
0,37,0.2982188248776617,0.004725114992334499,0.5946880368073781,0.06260816895926553,0.8174,0.015950235107985086,0.1826,0.015950235107985086,44.48838424682617,0.04692505282010564
0,38,0.2937791068281563,0.003031336596311239,0.5674931958715121,0.014059123541550212,0.8253666666666666,0.004675824347998267,0.17463333333333333,0.004675824347998267,44.65228017171224,0.04766854744298993
0,39,0.2874220623003552,0.006758572149419402,0.5531321891307831,0.06968158202402834,0.8302,0.016839536810732074,0.16979999999999998,0.016839536810732074,44.81533686319987,0.04890507540408527
0,40,0.2828370115615726,0.006567077488836657,0.5801439699729284,0.11932036955374552,0.8266333333333332,0.02790292696713612,0.1733666666666667,0.027902926967136123,44.9777577718099,0.049929787259034415
0,41,0.2758006251147946,0.0016821949189396463,0.4970519595464071,0.0324095522825838,0.8468666666666667,0.00903677671149026,0.15313333333333334,0.00903677671149026,45.138955434163414,0.05067333063049689
0,42,0.27324545647685383,0.005533118724973769,0.7910696796576181,0.30182508899603216,0.7897333333333334,0.051363443550187834,0.21026666666666669,0.051363443550187834,45.30011240641276,0.05131647344220204
0,43,0.26827715358872345,0.0027050487798768973,0.6989239372571309,0.12438212695813673,0.8000333333333334,0.031050013419213394,0.19996666666666665,0.031050013419213398,45.459921518961586,0.0537347857586168
0,44,0.26232417767513333,0.004014945277809493,0.5220132120768229,0.04801576363792917,0.8461,0.00835942581760255,0.1539,0.00835942581760255,45.620262145996094,0.052074608422802565
0,45,0.25882648194537444,0.006952988960920098,0.5517597566922505,0.04758112842181714,0.8362999999999999,0.010289800775525255,0.16370000000000004,0.010289800775525253,45.77878952026367,0.054308863488484495
0,46,0.2537944290313778,0.0031206310171482832,0.5516780757904053,0.034935757934367324,0.8348,0.01062261737991159,0.1652,0.01062261737991159,45.93626912434896,0.05584986963320958
0,47,0.2488574891875975,0.0072545652589102415,0.5584483663717906,0.05398980657599668,0.8358666666666666,0.012133150181767876,0.16413333333333333,0.012133150181767876,46.09419631958008,0.05669594590657841
0,48,0.2472193333219486,0.003824611756728748,0.6464472683588663,0.07973810008566408,0.8180666666666667,0.017737061011715908,0.1819333333333333,0.017737061011715908,46.250665028889976,0.05898515170228861
0,49,0.24442815536098003,0.0018470777216757282,0.6361112459659576,0.048573967187338245,0.8227333333333334,0.011168855506869694,0.17726666666666666,0.011168855506869694,46.40666198730469,0.06060913260937532
0,50,0.23707376012716755,0.0034877024074329173,0.5197506587664286,0.06307411503419723,0.8441,0.01172049487009832,0.1559,0.011720494870098318,46.5613899230957,0.06218745889468398
0,51,0.23480996160505171,0.004555344280168951,0.5488867542743683,0.055457662532136486,0.8409333333333334,0.013747848316494213,0.1590666666666667,0.013747848316494213,46.71533075968424,0.06270021092534703
0,52,0.229130513813642,0.005297139789575809,0.5508309884230296,0.06971692323720499,0.8372666666666667,0.013476028099307792,0.1627333333333333,0.013476028099307792,46.86828486124674,0.0625004686087187
0,53,0.2256102735162391,0.003807631704414491,0.5602808933417003,0.0993228512628407,0.8435333333333334,0.02011624550788081,0.15646666666666664,0.02011624550788081,47.02047220865885,0.06261705871299532
0,54,0.2221663190593398,0.0029367884199342385,0.5671830452442169,0.08450690599542467,0.8382666666666667,0.018744154644404036,0.16173333333333337,0.018744154644404036,47.174065907796226,0.0637227247789526
0,55,0.2192217065728026,0.0023378517088862585,0.5283502616405488,0.05582776709687191,0.8461,0.011624543001769986,0.1539,0.011624543001769986,47.32429758707682,0.06444748221758154
0,56,0.2150424096514197,0.003830419436915313,0.5923159080664316,0.09457530439791027,0.8347666666666665,0.021338775347552946,0.16523333333333334,0.021338775347552942,47.47610600789388,0.064568887766381
0,57,0.2136421215173432,0.003770672778894631,0.605576742998759,0.08748352912610391,0.8331666666666666,0.018422088191443777,0.16683333333333336,0.018422088191443777,47.62647374471029,0.06502298293951361
0,58,0.21092059441666675,0.002409192752199219,0.529986388305823,0.02836099094267293,0.8489999999999999,0.007402026749478782,0.15100000000000002,0.007402026749478783,47.77597173055013,0.06840900832469714
0,59,0.20722486818080665,0.003918986219094203,0.5452887525399527,0.1059650938939,0.8481000000000001,0.019755252466116462,0.15189999999999995,0.019755252466116462,47.9245974222819,0.06955508845094345
0,60,0.2058361328928672,0.003160701245149428,0.5535665758689244,0.020959413736617173,0.8443999999999999,0.003950949253027691,0.15559999999999996,0.003950949253027691,48.07408014933268,0.06985285992405511
0,61,0.20169906847286914,0.003096006938499708,0.5470160243670145,0.026874287330374426,0.8456999999999999,0.006533758489567827,0.1543,0.006533758489567827,48.22248840332031,0.07010621492061887
0,62,0.19741946572512514,0.0034034279112806357,0.5444848905563354,0.03995706528248006,0.8438666666666667,0.01257033545031052,0.15613333333333335,0.01257033545031052,48.369588216145836,0.0702078294265217
0,63,0.19493052922348028,0.0013859241053852912,0.5535683571497599,0.07210014270716704,0.8479666666666668,0.011184960139997535,0.15203333333333333,0.011184960139997535,48.51440938313802,0.07153211531500925
0,64,0.19257130222958777,0.005118104253701755,0.5407871596256891,0.05649757647805844,0.8480333333333334,0.009332916657365636,0.15196666666666667,0.009332916657365636,48.65939203898112,0.07161185656083192
0,65,0.18833916706095774,0.004589245311604614,0.5589105295976003,0.07001059659485963,0.8450333333333333,0.017273196963310904,0.15496666666666667,0.017273196963310904,48.80379104614258,0.07081083203780988
0,66,0.18796376766476586,0.0019664255249845167,0.5543594048500061,0.07494412730229892,0.8461666666666666,0.012023865157815648,0.1538333333333333,0.012023865157815648,48.946852366129555,0.0716184431606372
0,67,0.183964940872542,0.0040203964709280655,0.5429185963948568,0.0231850782860285,0.8505333333333333,0.0028867513459481316,0.14946666666666672,0.002886751345948131,49.090555826822914,0.07315762340172093
0,68,0.1800883976490144,0.001533912769912022,0.534118736743927,0.012042046393288245,0.8512666666666666,0.005923118547972275,0.14873333333333336,0.005923118547972275,49.23271942138672,0.07373629033477087
0,69,0.17931931341687837,0.0024854138795541007,0.5466616648832957,0.010664986614805527,0.851,0.005737595315112465,0.14900000000000002,0.005737595315112465,49.37549336751302,0.07329031399568503
0,70,0.17607165888294843,0.0036895515803924707,0.5594183481375377,0.03771630906988701,0.8483999999999999,0.004699999999999982,0.15159999999999998,0.004699999999999982,49.516387939453125,0.07455661778708486
0,71,0.17422969098133811,0.0022162466552369826,0.5871055737495422,0.01586992297843933,0.8412333333333333,0.0051675268101223325,0.1587666666666667,0.0051675268101223325,49.65613810221354,0.07653230837842724
0,72,0.17130735748386341,0.0045591367798842545,0.5551690103371937,0.03850966782296238,0.8506333333333332,0.008173942337289472,0.14936666666666668,0.008173942337289472,49.79696909586588,0.07516323355275191
0,73,0.17023334965960957,0.0002345471739641087,0.6099424874623617,0.09781243537848977,0.8388,0.023047559523732677,0.16119999999999998,0.023047559523732677,49.93622716267904,0.07802933598308695
0,74,0.16957112284216835,0.003204276156499546,0.6130901952743532,0.06416732713152724,0.8388666666666666,0.008974593769822266,0.16113333333333335,0.008974593769822266,50.07597732543945,0.0787593497253796
0,75,0.16408108516841594,0.001460346655253923,0.5345889290332795,0.046778427805126845,0.8519333333333333,0.013273030299571161,0.14806666666666665,0.013273030299571161,50.214561462402344,0.08080542998738426
0,76,0.16289679539681293,0.003580121375554855,0.572903749358654,0.0505728706326972,0.8497666666666666,0.009523829761883268,0.15023333333333333,0.009523829761883268,50.35174051920573,0.08319001277203482
0,77,0.16214670405071308,0.003179783348982146,0.5717809847195943,0.004639739039520374,0.8464,0.005550675634551166,0.1536,0.005550675634551166,50.48962529500326,0.08461162140172873
0,78,0.15742644841345274,0.004619945257031639,0.5207676049550375,0.023987478113283067,0.8588999999999999,0.00443057558337514,0.1411,0.00443057558337514,50.624603271484375,0.08522048726491208
0,79,0.1544531135734898,0.004246762574837499,0.5935865034302076,0.04615319203440761,0.8447,0.009534673565466213,0.1553,0.009534673565466213,50.75889333089193,0.08725929319316995
0,80,0.15495030773773422,0.004411496291989659,0.569406906414032,0.026741578330680884,0.8519,0.00476969600708475,0.14809999999999998,0.00476969600708475,50.895975748697914,0.08791301828898541
0,81,0.15216840469204557,0.00038394771130910693,0.6362349619468053,0.07293254791261979,0.8429666666666668,0.011913997370040562,0.15703333333333333,0.011913997370040562,51.02960713704427,0.0908819945651605
0,82,0.15065889910676494,0.002907589829645079,0.5351951237519582,0.04826272013998973,0.858,0.007830708780180775,0.14200000000000002,0.007830708780180775,51.16339365641276,0.0904189827293659
0,83,0.1503732832178842,0.001059872404776923,0.6407345191637676,0.11264443696299277,0.8385333333333334,0.021774373316661346,0.16146666666666665,0.021774373316661346,51.29677708943685,0.09309430860337756
0,84,0.14868431202972027,0.0025778062271330903,0.5388672127405804,0.01381626415280899,0.8579666666666667,0.0029737742572921366,0.14203333333333332,0.0029737742572921366,51.429500579833984,0.09370923343380089
0,85,0.14545020903798114,0.0012886781714324849,0.5618926391243935,0.08159538801052954,0.8565,0.011688883607941344,0.14349999999999996,0.011688883607941344,51.56077448527018,0.09618425140945618
0,86,0.14292819150751304,0.004707813183570103,0.5200308445135752,0.04476218321575619,0.8642666666666666,0.007757147241952618,0.1357333333333333,0.007757147241952618,51.69077173868815,0.0975878886273626
0,87,0.140620602121718,0.002990190738676797,0.5669491878668467,0.04267294858726163,0.8561333333333333,0.01057654638023838,0.14386666666666667,0.01057654638023838,51.82020060221354,0.09771808226429249
0,88,0.13719680897084852,0.002240394799075902,0.5619664394537608,0.03450052124929312,0.8560666666666666,0.0063437633415295,0.14393333333333333,0.0063437633415295,51.94836552937826,0.09873972279030785
0,89,0.13552423357607865,0.003715725830757526,0.5251711782932281,0.04686745096985273,0.8661666666666666,0.006423654204059665,0.13383333333333333,0.006423654204059665,52.076080322265625,0.09799246251798265
0,90,0.13716531247662767,0.0026348374664359074,0.6043229754765828,0.1488242790112553,0.8501333333333333,0.027308850824107073,0.14986666666666668,0.027308850824107073,52.20506286621094,0.09637909388203578
0,91,0.13499281544933844,0.003308775214652259,0.5502544230937958,0.060973598884890304,0.8597666666666667,0.00871569465581104,0.14023333333333332,0.00871569465581104,52.33275477091471,0.09588029033348201
0,92,0.13094699765473783,0.00444281233061218,0.6073813522497813,0.08782607051494366,0.8485,0.01848864516399186,0.15149999999999997,0.01848864516399186,52.45789464314779,0.09393104274067982
0,93,0.1295625191048512,0.004512495171880023,0.580030529387792,0.07925806462097407,0.8579666666666667,0.008130395644329547,0.14203333333333334,0.008130395644329547,52.58418655395508,0.09442877362989051
0,94,0.1278504242728332,0.0032921232303822546,0.613701954682668,0.061047085363487505,0.8530666666666668,0.010980588933811,0.14693333333333333,0.010980588933811,52.70949172973633,0.09596917768813368
0,95,0.12691728625595822,0.002506720325366574,0.5640972850322723,0.020937335501775112,0.8615,0.0023811761799581,0.13849999999999998,0.0023811761799581,52.83398691813151,0.09605956378787212
0,96,0.1252307705279481,0.0029308229842777275,0.5901042795976003,0.07889217972468064,0.8571,0.013550276749941307,0.1429,0.013550276749941307,52.957967122395836,0.09563739745726721
0,97,0.12512209626249748,0.00439804502645373,0.5848434452851614,0.01534893654851402,0.8605,0.004229657196511316,0.13950000000000004,0.004229657196511316,53.08183670043945,0.09455389292459539
0,98,0.12169102883920746,0.005236049188344591,0.6138521367708841,0.05529150375005454,0.8505333333333334,0.010920317455703111,0.14946666666666664,0.010920317455703111,53.204115549723305,0.09493141510350837
0,99,0.12057215750585838,0.001972416242161772,0.5643312292893728,0.031358166505045096,0.8647,0.006937578828380992,0.13529999999999998,0.006937578828380992,53.32589848836263,0.09678358671215155
0,100,0.12121540074572539,0.004027171168170708,0.5664336344877879,0.045899619773671345,0.8635666666666667,0.005810622456616302,0.13643333333333332,0.005810622456616302,53.449517567952476,0.09911041024062088
1,1,1.8460335839231707,0.023655186901682442,1.5892048345565797,0.019824130898065208,0.4289666666666667,0.014950027870654074,0.5710333333333333,0.014950027870654067,37.64265060424805,0.08905530198751285
1,2,1.4054269293689972,0.038350693924831425,1.711116381072998,0.2915309053148584,0.43439999999999995,0.04437307742314025,0.5656,0.044373077423140284,37.914450327555336,0.09599529231986184
1,3,1.1983026756451665,0.0338033823388835,1.2163545125325521,0.17677917045018926,0.5745,0.04842034696282135,0.4255,0.04842034696282135,38.185282389322914,0.09844328210850634
1,4,1.0524452594946514,0.03232268350386429,1.075363461303711,0.022736187772269805,0.6198,0.018194229854544542,0.38020000000000004,0.018194229854544542,38.44128672281901,0.09837590828266482
1,5,0.9473277554487632,0.0333106742396542,1.0261222045898437,0.12067079080338833,0.6450666666666667,0.041988728646308565,0.3549333333333333,0.041988728646308565,38.68754577636719,0.09718195409325271
1,6,0.8664818514846678,0.029749440520414238,1.1004565952936807,0.20677503133910247,0.6417666666666667,0.04804584616107131,0.35823333333333335,0.04804584616107131,38.929606119791664,0.09622878171596937
1,7,0.7983012224046572,0.02812442474050356,1.018712450536092,0.12916383075277368,0.6705333333333333,0.02257528146742215,0.3294666666666667,0.02257528146742215,39.161720275878906,0.09163356360043416
1,8,0.7469070310889404,0.029010663214054697,0.9230332176526388,0.15413228314861507,0.6932,0.02992607558635108,0.3068,0.02992607558635108,39.387072245279946,0.08798279667223223
1,9,0.7006325812697511,0.0228482122423067,0.8640100495020548,0.16561293531864296,0.7172666666666667,0.03820501712253681,0.28273333333333334,0.03820501712253681,39.60607782999674,0.08420733744783715
1,10,0.6622342257700917,0.01986871037120799,0.8901328676541646,0.09287377328162126,0.709,0.02776706682384728,0.291,0.02776706682384728,39.81961313883463,0.07860519610587592
1,11,0.628149840583785,0.01747224148199208,0.7834184337933858,0.09086937440935876,0.7401666666666666,0.03055230487759203,0.25983333333333336,0.03055230487759203,40.02839914957682,0.0756633822245974
1,12,0.603154368412769,0.015659827729768865,0.7566776056925456,0.054566149790562506,0.7516333333333334,0.011582026305156309,0.24836666666666665,0.011582026305156309,40.23282114664713,0.0749217425006428
1,13,0.5798501502928933,0.013278422344732276,0.8073201063156127,0.16008277752945113,0.7348,0.03795247027533254,0.2652,0.03795247027533254,40.43099848429362,0.07042119883649481
1,14,0.5532389542584936,0.012243910782714541,0.6897375525474548,0.05093856465281255,0.7736333333333333,0.018492521010758215,0.2263666666666667,0.018492521010758215,40.62708028157552,0.07152579847512434
1,15,0.5379387052874227,0.012597042330667193,0.7136397415161132,0.05999664542394548,0.7696666666666667,0.01574240557644645,0.23033333333333336,0.01574240557644645,40.821511586507164,0.07130188821817963
1,16,0.517776224060335,0.008979856242756235,0.68528492881457,0.04436321103922094,0.7760333333333334,0.009134732252963604,0.22396666666666665,0.009134732252963604,41.01362101236979,0.06991108468335813
1,17,0.4999704477071559,0.009549075476490494,0.6752505289077759,0.029498858166673594,0.7771666666666667,0.0086558265540232,0.2228333333333333,0.0086558265540232,41.203269958496094,0.06925090582140235
1,18,0.48709823169570043,0.007879473478492318,0.618381827100118,0.07112223508014184,0.7970333333333334,0.024279483794622428,0.20296666666666663,0.024279483794622428,41.38961919148763,0.0665864365072255
1,19,0.4729735763379883,0.008456384190487564,0.6394753922621409,0.058181687034074885,0.7896333333333333,0.019131213587572894,0.2103666666666667,0.019131213587572894,41.57242075602213,0.06398033843636476
1,20,0.45875887784913166,0.005837873105028535,0.5898922089099884,0.021007932097706166,0.8060666666666667,0.0030088757590391595,0.19393333333333332,0.0030088757590391595,41.75694274902344,0.06411561062336185
1,21,0.4469057050202509,0.0057209277979742125,0.5932227083603542,0.010404683165379992,0.8067333333333333,0.0037647487742654717,0.19326666666666667,0.0037647487742654717,41.93910598754883,0.06487401714055892
1,22,0.4348126093190852,0.00458074050136881,0.605389834133784,0.0852165433680428,0.8033,0.022400669632848074,0.19669999999999999,0.022400669632848074,42.12028503417969,0.060333118211851715
1,23,0.42453338522130574,0.004779528504874964,0.5585699484666188,0.019342902907319336,0.8158,0.003235737937472688,0.1842,0.003235737937472688,42.29882049560547,0.05792799272605506
1,24,0.4109629769408591,0.0030210142922482254,0.5960065961519877,0.05796167290290776,0.8079666666666667,0.015875242780295815,0.1920333333333333,0.015875242780295815,42.47495142618815,0.057702194048011586
1,25,0.40232945883365545,0.00392751818106029,0.6331414569060008,0.07693683795994392,0.7983666666666668,0.021594983985484553,0.20163333333333333,0.021594983985484553,42.65088653564453,0.05494545299339212
1,26,0.39390505948131754,0.002700864622380104,0.6034975051164627,0.03821351365234207,0.8017666666666666,0.011216654284292336,0.19823333333333334,0.011216654284292336,42.82558949788412,0.05403282657688348
1,27,0.38744868306349406,0.002672288678802555,0.5739444089730581,0.060198170968826174,0.8145000000000001,0.015600961508830155,0.18549999999999997,0.015600961508830155,42.99842834472656,0.05029590766500134
1,28,0.37704776978248833,0.0024114932169366147,0.5803892012278239,0.09919272844894633,0.8155,0.02210610775328842,0.1845,0.02210610775328842,43.17121887207031,0.049818568626855624
1,29,0.3679008647888416,0.0021907588950053907,0.6586321358680726,0.10225797130118486,0.7986333333333334,0.026848898177268533,0.20136666666666667,0.026848898177268536,43.34156926472982,0.04932270510462974
1,30,0.3584392503196117,0.0024835311116124486,0.5757039797782898,0.02798008565193678,0.8159000000000001,0.008727542609463427,0.1841,0.008727542609463427,43.5106201171875,0.045619477512576855
1,31,0.35289180136499304,0.004326924825018672,0.533956603050232,0.059757058074690124,0.8290333333333333,0.016513428878743883,0.17096666666666668,0.016513428878743883,43.679752349853516,0.04240111583288485
1,32,0.3476107865826045,0.002489590840518649,0.5485020119826,0.012155014002652946,0.8261666666666666,0.0014742229591664046,0.1738333333333333,0.0014742229591664046,43.84733327229818,0.041029536127117676
1,33,0.33857582134765535,0.002567627350767884,0.6417058458169301,0.07199867385589016,0.8027666666666667,0.017208234462992824,0.19723333333333334,0.017208234462992824,44.0145009358724,0.0394502978410591
1,34,0.3299479238492042,0.0037743574858838955,0.6123972074190775,0.07024802096642893,0.8075333333333333,0.018486842167696835,0.19246666666666665,0.018486842167696835,44.180137634277344,0.039993252839704424
1,35,0.3258453811068669,0.0024648090209486353,0.5600369266351064,0.06886370072383066,0.8256,0.01442116500148307,0.17439999999999997,0.01442116500148307,44.34456253051758,0.04019960286388355
1,36,0.3172686157679822,0.001970859555721621,0.5069663356145223,0.017124655077269072,0.8391333333333333,0.004416257842714045,0.1608666666666667,0.004416257842714045,44.50861104329427,0.0399224634703183
1,37,0.3148090124562167,0.0028525349387350588,0.5075138117790222,0.025281612105909682,0.8387333333333333,0.010006164766449421,0.16126666666666667,0.010006164766449421,44.6702880859375,0.03842885716014643
1,38,0.30859330205051494,0.003540461002675801,0.5066930053393045,0.031140474547146593,0.8374666666666667,0.009066605391949804,0.16253333333333334,0.009066605391949804,44.83378982543945,0.03722716154406333
1,39,0.3009489630265614,0.0009258462526208842,0.5270979046503702,0.014411804028221193,0.8344,0.00622173609212092,0.16559999999999997,0.00622173609212092,44.99571990966797,0.03731227858841771
1,40,0.2975120703862045,0.0022477371390491347,0.5336604395866394,0.07378567258880839,0.8334666666666667,0.020695973843560346,0.1665333333333333,0.020695973843560346,45.15654373168945,0.03835381013129026
1,41,0.28830349469479594,0.0038171588503028596,0.5791482289155324,0.03999949039265867,0.8287,0.01129291813483122,0.1713,0.01129291813483122,45.318808237711586,0.03861767102345722
1,42,0.2852553528974124,0.0006329505622937297,0.5161257000764211,0.058273354271962556,0.8382999999999999,0.015761662348876753,0.16169999999999998,0.015761662348876753,45.47985967000326,0.036378296871563263
1,43,0.28280526428195224,0.0007799749441317449,0.48769545770486195,0.03235101037059267,0.8474,0.0053254107822777105,0.15259999999999999,0.005325410782277711,45.640384674072266,0.034917280632780594
1,44,0.2774970704865883,0.003175306914885583,0.5545961621284485,0.08069844265146806,0.8329333333333334,0.019809425366055764,0.1670666666666667,0.019809425366055764,45.800235748291016,0.03755255182774121
1,45,0.27190461714147807,0.00579942964917455,0.47348458433151247,0.03393350825519625,0.8518333333333333,0.0068995168912999606,0.14816666666666667,0.0068995168912999606,45.958316802978516,0.036214431036832855
1,46,0.2688063165365075,0.004526475568982976,0.5544474056323369,0.019190488304456545,0.8328666666666668,0.0012741009902410803,0.16713333333333333,0.0012741009902410803,46.113922119140625,0.03587613142124047
1,47,0.26148235078866117,0.006536830271741559,0.5723140118281047,0.058376098526616814,0.8299666666666666,0.00983378530034765,0.17003333333333337,0.00983378530034765,46.27136993408203,0.034933158057977726
1,48,0.25949462631499776,0.003130829440635695,0.48318049704233806,0.02624766905484342,0.8525666666666667,0.005105226080530938,0.14743333333333333,0.005105226080530938,46.42724482218424,0.035293882217238066
1,49,0.2552203916756393,0.004136476621854443,0.5381757907549539,0.024606325139467457,0.8397333333333333,0.004164532786920226,0.16026666666666667,0.004164532786920226,46.581103006998696,0.035220684901691834
1,50,0.24949990125263435,0.004360398909919364,0.5169477284431457,0.09151398877429355,0.847,0.021306337085477637,0.153,0.021306337085477637,46.73648579915365,0.03506444937029341
1,51,0.24681215739006276,0.005057253830469909,0.5439683179537456,0.006416315526623236,0.8410666666666667,0.0013503086067019566,0.15893333333333334,0.0013503086067019568,46.89003117879232,0.037748476743635455
1,52,0.24507895581430592,0.006820803712335218,0.5348895935058594,0.11645385196157074,0.8428,0.02587334535772286,0.1572,0.02587334535772286,47.046190897623696,0.037026150516894916
1,53,0.23645550058320963,0.004792021643724699,0.5121508993625641,0.03871113211154403,0.8488666666666665,0.004901360355384359,0.15113333333333334,0.004901360355384358,47.19815190633138,0.03647712089687239
1,54,0.23523823768916743,0.005969366584257645,0.5303722945292791,0.053152813007545714,0.8441000000000001,0.009525229656024077,0.1559,0.009525229656024077,47.35037485758463,0.03710930957861622
1,55,0.230752072123158,0.00381190894196413,0.513429185851415,0.03362934527804481,0.8475333333333334,0.011509271624795989,0.15246666666666667,0.011509271624795989,47.50133260091146,0.03755300333646179
1,56,0.22824372307342644,0.004581400386674366,0.5541628515243531,0.06684290272921078,0.8378,0.017485994395515524,0.1622,0.017485994395515524,47.65379206339518,0.038910630973707734
1,57,0.22474156653560948,0.0037250462582890205,0.4794373349666596,0.007941690003334093,0.8577,0.004299999999999989,0.1423,0.004299999999999988,47.803253173828125,0.040602938292284535
1,58,0.2212260800706761,0.005781442711766517,0.46969706455866495,0.057324907994311815,0.8595,0.012662148316932612,0.14049999999999999,0.012662148316932612,47.95078913370768,0.039916783175762145
1,59,0.21888653548451845,0.005695876878523185,0.5332432814915975,0.0980716490594562,0.8467666666666666,0.0208857207999469,0.15323333333333333,0.0208857207999469,48.09929911295573,0.04202584237867992
1,60,0.21435918167347798,0.004964770766127488,0.5608775008678436,0.0864023363168555,0.8368000000000001,0.02093633205697691,0.16319999999999998,0.02093633205697691,48.24848302205404,0.04145823260947333
1,61,0.21234429673389402,0.004859040981724471,0.5236515588919323,0.04585877188162036,0.8464666666666667,0.01354301788130447,0.15353333333333333,0.01354301788130447,48.39645131429037,0.042600471180878875
1,62,0.20914475231702168,0.003357669503009694,0.497404856189092,0.01770919012640936,0.8541333333333333,0.005024274408641836,0.14586666666666667,0.005024274408641837,48.543768564860024,0.04418292269566567
1,63,0.2044062534853727,0.005676109192083707,0.5054949337959289,0.04005373990099068,0.8568000000000001,0.008571464285639905,0.1432,0.008571464285639905,48.69056955973307,0.04434794912558586
1,64,0.2046933347090939,0.004413607452511891,0.4877954298019409,0.04136862371401962,0.8576,0.012229472596968336,0.1424,0.012229472596968336,48.83899943033854,0.044484796787352045
1,65,0.2016704405156954,0.001074566428286347,0.5467585084915162,0.03022270586624561,0.8457666666666667,0.006500256405199158,0.15423333333333333,0.006500256405199158,48.98379135131836,0.044081658701966106
1,66,0.19655779484287858,0.005028624434998827,0.5017803899447123,0.04175946249721628,0.8574333333333333,0.008015193904911727,0.14256666666666665,0.008015193904911727,49.12828063964844,0.0445918431104799
1,67,0.19395069481974878,0.004261331713428172,0.48635996216138205,0.012908601830673324,0.8588666666666667,0.0026102362600602443,0.1411333333333333,0.0026102362600602443,49.27113342285156,0.04408835783010911
1,68,0.19224444628778117,0.004175559928002539,0.47353855040868126,0.009092353481916799,0.8640333333333334,0.001401189970465595,0.13596666666666665,0.0014011899704655948,49.41433970133463,0.043995262165924004
1,69,0.1878407556319074,0.00518642373021509,0.501000627930959,0.030616513307151125,0.8586666666666667,0.006757465007925155,0.14133333333333334,0.006757465007925155,49.55641301472982,0.04511352116437265
1,70,0.1866144998616778,0.0027054513086085742,0.5114164172172546,0.03639638185878009,0.8578666666666667,0.0071023470299143784,0.14213333333333333,0.0071023470299143784,49.6992301940918,0.04596310736682448
1,71,0.18395548552681218,0.0020084495867554717,0.4886057208697001,0.04061403670213768,0.8597999999999999,0.009472592042308194,0.1402,0.009472592042308194,49.8407834370931,0.04600742159933142
1,72,0.1825270125259727,0.007232806885769018,0.5065301277478537,0.00699444862225516,0.8557333333333333,0.0034195516275285828,0.14426666666666665,0.0034195516275285828,49.98333867390951,0.04538265709714076
1,73,0.180058403339202,0.006120160627322103,0.48666163021723435,0.05121784249054754,0.8633666666666667,0.011939988833048937,0.1366333333333333,0.011939988833048937,50.12482452392578,0.04684504794422461
1,74,0.17783140738868652,0.0009450755038395763,0.5180772016525268,0.06083131134785431,0.8533666666666666,0.013030860805538974,0.1466333333333333,0.013030860805538974,50.26455815633138,0.04679948346744678
1,75,0.17383429375679596,0.004068915984942856,0.49795079805850984,0.03182429977082943,0.8606333333333334,0.007046512139586057,0.13936666666666664,0.007046512139586057,50.404066721598305,0.047482366231059565
1,76,0.1724381697287137,0.008493302733695784,0.4919268869717916,0.015624789399793114,0.8604666666666666,0.0032254198693089904,0.13953333333333331,0.0032254198693089904,50.54314168294271,0.049057503594414145
1,77,0.17132892260186608,0.002976422947914983,0.5312569747130076,0.05338008328284644,0.8533,0.013551383693187926,0.14670000000000002,0.013551383693187924,50.682692209879555,0.049966079256198254
1,78,0.16609907625060455,0.00631442229422454,0.5283861654122671,0.025713477212069173,0.858,0.0028792360097775697,0.14200000000000002,0.0028792360097775697,50.81969197591146,0.047922421974850214
1,79,0.1658896144292137,0.004354454540562189,0.4915845982074738,0.026230555338957448,0.8633000000000001,0.00497895571380184,0.13670000000000002,0.00497895571380184,50.95586395263672,0.048011780239792023
1,80,0.16413882682187275,0.00580534625233798,0.5326983303546906,0.06722672137303032,0.8544333333333333,0.015004777017114706,0.1455666666666667,0.015004777017114704,51.091348012288414,0.0507775822237247
1,81,0.1604558087358186,0.0031231796318859487,0.525821594429016,0.01640979601506299,0.8559666666666667,0.0049369356217529295,0.14403333333333335,0.0049369356217529295,51.22687021891276,0.05287676663585961
1,82,0.15955965625215876,0.0051364993003557265,0.517478376086553,0.03519027721140215,0.8593333333333334,0.0034645827069552204,0.1406666666666667,0.0034645827069552204,51.36362838745117,0.052306007603586016
1,83,0.15774919504564947,0.007163750301106551,0.5735899166901905,0.10646789630033332,0.8478333333333333,0.01986714205247786,0.15216666666666667,0.01986714205247786,51.49797821044922,0.05379792614390345
1,84,0.15486253233974243,0.0063049960706767355,0.5438415627002716,0.028259486377827957,0.8559000000000001,0.007063285354564123,0.14409999999999998,0.007063285354564123,51.630863189697266,0.05093731591181898
1,85,0.15062298530749246,0.005172638336509055,0.5449331849416098,0.08463262285461469,0.8558333333333333,0.014162391511793932,0.14416666666666667,0.014162391511793932,51.76350021362305,0.051155419743307215
1,86,0.15279337139728733,0.004017317491697698,0.5442389334519704,0.0591286854977074,0.8568666666666666,0.013750030302996905,0.14313333333333336,0.013750030302996904,51.89573287963867,0.052756980735259945
1,87,0.15011688762638983,0.003265952027175814,0.5173568453629812,0.06323140826680566,0.8645333333333335,0.013191411347287041,0.13546666666666662,0.013191411347287041,52.02877934773763,0.05101587813937033
1,88,0.14706711596209884,0.003862939630445076,0.6011259297053019,0.05372505596688109,0.8475333333333334,0.011609191760554796,0.15246666666666664,0.011609191760554796,52.15950266520182,0.050675898592837144
1,89,0.14489035512886797,0.004053690546467758,0.51681271109581,0.02640059157539696,0.8651666666666666,0.0029143323992526027,0.13483333333333333,0.0029143323992526023,52.287495930989586,0.050067959061846995
1,90,0.14468219268111113,0.007278369824979465,0.5086983741760254,0.046541879396471926,0.866,0.009354677974147456,0.13399999999999998,0.009354677974147458,52.416550954182945,0.04839390658981411
1,91,0.1409905785845572,0.007457709613743285,0.544754909435908,0.062096644530329065,0.8599,0.009957911427603655,0.1401,0.009957911427603655,52.54397455851237,0.04622393995173294
1,92,0.139403431184863,0.003906878976964234,0.5864937491416932,0.0687157946047024,0.8502666666666667,0.014835205874315761,0.14973333333333336,0.014835205874315761,52.67133331298828,0.04568177415673197
1,93,0.14017544575638988,0.0030815032531709597,0.562825861152013,0.02967906410722021,0.8536999999999999,0.005402777063695999,0.14629999999999999,0.005402777063695999,52.79966354370117,0.044730467208128635
1,94,0.1376072668263217,0.004264142057918453,0.511622380288442,0.004338756790870874,0.8658333333333333,0.001747378989610798,0.13416666666666668,0.001747378989610798,52.92680740356445,0.04464124012470871
1,95,0.1347268949892413,0.004806618100006353,0.5287814357995987,0.028667948780215734,0.8629000000000001,0.004915282290977849,0.1371,0.0049152822909778494,53.053000132242836,0.04470172374397904
1,96,0.13330225750981795,0.005721281616909139,0.5163954057057698,0.022062736869138858,0.8670333333333334,0.0030550504633038962,0.13296666666666665,0.003055050463303896,53.17897160847982,0.04374420477633099
1,97,0.13163435311459212,0.006395673631104605,0.5597022284030914,0.02076325637101923,0.8584666666666667,0.004266536456346482,0.14153333333333332,0.004266536456346482,53.30282084147135,0.04330176175340804
1,98,0.13043722181000572,0.005012525763954712,0.5303016998608907,0.027353701669043086,0.8625333333333334,0.007035860525432079,0.13746666666666663,0.007035860525432079,53.42584101359049,0.043197263019657726
1,99,0.12998208219704724,0.006176068258101304,0.5198133592287699,0.008099961025819719,0.8678333333333333,0.003669241520169146,0.13216666666666665,0.003669241520169146,53.550926208496094,0.04057112825546368
1,100,0.12873013430010632,0.005560342897029417,0.5031029697736104,0.036090365505017624,0.8687999999999999,0.00669552089086427,0.13119999999999998,0.00669552089086427,53.67378616333008,0.03870559848904187
2,1,1.977948868874292,0.004754963187833507,1.7938180795669556,0.24936818714788334,0.35863333333333336,0.06570436312249998,0.6413666666666666,0.06570436312250001,37.631046295166016,0.08556237536557929
2,2,1.5431871801386097,0.02364864179974698,1.5584231979370118,0.08325037921048731,0.43323333333333336,0.02147424814360991,0.5667666666666668,0.02147424814360991,37.890611012776695,0.09162396182182887
2,3,1.3396008872416727,0.031796085167495006,1.4388349351882936,0.10600795760703768,0.4945333333333333,0.01728650726240939,0.5054666666666666,0.017286507262409358,38.16212590535482,0.09004449771173792
2,4,1.1761428531376807,0.029156914091217102,1.3226482727686564,0.03885649133852534,0.5399999999999999,0.01371531990148243,0.46,0.01371531990148243,38.43610127766927,0.08767489560659081
2,5,1.052859292209199,0.022162409645054094,1.0943541193008424,0.10957883626667392,0.6118666666666667,0.040022160528054115,0.3881333333333334,0.040022160528054115,38.693094889322914,0.08548058311703953
2,6,0.954932776456802,0.015050671722197952,1.0188693836847942,0.09583502230878907,0.6490666666666667,0.02584730804809917,0.3509333333333333,0.02584730804809917,38.94294865926107,0.08411060891252145
2,7,0.8761210733260848,0.014015609767310748,1.0161898733774821,0.08212284719231282,0.6598,0.01877684744572421,0.3402,0.01877684744572421,39.18259048461914,0.0735863527849927
2,8,0.8121639385196966,0.010756610746744142,0.9385560544331869,0.009856153883727422,0.6815000000000001,0.00945991543302583,0.31849999999999995,0.00945991543302583,39.417032877604164,0.06984538825000663
2,9,0.7556111141340609,0.007731221126759747,0.8444822025934856,0.033392449979083555,0.7140333333333334,0.006839103255057139,0.28596666666666665,0.006839103255057138,39.642937978108726,0.06499092536574932
2,10,0.7122955897732464,0.003989722989823803,0.8525723949591318,0.048780089920459964,0.7155333333333335,0.012560785538067772,0.28446666666666665,0.012560785538067772,39.862786610921226,0.06046716504904819
2,11,0.672106777437711,0.004603346827111344,0.783986560535431,0.04729120969724284,0.7404666666666667,0.006463229326995396,0.25953333333333334,0.006463229326995396,40.074049631754555,0.05612859927951002
2,12,0.6384906978660024,0.001683231710453258,0.8032254954338073,0.07665733063682918,0.7376999999999999,0.01751199588853306,0.26230000000000003,0.01751199588853306,40.28130976359049,0.05560431682174603
2,13,0.6121142928354373,0.004150191929731715,0.7912898014704387,0.10603802186788248,0.7342333333333334,0.03090134840639373,0.26576666666666665,0.03090134840639373,40.48279062906901,0.05226908888717961
2,14,0.582450524544167,0.003016980780512723,0.6818608981291453,0.017746597265182018,0.7709,0.006296030495478877,0.22909999999999997,0.006296030495478877,40.68086369832357,0.049886641954780146
2,15,0.5648750284748614,0.0035845324394064696,0.6619810332298278,0.05528750050605437,0.7802333333333333,0.015081556064721346,0.21976666666666667,0.015081556064721346,40.87457021077474,0.04891810609986373
2,16,0.5435937463424191,0.0052469291933823995,0.6770023639996846,0.11421529805968988,0.7777,0.031115430255742895,0.22229999999999997,0.031115430255742895,41.0662956237793,0.045816085273935304
2,17,0.5221661453509269,0.003067317240943375,0.6638437533537547,0.04013098318290122,0.7820666666666667,0.010179063480170107,0.21793333333333334,0.010179063480170107,41.25363286336263,0.04475896425294195
2,18,0.508612900413414,0.0026539863895388145,0.7126374184290568,0.08885152935975882,0.7705666666666667,0.017495237447183527,0.22943333333333335,0.017495237447183527,41.439291636149086,0.04195167462918608
2,19,0.4952740067868586,0.002322363574344543,0.6379810941537222,0.03953064245657237,0.7895,0.015099668870541514,0.21050000000000002,0.015099668870541514,41.62127939860026,0.04033469217286206
2,20,0.47907846485155825,0.0019316633939356004,0.6378536564350128,0.04958433160259659,0.7897,0.006974238309665049,0.21030000000000001,0.006974238309665049,41.801283518473305,0.041927794972661886
2,21,0.46676835857287285,0.0029337978291513775,0.5880736240228017,0.029467516531053044,0.8050666666666667,0.006690540586031414,0.19493333333333332,0.006690540586031414,41.98054504394531,0.04452293627785108
2,22,0.4549545713931398,0.001707854399745147,0.594050220266978,0.026204726099959618,0.8044666666666668,0.00555007507456731,0.1955333333333333,0.00555007507456731,42.158447265625,0.04253241651969879
2,23,0.44257901459043086,0.0036960395204011357,0.6392226695378621,0.03270858936159879,0.789,0.010453229166147616,0.211,0.010453229166147616,42.335872650146484,0.040853968896827936
2,24,0.42791359104971954,0.0024131575730042855,0.5875925576051076,0.025704145244330387,0.8090999999999999,0.008847598544237823,0.1909,0.008847598544237821,42.51107915242513,0.0387619234219748
2,25,0.4225163976427641,0.000712338825666161,0.557845246775945,0.05921649921120564,0.8184999999999999,0.017691806012954146,0.1815,0.01769180601295415,42.68486658732096,0.03802055570803707
2,26,0.4107764212879887,0.003820614585039285,0.5514685297807058,0.057525389570359915,0.8179666666666666,0.01540205613979294,0.18203333333333335,0.01540205613979294,42.857626597086586,0.038169038367104106
2,27,0.4009910048527892,0.002329061701113917,0.5835214160283406,0.04913239484308039,0.8119666666666667,0.016902465303420513,0.18803333333333336,0.016902465303420513,43.02672576904297,0.03835620111437786
2,28,0.3891213969196505,0.0026383015854124655,0.5521777981758117,0.06506144614992458,0.8224333333333332,0.017433970670312954,0.17756666666666665,0.017433970670312958,43.19630559285482,0.038722857658968365
2,29,0.3815173157645613,0.004718180828658445,0.6300340568542481,0.10768881570150331,0.8005999999999999,0.02988494604311677,0.1994,0.02988494604311677,43.365699768066406,0.04052430541501303
2,30,0.37688277024086586,0.003721790671556005,0.5417584391673406,0.04447962464662299,0.8245333333333332,0.014086281742650668,0.1754666666666667,0.01408628174265067,43.532430013020836,0.04173376865618117
2,31,0.3681650861449864,0.0009169668378346948,0.526209304189682,0.02326670676349022,0.8291666666666666,0.0024214320831551874,0.1708333333333333,0.0024214320831551874,43.69922637939453,0.04063851640728345
2,32,0.3600790551327684,0.00101672491767457,0.5295478744506835,0.02011675790431588,0.8260333333333333,0.005437217425607791,0.17396666666666669,0.005437217425607791,43.86461639404297,0.04082980881090994
2,33,0.3524784007874291,0.0016742652132852457,0.6207456308682759,0.16563471460280585,0.8075333333333332,0.04040053630007074,0.1924666666666667,0.04040053630007073,44.02804056803385,0.03901557606140902
2,34,0.34423608295397173,0.0002888819992334703,0.49674887452125543,0.04883425047738023,0.8393666666666667,0.014897091438711528,0.16063333333333332,0.014897091438711528,44.190364837646484,0.03867818513447547
2,35,0.34031933878896997,0.0030028754226028923,0.5235436872800191,0.022656836883189,0.8332333333333333,0.0033321664624284823,0.16676666666666665,0.003332166462428482,44.352438608805336,0.0379879241899407
2,36,0.33025575001729623,0.0031135102083983974,0.5096053806145986,0.0416045128212933,0.8359666666666667,0.012868695867621273,0.16403333333333334,0.012868695867621273,44.514959971110024,0.03937434730135853
2,37,0.3259268199924923,0.002364084886067517,0.5516463536183039,0.06559567060092984,0.8232333333333334,0.018285604538361134,0.1767666666666667,0.018285604538361134,44.67292149861654,0.03963814286955239
2,38,0.3231151336319713,0.003506585831952709,0.5290884958346685,0.03139791527797979,0.8343999999999999,0.004782258880487335,0.1656,0.004782258880487335,44.831703186035156,0.03948885210608375
2,39,0.31459362853162837,0.0022251489067646904,0.5203539535204569,0.018794617230217983,0.8369666666666667,0.006757465007925165,0.16303333333333334,0.006757465007925164,44.991494496663414,0.042389868019990395
2,40,0.3087154207505025,0.00045162991935956834,0.5324780762990317,0.025866350173624836,0.8307333333333333,0.00644541180479055,0.16926666666666665,0.00644541180479055,45.14984003702799,0.043179782434763135
2,41,0.3032588087790864,0.0002066520690162337,0.47528895055452985,0.030892539030111913,0.8452000000000001,0.009471536306217688,0.15479999999999997,0.009471536306217688,45.30643081665039,0.04373690606659855
2,42,0.2975836459480588,0.0015425164046717675,0.5167020573695501,0.05976561846049881,0.8378,0.013865424623862092,0.16219999999999998,0.013865424623862092,45.46254094441732,0.044805012942863424
2,43,0.2941013044865845,0.003130547556488638,0.5251756704648335,0.04412134745661045,0.8343666666666666,0.01725118353427767,0.16563333333333333,0.01725118353427767,45.619903564453125,0.044589527697796526
2,44,0.2883513093070911,0.001695997064856598,0.5382008837858836,0.03758031663961787,0.8344,0.010677546534667971,0.16559999999999997,0.010677546534667971,45.775274912516274,0.04730106495848996
2,45,0.28347570959157853,0.00012032936380370397,0.49556465713183084,0.056357722005538104,0.8422666666666666,0.012796223401196643,0.15773333333333336,0.012796223401196643,45.929152170817055,0.04694881320045056
2,46,0.28085898175416396,0.0021721285822332995,0.46397553129196173,0.013870947475314326,0.8541333333333334,0.00462313025268954,0.14586666666666667,0.00462313025268954,46.08251953125,0.04953565597892207
2,47,0.2721874688998919,0.0034754034025015986,0.5246496174017589,0.11682919940293084,0.8389000000000001,0.031328581199920255,0.16110000000000002,0.031328581199920255,46.2365976969401,0.051039339104803245
2,48,0.2714515988669737,0.0013376671504435752,0.5385398299535115,0.053784850158089106,0.8321999999999999,0.017569291391516067,0.16779999999999998,0.017569291391516063,46.38888676961263,0.052577267663077694
2,49,0.26614853685748746,0.0017268497945933572,0.5018663437843323,0.04102397982967285,0.8473666666666667,0.0098895567814404,0.15263333333333332,0.0098895567814404,46.54074223836263,0.05276014858436264
2,50,0.2615750827727314,0.002208337609353246,0.5194560720761617,0.025317865957882338,0.8419333333333334,0.00511598801145324,0.15806666666666666,0.00511598801145324,46.69440841674805,0.05337231719627184
2,51,0.255934278329061,0.0010259241066104567,0.4953851088682811,0.005161267672199767,0.8446666666666666,0.004266536456346482,0.15533333333333335,0.004266536456346482,46.84404754638672,0.05528616202717202
2,52,0.2552377240953035,0.00123987362349671,0.4690297751267751,0.03197615339648408,0.8542333333333333,0.008467782078757903,0.14576666666666668,0.008467782078757903,46.995443979899086,0.05492679420037559
2,53,0.2488483488051584,0.0029249142276768533,0.49535529522895816,0.06083016945184463,0.8503,0.015464798737778626,0.14969999999999997,0.015464798737778626,47.14530563354492,0.05609811193137373
2,54,0.24406539500140778,0.00107203009138654,0.47545303227901464,0.02293205258299095,0.8549333333333333,0.0011590225767142473,0.14506666666666665,0.0011590225767142473,47.294359842936196,0.058472332016671485
2,55,0.24189672330735792,0.003546715989429353,0.4821103304227193,0.0331012255226586,0.8531999999999998,0.011285388783732753,0.1468,0.011285388783732753,47.442675272623696,0.05883108458455876
2,56,0.24206782951760475,0.0004719295977977795,0.47163023632367446,0.025330343635875496,0.8574333333333334,0.004771093515467215,0.14256666666666665,0.004771093515467215,47.59140396118164,0.06137981034015086
2,57,0.23283121255937034,0.000587690774726502,0.5421224537054697,0.025233971214611964,0.8439666666666666,0.004007908847932193,0.15603333333333333,0.004007908847932193,47.738731384277344,0.06238480472190255
2,58,0.2328589555616066,0.004248367243586449,0.46273751931190493,0.006672560223664611,0.8598333333333334,0.0013428824718989547,0.14016666666666666,0.0013428824718989547,47.884588877360024,0.06250325352953588
2,59,0.22884347584520967,0.0037194336566890797,0.46197241639296216,0.026917599919522948,0.8607666666666667,0.007934943814125791,0.13923333333333335,0.007934943814125791,48.031853993733726,0.06321411419335288
2,60,0.22556404616979076,0.0018776281033524708,0.4800912530342738,0.03350402540768979,0.8545999999999999,0.009402659198333245,0.1454,0.009402659198333245,48.177407582600914,0.06412701196253877
2,61,0.22295571741062867,0.0012595367920680187,0.49184936296145115,0.041311863194681823,0.8523333333333333,0.008292365967161179,0.1476666666666667,0.008292365967161179,48.323568979899086,0.06880310938341408
2,62,0.21801419118506626,0.0018871097056766188,0.4866782409509023,0.05382265032569355,0.8547333333333333,0.014330852498485043,0.14526666666666666,0.014330852498485043,48.468640645345054,0.07106495771487334
2,63,0.21415430412827044,0.0038432350219334476,0.4733783729235331,0.029149244478193555,0.8601000000000001,0.006908690179766311,0.1399,0.0069086901797663115,48.61345545450846,0.07236742994548781
2,64,0.21416929271469132,0.001419087889747652,0.5336459830125172,0.1038617973382626,0.8478666666666665,0.01960416622387533,0.15213333333333334,0.01960416622387533,48.75801340738932,0.0719725703704659
2,65,0.20806189746503026,0.004212937322631056,0.47371853342056275,0.05512477003354458,0.8576333333333334,0.011207735423953124,0.14236666666666664,0.011207735423953124,48.900577545166016,0.07410908309277131
2,66,0.20795668932813308,0.0009967034245903514,0.5097290379683176,0.040906010384973344,0.8513666666666667,0.012302980668656425,0.1486333333333333,0.012302980668656425,49.045127868652344,0.0745750418113955
2,67,0.2054093678665283,0.004988838271539962,0.5567615965565046,0.15568283631917046,0.8416666666666667,0.0340000490195725,0.15833333333333333,0.0340000490195725,49.18752670288086,0.07529153401542261
2,68,0.20302175691086108,0.002582400536361176,0.48048753913243614,0.04690452473549531,0.8593333333333333,0.010956885202160918,0.1406666666666667,0.010956885202160918,49.32814025878906,0.07757886503780571
2,69,0.19618355364039322,0.0006897894302598138,0.5036140684525171,0.050645492675271735,0.8528000000000001,0.011888229472886166,0.1472,0.011888229472886166,49.46909840901693,0.07842393929490546
2,70,0.19554663903674607,0.0011556654487926987,0.49584993569056196,0.030746943802156552,0.8578999999999999,0.00768960337078577,0.1421,0.00768960337078577,49.61111958821615,0.0800612395983877
2,71,0.19309614387238425,0.002781562974582186,0.4563017042477926,0.006023352790902279,0.8659666666666667,0.0032516662395352942,0.13403333333333334,0.0032516662395352942,49.753012339274086,0.07949704265651601
2,72,0.18961185188956067,0.0012798697843773193,0.49639244306882224,0.053592036786180006,0.8547666666666668,0.012608066201179852,0.14523333333333335,0.012608066201179852,49.892154693603516,0.0800798051791588
2,73,0.1878544812274101,0.0023084802326941494,0.45753356961409253,0.031407607705081865,0.8682,0.006729041536504261,0.1318,0.006729041536504261,50.02994028727213,0.08024408510268959
2,74,0.18671462991023205,0.001786925779534274,0.499956570927302,0.04168859316425635,0.8594333333333334,0.008690416177222634,0.14056666666666665,0.008690416177222634,50.16814295450846,0.08229834832797703
2,75,0.18215181146893658,0.0029621783741079137,0.5261430542786916,0.05571600822194895,0.8561,0.012998846102635382,0.1439,0.012998846102635382,50.30547841389974,0.0849001653008099
2,76,0.17893387903185454,0.001430908264567449,0.4898500277916591,0.03334774494948912,0.8601333333333333,0.00716542624924248,0.1398666666666667,0.00716542624924248,50.441630045572914,0.08615174855203239
2,77,0.1789127258045594,0.001581450508982298,0.49808128597736356,0.030076544503347,0.8592,0.007531932023060251,0.1408,0.007531932023060251,50.578931172688804,0.08510424240309186
2,78,0.17604271715025765,0.0011203427497565208,0.49875599455038705,0.0456113402047709,0.8618,0.006873863542433742,0.13820000000000002,0.006873863542433742,50.71339416503906,0.08762702113139559
2,79,0.1741543029834344,0.0017233844721047933,0.5035671116669973,0.03612332352136147,0.8606333333333334,0.009901683358567566,0.13936666666666667,0.009901683358567566,50.848192850748696,0.08881170194312119
2,80,0.17151187252307284,0.004255137286383675,0.537591699496905,0.08375853464033556,0.8529333333333332,0.022980063823526138,0.14706666666666668,0.022980063823526138,50.98217900594076,0.09152203492865957
2,81,0.1711497018740966,0.002940268377096546,0.5502208913485208,0.01916655966491238,0.8521000000000001,0.0018248287590894566,0.14790000000000003,0.0018248287590894566,51.11660512288412,0.09192684194229586
2,82,0.16913961935772515,0.0014980420578366122,0.47111028901735946,0.03729875614132563,0.8658333333333333,0.0049652123150308045,0.13416666666666668,0.0049652123150308045,51.24994023640951,0.09408931081294798
2,83,0.1648162684331109,0.0017063335827413803,0.5090748853643735,0.0171622749308144,0.8622,0.006548282217497917,0.1378,0.006548282217497917,51.38242975870768,0.0951528879734467
2,84,0.16154043563186665,0.00493818472082418,0.5232472010612487,0.05487628993865992,0.8581333333333333,0.013479737880735448,0.14186666666666667,0.013479737880735447,51.51346333821615,0.09776233910788418
2,85,0.15895406321923347,0.0030238106825175104,0.5143910069863001,0.033885542608213595,0.8603666666666667,0.0077886669805129725,0.13963333333333336,0.0077886669805129725,51.64264933268229,0.09919549487602948
2,86,0.16064860903279252,0.0040606757120062896,0.5211772902647654,0.036983633444070824,0.8614666666666667,0.005437217425607791,0.13853333333333331,0.005437217425607791,51.773746490478516,0.09783180885040725
2,87,0.1564414699332438,0.0015027109017336634,0.4960384590625763,0.033664329552976296,0.8690333333333333,0.004966219219218341,0.13096666666666668,0.004966219219218341,51.90318806966146,0.09960408993897119
2,88,0.15397460499853025,0.002795171231832196,0.5208678894837697,0.07400080246683836,0.8597666666666667,0.015027419383691025,0.14023333333333335,0.015027419383691027,52.03257369995117,0.0995041402221808
2,89,0.15262679037624508,0.0028223024678028664,0.5045228379090627,0.033916854322788896,0.8677999999999999,0.004036087214122131,0.1322,0.004036087214122131,52.16070302327474,0.1014145005288514
2,90,0.14922343515882305,0.0025417454368165168,0.5231312764326731,0.027843583319103575,0.8624999999999999,0.008326463835266425,0.13749999999999998,0.008326463835266426,52.28913116455078,0.1002216326588057
2,91,0.15029504885047495,0.0021590346726554797,0.4898390466849009,0.022579983552275928,0.8673333333333334,0.00644851404071773,0.13266666666666663,0.00644851404071773,52.41868209838867,0.09878476762554218
2,92,0.1472274243279034,0.0016345007750484726,0.4982763414462408,0.0074504561755083555,0.8671666666666668,0.002532455988429692,0.13283333333333336,0.002532455988429692,52.546146392822266,0.0980841488125108
2,93,0.14593210909118637,0.0044482927257957,0.5023839492638905,0.04035794724313115,0.8667999999999999,0.007926537705707318,0.1332,0.007926537705707318,52.673362731933594,0.0952648483919339
2,94,0.14486195516073083,0.004996489764409252,0.531176059627533,0.039472379163034886,0.859,0.008553946457629955,0.14100000000000004,0.008553946457629955,52.79897435506185,0.0965674126750744
2,95,0.1460735558326541,0.0021074168662902075,0.5776262254973252,0.06830912697909822,0.8530333333333333,0.011200595222278727,0.1469666666666667,0.011200595222278727,52.926483154296875,0.09550223169667062
2,96,0.1380843269906284,0.0025912717260480876,0.518908429813385,0.013830963797624348,0.8652666666666667,0.0023544284515213936,0.13473333333333334,0.002354428451521393,53.04883066813151,0.09601392848712306
2,97,0.1400295176764812,0.00143299701839057,0.5131415174325307,0.01325927696788981,0.8695666666666666,0.0024006943440041243,0.13043333333333332,0.0024006943440041243,53.17411422729492,0.09765241503636139
2,98,0.13714613644477655,0.005613041746858642,0.5446197961886724,0.07138929495012195,0.8634,0.010505712731652251,0.13660000000000003,0.010505712731652251,53.29852294921875,0.10288635114721134
2,99,0.13560045389847583,0.0018438415153164004,0.5487144994179408,0.06685678443935915,0.858,0.013268006632497597,0.14200000000000002,0.013268006632497597,53.42120615641276,0.10358909218273202
2,100,0.13507468952699694,0.000890836063731613,0.5361252651532491,0.04393388094107786,0.8632333333333334,0.008519585279421324,0.13676666666666668,0.008519585279421324,53.54547373453776,0.10377187723642206
4,1,2.2975102984183686,0.035581667486650724,1.9156567186991376,0.1530865356323614,0.2793,0.04832525219799684,0.7206999999999999,0.04832525219799681,37.806827545166016,0.06890045153495569
4,2,1.7465635073662618,0.02226224905511818,1.703723505592346,0.1073588416472777,0.36086666666666667,0.017772263033540046,0.6391333333333332,0.017772263033540032,38.01551055908203,0.07794853794892748
4,3,1.5883777934267087,0.028663383373494847,1.5705939601898191,0.08397033783090012,0.42110000000000003,0.026630996977206837,0.5789,0.026630996977206847,38.25093460083008,0.09017438148195393
4,4,1.4436797769478213,0.04190857685897151,1.6766738960266112,0.2665543218986318,0.4263666666666666,0.032656443978690226,0.5736333333333333,0.0326564439786902,38.50536600748698,0.09987959794604212
4,5,1.3143049175680341,0.04382108634590287,1.2864386381785076,0.06579793927893743,0.5331333333333333,0.035387191656492484,0.4668666666666667,0.03538719165649251,38.76926803588867,0.1042863192227178
4,6,1.2003292331610191,0.043500724966729326,1.2217078330357871,0.1787789204292104,0.5597333333333333,0.05317088802468258,0.44026666666666664,0.05317088802468258,39.0269521077474,0.10826662043741901
4,7,1.1011420978711186,0.04645576486251761,1.0932126915613811,0.07960668012823052,0.6086333333333332,0.02937368436770118,0.3913666666666667,0.02937368436770118,39.27735265096029,0.10696713857770282
4,8,1.0212711241137544,0.040553683961755564,1.0942076272328694,0.09173490813842446,0.6207333333333334,0.03280309944705431,0.37926666666666664,0.03280309944705431,39.51659138997396,0.10826911979516328
4,9,0.9610480740348804,0.04224101175663061,0.9677169950485229,0.06428969558673761,0.6607000000000001,0.020675589471645068,0.3393,0.020675589471645068,39.752976735432945,0.10531151532017971
4,10,0.8970917121325409,0.03239272816443955,1.03178204053243,0.081471463530938,0.6469999999999999,0.017099415194678398,0.35300000000000004,0.017099415194678398,39.98359171549479,0.10810729737039676
4,11,0.8480392712258112,0.037019927491993024,1.0261230349222819,0.13535255142772337,0.6496666666666666,0.03683915489439648,0.3503333333333334,0.03683915489439648,40.20905303955078,0.10985836183607214
4,12,0.7918432512449995,0.02476423364172405,0.9744186738014221,0.16094676042585077,0.6766333333333333,0.04797002536306744,0.3233666666666667,0.04797002536306744,40.42466735839844,0.11569359973899568
4,13,0.7509765970788242,0.028516553478145683,0.9045036481698353,0.02528905147681659,0.6934999999999999,0.010739180601889484,0.3065,0.010739180601889484,40.635328928629555,0.12026631203009025
4,14,0.7114122316101525,0.027621354797192185,0.880274647140503,0.09479780493046672,0.7025333333333333,0.029121870361179296,0.29746666666666666,0.029121870361179296,40.84342575073242,0.11887423795048566
4,15,0.6779706863033802,0.026560379950959844,0.8055431045214335,0.0342814681713024,0.7302333333333332,0.015408547411528846,0.26976666666666665,0.015408547411528846,41.046478271484375,0.11949870044849746
4,16,0.6477504678496112,0.02109902237930737,0.809772582689921,0.06918999822391428,0.7304,0.013494813818648992,0.2696,0.013494813818648994,41.24641799926758,0.11553126899682661
4,17,0.6203243435699516,0.018377933900226212,0.7588716290791829,0.09676379407772849,0.7515000000000001,0.025940894356209058,0.24849999999999997,0.025940894356209058,41.446964263916016,0.11647099953653724
4,18,0.5946683317092577,0.02093369538150295,0.787998390229543,0.059840177022908225,0.7389333333333333,0.015497204048902967,0.26106666666666667,0.015497204048902967,41.63689041137695,0.11576357986307086
4,19,0.5764790603419399,0.020143287690879783,0.6388795719782512,0.011821951716389256,0.7840333333333334,0.0022810816147900885,0.21596666666666667,0.0022810816147900885,41.8238271077474,0.11852085432214174
4,20,0.5586737671522432,0.01708738958097183,0.7049792655944825,0.006303225040212564,0.7628333333333334,0.0019553345834750014,0.23716666666666664,0.0019553345834750014,42.01193491617838,0.11855060242316236
4,21,0.5367579934237253,0.012419359928371596,0.6745625087420146,0.0863606786262949,0.7730333333333334,0.026828405344584565,0.22696666666666665,0.026828405344584565,42.19126892089844,0.11558133316693414
4,22,0.5186133437805063,0.01394959872761589,0.7147383602142335,0.04617441592714736,0.7704,0.012046161214262378,0.2296,0.012046161214262378,42.37057367960612,0.11709549455734972
4,23,0.508151191351054,0.011297648983698859,0.663054922215144,0.04423363799843079,0.7800333333333334,0.014011542860560864,0.21996666666666667,0.014011542860560866,42.54873784383138,0.11750055202077335
4,24,0.49301985129777526,0.011952034677017715,0.6551102313359579,0.021268885360784362,0.7864333333333332,0.004437717130838051,0.21356666666666668,0.004437717130838051,42.727097829182945,0.11723899208804583
4,25,0.4791384661873486,0.010153595689641902,0.6621606754302979,0.049899969562969444,0.7832666666666667,0.015594977824073167,0.21673333333333333,0.015594977824073167,42.898520151774086,0.11803798932152954
4,26,0.4660996766244867,0.011895512849615262,0.6287375234444936,0.06912780666485516,0.7922666666666668,0.017458904127502776,0.20773333333333333,0.017458904127502776,43.071048736572266,0.11961720413027868
4,27,0.45610667122345344,0.007914188194191105,0.6708820828755697,0.09449039796132878,0.7783000000000001,0.035106836940972094,0.2217,0.03510683694097209,43.2419064839681,0.11998261959118885
4,28,0.4449726344552289,0.010931394623717686,0.5924660809993744,0.044068759823894264,0.8033,0.01336300864326593,0.19669999999999999,0.01336300864326593,43.412445068359375,0.12114879325491792
4,29,0.4345176720964736,0.010740501775724328,0.6736923549652101,0.05306310117147006,0.7816333333333333,0.011638871652068911,0.21836666666666668,0.011638871652068911,43.58035532633463,0.12147657759578802
4,30,0.4246975977199258,0.007668383163379926,0.5637774647394816,0.06132688113221998,0.8161666666666667,0.018290525780669413,0.18383333333333332,0.018290525780669413,43.74765268961588,0.12268598449693328
4,31,0.4134325919274276,0.009479872126727108,0.5428411154588063,0.015832451316793283,0.8206666666666665,0.004106498914322669,0.17933333333333334,0.004106498914322669,43.910630544026695,0.1244211999382242
4,32,0.4079298035313914,0.008831939235935745,0.5766823753039042,0.06368860724703186,0.8111666666666667,0.018109205762079503,0.18883333333333333,0.018109205762079503,44.075042724609375,0.12782545879469068
4,33,0.39732466892157475,0.009104827065516524,0.5591980253537496,0.05975103942354325,0.8189333333333333,0.020131153303607187,0.18106666666666668,0.020131153303607187,44.23852030436198,0.1263213595803689
4,34,0.3900814631863323,0.010951405843887475,0.539158030128479,0.022910942261685524,0.8252,0.003862641583165616,0.17480000000000004,0.0038626415831656165,44.40167490641276,0.1274576772983536
4,35,0.38084026464822446,0.008747872809566399,0.5134067912101745,0.015924807292338916,0.8293666666666667,0.005404936015655775,0.17063333333333333,0.005404936015655774,44.5611941019694,0.12740265735907633
4,36,0.372899482787316,0.007183643326492962,0.49239134531021117,0.020102795604831022,0.8409666666666666,0.0034385074281340984,0.15903333333333336,0.0034385074281340984,44.72083028157552,0.12829021552956565
4,37,0.36692959363655664,0.011105645340824602,0.595235065126419,0.09511283700186389,0.8123999999999999,0.026402272629453705,0.1876,0.026402272629453705,44.88152058919271,0.13119555308931327
4,38,0.35986152013092093,0.009886399887646105,0.5688582106590271,0.042840935153956525,0.8162666666666668,0.012198497175198816,0.1837333333333333,0.012198497175198816,45.03688049316406,0.13199935229221957
4,39,0.35191144086007675,0.009597493241645135,0.5170355355739593,0.025521389821049418,0.8315333333333332,0.009000185183280067,0.16846666666666668,0.009000185183280067,45.19554901123047,0.13410090054225512
4,40,0.34809840151060367,0.007612579156407929,0.5501847759723663,0.08756700502047118,0.8258666666666667,0.018192672517619097,0.17413333333333328,0.018192672517619097,45.35477828979492,0.1352103895263964
4,41,0.3411347382882164,0.01039549717358978,0.4945664701302846,0.00805782155642193,0.8398333333333333,0.003435597958628654,0.16016666666666668,0.003435597958628654,45.51484807332357,0.1328846030524039
4,42,0.33383615043106385,0.0052300361608084295,0.5603209720373153,0.027961270704123707,0.8242333333333334,0.008025168741735804,0.17576666666666665,0.008025168741735806,45.6711794535319,0.13541685081170052
4,43,0.3274483218827211,0.010913064562466556,0.537084320004781,0.026281910243757027,0.8305333333333333,0.005795112883571216,0.16946666666666665,0.005795112883571216,45.826133728027344,0.1362941631069677
4,44,0.32248264871289967,0.008406869772458726,0.5635920839945475,0.07933403235949747,0.8223333333333334,0.021450485619988524,0.17766666666666667,0.021450485619988524,45.983865102132164,0.13667932953925754
4,45,0.31955164554072363,0.007297633937787248,0.537124835507075,0.024905131648302988,0.8324666666666666,0.0025540817005987302,0.16753333333333334,0.0025540817005987302,46.13781992594401,0.13767618507314508
4,46,0.3131523692800972,0.006251188557706512,0.5208042444070181,0.0636568253495733,0.8388666666666666,0.01586137867063683,0.16113333333333332,0.01586137867063683,46.29223505655924,0.13704218521531195
4,47,0.3054958207807476,0.011806187701806388,0.5758786068121592,0.0551890874799413,0.8207333333333334,0.012363791220064075,0.17926666666666666,0.012363791220064075,46.444802602132164,0.13616848164377696
4,48,0.3026854626434234,0.009064094747808928,0.5217106713453928,0.021826087504569738,0.8346333333333334,0.009597048157289479,0.16536666666666666,0.009597048157289479,46.59716542561849,0.135536930498447
4,49,0.2977329767725962,0.009220023563605653,0.5387279969851176,0.05512361501979259,0.8334,0.015857805648954035,0.1666,0.015857805648954035,46.7475954691569,0.1339304627377102
4,50,0.2908572782234361,0.008590767036628071,0.498627786286672,0.05654075411367544,0.8469666666666668,0.01164316680861923,0.15303333333333333,0.01164316680861923,46.89788691202799,0.13226100922117348
4,51,0.2861906665187561,0.00977279677679449,0.6121088364601136,0.13270879639315852,0.8106,0.03802801598821583,0.1894,0.03802801598821583,47.04728317260742,0.1326275504225859
4,52,0.2833224407826746,0.010932496156187391,0.5133087008158366,0.05682846229548101,0.8407333333333332,0.017178571923571893,0.15926666666666667,0.017178571923571893,47.19676208496094,0.1292406677151613
4,53,0.2756228790843172,0.008648266130029577,0.5476082302570343,0.04889744678108963,0.8329000000000001,0.012979984591670364,0.1671,0.012979984591670364,47.34691619873047,0.12987464041250016
4,54,0.27554341671132476,0.007044157231283079,0.5016291073958079,0.020808463637214444,0.8459333333333333,0.0072858309981315,0.15406666666666669,0.0072858309981315,47.49767812093099,0.1318675692751861
4,55,0.26975572010135407,0.009909176303164461,0.5242358027219772,0.03128896667466392,0.8395333333333334,0.007587050371081868,0.16046666666666667,0.007587050371081868,47.645636240641274,0.13116126909169779
4,56,0.26807718051364055,0.008965722151120084,0.48829335652192435,0.005564806627817965,0.8506333333333332,0.0022188585654190026,0.14936666666666668,0.0022188585654190026,47.79503504435221,0.1310363953974607
4,57,0.26279506984802764,0.003227463287133056,0.514486447874705,0.02993823355528728,0.8456333333333333,0.00436615773115597,0.15436666666666668,0.00436615773115597,47.94174575805664,0.1314159494070887
4,58,0.25913730072522917,0.00852726965150838,0.4948347231705983,0.019891951044510667,0.8488000000000001,0.0038935844667863273,0.1512,0.0038935844667863273,48.08894348144531,0.1295059671179748
4,59,0.25260901662623486,0.012069246540228677,0.5201311233679453,0.03426789858777112,0.8438666666666667,0.006823733093647031,0.15613333333333335,0.006823733093647031,48.233802795410156,0.12755498082101582
4,60,0.25531093813701256,0.008429226453924707,0.5226189659754436,0.03718892963665548,0.8428333333333334,0.00942142947398822,0.15716666666666668,0.00942142947398822,48.381640116373696,0.12705900714473747
4,61,0.24428004835623507,0.007593254407630891,0.5239516555706659,0.03579232343123367,0.8438666666666667,0.012108812218105182,0.15613333333333332,0.012108812218105182,48.52653249104818,0.1275019270381471
4,62,0.24439832493853386,0.009832740031534958,0.5047033169507981,0.055377196537896974,0.8481000000000001,0.012562245022288011,0.1519,0.012562245022288011,48.67357381184896,0.12797951298655194
4,63,0.24090138496950153,0.005850016520321137,0.479705676873525,0.04667495382958302,0.8586666666666667,0.008764892089086668,0.14133333333333334,0.008764892089086668,48.81834157307943,0.1291772426743337
4,64,0.23642993226761708,0.009591814511592979,0.49633355718453726,0.04120531099158614,0.8523666666666667,0.008666217937101131,0.14763333333333337,0.008666217937101131,48.961472829182945,0.12961547384558678
4,65,0.23340147319555485,0.005884903247350799,0.5067961090405783,0.031126293738776158,0.8509000000000001,0.007163099887618479,0.14909999999999998,0.007163099887618479,49.104592641194664,0.12964805148458272
4,66,0.23072473506005728,0.00521273561403809,0.6166024428447088,0.21237439938499286,0.8264333333333332,0.045018477687870935,0.17356666666666673,0.045018477687870935,49.2455800374349,0.13397434545310072
4,67,0.22668630706633855,0.007391514901722929,0.5460256939252218,0.012880670645100165,0.8418666666666667,0.00298384539367131,0.15813333333333332,0.00298384539367131,49.38938776652018,0.132511823364157
4,68,0.22347783447836367,0.007489669202143982,0.46600249863465626,0.01818394461744975,0.8597666666666667,0.008592050589546927,0.14023333333333332,0.008592050589546927,49.53048960367838,0.1335530497252827
4,69,0.2200208944470986,0.005093428021850659,0.4948015249013901,0.009497148023192495,0.8531333333333334,0.0033975481355432643,0.1468666666666667,0.0033975481355432643,49.67255147298177,0.13409474845118383
4,70,0.21964062385114969,0.00885275324487207,0.5014474898576736,0.040474920934281323,0.8514666666666667,0.007605480480109906,0.14853333333333332,0.007605480480109905,49.813943227132164,0.13209382951911972
4,71,0.21427911624807836,0.009016434183832037,0.4688930019299189,0.024102827051624143,0.862,0.0032908965343809043,0.138,0.0032908965343809043,49.95334243774414,0.13147716785621769
4,72,0.21061268396427868,0.005267268771282573,0.47648636492490765,0.029938043031542173,0.8613333333333334,0.0074768531705078625,0.13866666666666663,0.0074768531705078625,50.092323303222656,0.13290574727472695
4,73,0.20830056129399774,0.006272864226050579,0.4905216991742452,0.0337478291569552,0.8569999999999999,0.005369357503463545,0.14300000000000002,0.005369357503463545,50.23062515258789,0.13630716944486185
4,74,0.2063368535826883,0.007350649413792701,0.5504124726374945,0.07202948894036718,0.8461666666666666,0.018680560305658206,0.15383333333333335,0.01868056030565821,50.36906814575195,0.13406541116865692
4,75,0.20491514574078953,0.010129012149581127,0.4946546849568685,0.03210195662353091,0.8566666666666668,0.007565932416651195,0.1433333333333333,0.007565932416651195,50.506449381510414,0.13544271528950996
4,76,0.1992985423104893,0.005574538676652231,0.511377273329099,0.03166535840357343,0.8561666666666667,0.006010268990097963,0.14383333333333334,0.006010268990097963,50.642860412597656,0.136927886910233
4,77,0.1986776154205673,0.010476538000555676,0.5067360363403957,0.03560123681824822,0.8527,0.009204890004774629,0.14730000000000001,0.009204890004774629,50.78078842163086,0.13500631826605752
4,78,0.1926289741124542,0.007737093286103245,0.4878565330346425,0.02253844239830508,0.8591666666666667,0.006161439225808671,0.14083333333333334,0.006161439225808671,50.91598383585612,0.13468837933974614
4,79,0.1920629952099724,0.00981598941097174,0.5045133059183756,0.0366789877985574,0.8562333333333333,0.008477224388520858,0.14376666666666668,0.008477224388520858,51.05166880289713,0.13374650173017352
4,80,0.1909501252462492,0.007071920046530149,0.5838914484818777,0.11029047390996251,0.8399666666666668,0.021201257824321043,0.16003333333333333,0.021201257824321043,51.1882578531901,0.1315772998914136
4,81,0.1888738668191057,0.001841567237944806,0.5204236418883005,0.022341637219768833,0.8554,0.0027073972741361962,0.14459999999999998,0.0027073972741361962,51.32420094807943,0.1331338718639998
4,82,0.1873162846888423,0.005210103269874626,0.5111526666641235,0.02487474248924909,0.8603,0.004493328387732162,0.13970000000000002,0.004493328387732161,51.459946950276695,0.13335226144394724
4,83,0.1850502315753053,0.005951017008249051,0.5332136236667634,0.029049421115746876,0.8513666666666667,0.00809958846691197,0.1486333333333333,0.00809958846691197,51.594075520833336,0.13289550997596514
4,84,0.18191561153680977,0.0071011470197019436,0.589899774090449,0.09124709486072055,0.8400333333333334,0.017425938520875515,0.15996666666666662,0.017425938520875515,51.72653071085612,0.13077588041694557
4,85,0.17890696592139874,0.005067494285017524,0.510348124774297,0.05420440279403863,0.8573000000000001,0.010378342834961656,0.14269999999999997,0.010378342834961656,51.85830815633138,0.130372798628887
4,86,0.1782369106112386,0.005356146312897184,0.5396326572259267,0.023568373835393706,0.8496333333333334,0.0057492028432934335,0.15036666666666668,0.0057492028432934335,51.99003601074219,0.12923721498489393
4,87,0.17526548887140103,0.0027315464339065956,0.5423314266125361,0.035914115482437343,0.8507666666666668,0.0072569506911190325,0.14923333333333333,0.0072569506911190325,52.120062510172524,0.12885045951280688
4,88,0.16969234968606264,0.008370518525679372,0.5404448651154836,0.05083863092230992,0.8517333333333333,0.014761549150862642,0.14826666666666666,0.014761549150862642,52.24994405110677,0.12565492620937702
4,89,0.1679379472354997,0.0063953229813341625,0.5049593728224436,0.030610106363351815,0.8610000000000001,0.006937578828380992,0.139,0.006937578828380992,52.379571278889976,0.12478264011790617
4,90,0.16792449610782603,0.006332186574139755,0.5097653082370758,0.03197367708600084,0.8616666666666667,0.00971099033741325,0.13833333333333334,0.00971099033741325,52.51035690307617,0.12232560231406446
4,91,0.16663879204385826,0.00563373307298037,0.5398724033037822,0.08100392243272908,0.8558333333333333,0.01677388843808535,0.14416666666666664,0.01677388843808535,52.63800938924154,0.1233041710452509
4,92,0.1613544174053175,0.0034003430168443797,0.5080930661360423,0.02746018137840631,0.8621,0.005144900387762581,0.1379,0.005144900387762581,52.76545969645182,0.12354631608741522
4,93,0.16420556086560956,0.00847880352480461,0.5361386857032776,0.06098994898549381,0.8573999999999998,0.011625833303466901,0.14260000000000003,0.011625833303466901,52.895772298177086,0.12016262776968642
4,94,0.15979037217586242,0.005600975880325378,0.5568073355992635,0.048369521589958504,0.8525,0.01015332457867865,0.1475,0.01015332457867865,53.02215321858724,0.12139318300210503
4,95,0.157752476280074,0.011405300423174832,0.5250834091027579,0.0320881285539872,0.8576666666666667,0.0084760446750435,0.14233333333333334,0.0084760446750435,53.148441314697266,0.11782480046495486
4,96,0.15522862901912726,0.007601909842628921,0.5496003317674001,0.07791924227876615,0.8561666666666667,0.015196819842760988,0.14383333333333334,0.01519681984276099,53.27384694417318,0.11766423106723388
4,97,0.1543219932700362,0.006501189043307508,0.5528618350028992,0.009296914436115647,0.8563333333333333,0.004764801499887832,0.14366666666666664,0.004764801499887832,53.39812215169271,0.11593322408057363
4,98,0.15101951991429413,0.008972951740289984,0.552844367758433,0.08946761086882012,0.8563333333333333,0.018481973199129337,0.14366666666666664,0.018481973199129337,53.52246348063151,0.1137405608126292
4,99,0.15140711744169036,0.0076144145954867735,0.5130075429280598,0.029334736667706075,0.8632,0.005820652884342109,0.1368,0.005820652884342109,53.64613469441732,0.11084241199336312
4,100,0.1482673288376181,0.004867829568870097,0.5385110439777375,0.04004459900032242,0.8614333333333333,0.006813467056743828,0.13856666666666664,0.006813467056743828,53.76935577392578,0.10969329684121001
8,1,2.939428191050849,0.16194945020423238,2.1072862724939982,0.08969220916168742,0.19330000000000003,0.020066638981154763,0.8066999999999999,0.020066638981154742,39.346327463785805,1.1094917422014468
8,2,2.0204796433347165,0.09853887295473301,1.9319112967809042,0.09547724426658331,0.2536333333333333,0.04778162129243141,0.7463666666666667,0.04778162129243136,39.4583371480306,1.0978750699587203
8,3,1.853399515355233,0.08094080312416788,1.7937345836639402,0.11071445995783061,0.30296666666666666,0.03388367355133345,0.6970333333333333,0.033883673551333406,39.61399714152018,1.102844592038559
8,4,1.740047354425819,0.09357440264454184,1.6690732039133707,0.10890683279924811,0.37033333333333335,0.050605566228759204,0.6296666666666667,0.05060556622875921,39.78276570638021,1.1099651739603036
8,5,1.6510416542680877,0.10079848993458213,1.6607354647318522,0.05000469726285332,0.37166666666666665,0.025230206763586657,0.6283333333333333,0.02523020676358669,39.9675407409668,1.1036496998309993
8,6,1.5714438351828728,0.11101595911337446,1.5437113299687704,0.1541207526601951,0.4310333333333333,0.060493002350134134,0.5689666666666667,0.06049300235013416,40.16029612223307,1.1043698141131795
8,7,1.502310653883275,0.14383314009490047,1.4982911289215088,0.13877775887753557,0.4415,0.0641347799559646,0.5585,0.06413477995596463,40.37820688883463,1.0982126398500434
8,8,1.4153157862860832,0.1491561726315032,1.4366767545064292,0.07776732752536206,0.47236666666666666,0.04318128452620806,0.5276333333333334,0.043181284526208084,40.60189946492513,1.1040847349157
8,9,1.3360295224067806,0.15885963528862088,1.371309113375346,0.15667070451460438,0.5020666666666667,0.07005714334265517,0.4979333333333334,0.07005714334265521,40.83175913492838,1.092087402226676
8,10,1.2711785562711198,0.17189140152108073,1.3694253969510395,0.1965437645306284,0.5106,0.0648722590943155,0.4894,0.06487225909431553,41.064239501953125,1.083126567457762
8,11,1.2044470838167072,0.16342478772580507,1.3117016166687012,0.06473922187587601,0.5408333333333334,0.022012799307069838,0.45916666666666667,0.022012799307069838,41.291839599609375,1.069976881251405
8,12,1.1387542918108513,0.16326894535734915,1.1727181566874185,0.142224066554405,0.5760666666666666,0.05150051779674968,0.42393333333333333,0.05150051779674968,41.51115926106771,1.058501190774659
8,13,1.0830133614231152,0.1621051462256277,1.1633047956466676,0.04856318612805411,0.5902666666666667,0.03487037902480178,0.40973333333333334,0.03487037902480178,41.72972742716471,1.0363049210435935
8,14,1.024853932125794,0.15887146668218782,1.1312937816937765,0.06688236747900947,0.6056666666666667,0.032649093912899545,0.39433333333333337,0.032649093912899545,41.944087982177734,1.02313475725022
8,15,0.9787925106281921,0.15362011855406393,1.1174106888453166,0.121638299051641,0.6118,0.048314387091217444,0.38820000000000005,0.04831438709121745,42.16426467895508,1.0021244825309645
8,16,0.9263147379177205,0.15086320196637645,1.0226990611394247,0.09695037837321317,0.6424,0.035481403579903655,0.3576,0.035481403579903655,42.37562561035156,0.984699513897729
8,17,0.8892617214467925,0.1268059385648108,0.9230313251495361,0.13707491415297582,0.6758666666666667,0.049600134408420024,0.32413333333333333,0.049600134408420024,42.58349100748698,0.9769495485105041
8,18,0.8466457395551555,0.137350758920424,0.9937100246429443,0.12856772034433042,0.6616666666666666,0.047478030006870925,0.3383333333333334,0.047478030006870925,42.791351318359375,0.949660717564558
8,19,0.8087611409556835,0.11188607389919446,0.9195452519098918,0.17431307219112605,0.6893333333333334,0.05434908769550172,0.3106666666666667,0.05434908769550172,42.995198567708336,0.935393396816386
8,20,0.7741835667908141,0.11323830009076906,0.9290402486165364,0.24337519211852615,0.6937000000000001,0.07208689201234851,0.30629999999999996,0.07208689201234852,43.19467035929362,0.9156674169542206
8,21,0.7459404445670145,0.09503676244538482,0.8910579938888551,0.14742592201647667,0.7002333333333333,0.05555045754387028,0.2997666666666667,0.05555045754387028,43.38922246297201,0.9146935992906539
8,22,0.7112224136573682,0.09130837971047218,0.8242358441034953,0.049289616765545996,0.7176333333333332,0.022750897418197247,0.28236666666666665,0.022750897418197247,43.57678731282552,0.9107865487549016
8,23,0.6848788886932055,0.07821490899217873,0.7959349996248881,0.14806487265523172,0.7307666666666667,0.04796512622034193,0.2692333333333333,0.04796512622034193,43.7607536315918,0.9019198429783265
8,24,0.6622409611203582,0.07020020402463882,0.73423057568868,0.06310769434594393,0.7511,0.02035018427434993,0.2489,0.02035018427434993,43.94247690836588,0.8985552142585734
8,25,0.6378065386544103,0.06951627486196972,0.8438243087132772,0.1783834537524754,0.7199333333333332,0.055040833327024904,0.2800666666666667,0.055040833327024904,44.116861979166664,0.8906853198539348
8,26,0.6217887958500595,0.06447525582030875,0.6951812101682027,0.05608899901188662,0.7635333333333333,0.019984076994780983,0.23646666666666669,0.019984076994780983,44.28921254475912,0.8873136293142115
8,27,0.6013030371194402,0.06027185498987538,0.6547734674612681,0.05934576985393455,0.7808666666666667,0.018628562299150563,0.21913333333333337,0.018628562299150563,44.462646484375,0.8778332161347014
8,28,0.5820809173106335,0.05194384175800442,0.7017362863858541,0.03215965244500275,0.7657333333333334,0.006557692683660447,0.23426666666666665,0.006557692683660447,44.63254928588867,0.8702147581694046
8,29,0.5685281095500695,0.050506870600854264,0.6979101260503134,0.05843666191886597,0.7629333333333334,0.022759027512908633,0.23706666666666668,0.022759027512908637,44.800610860188804,0.8679290521212333
8,30,0.5534325008298837,0.053910272339167335,0.6656158260345459,0.05467088379849061,0.7773666666666667,0.0205733646575696,0.22263333333333332,0.0205733646575696,44.96429570515951,0.8620444786088683
8,31,0.5394658728328813,0.04863664430098931,0.7133137932936351,0.04998472058963075,0.7685,0.01386217876093081,0.2315,0.013862178760930809,45.12571334838867,0.8553393041019292
8,32,0.5243434713421372,0.04937920882528982,0.6771011844476065,0.08562761783644861,0.7756333333333333,0.02853214561390944,0.2243666666666667,0.02853214561390944,45.28524907430013,0.8541078192658996
8,33,0.5121799230016609,0.04408890319026773,0.7570708422978719,0.16639174106062485,0.7588,0.043450086306013234,0.24119999999999997,0.043450086306013234,45.44232686360677,0.8434877052811343
8,34,0.5040769764021331,0.04506913561959459,0.6783750146389007,0.14327452135078755,0.7801333333333332,0.04310247479360478,0.21986666666666668,0.04310247479360478,45.607234954833984,0.8397163902806669
8,35,0.4913807538388026,0.03926910664155211,0.6366539194107056,0.07521737114936902,0.7886666666666667,0.024681234436983366,0.21133333333333335,0.024681234436983366,45.76290639241537,0.835927902886278
8,36,0.47838546643120966,0.03907890735429707,0.5840626261075338,0.03181905350673406,0.8076333333333334,0.008619938128161564,0.19236666666666666,0.008619938128161564,45.92050298055013,0.8314885430661461
8,37,0.4666970139853688,0.03898323130149802,0.5774410262902577,0.005829198495292083,0.8099333333333333,0.0038552993831002668,0.1900666666666667,0.0038552993831002668,46.07282257080078,0.8291546736185199
8,38,0.460159186397672,0.039103968939151426,0.6869185175259909,0.07292978326630846,0.7796666666666666,0.009922869208718483,0.22033333333333335,0.009922869208718483,46.223253885904946,0.8213062303836579
8,39,0.4495681334995146,0.03642619881067131,0.5839136329015097,0.06935950196375452,0.8099999999999999,0.022753241527307712,0.18999999999999997,0.022753241527307712,46.37570317586263,0.8160588645719212
8,40,0.44734104877085334,0.03781986410020877,0.5801743961175284,0.05797271035743401,0.8094666666666667,0.02119111449011904,0.19053333333333333,0.02119111449011904,46.529205322265625,0.8060057491787976
8,41,0.43436094073027703,0.03694435983410823,0.6020331936836243,0.02688928897673924,0.8043999999999999,0.013554703980537564,0.1956,0.013554703980537564,46.68036651611328,0.8053065287575882
8,42,0.42730029612042814,0.03169115621012493,0.5968609801133474,0.03806140298066604,0.8098666666666666,0.009610584442859534,0.19013333333333335,0.009610584442859534,46.829359690348305,0.7979534629579225
8,43,0.41898929055237094,0.03681104729831689,0.6007196320533752,0.051306652747537686,0.8064,0.018457789683491353,0.1936,0.018457789683491353,46.97598648071289,0.7949861189709737
8,44,0.41056786097732245,0.03503342827094072,0.5483015411853791,0.03662509932070745,0.8222,0.01075034883154961,0.17779999999999999,0.01075034883154961,47.12369918823242,0.7914717782991323
8,45,0.40377943609021005,0.032546459110166355,0.6611876676559448,0.16859309746628742,0.7929666666666667,0.04166729332862088,0.20703333333333332,0.04166729332862088,47.27266947428385,0.7882656583437669
8,46,0.3956309552768917,0.03384536122032943,0.580423188082377,0.05702987533606401,0.8175,0.013619471355379394,0.1825,0.013619471355379394,47.415669759114586,0.7856415569423425
8,47,0.3896924819660715,0.03467653277130087,0.5606320126215616,0.08238632760889603,0.8165666666666667,0.026190519913383427,0.18343333333333334,0.026190519913383427,47.55917231241862,0.7788950688081615
8,48,0.38672849363174994,0.03400724737122265,0.5370816261768341,0.039553845818946685,0.8253,0.01583287718641185,0.1747,0.01583287718641185,47.70325215657552,0.7719336491549206
8,49,0.37675999844318153,0.030603333918989083,0.531778830909729,0.04807035235338638,0.8269666666666667,0.01840715440619035,0.17303333333333334,0.01840715440619035,47.84546407063802,0.7676694488442907
8,50,0.3714716755241181,0.03005519330691034,0.6028247514883677,0.038927245965818834,0.8117333333333333,0.008357830659527216,0.1882666666666667,0.008357830659527216,47.99133173624674,0.763045634265519
8,51,0.3651140187910655,0.03141082949953627,0.5692893292268116,0.03450841446643742,0.8170666666666667,0.007910330797971323,0.1829333333333333,0.007910330797971323,48.13134892781576,0.7612410596296496
8,52,0.3593922595970669,0.024229170218498613,0.5646438563982645,0.09776052870051602,0.8199,0.0309762812487232,0.18010000000000004,0.0309762812487232,48.27584457397461,0.7548794988542356
8,53,0.3569275144065229,0.027241268262844495,0.544033218717575,0.05393185631001015,0.8284333333333334,0.015149367423537317,0.17156666666666665,0.015149367423537317,48.42001215616862,0.7487674364219877
8,54,0.3485841484198891,0.02684192757549314,0.532718450419108,0.02154325479630608,0.8319333333333333,0.006615386106141728,0.16806666666666667,0.006615386106141728,48.56218973795573,0.7456324259693381
8,55,0.34517885255488384,0.02808787573879782,0.5236098311901093,0.06904925570368418,0.8322333333333334,0.02008091963365558,0.1677666666666667,0.02008091963365558,48.70518493652344,0.7399893608645806
8,56,0.3387921767568141,0.030023423283046413,0.5383990812937419,0.046906669616726425,0.8315333333333333,0.009700171819784074,0.16846666666666668,0.009700171819784074,48.84620157877604,0.7389120835766428
8,57,0.33760404898026825,0.02299321356165651,0.5991449807167053,0.06465277107810422,0.8140999999999999,0.020110693672770172,0.18589999999999998,0.020110693672770172,48.988335927327476,0.7331499742089023
8,58,0.3322207858851092,0.02890147831556498,0.602640154536565,0.12928107384984178,0.8155666666666667,0.03156015420325656,0.1844333333333333,0.03156015420325656,49.128849029541016,0.729775464504303
8,59,0.3241592042484755,0.02922397377325182,0.5511405326048533,0.03607894556241541,0.8282666666666666,0.00800520663901517,0.17173333333333332,0.00800520663901517,49.26521301269531,0.7252805789873285
8,60,0.3219218707857026,0.028550367030447568,0.5472764389673869,0.009792721913462065,0.8321333333333333,0.003980368492154152,0.16786666666666664,0.003980368492154152,49.403611501057945,0.7204957703312557
8,61,0.3140152886776668,0.023563443052710756,0.49721740709940593,0.020030555693900935,0.8426666666666667,0.00796073698430822,0.15733333333333333,0.00796073698430822,49.53997929890951,0.7193098678463699
8,62,0.30737617525501526,0.026186353190337557,0.4908313714663188,0.04767458207477075,0.8454666666666667,0.01704709163855623,0.15453333333333338,0.01704709163855623,49.67383321126302,0.7131432871847837
8,63,0.3060291978353531,0.020834019034623927,0.5183825451533001,0.03736538371980049,0.8363666666666667,0.005001333155602951,0.1636333333333333,0.005001333155602951,49.812032063802086,0.7075785404349783
8,64,0.3027983307647888,0.029407721443359982,0.5128446458657582,0.04924226615090292,0.8412333333333333,0.01944899311875383,0.15876666666666664,0.019448993118753827,49.95120747884115,0.704728400024329
8,65,0.30101964698321576,0.02854367623723442,0.5048847519715628,0.06244040765639497,0.8420333333333333,0.01739664718655099,0.15796666666666667,0.01739664718655099,50.08732223510742,0.702392569931174
8,66,0.29472844673595366,0.027725452894285685,0.5705426795800527,0.032472252366958554,0.8259666666666666,0.0110816665413345,0.17403333333333335,0.0110816665413345,50.2231814066569,0.6984934480034626
8,67,0.29144492376363895,0.024102945371643533,0.5349436822096506,0.05978639025849308,0.8394666666666667,0.008471324178269518,0.16053333333333333,0.00847132417826952,50.35870869954427,0.6935459681351361
8,68,0.2898643009447177,0.028097857191761496,0.5705423056920369,0.10834589820605801,0.8314666666666666,0.028664321609508468,0.16853333333333334,0.028664321609508468,50.49456278483073,0.6885171944355355
8,69,0.28199295764384064,0.024595596071626636,0.5447893613974254,0.022251994068403915,0.8375666666666667,0.0017785762095939026,0.16243333333333332,0.0017785762095939026,50.63068517049154,0.6822327599105801
8,70,0.27927952512577875,0.02404687331446016,0.5368873957236608,0.03198032062128822,0.8358666666666666,0.011856784274554921,0.16413333333333333,0.011856784274554923,50.76568603515625,0.6814439069543152
8,71,0.275619612839978,0.023344484929631877,0.5681835203170776,0.06592593876406816,0.8285,0.014778700890132423,0.17149999999999999,0.014778700890132423,50.900227864583336,0.6776106077980839
8,72,0.2676335313728195,0.026022118913284032,0.4952850311438242,0.04070843452539032,0.8492666666666667,0.009586622623913663,0.15073333333333336,0.009586622623913663,51.03040568033854,0.6772947461237072
8,73,0.27188377985564033,0.022393165421572683,0.5362870691776276,0.05942607584009542,0.8384333333333333,0.01588626240918024,0.16156666666666672,0.01588626240918024,51.16792551676432,0.6732045911855498
8,74,0.26220804101010214,0.015985738114446812,0.49386218751271566,0.032515822704445314,0.8527,0.007796794213008326,0.1473,0.007796794213008326,51.29958979288737,0.6655806722497996
8,75,0.26338911720274455,0.019315341979394968,0.5481968971172968,0.04050167189424773,0.8337333333333333,0.01251492442379628,0.16626666666666667,0.01251492442379628,51.436161041259766,0.6599914601621009
8,76,0.26107021872166986,0.01992610433609862,0.5493473964134852,0.003520317085740023,0.8396,0.004215447781671618,0.1604,0.004215447781671618,51.57244618733724,0.6585360498997863
8,77,0.2569839655019133,0.019591568264757404,0.5333394834280014,0.09342642983578418,0.8443666666666667,0.01852898630074872,0.15563333333333337,0.018528986300748715,51.7052116394043,0.6563881936641695
8,78,0.2489526707929927,0.022202666892976623,0.5271057637294133,0.05421670062352155,0.8447333333333332,0.0114823052273197,0.1552666666666667,0.0114823052273197,51.83240254720052,0.6524411589162523
8,79,0.24869236625724642,0.015114454147560833,0.524649377322197,0.052186475786130906,0.8462000000000001,0.009796427920420828,0.15379999999999996,0.009796427920420828,51.96484502156576,0.6456638797276144
8,80,0.24787588289860263,0.02757786793875508,0.5175990163167318,0.04705411190505046,0.8475666666666667,0.012174289849241019,0.15243333333333334,0.012174289849241019,52.092411041259766,0.6412613061311316
8,81,0.23896980859841022,0.027259164894387615,0.5633247712453207,0.06044145247094673,0.8349666666666667,0.017370185184198094,0.16503333333333334,0.017370185184198098,52.22037251790365,0.6396805355855134
8,82,0.2398776770501897,0.021820919503279336,0.5847330438216528,0.08989406429465055,0.8311999999999999,0.019787117020930573,0.16879999999999998,0.019787117020930573,52.349501291910805,0.6367675147918433
8,83,0.240120434363429,0.01760747457978857,0.4939146825154623,0.02046193962383163,0.8556333333333334,0.0060351746729762085,0.14436666666666667,0.006035174672976209,52.479610443115234,0.6327911849901575
8,84,0.23357235165813087,0.02355210715176713,0.530461359500885,0.059008058514622465,0.8448666666666668,0.01274218714873288,0.15513333333333332,0.01274218714873288,52.607476552327476,0.6330878995394709
8,85,0.2304342849162635,0.020107280449056773,0.4895253357330958,0.02073720472464192,0.8554,0.0029866369046136435,0.14460000000000003,0.0029866369046136435,52.734259287516274,0.6315449487129791
8,86,0.22714829326743055,0.021656814738870375,0.5673148586312929,0.058486688805873564,0.8391333333333333,0.011043701070444306,0.16086666666666669,0.011043701070444304,52.85960133870443,0.6281322912136983
8,87,0.22636881603431416,0.01811544528880191,0.5537325692653656,0.08566325662976451,0.8409000000000001,0.015852129194527758,0.1591,0.015852129194527758,52.989706675211586,0.623227059026816
8,88,0.22336492980913736,0.02095418704490509,0.5226508964697519,0.051501814148478715,0.8506333333333332,0.013550030750272616,0.14936666666666668,0.013550030750272616,53.114990234375,0.6204826192848129
8,89,0.22257401052312983,0.019665233971147385,0.47637916523615514,0.005558942947954832,0.8587666666666666,0.004548992562461869,0.14123333333333332,0.004548992562461869,53.24264780680338,0.6165584983722663
8,90,0.22027792427799994,0.022114763028862942,0.504726942205429,0.037126744423844095,0.8536333333333334,0.00951910359925417,0.14636666666666667,0.00951910359925417,53.36992645263672,0.6131442278645804
8,91,0.216931542954888,0.01756149655821968,0.5116768827438354,0.02046878566413701,0.8509000000000001,0.008983874442577668,0.14909999999999998,0.008983874442577668,53.494391123453774,0.610458573942134
8,92,0.21304231514965277,0.01950214700782456,0.5424017958799998,0.017970767942674756,0.8479000000000001,0.009619251530134775,0.1521,0.009619251530134775,53.62003962198893,0.6066134458496494
8,93,0.2110703243839873,0.01873115120708344,0.518129884894689,0.011639833829684684,0.8514333333333334,0.005499393905998496,0.1485666666666667,0.005499393905998496,53.74308776855469,0.6011491041014224
8,94,0.20640079402074993,0.021839574706605892,0.558280079015096,0.04635331670848426,0.8466333333333335,0.01566822687266603,0.15336666666666665,0.01566822687266603,53.86716079711914,0.6027105159236805
8,95,0.20688871214863383,0.02065594143332793,0.5193030911127726,0.037616233086625386,0.8528333333333333,0.010428966072115372,0.14716666666666667,0.010428966072115372,53.989968617757164,0.5993310259937134
8,96,0.20015699702862075,0.02316534780889549,0.5158103278477987,0.02390270503483471,0.8513999999999999,0.005173973328110612,0.14860000000000004,0.005173973328110612,54.11009852091471,0.5988884727518234
8,97,0.199779128473179,0.02122716877008679,0.5360646098295847,0.021962578335809255,0.8486000000000001,0.002961418578992175,0.15139999999999998,0.002961418578992175,54.232278188069664,0.5939745363795534
8,98,0.20002377829105553,0.015334458820791614,0.5221657491048177,0.03950111181803362,0.8534,0.004750789408087858,0.14660000000000004,0.004750789408087858,54.35686111450195,0.5869100974512529
8,99,0.19680593104339114,0.019571624239514723,0.5565133778254191,0.01333188417385177,0.8445666666666667,0.005704676444228355,0.1554333333333333,0.005704676444228355,54.4797617594401,0.5855735370657316
8,100,0.19808902908418288,0.018619627078679906,0.5135298532327016,0.02132698799713617,0.855,0.004886716689148231,0.145,0.004886716689148231,54.60670725504557,0.5810053006531105
16,1,3.9250923032345977,0.04986629774306804,2.256852012379964,0.024789288935968143,0.159,0.02792149709453274,0.8409999999999999,0.02792149709453277,46.797864278157554,4.378254078139198
16,2,2.2082683779902674,0.06456213160712196,2.1679797724405923,0.08770702879240122,0.17353333333333334,0.03494629212567956,0.8264666666666667,0.03494629212567955,46.81353251139323,4.362699881554357
16,3,2.1605725495711616,0.10287948404211797,2.1424224882125853,0.11551532600116712,0.18799999999999997,0.051184763357858744,0.8119999999999999,0.05118476335785874,46.84280522664388,4.350221566243295
16,4,2.12824210029124,0.11449317931429757,2.1221236806233725,0.12235116692036344,0.19713333333333335,0.05446212751383602,0.8028666666666666,0.05446212751383601,46.88915506998698,4.321633040186713
16,5,2.072398871208802,0.11897437697306298,2.1108147060394287,0.06972714647632203,0.2037,0.05467476566022025,0.7963,0.05467476566022023,46.95306142171224,4.2984884388064755
16,6,2.012932541933409,0.11229036533400255,2.017305389912923,0.21687170919765167,0.2593333333333333,0.05942224611484603,0.7406666666666667,0.05942224611484604,47.032457987467446,4.271569302353586
16,7,1.9479800435283299,0.09207801835934759,2.7985815437316894,1.3227297303985428,0.2384666666666667,0.051193391500596375,0.7615333333333334,0.05119339150059641,47.140533447265625,4.224166618081695
16,8,1.8999251028664175,0.11305030143581474,1.8545818740208944,0.10028697324304608,0.3014,0.043090486188948944,0.6985999999999999,0.04309048618894893,47.254172007242836,4.184208313496742
16,9,1.828312459199325,0.11580338614277835,1.8169438986460367,0.1855097066695767,0.32016666666666665,0.08607800725698368,0.6798333333333333,0.08607800725698368,47.37953567504883,4.142829117162538
16,10,1.7773082895555359,0.10666265944910948,1.7879256633122764,0.16055993479492398,0.34073333333333333,0.04447935850856364,0.6592666666666668,0.044479358508563646,47.50462341308594,4.112913950736702
16,11,1.74374259798728,0.11261412978715464,1.7762611250559488,0.16039721165294482,0.3605333333333333,0.04898737932706069,0.6394666666666667,0.04898737932706069,47.64871724446615,4.080344075082653
16,12,1.6774127717111622,0.11099541353506401,1.7076907138824462,0.0771888480271482,0.3780666666666667,0.032329913908535755,0.6219333333333333,0.03232991390853575,47.77839660644531,4.047801820083548
16,13,1.6395098175234197,0.09845758230971996,1.596074147160848,0.09790959726373659,0.4062666666666667,0.03622614157391501,0.5937333333333333,0.03622614157391499,47.924659729003906,3.997940921617378
16,14,1.5996476584586545,0.10700405635555245,1.5877302255630494,0.035259764056188206,0.43270000000000003,0.02805940127657752,0.5673,0.028059401276577536,48.08063252766927,3.965187650012544
16,15,1.5593675388196342,0.10994036837368988,1.639923622894287,0.03523769640801261,0.40206666666666663,0.010697819092381999,0.5979333333333333,0.010697819092381978,48.23315175374349,3.92747714346092
16,16,1.5233967302197182,0.09805958056555442,1.5266736685434978,0.16925755230685563,0.43870000000000003,0.057315530181618314,0.5613,0.05731553018161834,48.40672302246094,3.8964524082312484
16,17,1.4694705197471691,0.125275115322109,1.5122338936487834,0.07975162309348087,0.44229999999999997,0.015677053294544854,0.5577,0.015677053294544867,48.562774658203125,3.865530021775613
16,18,1.4421396477041546,0.11792682925093664,1.4309870465596515,0.16716625362226387,0.4787333333333333,0.06741560155730518,0.5212666666666667,0.06741560155730517,48.73114903767904,3.83121177861327
16,19,1.3960441385998443,0.12094246912717958,1.4783706254959104,0.18163299780685896,0.4734666666666667,0.0723688008283496,0.5265333333333333,0.07236880082834957,48.909281412760414,3.7973633627232206
16,20,1.3569558363436434,0.11485036935501108,1.3519862977345785,0.11748490688952544,0.5041333333333333,0.04543845654655681,0.4958666666666667,0.04543845654655683,49.07455571492513,3.7655520225433636
16,21,1.3076256988196928,0.1167390653323272,1.37922911345164,0.09198647201087289,0.5073,0.03779298876775957,0.49269999999999997,0.03779298876775957,49.244195302327476,3.728961961749354
16,22,1.269307930095523,0.10600162296499824,1.2780983884175618,0.12953665450119586,0.5356333333333333,0.0545010397454336,0.46436666666666665,0.054501039745433626,49.4063835144043,3.6993078098030354
16,23,1.238608374162708,0.12915223732254763,1.3365771858215332,0.15106558115381696,0.5295333333333333,0.04851869055666421,0.47046666666666664,0.04851869055666421,49.57540384928385,3.6857552524619606
16,24,1.2049560730821132,0.12172259982008489,1.2744962714195252,0.17840832905914972,0.5421333333333332,0.07457991239826801,0.45786666666666664,0.07457991239826801,49.74420293172201,3.6598243431537987
16,25,1.1686118602854314,0.09761429360098806,1.201710139465332,0.04850338551272639,0.5671666666666667,0.029127707313369756,0.4328333333333334,0.029127707313369756,49.916646321614586,3.6288166929649335
16,26,1.1220728432837452,0.11405868443152362,1.2799069835027057,0.15126741656183607,0.5408333333333334,0.05907032531934568,0.45916666666666667,0.05907032531934568,50.070167541503906,3.609379267283245
16,27,1.1004591558290564,0.12684900718486977,1.114155445575714,0.15769345658313064,0.5994666666666667,0.060054752795539235,0.40053333333333335,0.060054752795539235,50.233595530192055,3.597990842979039
16,28,1.0747422652679535,0.12422322089455617,1.1447394030888876,0.1776736112096715,0.5972666666666667,0.06716966081002146,0.40273333333333333,0.06716966081002146,50.39720026652018,3.5827681486426997
16,29,1.0403579125420617,0.1110223782665663,1.1285907270431519,0.1405106615506213,0.6085666666666667,0.04172101788467454,0.39143333333333336,0.04172101788467454,50.56775156656901,3.559995953287812
16,30,1.0183337307951943,0.11084398484925707,1.0548426455497741,0.1425472169852619,0.628,0.0595010083948163,0.37200000000000005,0.0595010083948163,50.73762766520182,3.5439407225910426
16,31,0.9844719633421933,0.10062758486561396,1.190128867149353,0.2587043430603847,0.5978666666666667,0.07474338320770164,0.4021333333333333,0.07474338320770164,50.900290171305336,3.5257955146128217
16,32,0.9461548360412383,0.12682593219188318,1.0212383568763732,0.051979075823567755,0.6447666666666666,0.024183534343295097,0.35523333333333335,0.024183534343295097,51.055057525634766,3.5220332032647823
16,33,0.9392283782426455,0.1051100239526436,1.0072341828664144,0.09243635898720402,0.6510999999999999,0.04065058425164388,0.3489,0.04065058425164388,51.220288594563804,3.509144366662819
16,34,0.9080422998287693,0.10092608012903218,0.9538511410077414,0.17263823662338917,0.6732999999999999,0.05479206146879308,0.3267,0.05479206146879308,51.38177998860677,3.4940725455901487
16,35,0.8671651525011655,0.11872817500768135,0.9405856689453125,0.131177221415072,0.6724,0.04750820981683062,0.32759999999999995,0.04750820981683062,51.52887090047201,3.4929683983526862
16,36,0.8633851319526061,0.09960817225185668,0.8997659905751547,0.09040714167447636,0.6876000000000001,0.033346514060693076,0.31239999999999996,0.033346514060693076,51.68828455607096,3.4814161361493436
16,37,0.8342880389676172,0.10027791141308723,0.9376231881459555,0.09548098118031774,0.6812666666666667,0.02918978131698377,0.31873333333333337,0.029189781316983774,51.84270095825195,3.470447003355287
16,38,0.8086254902863645,0.09235670769953934,0.9018351657549539,0.15640550894604657,0.6920999999999999,0.052709391952478465,0.3079,0.052709391952478465,51.98860295613607,3.463617135499029
16,39,0.8007776102294093,0.10532824116027827,0.8659226914405823,0.09979370251675905,0.7013666666666666,0.03753256363923643,0.29863333333333336,0.03753256363923643,52.148199717203774,3.4615306132020445
16,40,0.7757420895044761,0.10171778767790736,0.8305658240000406,0.14195179536138805,0.7137333333333333,0.04851972107641729,0.28626666666666667,0.04851972107641729,52.29040018717448,3.4582383810393997
16,41,0.7572281435830717,0.08922289864094758,0.8432254699071248,0.04907890889361282,0.7146,0.015372703080460562,0.2854,0.015372703080460562,52.435017903645836,3.451332144011653
16,42,0.7484036283369057,0.0882480386750189,0.8936822773297628,0.04819778199474159,0.6970999999999999,0.02305797042239409,0.3029,0.023057970422394092,52.58242670694987,3.4433132920399374
16,43,0.7198799547484462,0.07532692229150471,0.8380164700349173,0.10563348793283217,0.7159666666666666,0.03531519974930529,0.2840333333333333,0.03531519974930529,52.72077433268229,3.4357333495792926
16,44,0.7054219794700213,0.0958610642671369,0.8196007102012635,0.15590022493704736,0.7254,0.046934741929619724,0.2746,0.046934741929619724,52.860493977864586,3.4396259691308835
16,45,0.6984957413905112,0.07903454425340349,0.8629264430046081,0.18229198543672004,0.7159,0.046581004712221506,0.28409999999999996,0.046581004712221506,53.002340952555336,3.4341832518786486
16,46,0.6811921078988048,0.08214193846791819,0.8104131298065186,0.19387895990453208,0.7294333333333333,0.053815827907162564,0.2705666666666667,0.053815827907162564,53.143192291259766,3.4316175182589235
16,47,0.6611091211527103,0.08086979679137261,0.7814927790800731,0.08426813910106751,0.7355,0.027025173449952214,0.2645,0.027025173449952214,53.2737185160319,3.428260276100346
16,48,0.6553871110272224,0.0777179444822546,0.8678887666702271,0.1472870157034544,0.7186,0.04418642325420784,0.28140000000000004,0.044186423254207845,53.413499196370445,3.4243379142128356
16,49,0.6401684160478484,0.06461172286077176,0.7410939640680949,0.04489218774505624,0.7485333333333334,0.019162811206431422,0.25146666666666667,0.019162811206431422,53.547742207845054,3.4122709248747363
16,50,0.6348467548993136,0.07098648167986094,0.7780830792427063,0.13286675155526578,0.7404999999999999,0.04150891470515703,0.2595,0.04150891470515703,53.68501281738281,3.4102038912590924
16,51,0.6177636151982492,0.06983847707887006,0.7869461915334067,0.07240167676922175,0.7422333333333334,0.028093474924496865,0.25776666666666664,0.028093474924496868,53.81698481241862,3.4035497971923316
16,52,0.5986958603419916,0.06526276943469558,0.71536038535436,0.06989319792821816,0.7584333333333334,0.024391050271223107,0.24156666666666662,0.024391050271223107,53.94283676147461,3.399023754230019
16,53,0.6079076587747329,0.07313268916639394,0.7324596023241678,0.10478350840111222,0.7561,0.032638167840735165,0.2439,0.032638167840735165,54.079724629720054,3.397162842828269
16,54,0.5885818769864719,0.05873678852439009,0.7028767985661825,0.06434424045152128,0.7646666666666667,0.029850516466777156,0.23533333333333337,0.029850516466777156,54.20814641316732,3.389370821905988
16,55,0.5821536406175966,0.06255895249343707,0.6683503367741902,0.043938579996081716,0.7742333333333334,0.017886400793153814,0.22576666666666667,0.017886400793153814,54.337626139322914,3.3828160981775506
16,56,0.558884693279494,0.0637366877124418,0.6849554260174434,0.08014296675708754,0.7713666666666666,0.02248606976181777,0.22863333333333333,0.02248606976181777,54.45707321166992,3.383027030144977
16,57,0.5585401736561905,0.05980199641564817,0.6866281209150951,0.04814147846626118,0.7718666666666666,0.02114056132966513,0.22813333333333333,0.02114056132966513,54.57947285970052,3.3778252415836687
16,58,0.54489986302501,0.06231802296797261,0.6812045827547708,0.040364334154862125,0.7751333333333333,0.01613391872216213,0.22486666666666666,0.01613391872216213,54.69953918457031,3.37168224880527
16,59,0.5453823065767914,0.054053768591641634,0.7126872414588928,0.014601392949831524,0.7659666666666668,0.009830734119755914,0.23403333333333332,0.009830734119755914,54.824119567871094,3.3632413081499593
16,60,0.5408460499634625,0.06025741893852516,0.69348503519694,0.047963442984443,0.7736333333333333,0.014261954050316283,0.2263666666666667,0.014261954050316283,54.951157887776695,3.3613876064898394
16,61,0.5372644373980324,0.061188774940199,0.6401687904675801,0.06516304315563808,0.7860333333333333,0.026369363536750987,0.21396666666666667,0.026369363536750987,55.07677714029948,3.360248212922791
16,62,0.519217310633704,0.05125407999277103,0.6675173724174499,0.07208932811821293,0.7777,0.029080405774335422,0.22230000000000003,0.029080405774335426,55.19882074991862,3.3516595385830557
16,63,0.512308291233409,0.060528487787933946,0.665845678917567,0.08157259111263396,0.7792666666666667,0.023786831090612616,0.22073333333333334,0.023786831090612616,55.32106018066406,3.34921715323705
16,64,0.5054839101746259,0.05378780117074619,0.643303530438741,0.055033553491576355,0.7872,0.019504102132628404,0.21279999999999996,0.0195041021326284,55.44024912516276,3.3457028564405564
16,65,0.4935698804444771,0.05193266489456786,0.6285378383318583,0.047961870842346425,0.7913666666666667,0.015074592310684021,0.20863333333333334,0.015074592310684021,55.56031036376953,3.3384654579049293
16,66,0.49098985292214364,0.059521537821800294,0.5993633795897165,0.05689643155868014,0.7988666666666667,0.019891287875181258,0.2011333333333333,0.019891287875181258,55.6762440999349,3.3360439502043655
16,67,0.4873590858975538,0.05610256716540707,0.5999452893098195,0.06662862987331071,0.7997,0.019062004091910216,0.2003,0.019062004091910216,55.794542948404946,3.329658526797011
16,68,0.4768778693188182,0.04708992454857953,0.6262248967488607,0.05018394666642209,0.7943666666666666,0.017972293491186172,0.20563333333333333,0.017972293491186172,55.91044998168945,3.3248757716192885
16,69,0.477198318764885,0.0544879806695972,0.6264760113875072,0.1073762836557357,0.7955333333333333,0.028814290436055084,0.20446666666666669,0.028814290436055084,56.03277842203776,3.3191050073651116
16,70,0.4687113655446842,0.043980975083111676,0.6056658519665401,0.03955370636954836,0.7989333333333334,0.014709294114040058,0.20106666666666664,0.014709294114040058,56.148345947265625,3.309065013257811
16,71,0.4620691354292026,0.05082336014958116,0.6046372453689575,0.10580701627117138,0.8030666666666667,0.028386146856051737,0.19693333333333332,0.028386146856051737,56.267520904541016,3.304383361034882
16,72,0.45964815607969306,0.051061190048980264,0.6054487826506296,0.03235901331035612,0.7977,0.01378150935130112,0.20230000000000004,0.01378150935130112,56.386061350504555,3.299757557785656
16,73,0.4471875093782039,0.046813418512482365,0.5929264101823172,0.0865821990619968,0.8077666666666667,0.026378084337823574,0.19223333333333328,0.02637808433782357,56.49968465169271,3.295301024636087
16,74,0.4445596362979414,0.060802493270623086,0.6712595523039501,0.058753265625651654,0.7799333333333333,0.02127306591287054,0.22006666666666666,0.021273065912870544,56.61495463053385,3.2954775281541204
16,75,0.4483985580751659,0.05435176598909455,0.6132118182182311,0.061826420599469974,0.8000666666666666,0.01955334583474997,0.19993333333333332,0.01955334583474997,56.73099009195963,3.295828134180624
16,76,0.43968570276853475,0.045766684340647394,0.5955887881596883,0.04629911588861769,0.8033666666666667,0.013843530378242852,0.19663333333333333,0.013843530378242852,56.845523834228516,3.288951860169584
16,77,0.43032256602123065,0.048397103356410724,0.5999361131827037,0.04129999912030986,0.8035666666666667,0.01817039717048949,0.19643333333333335,0.01817039717048949,56.957619984944664,3.280236226925324
16,78,0.4300821048270304,0.04279531916595279,0.5991170605341594,0.029959989052888797,0.8056000000000001,0.012389108119634744,0.19440000000000002,0.012389108119634744,57.07849884033203,3.2707711961545614
16,79,0.4188260082139587,0.03839186799104019,0.5792780083020529,0.06039052053046905,0.8132666666666667,0.022345543925653993,0.1867333333333333,0.022345543925653993,57.19035085042318,3.259935196994271
16,80,0.4252414154071434,0.058516075100508894,0.6328656711101531,0.07222695748847568,0.7939333333333334,0.020600080905989967,0.20606666666666665,0.020600080905989967,57.308539072672524,3.2590466704791834
16,81,0.41798783545298956,0.0450732652281144,0.5896711010138195,0.06214228620789265,0.8089333333333334,0.022116132874744055,0.19106666666666663,0.02211613287474406,57.42306264241537,3.2527811742396238
16,82,0.4012132487740155,0.049717445131257025,0.5622542619307835,0.03081907346619915,0.8154,0.013684662947986707,0.18460000000000001,0.013684662947986707,57.52868398030599,3.2466722682734046
16,83,0.4070825279902314,0.05679002004783112,0.5653410723924638,0.09095828633772698,0.8144333333333332,0.03035166112971962,0.18556666666666669,0.03035166112971962,57.64083607991537,3.2480229920611565
16,84,0.40208844256167314,0.04252206256816161,0.6273370112419129,0.026272944165006158,0.8007666666666667,0.011171541224617719,0.1992333333333333,0.011171541224617719,57.75138600667318,3.2399737089334897
16,85,0.3919823839434781,0.041178011224159566,0.5985844354311626,0.10379312351025756,0.8085333333333332,0.027810489627716643,0.19146666666666667,0.027810489627716643,57.85727183024088,3.236576135570884
16,86,0.3965447305210208,0.04507728413271418,0.6181054389158884,0.09873759944284807,0.8058000000000001,0.02726224495524901,0.19419999999999996,0.02726224495524901,57.970419565836586,3.2303348635768114
16,87,0.38747989277705513,0.04770125891754643,0.61089262286822,0.10388133808025724,0.8089666666666666,0.025550799074262477,0.1910333333333333,0.025550799074262477,58.08126576741537,3.2264665444225953
16,88,0.3878839680859906,0.04219260067160046,0.5761995468616486,0.04925872713410049,0.8177,0.01257139610385421,0.18230000000000002,0.01257139610385421,58.19238535563151,3.2192922388366867
16,89,0.37507550802021483,0.051939976674602296,0.599791140238444,0.09215149074422015,0.8071666666666667,0.02675001557631945,0.19283333333333338,0.02675001557631945,58.297906239827476,3.2185822006853573
16,90,0.3822189304606079,0.05630528973544506,0.5888495969057083,0.10035993504287682,0.8106666666666666,0.03334071584914358,0.18933333333333335,0.03334071584914358,58.41161346435547,3.224120168465163
16,91,0.3739248255786993,0.03749975110805832,0.7256188820044199,0.2087127893942103,0.7874333333333333,0.04050362123728364,0.21256666666666668,0.04050362123728364,58.524269104003906,3.2143182932525347
16,92,0.3793797461349336,0.04658312626285083,0.6230167246500651,0.1332972859732957,0.8066666666666666,0.03895925221732744,0.19333333333333336,0.03895925221732744,58.63856506347656,3.2092776229674502
16,93,0.3666666459295349,0.04139093569322307,0.5372040669441224,0.05208786477389707,0.8269333333333333,0.019207377055010237,0.17306666666666667,0.019207377055010237,58.745863596598305,3.2032932072719014
16,94,0.3625449951093418,0.041870769488071176,0.5881559653759002,0.03730431065940081,0.8116666666666665,0.015425411933991651,0.18833333333333335,0.015425411933991651,58.84980138142904,3.1962698803577725
16,95,0.35578942803216607,0.045376196464280684,0.5408622488180796,0.039453172248653114,0.8294333333333334,0.014868871286460614,0.17056666666666667,0.014868871286460614,58.95567957560221,3.1932928713144624
16,96,0.3522263250463759,0.05068049464569028,0.5707107721010845,0.04936074514719368,0.8184666666666667,0.01549720404890293,0.18153333333333332,0.01549720404890293,59.06040064493815,3.192358241052346
16,97,0.34685776133061674,0.05041442739724974,0.6014412137667338,0.04332264048497034,0.8153,0.007830708780180775,0.18469999999999998,0.007830708780180775,59.1656125386556,3.187958025487324
16,98,0.3519248697662191,0.030873562061489793,0.5492859701156616,0.037484990455942425,0.8247333333333334,0.013219808369765952,0.17526666666666665,0.013219808369765952,59.27582677205404,3.177015419033721
16,99,0.34940540927755254,0.045507410044220556,0.5558318199793498,0.08314481599544625,0.8231,0.024796773983726216,0.17689999999999997,0.024796773983726216,59.38598759969076,3.173169353153685
16,100,0.3439025575928676,0.05083595740369243,0.5504554669936499,0.027063181645453092,0.8259333333333333,0.007584413842435906,0.1740666666666667,0.007584413842435906,59.493509928385414,3.1758502142224323
32,1,6.003461708294868,0.14339134051548716,2.304438895670573,0.0028092764456457003,0.102,0.002778488797889964,0.898,0.002778488797889947,67.62232844034831,6.149392873022135
32,2,2.302099669985759,0.0024634990431491996,2.3018290512084962,0.0012033781696858612,0.1028,0.0033867388443752223,0.8972000000000001,0.0033867388443752466,67.62177149454753,6.150215957674348
32,3,2.3005978093631025,0.0033091490012863243,2.301009869893392,0.0023294134400065284,0.10436666666666666,0.006888637988262504,0.8956333333333334,0.006888637988262489,67.62178421020508,6.150142472339409
32,4,2.2993753257208365,0.005200297584918728,2.300218346150716,0.004001974093657593,0.10566666666666667,0.008607748447377701,0.8943333333333333,0.00860774844737772,67.62217585245769,6.15053424168053
32,5,2.2980117848665413,0.0071082650364749245,2.2988120616912844,0.005627649217253735,0.10856666666666669,0.012326529654908285,0.8914333333333332,0.012326529654908273,67.62261072794597,6.151106086514169
32,6,2.295917017685483,0.01000144168375301,2.297806153233846,0.007102046839956138,0.11126666666666667,0.013030860805539028,0.8887333333333333,0.01303086080553901,67.62388229370117,6.152666442939675
32,7,2.2931869172277555,0.014243996228487361,2.2973335558573407,0.007811130241368528,0.11159999999999999,0.016222515218054196,0.8884,0.01622251521805421,67.62562433878581,6.154940293011654
32,8,2.2901044330938394,0.018072756897792915,2.293257449976603,0.014367913222877053,0.11386666666666667,0.015730649488604507,0.8861333333333333,0.01573064948860452,67.62809880574544,6.158264877567386
32,9,2.285740468813026,0.02473934541687302,2.289749005762736,0.019851507818042173,0.1146,0.011980400661079749,0.8854000000000001,0.011980400661079782,67.632568359375,6.164510949520748
32,10,2.2728569477110567,0.04557692279906016,2.2674454996744795,0.05706249392786905,0.1315333333333333,0.0356608094879145,0.8684666666666666,0.0356608094879145,67.63951873779297,6.174198963492421
32,11,2.2387090161226797,0.09919371370989807,2.242321418380737,0.0946401244873658,0.14186666666666667,0.03874613959265276,0.8581333333333334,0.03874613959265275,67.65281422932942,6.191908440288378
32,12,2.2215786906052934,0.10969178404173308,2.2016316502253215,0.11174503076443319,0.16393333333333335,0.05758596472521176,0.8360666666666666,0.05758596472521174,67.66534423828125,6.2057364505689465
32,13,2.1949047110371374,0.1194517200707182,2.1900189763387043,0.10209146106082781,0.1684,0.05834757921285166,0.8315999999999999,0.058347579212851705,67.6872787475586,6.222709526465087
32,14,2.1721947935027948,0.1283453218335236,2.184328753534953,0.132821084484121,0.1713,0.0678506448016524,0.8287,0.06785064480165243,67.71380869547527,6.233528047075128
32,15,2.1554257902241325,0.14127243743858803,2.1363860915501913,0.15520947325506185,0.18683333333333332,0.07656117379803769,0.8131666666666667,0.0765611737980377,67.73326110839844,6.250327575902908
32,16,2.159459110822621,0.12587027677765047,2.169342528406779,0.17277799030229535,0.17180000000000004,0.07145879931820853,0.8282000000000002,0.07145879931820852,67.75988515218098,6.2651031294443476
32,17,2.1329361817212766,0.13420829843345627,2.0883189072926838,0.1493254608690554,0.20723333333333335,0.06107015091952314,0.7927666666666667,0.06107015091952313,67.81352996826172,6.277125943612043
32,18,2.1208261507551383,0.12285678178556633,2.108036026509603,0.08230603627592405,0.19699999999999998,0.038830915518437106,0.8029999999999999,0.0388309155184371,67.86638005574544,6.2745749278036484
32,19,2.074981069422541,0.09167345605788972,2.042181469154358,0.09420962553416175,0.21506666666666666,0.05459508524888787,0.7849333333333334,0.05459508524888788,67.9045295715332,6.273101874633131
32,20,2.0535896734000265,0.0974052835461554,2.1711917793273927,0.18361763785638385,0.2023,0.06531278588454177,0.7977,0.06531278588454176,67.95080312093098,6.268444992684787
32,21,2.0628588133557475,0.0789678141105972,2.0723271187464394,0.07326386383005522,0.2056,0.06439619553979878,0.7944,0.06439619553979883,67.98960749308269,6.280448730912463
32,22,2.0048846524694692,0.06268033831532466,1.9940638284683228,0.10710611568548155,0.22766666666666668,0.06588947816862215,0.7723333333333332,0.06588947816862215,68.02893575032552,6.290474635776732
32,23,2.014024039770128,0.09600893536811403,1.9933741200764974,0.15683850782725442,0.2331,0.08642609559617975,0.7669,0.08642609559617971,68.0742073059082,6.294540881054071
32,24,1.9854590980191567,0.09858503966954196,1.9540914930979412,0.07677405382250699,0.24703333333333335,0.07160232770890437,0.7529666666666666,0.07160232770890436,68.11907068888347,6.300663063265051
32,25,1.9804397489103815,0.06121856906253246,1.946706672032674,0.012502716854697924,0.24713333333333334,0.049622609094376866,0.7528666666666667,0.0496226090943769,68.1654535929362,6.312989928135632
32,26,1.9498745799572774,0.08032417048348103,1.9441523035049437,0.11810464859249252,0.24803333333333333,0.0693686048103415,0.7519666666666667,0.06936860481034154,68.21337636311848,6.323570499229336
32,27,1.9550169425852157,0.06059995328044889,1.917407752609253,0.08209464568107915,0.25543333333333335,0.06642035330629711,0.7445666666666666,0.06642035330629714,68.26262919108073,6.337536392417596
32,28,1.9289785466027485,0.08391704673815305,1.934771533203125,0.06697829481980164,0.2599666666666667,0.06427334854613793,0.7400333333333333,0.06427334854613792,68.30971908569336,6.332488706467938
32,29,1.918873104699534,0.08775663986243773,1.9781916521708174,0.16629941205032311,0.2662,0.0794906283784447,0.7338,0.07949062837844464,68.36199188232422,6.34085371853421
32,30,1.9272839763890142,0.11283923296976542,1.9514568406422932,0.09570453444508732,0.2639666666666667,0.05709153469064685,0.7360333333333333,0.05709153469064686,68.41137822469075,6.34436754198938
32,31,1.8651983440176403,0.10087763852730032,1.9125786893208823,0.1860184176545211,0.27626666666666666,0.07540008841727797,0.7237333333333332,0.07540008841727798,68.45490010579427,6.354648746666835
32,32,1.8988379725816404,0.061901563526191646,1.897183462460836,0.11095622638920487,0.27530000000000004,0.05580788474758741,0.7247,0.055807884747587425,68.50698216756184,6.374317521069997
32,33,1.8888996166747953,0.08291715822212123,2.0104246910730996,0.1681970186456237,0.2710666666666666,0.05779137767291357,0.7289333333333333,0.057791377672913535,68.5624605814616,6.384856981207709
32,34,1.8729839520076352,0.10907940992744608,1.9017960371017455,0.1522061806554533,0.2668333333333333,0.06383387293070453,0.7331666666666666,0.06383387293070451,68.61574427286784,6.39270179147064
32,35,1.8269372663229628,0.10462527751609381,1.8589229341506959,0.19331026518905672,0.2902,0.07690312087295287,0.7098,0.07690312087295288,68.66923014322917,6.406320460209039
32,36,1.8417785110782579,0.12135874390541757,1.9440856803894044,0.1426906704182974,0.2809,0.08016925844736247,0.7191000000000001,0.08016925844736243,68.74035898844402,6.413176008377574
32,37,1.849686242532039,0.058925002346469926,1.8372519601186117,0.06586877111473127,0.3118666666666667,0.04658780240935745,0.6881333333333334,0.04658780240935745,68.81249364217122,6.428242379806814
32,38,1.8291395678036455,0.10234228709190432,1.975652121225993,0.24203194969932146,0.30529999999999996,0.06437732520072577,0.6947000000000001,0.06437732520072573,68.89486440022786,6.4269389470514895
32,39,1.7799176244987756,0.10897522553748186,1.8390863936742148,0.18799625642091075,0.31203333333333333,0.09531643789679371,0.6879666666666666,0.09531643789679371,68.95297495524089,6.435413795782313
32,40,1.7858980000781282,0.1344791856317476,1.8061358596801755,0.12484589422810495,0.3129,0.07271891088293332,0.6871,0.07271891088293334,69.02306493123372,6.431885721994218
32,41,1.7833451773504467,0.10399825769021119,1.8264831153233845,0.15291562244593981,0.3305333333333333,0.07040669949183338,0.6694666666666667,0.07040669949183335,69.11306381225586,6.420296163756281
32,42,1.7343233931501605,0.11075107782129053,1.6906690780003866,0.1309212501531407,0.34756666666666663,0.08613746765103633,0.6524333333333333,0.0861374676510363,69.17755762736003,6.426780473813973
32,43,1.7360363523876778,0.10902248671613915,1.822014279683431,0.10142266255575214,0.3218666666666667,0.07075205532939191,0.6781333333333333,0.07075205532939188,69.25415293375652,6.4306519055864095
32,44,1.7377015313630622,0.11340683413486759,1.7747725155512493,0.14116769741479507,0.3501,0.08787713013065458,0.6498999999999999,0.0878771301306546,69.33304341634114,6.429480369718884
32,45,1.7166853714273813,0.13590038086455966,1.7719276936213175,0.14254813788284548,0.32993333333333336,0.07577099269069487,0.6700666666666667,0.07577099269069482,69.40368016560872,6.4246274847556935
32,46,1.6912786318314756,0.11096945758719065,1.6868315551757813,0.10408693069750988,0.3597000000000001,0.06127936030997713,0.6403,0.06127936030997716,69.48555119832356,6.415633491014459
32,47,1.6851829313764384,0.08449210361902193,1.6902031913757325,0.09700340907157483,0.3549666666666667,0.05091682760476474,0.6450333333333335,0.05091682760476477,69.56822204589844,6.432182198214984
32,48,1.7035162116560485,0.13141325350528002,1.6573104454676308,0.21022856515980587,0.3718333333333333,0.11065632983852904,0.6281666666666667,0.11065632983852906,69.65939712524414,6.433018498802119
32,49,1.6513869415870204,0.13938055605356012,1.706669959894816,0.09057478037323952,0.3508,0.03944908110463411,0.6492,0.03944908110463414,69.73323059082031,6.429777822885426
32,50,1.6540931258969904,0.10518233938470371,1.6392143360137943,0.14619379515502726,0.387,0.07916748069756925,0.613,0.07916748069756925,69.82723490397136,6.429421636505674
32,51,1.592731024196589,0.1362192819736751,1.6410289614359537,0.13278661491010024,0.38310000000000005,0.07534606824513142,0.6168999999999999,0.07534606824513139,69.90717315673828,6.426068380169898
32,52,1.6160076271237618,0.12851611120956558,1.7557171334584556,0.221305859505884,0.3516333333333333,0.07531628863222972,0.6483666666666666,0.07531628863222972,70.01164372762044,6.421709277321565
32,53,1.6101700048210879,0.16144368297529227,1.6307552728652954,0.14127758005173188,0.39176666666666665,0.06678692486807081,0.6082333333333333,0.06678692486807083,70.10758209228516,6.434731672087002
32,54,1.558885523018833,0.13473262116055865,1.5886414534250894,0.1261290887016672,0.40863333333333335,0.05770488136486665,0.5913666666666667,0.05770488136486666,70.19263203938802,6.436315537049648
32,55,1.5651122196454426,0.13003151816670072,1.7170391218821208,0.16619153835861325,0.3920333333333333,0.06302414881085926,0.6079666666666667,0.06302414881085924,70.29311116536458,6.422329393440479
32,56,1.565866340151833,0.14074424805360775,1.6430585746765136,0.30892032447154827,0.41536666666666666,0.0971289006080751,0.5846333333333334,0.09712890060807512,70.38489532470703,6.419289023143948
32,57,1.535363955164403,0.15672291728081195,1.6607784972508748,0.31806203545112655,0.4135333333333333,0.11587580995761511,0.5864666666666667,0.11587580995761511,70.4817123413086,6.407871294603393
32,58,1.4953373059795538,0.11438239232584807,1.5565045652389526,0.1442697014817945,0.42819999999999997,0.0754053711614763,0.5718,0.0754053711614763,70.5737533569336,6.408238419477109
32,59,1.4988831703416932,0.11949739961289346,1.6097821805318198,0.17017506265044954,0.4215,0.05341937850630612,0.5784999999999999,0.05341937850630611,70.67193349202473,6.407968236749314
32,60,1.5127927378925217,0.133957012964751,1.6136988558451335,0.13505265830267515,0.4228,0.06278925067238819,0.5772,0.06278925067238822,70.77801005045573,6.423767672599892
32,61,1.4550203103238664,0.12154608939899084,1.4810903593063356,0.21501650200180836,0.4669666666666667,0.07647773096355133,0.5330333333333334,0.0764777309635513,70.87613932291667,6.420630016909491
32,62,1.453422746796539,0.1284810321514175,1.528485871823629,0.02503005142007682,0.45073333333333326,0.03804212577306023,0.5492666666666666,0.038042125773060195,70.97594706217448,6.407685935501719
32,63,1.4429192814375738,0.13078723117173977,1.523038807106018,0.14155641986050277,0.47223333333333334,0.0481574847072948,0.5277666666666666,0.04815748470729481,71.08149719238281,6.405154149838103
32,64,1.4055331931191433,0.10218177268613803,1.4292890925089516,0.17000833592374898,0.48360000000000003,0.0707581090759215,0.5164000000000001,0.0707581090759215,71.16569519042969,6.409057620407102
32,65,1.3949510985119975,0.11683420936239751,1.408097789764404,0.12158630978011879,0.49239999999999995,0.04531964254051436,0.5076,0.04531964254051433,71.26068623860677,6.396461065447963
32,66,1.4049679709110927,0.14571904467589317,1.4576888246536255,0.17014757900329602,0.4923,0.050147681900562464,0.5076999999999999,0.05014768190056246,71.36559549967448,6.3769111635404
32,67,1.3688691664941273,0.14037502267325253,1.462369352912903,0.13500122296267086,0.4782666666666667,0.07376085230888625,0.5217333333333333,0.07376085230888625,71.45742797851562,6.3787366454797345
32,68,1.3679423842893537,0.1469696759200951,1.395728065999349,0.13878857692481633,0.49829999999999997,0.0645602819076869,0.5016999999999999,0.0645602819076869,71.56607309977214,6.373523396239236
32,69,1.3441816020093202,0.1397719692107034,1.5176614356994629,0.16825697276090237,0.47459999999999997,0.0835362795436809,0.5254,0.0835362795436809,71.66556040445964,6.372792474733538
32,70,1.345197623343114,0.11542505495419669,1.4125132962544757,0.059087133084530015,0.5052,0.04264047373095188,0.49479999999999996,0.042640473730951894,71.77203114827473,6.384336542792011
32,71,1.3379612099077594,0.15934704211815087,1.3492720043818156,0.1647725021611557,0.5192666666666667,0.07280290745109931,0.4807333333333334,0.07280290745109931,71.87159220377605,6.362139172179305
32,72,1.290105133359491,0.11536605462202047,1.3217201241175334,0.1274160293256337,0.5189,0.05804903099966445,0.4810999999999999,0.05804903099966442,71.95807139078777,6.358373261039276
32,73,1.2756193027167064,0.13369713069977984,1.2906260878245035,0.18073380268063918,0.5350666666666667,0.0725032642943291,0.46493333333333337,0.0725032642943291,72.0438944498698,6.357624248914126
32,74,1.2710971850060238,0.15599174461182355,1.3861590671221418,0.22317055277098108,0.5092333333333333,0.07159394760266632,0.49076666666666674,0.07159394760266631,72.13754781087239,6.340788741101149
32,75,1.271364780643102,0.16517339915332419,1.344712910970052,0.2075532006148097,0.5312,0.07757660729885008,0.46880000000000005,0.07757660729885008,72.24285634358723,6.332100804544558
32,76,1.2587177233114673,0.13970899637055517,1.3624456249872843,0.13192793805800979,0.5086333333333334,0.058217379993721216,0.4913666666666667,0.05821737999372122,72.3373285929362,6.325585346480053
32,77,1.2584664556376464,0.13147821694040693,1.4528485657374066,0.2579452448539664,0.5015,0.08775927301430886,0.4985,0.08775927301430889,72.44179789225261,6.305188307640091
32,78,1.2478926903858005,0.14440862603583499,1.3434689319610598,0.2424298790441597,0.5323,0.07832860269403512,0.4677,0.07832860269403512,72.54872385660808,6.3053490307455755
32,79,1.2064574299870854,0.13023658611204003,1.2840821058909098,0.07993240992519333,0.5477333333333333,0.05055614041175743,0.45226666666666665,0.05055614041175743,72.64449564615886,6.303097778680274
32,80,1.190331330283117,0.13673285669004967,1.3991467045148214,0.19935947398341416,0.5194666666666666,0.06731436201386247,0.4805333333333334,0.06731436201386246,72.7351786295573,6.297040811617374
32,81,1.1910584677718994,0.13507765246112483,1.3158607798894246,0.22792316167803262,0.5428333333333333,0.08294433876602633,0.45716666666666667,0.08294433876602633,72.82773844401042,6.290121970368826
32,82,1.201651760633441,0.15119587574285667,1.4371622062047322,0.4945079220815637,0.5247,0.1310402991449577,0.4753,0.1310402991449577,72.92879994710286,6.285238101380307
32,83,1.1784736227501382,0.15580347389091156,1.2208673292477925,0.1995990645891267,0.5672333333333334,0.07182376579749446,0.4327666666666667,0.07182376579749447,73.02797444661458,6.275816062603056
32,84,1.1601657317625795,0.1597299238392601,1.2222342577298482,0.131839917505955,0.5632333333333334,0.055861465549458415,0.4367666666666667,0.055861465549458415,73.13267008463542,6.2548829411656905
32,85,1.1300591113012464,0.1349244069817539,1.1524614877700805,0.10433393471012191,0.5865333333333334,0.04548409978589587,0.41346666666666665,0.04548409978589587,73.22668711344402,6.257172312849539
32,86,1.134476914277772,0.12940425940369407,1.203003656546275,0.1281470777890034,0.5789,0.05371182365178082,0.42110000000000003,0.05371182365178082,73.33117167154948,6.240832570613659
32,87,1.1252275539176237,0.1596653573173567,1.1989899743715924,0.11596541182412337,0.5782333333333334,0.04429969902079848,0.4217666666666666,0.04429969902079848,73.42674509684245,6.232281093357935
32,88,1.117120019259457,0.16395891668509774,1.2391383024215699,0.25997087261859075,0.5638666666666667,0.09525672329727355,0.43613333333333326,0.09525672329727354,73.5248794555664,6.212854612958165
32,89,1.0960635706998298,0.16628556374472567,1.0945823905944823,0.14950154419857092,0.6078666666666667,0.06169767688765381,0.3921333333333334,0.061697676887653805,73.62744140625,6.192511696962983
32,90,1.0802364980473238,0.15460117122058525,1.1493676663398744,0.15297003498656295,0.5990666666666665,0.06505784605513261,0.40093333333333336,0.06505784605513261,73.72003173828125,6.179986382707724
32,91,1.0750904102053078,0.15830904059718492,1.150157743581136,0.07493471456070763,0.6000000000000001,0.035318691935007966,0.39999999999999997,0.035318691935007966,73.81196594238281,6.165469571770613
32,92,1.068289108796701,0.1410700306650094,1.151375620206197,0.12727658759465865,0.5992333333333333,0.05761825520903366,0.4007666666666667,0.05761825520903366,73.90889231363933,6.156210783126387
32,93,1.0731440870963094,0.1639951454072853,1.0793315040906268,0.16667516190833087,0.6258333333333334,0.05715464402245312,0.3741666666666667,0.05715464402245312,74.00610605875652,6.1388364451928545
32,94,1.0551575000532043,0.13055842831042516,1.098850404294332,0.1575104625675818,0.6119,0.06439790369258928,0.38809999999999995,0.06439790369258928,74.10104115804036,6.128449048588975
32,95,1.038262931587141,0.13393256032962597,1.149460566520691,0.14424154624435606,0.6059333333333333,0.055276155196733213,0.3940666666666666,0.055276155196733213,74.2003885904948,6.11427873797057
32,96,1.026147318618072,0.13488543477152662,1.0889747296333314,0.12473950325478439,0.6277,0.04372882344632658,0.3723,0.04372882344632658,74.29589080810547,6.1143604066315005
32,97,1.0030375544778933,0.13972589918966016,1.1318077621777853,0.2621938942506,0.6104666666666666,0.08527897357105875,0.38953333333333334,0.08527897357105875,74.38183339436848,6.093777322790695
32,98,1.001950384304245,0.15363902273196003,1.1660797995885215,0.20221926749452115,0.6007666666666668,0.07327600789708275,0.3992333333333333,0.07327600789708275,74.46938069661458,6.0759686130956805
32,99,1.0127646236570087,0.12490066708467881,1.0779164407730104,0.12618156700784014,0.6279,0.05033120304542696,0.37209999999999993,0.05033120304542696,74.57012430826823,6.068113903740827
32,100,0.9752236029477782,0.13875198642336906,1.0871403361002603,0.29891704011467196,0.6347666666666667,0.08712573289983466,0.3652333333333333,0.08712573289983466,74.65505981445312,6.056295687523914
