tau,epoch,mean_train_loss,std_train_loss,mean_test_loss,std_test_loss,mean_test_acc,std_test_acc,mean_test_error,std_test_error,mean_weight_norm,std_weight_norm
0,1,1.6686090295983498,0.06829839581524384,1.5841498342514038,0.01929772498108326,0.4564000000000001,0.02945980312222061,0.5436,0.029459803122220615,41.043890635172524,0.5019109691831833
0,2,1.17753677676096,0.07938791106988748,1.3620631370226544,0.1882087456040659,0.5478999999999999,0.06411887397638859,0.4521,0.06411887397638862,44.101993560791016,0.6970990082637144
0,3,0.9423941856048499,0.07117198281423008,0.946537358824412,0.04816080196230671,0.6693000000000001,0.012343824366864622,0.3307,0.012343824366864622,46.90013631184896,0.7992021043080517
0,4,0.8018973876244982,0.06533944143328435,0.8995476360956828,0.07339096396488128,0.7033666666666667,0.01583961278988013,0.29663333333333336,0.015839612789880126,49.51218032836914,0.7929778360961429
0,5,0.7048587002565184,0.04830751970582896,0.8219308040301004,0.013626023250190723,0.7275333333333333,0.009350044563173687,0.2724666666666667,0.009350044563173687,51.906453450520836,0.7884214798563128
0,6,0.6341399847190804,0.035695552598946294,0.789499520111084,0.16280311643923795,0.7438666666666668,0.05217991312117462,0.2561333333333333,0.05217991312117462,54.09190114339193,0.7683387275017888
0,7,0.5793110022205424,0.032541338150090485,0.7397949531078338,0.049013275771595644,0.7551333333333333,0.014671514350377474,0.24486666666666668,0.014671514350377474,56.09839121500651,0.7442292982218243
0,8,0.5413344449856702,0.027294251606246222,0.6524776463667551,0.04208753159602287,0.7848666666666667,0.01267293704447922,0.21513333333333337,0.01267293704447922,57.9701296488444,0.7135054099547817
0,9,0.5079547874915326,0.023846419917261455,0.6078541308085125,0.03338235942667034,0.8015666666666666,0.012651218650127471,0.19843333333333335,0.012651218650127471,59.755547841389976,0.7005259160984382
0,10,0.48179434216998124,0.021042599124327478,0.6560397429307302,0.03917894512287083,0.7879666666666667,0.007409678355592323,0.21203333333333332,0.007409678355592323,61.44987106323242,0.6831530859717634
0,11,0.4566804559080396,0.020179329396753157,0.608502185090383,0.0625960332037674,0.7995666666666668,0.019176635088913107,0.20043333333333332,0.019176635088913107,63.05526351928711,0.6902723742274017
0,12,0.43653819701758995,0.014393342150108705,0.5406870856444042,0.052795828593193185,0.8234333333333334,0.0155930540091841,0.17656666666666668,0.0155930540091841,64.60933430989583,0.679445228441016
0,13,0.4167815137524333,0.017678802736431104,0.5873459425806999,0.08290526480135733,0.8102,0.018141389141959344,0.18979999999999997,0.018141389141959344,66.11883036295573,0.6579094814340063
0,14,0.4001175787519006,0.014423572373513514,0.5764512352307637,0.061348303505981354,0.8139666666666666,0.016683624706080334,0.1860333333333333,0.016683624706080334,67.57799275716145,0.6628247178642391
0,15,0.3846419910945551,0.01632368137478131,0.5139453356266022,0.02337003278013842,0.8329666666666666,0.0031069813860616076,0.16703333333333334,0.0031069813860616076,68.97213490804036,0.6573956305551948
0,16,0.3676457475340478,0.01349849455472267,0.4779497294108073,0.01644500476980497,0.8467333333333333,0.004800347209664452,0.15326666666666663,0.004800347209664452,70.33027903238933,0.6630148437527371
0,17,0.3570594835870813,0.011917432408804956,0.5056892305294672,0.04556664504755345,0.8399,0.012299999999999978,0.16010000000000002,0.012299999999999978,71.63151550292969,0.6474133983534927
0,18,0.3419519698045646,0.009691607643404964,0.49356835920810704,0.04741385289859006,0.8424999999999999,0.01183680700189033,0.1575,0.01183680700189033,72.90280405680339,0.6571128844560822
0,19,0.3337040335854606,0.00905202712604995,0.5350684038162231,0.10636824750420526,0.8308,0.03224236343694427,0.16920000000000002,0.03224236343694427,74.16514841715495,0.6599685402929507
0,20,0.3250260703576902,0.00990624440207597,0.5215412261168162,0.036146869251447444,0.8354333333333334,0.01164316680861927,0.16456666666666667,0.01164316680861927,75.39421844482422,0.6488321026720184
0,21,0.31141067244817533,0.010334027792341874,0.4864036545276642,0.028526991583888203,0.8473,0.007049113419430823,0.15270000000000003,0.007049113419430823,76.57834116617839,0.6540810841829519
0,22,0.30419484015874954,0.009371015551244009,0.46536315851211546,0.020082184337991978,0.8511666666666665,0.007245918391296812,0.14883333333333335,0.007245918391296812,77.7487284342448,0.6814495762847377
0,23,0.29398621045821566,0.008081924944497429,0.48497906988461814,0.02005432019802716,0.8467333333333333,0.007939983207370983,0.15326666666666666,0.007939983207370983,78.90427652994792,0.6875973966719064
0,24,0.2855658916548492,0.006859645489819052,0.5064851271947225,0.030906429301643452,0.8448666666666668,0.003027099822162017,0.15513333333333335,0.003027099822162017,80.02907053629558,0.6951697800014048
0,25,0.2790900542061754,0.006647302502232687,0.47728174063364665,0.04626747959907872,0.8513000000000001,0.011937755232873567,0.14869999999999997,0.011937755232873567,81.14279174804688,0.6759447709339991
0,26,0.2731661528272702,0.006912238416763143,0.5417920286734899,0.0970377926484555,0.8430666666666667,0.022155435751375636,0.15693333333333334,0.022155435751375636,82.23071034749348,0.6769876252606041
0,27,0.26429547679444615,0.008114572082080255,0.45707868900299076,0.017724428786971835,0.856,0.003905124837953345,0.144,0.0039051248379533446,83.27590433756511,0.6704555164259091
0,28,0.25774434198071994,0.007681759435823085,0.4643503140926361,0.009887777420404477,0.8576,0.005220153254455311,0.1424,0.005220153254455312,84.31741333007812,0.6779637307645356
0,29,0.25056325117061,0.008356667421839064,0.47607329276402793,0.04536137240976595,0.8570666666666668,0.01342472842680005,0.14293333333333333,0.01342472842680005,85.35142262776692,0.670043042211213
0,30,0.2455929179579807,0.004135098439739043,0.43887436114947004,0.014534839779063634,0.8661,0.002605762844159069,0.1339,0.002605762844159069,86.35801442464192,0.6757572051417924
0,31,0.23825709535109116,0.008780477013953365,0.4737374256769817,0.01734313880872213,0.8600666666666666,0.005687119950672112,0.13993333333333335,0.005687119950672112,87.3544413248698,0.666018013740709
0,32,0.2315356002871236,0.005600901882759901,0.4398516616503398,0.017673801089989387,0.8663666666666666,0.003521836642056714,0.13363333333333338,0.003521836642056714,88.32400512695312,0.664897338668823
0,33,0.22705071068226731,0.006033320221587649,0.4740399679342906,0.025869785823391462,0.8606000000000001,0.007899999999999997,0.13939999999999997,0.007899999999999997,89.28153737386067,0.6549330981039586
0,34,0.2234842383381351,0.009698291986886428,0.4493444292068481,0.019294657302674066,0.8629333333333333,0.005253887449625603,0.13706666666666667,0.005253887449625603,90.23044331868489,0.6383571865831816
0,35,0.21751462316294565,0.008982716064787993,0.46001730446815486,0.027843615163448243,0.863,0.00564269439186635,0.137,0.00564269439186635,91.15671793619792,0.6207037264895972
0,36,0.21344572757287406,0.005889786949544193,0.44921302409172065,0.028923844663498465,0.8676666666666666,0.006616141876753679,0.13233333333333333,0.006616141876753679,92.08257548014323,0.6329037779917459
0,37,0.20689015765654561,0.0007339932210747133,0.5126218159198762,0.007097063496184453,0.8507333333333333,0.0074009008460681844,0.14926666666666666,0.0074009008460681844,92.97855631510417,0.6529593833142281
0,38,0.20454795112974708,0.007543258432983023,0.43695683075586955,0.024925862749532957,0.8695666666666667,0.008805869254839819,0.1304333333333333,0.008805869254839819,93.87587992350261,0.6439235706334163
0,39,0.1960386716572525,0.0045422197468786415,0.44752473469972615,0.0318962188048946,0.8698666666666667,0.005472050194701539,0.13013333333333332,0.005472050194701539,94.74777730305989,0.6326791533649564
0,40,0.1947376868494636,0.002145888773816447,0.45630754480361935,0.025193441797347164,0.8686666666666666,0.005946707772653169,0.13133333333333333,0.005946707772653169,95.61478424072266,0.6302430636375183
0,41,0.19061507664474786,0.003017320804091256,0.4758721355597178,0.015229402734971809,0.8658666666666667,0.003555746522649403,0.13413333333333335,0.003555746522649403,96.47544860839844,0.6198604165244435
0,42,0.18498091090657928,0.004741286900168699,0.4580674825867017,0.02251769681492579,0.8691999999999999,0.005230678732248844,0.1308,0.005230678732248843,97.32774861653645,0.6149343183854967
0,43,0.18396615003571484,0.006215029770572475,0.4778660096804301,0.036713552176409606,0.8664,0.010095543571299154,0.13360000000000002,0.010095543571299154,98.15645345052083,0.6024712146994374
0,44,0.1789462861413643,0.005700182652577486,0.4530860875606537,0.05896162638424278,0.8720666666666667,0.009255448845589983,0.12793333333333334,0.009255448845589983,98.98566436767578,0.6048689014185014
0,45,0.17548069522064258,0.0028766554492295304,0.46024352922439576,0.06387241094716553,0.8728333333333333,0.010227577099847951,0.12716666666666665,0.010227577099847951,99.78821055094402,0.610223183497859
0,46,0.1739858848543779,0.007872733230720508,0.4879931468645731,0.03914545803549313,0.8631666666666667,0.009645897228010125,0.13683333333333328,0.009645897228010125,100.59702809651692,0.6060022788678026
0,47,0.1682136511844595,0.0067793339014379115,0.4662284622192383,0.038270238359044216,0.8713333333333333,0.004631774318048479,0.12866666666666668,0.004631774318048479,101.38072967529297,0.6042644621806036
0,48,0.16654010960881463,0.003272824464029111,0.487977592976888,0.04765806387127261,0.8668333333333335,0.012884228084496692,0.13316666666666666,0.012884228084496692,102.16220601399739,0.6023564766445374
0,49,0.1625202176433441,0.0033305870903603883,0.4542662277221679,0.004902273334055774,0.8729666666666667,0.004841831609353373,0.12703333333333336,0.004841831609353373,102.93411763509114,0.6024364724016208
0,50,0.15976186880471863,0.004965202757075755,0.46654489455918474,0.04543867151150425,0.8735333333333334,0.0032883633213702675,0.12646666666666664,0.0032883633213702675,103.6925786336263,0.6006112063494995
0,51,0.1556438336153622,0.0027416897087663853,0.5035017784436543,0.026016322808660827,0.8659666666666667,0.003442867022313406,0.1340333333333333,0.003442867022313406,104.4467264811198,0.5980176157176588
0,52,0.15632225313277093,0.004663206459562515,0.43493677652676904,0.01711390844416811,0.8792666666666666,0.003920884254008655,0.12073333333333332,0.003920884254008655,105.20943450927734,0.5861301676069397
0,53,0.1516243584631908,0.0025461194945335976,0.4799357994476954,0.050557263068651756,0.8752666666666666,0.007305021104235974,0.12473333333333332,0.007305021104235974,105.94632975260417,0.5827403761729265
0,54,0.14987166339288585,0.007787030870461963,0.49733190058072413,0.08813081271247757,0.8702,0.013512586724976107,0.1298,0.013512586724976107,106.67268625895183,0.5608081529743422
0,55,0.14532994491326842,0.0012151000021599643,0.4514221728245418,0.0010183273619053534,0.8787333333333334,0.0023713568549110038,0.12126666666666668,0.0023713568549110038,107.38258870442708,0.5689463674221164
0,56,0.14447495420697604,0.004195389690820221,0.4579514976501465,0.018889681971882403,0.8765666666666666,0.0012858201014657124,0.12343333333333335,0.0012858201014657124,108.08992513020833,0.5594048089044867
0,57,0.1430520452400201,0.004300185658422861,0.46271573527654014,0.037170650715751805,0.8764666666666666,0.0034674678561355163,0.12353333333333334,0.0034674678561355163,108.79299926757812,0.5581387426898663
0,58,0.13842298680851323,0.006090635588296383,0.4883911865552266,0.04705540243542381,0.8733666666666666,0.007285830998131503,0.12663333333333335,0.007285830998131503,109.47362518310547,0.5479273989555291
0,59,0.136645315134007,0.0021107652316634273,0.47828903942108153,0.03897164696398719,0.8724333333333334,0.0076839659898605165,0.1275666666666667,0.0076839659898605165,110.15962473551433,0.5530339367639845
0,60,0.1345641449084291,0.006308639931455749,0.47724346154530844,0.036765440149068546,0.8774666666666667,0.004561067126598054,0.12253333333333334,0.0045610671265980535,110.84097544352214,0.5310489963863089
0,61,0.1325892883830109,0.0015418391895800423,0.4803767446200053,0.04993763540447044,0.8777333333333334,0.0038656607887052495,0.1222666666666667,0.0038656607887052495,111.5119120279948,0.5440938314042196
0,62,0.13099797582928685,0.005423442920279033,0.47677348511219025,0.04885733320231713,0.8766666666666668,0.009904712683027882,0.1233333333333333,0.009904712683027882,112.17740631103516,0.5259030512218514
0,63,0.12686593187313913,0.001817279418042553,0.49882089277903235,0.050696925927882955,0.8717,0.009182047701901806,0.1283,0.009182047701901808,112.82049560546875,0.5319032029629297
0,64,0.12544271140141003,0.006226569123408199,0.46631756345431014,0.0216022369949997,0.8812000000000001,0.0012999999999999678,0.11880000000000002,0.0012999999999999678,113.47036997477214,0.5132009885594154
0,65,0.12474347861564677,0.0066420342145560906,0.4732915135701497,0.03270347637956204,0.8809333333333335,0.007427202254774918,0.11906666666666665,0.007427202254774918,114.11314900716145,0.5072773387834012
0,66,0.12370936927931082,0.0045071541886975396,0.5001568945566813,0.04651797842098503,0.8771,0.006700000000000039,0.12290000000000001,0.006700000000000039,114.75116221110027,0.4952807763611209
0,67,0.12017644936090237,0.00564220819103245,0.5200850407759349,0.05665629864729359,0.8732000000000001,0.010359054010864134,0.1268,0.010359054010864134,115.38482920328777,0.47915870240898006
0,68,0.11839996741962351,0.0036682026759795013,0.4525658851782481,0.00633315027622245,0.8844333333333333,0.0035949038002891665,0.11556666666666666,0.0035949038002891665,116.00289154052734,0.4648319520750414
0,69,0.1154786405143251,0.0012192654799684456,0.48972814183235164,0.03790642219607885,0.8810333333333333,0.002950141239556701,0.11896666666666667,0.002950141239556701,116.61104329427083,0.46905196730046456
0,70,0.11273762428591572,0.0022786955326735124,0.4870285874843597,0.02501799029510469,0.8827333333333334,0.003971565602295042,0.11726666666666667,0.003971565602295042,117.20621236165364,0.4652728800648113
0,71,0.11288180379300217,0.00423547360012189,0.46826263168652854,0.015228177690460363,0.8831000000000001,0.0032449961479176334,0.1169,0.0032449961479176334,117.80499521891277,0.45612639048409437
0,72,0.11075232288492916,0.004082773732366796,0.5154327355623245,0.03385549704870164,0.8766333333333334,0.002750151510977748,0.12336666666666667,0.002750151510977748,118.39908091227214,0.45525597610932805
0,73,0.10936659051761195,0.0013718224540811043,0.49413040788571044,0.025105768241179938,0.8812666666666665,0.004619884558442286,0.11873333333333332,0.004619884558442286,118.99192301432292,0.4667778505887106
0,74,0.10735688272320554,0.001023761928600369,0.4878759998083115,0.05443733316668966,0.8844,0.004358898943540678,0.11560000000000004,0.004358898943540678,119.56975555419922,0.4676126398970259
0,75,0.1035011029656967,0.0016322302725642367,0.5174917929212253,0.0054770206177980185,0.8784666666666666,0.0014047538337137123,0.12153333333333331,0.0014047538337137126,120.14379374186198,0.47783765011949914
0,76,0.10415331682528528,0.0023917695293238623,0.5296045742829641,0.017896304209764954,0.8739666666666667,0.004479211240088285,0.12603333333333333,0.004479211240088285,120.71592203776042,0.4767340467942875
0,77,0.10389878790117386,0.0028096170936746235,0.5195040871779124,0.04021482188435432,0.8771999999999999,0.007731106001084221,0.12280000000000002,0.007731106001084221,121.28040822347005,0.4629737583017017
0,78,0.09943730328057376,0.002426255900286937,0.48328356887499496,0.03107421616939093,0.8845000000000001,0.0032186953878862172,0.1155,0.0032186953878862172,121.82613627115886,0.4534880698554339
0,79,0.10040198496438861,0.0015231420143850156,0.48500139600435893,0.025208165078364035,0.8841,0.006502307282803549,0.11589999999999996,0.006502307282803549,122.37641906738281,0.4588306908424711
0,80,0.09888168073275967,0.0035759729484904444,0.517469495677948,0.030675489761963205,0.8786666666666667,0.003234707611722132,0.12133333333333333,0.0032347076117221324,122.92358652750652,0.44166137654586857
0,81,0.09518958973076642,0.004728037622928503,0.4835613967816035,0.014698515617348924,0.8851999999999999,0.0011999999999999789,0.11480000000000001,0.0011999999999999789,123.4526138305664,0.4335916896746417
0,82,0.09701198571141673,0.0007947308423300988,0.5120414677063625,0.02326586236386201,0.882,0.001915724406066782,0.118,0.001915724406066782,123.99244435628255,0.4338668627699242
0,83,0.09312597808459074,0.0019766428799442384,0.4970972888469696,0.02341426839528345,0.8835666666666667,0.0009609023536933185,0.11643333333333332,0.0009609023536933185,124.51174418131511,0.4219200347233142
0,84,0.09245956142552876,0.0005301661994775548,0.5397804730256398,0.030976708840292713,0.8796333333333334,0.008467782078757903,0.12036666666666666,0.008467782078757903,125.03274281819661,0.41961725466142363
0,85,0.09142503937196624,0.003284270439958784,0.49337660005092615,0.022993063277774464,0.8871333333333333,0.0016653327995728917,0.11286666666666663,0.0016653327995728917,125.55317687988281,0.4122582633885809
0,86,0.09286041359932425,0.004246094480939444,0.541224372514089,0.061764068069132046,0.8762,0.007217340230306461,0.12379999999999998,0.007217340230306461,126.08048502604167,0.3852512288161691
0,87,0.0886052182279305,0.0028473256673578556,0.5144946120779962,0.03763918657647461,0.8812666666666668,0.004233595792388934,0.11873333333333332,0.004233595792388934,126.58935546875,0.38350378123323536
0,88,0.08997473117989907,0.0007321700048724015,0.5897911227544149,0.0060787696153973185,0.8719333333333333,0.002059935274064044,0.12806666666666666,0.002059935274064044,127.10251363118489,0.3803163285438295
0,89,0.0873327497646962,0.0038569389855590257,0.5167306020637353,0.030692139789589148,0.8848333333333334,0.003247049943153527,0.11516666666666668,0.003247049943153527,127.59899648030598,0.3590512583221775
0,90,0.08592623423305416,0.0036100980201134087,0.5326931655248006,0.03610944063904794,0.8830333333333332,0.0029263173671584494,0.11696666666666666,0.002926317367158449,128.0897216796875,0.344633344779506
0,91,0.0845956656810306,0.0025934998592917974,0.5038447814911603,0.025372163633069173,0.8854666666666667,0.0011930353445448812,0.11453333333333333,0.0011930353445448812,128.57620747884116,0.3479483217828627
0,92,0.08494775005650389,0.002353469910629041,0.5052724639892578,0.029682811182377637,0.8851,0.002455605831561756,0.1149,0.002455605831561756,129.0629679361979,0.3361837309220837
0,93,0.08248152959621802,0.0018444303541796762,0.5171854638670882,0.020224022732444065,0.8836333333333334,0.004052571200279315,0.11636666666666669,0.004052571200279315,129.5407511393229,0.33042870909585875
0,94,0.08262257551169379,0.002408257171143842,0.49783655509948727,0.027850040639360155,0.8887333333333333,0.0058943475748664135,0.11126666666666667,0.0058943475748664135,130.01268513997397,0.33718808727887933
0,95,0.08010617679958403,0.0013732959242944071,0.5211053141037624,0.01016424689878886,0.8836333333333334,0.002514623895005637,0.11636666666666666,0.002514623895005637,130.4712931315104,0.3436415113449359
0,96,0.07590499561429277,0.0012392332334427113,0.5302971504688263,0.045121983743190604,0.8863333333333333,0.003914502948438481,0.11366666666666665,0.003914502948438482,130.91238911946616,0.3346489230694511
0,97,0.07746265827577309,0.0013856676958874786,0.502325908668836,0.043005259809579276,0.8862,0.005583009940883146,0.11380000000000001,0.005583009940883146,131.3671875,0.3394871706592453
0,98,0.07793878135807297,0.0015510968188282444,0.5335633977810542,0.03692851329169535,0.8849,0.0030265491900843336,0.11510000000000002,0.0030265491900843336,131.8341267903646,0.3315576486656937
0,99,0.07841870619360443,0.0017895891086639876,0.5198226540168127,0.03922336647960152,0.8869333333333334,0.0034004901607464525,0.11306666666666669,0.003400490160746452,132.29171244303384,0.3222253732156034
0,100,0.07821415611507034,0.0027278298546959696,0.510528333162268,0.004027299082143629,0.8867666666666668,0.00030550504633040416,0.11323333333333334,0.0003055050463304041,132.74698893229166,0.3027768967873022
1,1,2.372010743424919,0.07336282079212554,2.3253707298278807,0.3876487967118397,0.18143333333333334,0.04970576760631841,0.8185666666666668,0.049705767606318396,49.4600830078125,4.387864512848276
1,2,1.889318219840984,0.12840506020290107,1.9006601521174111,0.14011871990955566,0.3155666666666667,0.013346285375838996,0.6844333333333333,0.013346285375839033,50.41637166341146,4.392896006267827
1,3,1.624628820585981,0.15401890320767608,1.6388660514831541,0.07004453217715868,0.4141333333333333,0.02365086326824739,0.5858666666666666,0.02365086326824733,51.74314626057943,4.222566004388771
1,4,1.4319657249422229,0.1461929906857092,1.5058031551996869,0.12530094857882784,0.4722,0.04553229623025836,0.5277999999999999,0.04553229623025836,53.381317138671875,3.9131049704778285
1,5,1.2608584561413003,0.1397282932556093,1.3252069531758626,0.05435305692408798,0.5357999999999999,0.02279100699837546,0.4642,0.02279100699837546,55.16317876180013,3.719248757747974
1,6,1.1248023949519041,0.11516013099970714,1.1973752049446107,0.21621697960278732,0.5875666666666667,0.05755087604314406,0.41243333333333326,0.05755087604314405,57.02837371826172,3.5452340623431287
1,7,0.9941555852577002,0.09810513502388626,1.1712910704930624,0.2374734838437075,0.6211666666666668,0.05555216767447818,0.3788333333333333,0.055552167674478174,58.92548624674479,3.4279798370308394
1,8,0.8968785680061919,0.07095224008980328,1.0077725557645163,0.08904577241257862,0.6698666666666666,0.023958784053731363,0.33013333333333333,0.023958784053731367,60.7720692952474,3.3314228536713713
1,9,0.8102621797405546,0.043693009272262474,0.9125624428431193,0.13769856892189816,0.6928666666666666,0.04848281482477404,0.3071333333333333,0.04848281482477404,62.50472513834635,3.2435873946924993
1,10,0.7464980438847065,0.030088783098640836,0.9121787686189015,0.0762083155408006,0.6981,0.01804688338744394,0.3019,0.01804688338744394,64.13097635904948,3.1645513896967796
1,11,0.6944154682620813,0.022993766683333028,0.7824857790152232,0.06643445345365338,0.7386,0.024456491980658197,0.2614,0.024456491980658197,65.67078653971355,3.12202362198252
1,12,0.6516320196004983,0.020851231317939038,0.7683693281809489,0.061496347037632425,0.7487,0.0159662143290136,0.25129999999999997,0.0159662143290136,67.14061737060547,3.0828388891301906
1,13,0.6140284210011578,0.01797482384689368,0.6957289598306019,0.05109171174827728,0.7684333333333333,0.016914293758041887,0.23156666666666667,0.016914293758041887,68.56181335449219,3.012258172905437
1,14,0.5875186881547491,0.014101187909363445,0.7297756272951762,0.05907398789260423,0.7545333333333333,0.019056844789558807,0.2454666666666667,0.019056844789558807,69.94840240478516,2.974161816752123
1,15,0.5642641516750121,0.016950503089585085,0.7047756578922272,0.07688392635568143,0.7662333333333332,0.020801282011773538,0.23376666666666668,0.020801282011773538,71.28093973795573,2.921634814689465
1,16,0.5362166744821212,0.012786858508168958,0.6494459647337596,0.05733856658745934,0.7839,0.014243244012513447,0.2161,0.014243244012513447,72.54662068684895,2.894136483098642
1,17,0.5170398727758055,0.01593168923292056,0.7635311434904736,0.09357770047105604,0.7591,0.02200272710370239,0.2409,0.02200272710370239,73.81320444742839,2.8668299973153704
1,18,0.5024209798195377,0.022507539453766504,0.632094776360194,0.02780386491780467,0.7954666666666667,0.008177000264970896,0.20453333333333334,0.008177000264970896,75.03331756591797,2.8079226608885666
1,19,0.480797284729747,0.01578702446336432,0.6071817762374878,0.020422614943263726,0.8010999999999999,0.006587108622149796,0.19890000000000005,0.006587108622149796,76.22144826253255,2.7885310502537233
1,20,0.4665235953511891,0.010664265031646837,0.593217045434316,0.011334572274164813,0.8072666666666666,0.0038888730158406397,0.19273333333333334,0.0038888730158406397,77.39787292480469,2.7606191458332447
1,21,0.4493435279665497,0.01667474849014147,0.584270796362559,0.06695349536114978,0.8064,0.01888359076023411,0.1936,0.01888359076023411,78.52868906656902,2.735763408340325
1,22,0.4378891832180137,0.0172896708274628,0.5343175743023555,0.035272982777607084,0.8234,0.012113215923114743,0.1766,0.012113215923114743,79.63757069905598,2.7014799550718136
1,23,0.42473984061909453,0.01540903957382297,0.5410648821512858,0.006445581566835826,0.8207666666666666,0.00407717222267265,0.17923333333333333,0.00407717222267265,80.73248799641927,2.652355268510412
1,24,0.4121712345855417,0.01102313677161031,0.5316298020521799,0.048695233574453524,0.8271000000000001,0.015180250327316732,0.17289999999999997,0.01518025032731673,81.81351979573567,2.637567468597646
1,25,0.40176487193845417,0.01552583182057454,0.5654428133805592,0.04460534684933358,0.82,0.012092559695945262,0.18000000000000002,0.012092559695945262,82.86236572265625,2.5956935724411125
1,26,0.39496545886139733,0.014911171957671537,0.5778525307337443,0.052447702712510355,0.8176666666666667,0.016154359576700462,0.18233333333333332,0.016154359576700462,83.9148432413737,2.5702751176666787
1,27,0.38019662617824057,0.013486883208205645,0.52502557117939,0.04213504746608818,0.8286666666666666,0.014485279884535674,0.17133333333333334,0.014485279884535674,84.91637929280598,2.552809634586127
1,28,0.3709007238640505,0.013018702955659928,0.5333836429913839,0.01623555906470748,0.8283999999999999,0.0031432467291003354,0.1716,0.0031432467291003354,85.91183217366536,2.552941988419097
1,29,0.3579956642959428,0.014988404803930539,0.5834822358290354,0.06823978190671941,0.8177,0.01581865986738449,0.18230000000000002,0.01581865986738449,86.87944030761719,2.5333092273751534
1,30,0.35243044315955624,0.010615577694023222,0.5030002638101577,0.057095781040836346,0.8386,0.012416521251944923,0.1614,0.012416521251944923,87.8331782023112,2.532302932372093
1,31,0.3439921687300756,0.013112296901948798,0.4956693556467692,0.048362939649322846,0.8392,0.013485918581987664,0.16080000000000003,0.013485918581987664,88.78814188639323,2.5106128765569413
1,32,0.33691628709219507,0.014649073708785909,0.5006450774033864,0.015128863022514323,0.8424,0.005040833264451438,0.1576,0.005040833264451438,89.7182108561198,2.494144436874373
1,33,0.32743759413915924,0.013274700275498331,0.5128127001285553,0.022666715279494962,0.8393333333333333,0.005902824182824156,0.16066666666666665,0.005902824182824156,90.62344614664714,2.4851774163859965
1,34,0.31972962429862906,0.01503606842028146,0.46239254110654193,0.020575901291314678,0.8541666666666666,0.008631531343471647,0.14583333333333334,0.008631531343471647,91.53578186035156,2.4639245781076244
1,35,0.3147936465007468,0.016135206078798318,0.5434181992053987,0.02631822255156308,0.8323333333333333,0.006484083075758162,0.16766666666666666,0.006484083075758162,92.42579396565755,2.448070834867769
1,36,0.3099513509440199,0.014352965661853671,0.5293728078842163,0.03299871952842795,0.8370666666666667,0.00641430692540772,0.1629333333333333,0.006414306925407719,93.31732432047527,2.4258712019312423
1,37,0.30150913987673966,0.010607283180238665,0.511550100684166,0.0379706079847717,0.8436666666666667,0.007543429812315711,0.15633333333333332,0.007543429812315711,94.1847661336263,2.4184697418479297
1,38,0.2982030583248622,0.01720978654688262,0.5881739682197571,0.09151178943435627,0.8226666666666667,0.022684208898115274,0.17733333333333334,0.022684208898115274,95.04344177246094,2.389238477150549
1,39,0.290437862912204,0.013290958219367034,0.5209506260553995,0.052490374966402104,0.8410666666666667,0.009230565168684588,0.15893333333333334,0.009230565168684588,95.88605499267578,2.3781733119307304
1,40,0.28493326043000305,0.013110256197875291,0.46968367852369947,0.008661701553896891,0.8542,0.002137755832643191,0.14579999999999996,0.002137755832643191,96.7177963256836,2.36224109663171
1,41,0.278990776763192,0.009364908365398038,0.49427101395924894,0.024290330365816456,0.8504333333333333,0.006331139971074208,0.14956666666666665,0.006331139971074209,97.55963643391927,2.356442738782549
1,42,0.2750903948989061,0.012845282340637624,0.47227540041605637,0.009889758335241389,0.8564333333333334,0.0017156145643276832,0.14356666666666665,0.0017156145643276832,98.38551330566406,2.3517094819333297
1,43,0.2708594578065023,0.014179006147137024,0.5701764256159464,0.04408132071023285,0.8279333333333333,0.010431362966234746,0.1720666666666667,0.010431362966234746,99.20782470703125,2.3231495940232727
1,44,0.26691021718154684,0.0162383699373247,0.4846131553967794,0.002572512653828004,0.8507000000000001,0.003380828300875405,0.1493,0.003380828300875405,100.02711995442708,2.3014535380179844
1,45,0.2616771694275932,0.014364357347945852,0.5650186052163442,0.08350081110690748,0.8339666666666666,0.019265599739777983,0.16603333333333334,0.019265599739777983,100.81792704264323,2.3002557661466527
1,46,0.2611610915222843,0.017910775093253978,0.5253361116727193,0.06194037732803675,0.8439666666666668,0.0189061718317943,0.15603333333333333,0.0189061718317943,101.61797332763672,2.2784535853031076
1,47,0.24869062084282248,0.01248739784633282,0.4828946907838185,0.05300306164269867,0.8547000000000001,0.01437323902257253,0.14529999999999998,0.01437323902257253,102.38131459554036,2.2934678164844002
1,48,0.24672200041048972,0.006477129581679008,0.4756724406202634,0.0061771290265804114,0.8591666666666667,0.005085600587279089,0.14083333333333334,0.005085600587279089,103.14123026529948,2.2982794226420746
1,49,0.24253394024070266,0.011686558799962126,0.48912852827707926,0.029507335743004206,0.8556666666666667,0.010275375094532272,0.1443333333333333,0.010275375094532272,103.8870849609375,2.2881100455438474
1,50,0.23956436871567655,0.01313071502989641,0.4727512551307678,0.02864523616761592,0.8572000000000001,0.008838551917593725,0.1428,0.008838551917593725,104.64489491780598,2.2820815697275707
1,51,0.2315264807256591,0.013687744282070825,0.4953864372809728,0.02051972867780129,0.8543999999999999,0.009020532135079407,0.14560000000000003,0.009020532135079407,105.37403869628906,2.276126889251969
1,52,0.22968391691098736,0.011609959663772325,0.5005332724094391,0.0493144178621288,0.8542333333333333,0.010796913139102951,0.14576666666666668,0.010796913139102951,106.10543823242188,2.260476696440626
1,53,0.22689370407015463,0.008392897060286843,0.49190104767481485,0.03037806108554274,0.8577666666666666,0.0048428641663103905,0.14223333333333335,0.0048428641663103905,106.83523813883464,2.261480398029815
1,54,0.22544178413028707,0.013329833259004439,0.47092716608047486,0.04555697635723388,0.8593999999999999,0.011781765572273131,0.14059999999999997,0.011781765572273131,107.56178792317708,2.241786248518915
1,55,0.2193886032748812,0.01205406978523882,0.5017527714252471,0.029682747732529807,0.8581333333333333,0.00578388566046504,0.1418666666666667,0.00578388566046504,108.27224222819011,2.225821044695975
1,56,0.21605750033592222,0.016053484694617322,0.4834156306743622,0.006754248490446102,0.8576333333333334,0.0015947831618541466,0.14236666666666667,0.0015947831618541466,108.98294067382812,2.199849707798163
1,57,0.21240416836733503,0.008422974625649149,0.5237600967407227,0.054577437409804586,0.8514333333333334,0.014630219866199312,0.14856666666666662,0.014630219866199312,109.68733215332031,2.200918075597984
1,58,0.21123024120050315,0.011871339626397918,0.5057506454785665,0.021247905490294712,0.8570333333333333,0.0051325757016661006,0.14296666666666666,0.0051325757016661006,110.38743336995442,2.202077308547137
1,59,0.20776070141172368,0.012932350799548924,0.5098456666787465,0.05395621877376751,0.8555,0.009500000000000008,0.1445,0.009500000000000008,111.0774408976237,2.194999418507933
1,60,0.20534377198313813,0.010016446816981954,0.568492666721344,0.006100402174715386,0.8420333333333333,0.004523641600893357,0.15796666666666667,0.004523641600893356,111.76609293619792,2.191057586306543
1,61,0.20284273475408554,0.007539325638192483,0.5099603219668071,0.045564728322968914,0.8551000000000001,0.009015542135667748,0.1449,0.009015542135667748,112.44176483154297,2.1916659252122512
1,62,0.19732264809799518,0.015345766696907254,0.5452056354761124,0.12412217838771718,0.8488333333333333,0.022896797447095812,0.15116666666666667,0.022896797447095812,113.10548400878906,2.170937980370763
1,63,0.19479447739787928,0.007787293469203374,0.48530254715283716,0.03506271993717779,0.8634333333333334,0.011737262599658129,0.13656666666666664,0.011737262599658129,113.77378590901692,2.167063027366745
1,64,0.19294618223837476,0.012840381860322566,0.48772571490605676,0.03811452132684982,0.8613666666666667,0.01371216005351937,0.1386333333333333,0.01371216005351937,114.43754069010417,2.1491651969722168
1,65,0.18904957614794615,0.013939833741093335,0.48639172416528065,0.006006665880014134,0.8638333333333333,0.0016921386861996047,0.13616666666666666,0.0016921386861996047,115.08363850911458,2.125545226342145
1,66,0.18794542360488717,0.011943846450637103,0.5316823393503824,0.04403429831385494,0.8557,0.006102458520956946,0.14429999999999998,0.006102458520956946,115.73330942789714,2.1108987478468184
1,67,0.18476341819138176,0.013581523421149462,0.5304548644065857,0.09611009627920636,0.8549333333333333,0.02008614779725901,0.1450666666666667,0.02008614779725901,116.3764877319336,2.1087066246446686
1,68,0.18328243709357497,0.009838559821193705,0.5081839452107747,0.008761332379753234,0.8639666666666668,0.0035232560697930184,0.1360333333333333,0.003523256069793018,117.01791127522786,2.094290218588839
1,69,0.17520522676846562,0.006198847857163061,0.4982562443097433,0.027958493236003287,0.8658,0.0022715633383200893,0.1342,0.002271563338320089,117.63882446289062,2.088017239993585
1,70,0.1775117983909773,0.010891381073061493,0.5283470269997915,0.050554437750855226,0.8573000000000001,0.013848104563441179,0.14269999999999997,0.013848104563441179,118.26726531982422,2.073782807058622
1,71,0.1753674211442623,0.0122674789080296,0.49239964378674833,0.03845668042022324,0.8658666666666667,0.009078178965703048,0.1341333333333333,0.009078178965703046,118.89031982421875,2.0606431732907238
1,72,0.169473829209957,0.008474033617228769,0.4817896894454956,0.03683443285938211,0.8671666666666668,0.007905272502155359,0.13283333333333333,0.007905272502155359,119.499755859375,2.0482539748452813
1,73,0.16962882737928442,0.009555863190057507,0.5202083717664082,0.019934651996194624,0.8633666666666667,0.0042618462352991575,0.13663333333333336,0.0042618462352991575,120.106689453125,2.040635691976737
1,74,0.16512724597766068,0.01166548891352777,0.5299723871866863,0.050240655492959585,0.8593000000000001,0.008695401083331337,0.14069999999999996,0.008695401083331337,120.70339965820312,2.0302189285499814
1,75,0.16397875343836077,0.006475282832998347,0.5121387839953104,0.04227202179598932,0.8613333333333334,0.011184066046538401,0.13866666666666663,0.011184066046538401,121.30282847086589,2.0339238613881467
1,76,0.1629827655756565,0.008308743161208361,0.5026207275311152,0.035949888995645746,0.8649666666666667,0.005342596122984893,0.13503333333333334,0.005342596122984893,121.89987182617188,2.022232783953364
1,77,0.16053758552083577,0.007949769938006349,0.5265796120643617,0.023195600218776185,0.8636333333333334,0.004801388688008242,0.13636666666666666,0.004801388688008242,122.47923533121745,2.013344855375112
1,78,0.1588541908318277,0.011658387666804482,0.5100233283360799,0.0292529989161162,0.8669666666666668,0.0069716090921202204,0.13303333333333334,0.0069716090921202204,123.06971486409505,1.9833908578104353
1,79,0.1575877542328804,0.00986797016413765,0.5108723970572153,0.013813570965529981,0.8665333333333334,0.0055644706247165426,0.13346666666666665,0.0055644706247165426,123.64131418863933,1.9780291132807988
1,80,0.15564871148761275,0.013559470755293936,0.5279247408231099,0.05426979653589469,0.8621666666666666,0.010364522822268893,0.13783333333333334,0.010364522822268891,124.22037760416667,1.9552079944489182
1,81,0.15226688857515044,0.011082624683297423,0.5370275356292725,0.06666054903150588,0.8592666666666666,0.01430570981578105,0.14073333333333335,0.01430570981578105,124.79642995198567,1.956079162691363
1,82,0.1526621848484541,0.010428478446854721,0.5354302291075389,0.06360977456282409,0.864,0.015230233090796725,0.13599999999999998,0.015230233090796724,125.36256408691406,1.9493792698822396
1,83,0.14932004405536514,0.009381995188225589,0.4790707192103068,0.002488243550105498,0.8710999999999999,0.0032924155266308873,0.12890000000000001,0.0032924155266308873,125.9130147298177,1.946337578839993
1,84,0.1479710381817889,0.008432165033860285,0.48901501817703247,0.015290621947272317,0.8705333333333333,0.002510644007686741,0.1294666666666667,0.002510644007686741,126.4647216796875,1.9475765784837014
1,85,0.14755652060149474,0.0109420797486386,0.5039302320082982,0.004532143225958572,0.8691999999999999,0.002066397831977175,0.13080000000000003,0.0020663978319771753,127.03343454996745,1.9416182521810925
1,86,0.14410274845801252,0.010481440138510803,0.5293529459158579,0.026880512768641094,0.8636,0.0023065125189341844,0.1364,0.0023065125189341844,127.58648173014323,1.9313418579509598
1,87,0.142515176829373,0.007988549614319744,0.5389720658381779,0.03909084701593145,0.8665666666666668,0.00677224728825912,0.13343333333333332,0.006772247288259121,128.1363042195638,1.9266574400190952
1,88,0.1380451100656901,0.008635178098503565,0.5293750484466553,0.01825617811891814,0.8656,0.004912229636326014,0.1344,0.004912229636326014,128.66793568929037,1.9178168400041617
1,89,0.13893546713142954,0.007006389713801563,0.5261756461779277,0.043691531170141754,0.8661333333333333,0.00820020324951358,0.1338666666666667,0.00820020324951358,129.20713551839194,1.9138258867194433
1,90,0.1357662002798186,0.008048821567292995,0.5336263322512308,0.01651545005567468,0.8647,0.006235382907247977,0.1353,0.006235382907247977,129.7320302327474,1.9063943639044751
1,91,0.13787216041475306,0.006386635940185383,0.5206473468780517,0.04210336581481676,0.8659,0.00968916921103141,0.1341,0.00968916921103141,130.26539103190103,1.9020860877609342
1,92,0.13181897329018855,0.009886019481101363,0.5221132854302725,0.0397890850841817,0.8661666666666666,0.009941998457721285,0.13383333333333333,0.009941998457721287,130.78328450520834,1.8866978495916455
1,93,0.1338850251460116,0.00779829973025599,0.5259660518010457,0.030767876284646386,0.8686333333333334,0.00046188021535171385,0.13136666666666666,0.0004618802153517138,131.3047078450521,1.8895635756043467
1,94,0.12883413085064518,0.008183958353735515,0.5803160315036774,0.06502381051050737,0.8617666666666667,0.0080450813130343,0.13823333333333332,0.0080450813130343,131.81279500325522,1.8727900439325447
1,95,0.12996197852186178,0.012182455567656339,0.5245838005860647,0.024479126503459767,0.8715999999999999,0.006954135460285522,0.1284,0.006954135460285522,132.32828267415366,1.8480667940930027
1,96,0.12529717954883998,0.010191775014750533,0.5138264157931011,0.02374358294157012,0.8751000000000001,0.00545252235208622,0.12490000000000001,0.00545252235208622,132.82356770833334,1.8290090510998864
1,97,0.1237385689049883,0.009628681527395187,0.5312860859394073,0.022880629384915866,0.8699666666666667,0.0018556220879622544,0.13003333333333333,0.0018556220879622544,133.3282216389974,1.81808343400375
1,98,0.12309262629531685,0.006848968248646687,0.5860465934435527,0.025198447004513604,0.8593333333333334,0.009833276835995918,0.14066666666666663,0.009833276835995918,133.82231648763022,1.8214264449913662
1,99,0.12343697281330444,0.007412685961731801,0.5318761608282725,0.038417484310563174,0.8704666666666666,0.003951371070063332,0.12953333333333336,0.003951371070063332,134.31990559895834,1.8078685888066903
1,100,0.12273480586282026,0.009974494053116454,0.5339033972581227,0.04250022292657253,0.8698666666666667,0.009124326459160345,0.13013333333333332,0.009124326459160345,134.80732218424478,1.7852649029828018
2,1,2.6228558785470244,0.040322386618479526,2.425869548288981,0.308092638300682,0.123,0.026350142314606195,0.8770000000000001,0.026350142314606178,68.2732416788737,3.4284053145026085
2,2,2.1757239670399815,0.1140338182483346,2.0855041643778485,0.1894025661353339,0.1761,0.06380133227449095,0.8239,0.06380133227449096,68.55870564778645,3.528865466913281
2,3,2.05321216095439,0.19114682433703115,2.081523352305094,0.2585541185901194,0.22036666666666668,0.094013527395441,0.7796333333333334,0.09401352739544097,68.93694814046223,3.6556299304837236
2,4,1.9094786833009454,0.14841902084153313,1.8197378759384157,0.14184930977269472,0.2976666666666667,0.07451740288907908,0.7023333333333334,0.07451740288907907,69.49236297607422,3.868068882785856
2,5,1.8114218726080906,0.16936998678001658,1.8317591735204062,0.03482399083624999,0.3108666666666667,0.05917451591127159,0.6891333333333334,0.05917451591127161,70.12982686360677,4.143835886156583
2,6,1.6847935344861902,0.19350193676254254,1.5871651753743492,0.13378397094782793,0.40406666666666663,0.05830560293259415,0.5959333333333333,0.05830560293259418,70.94468688964844,4.317304126688321
2,7,1.5643973952160872,0.1858358976194011,1.5795404148101806,0.14027861454059115,0.42229999999999995,0.06385828059069552,0.5777,0.06385828059069552,71.88923899332683,4.463695252324182
2,8,1.4637816632190324,0.17024348822948362,1.6857406862894695,0.4272790183887198,0.4400666666666666,0.1164978254446551,0.5599333333333334,0.11649782544465513,72.88758850097656,4.655517948543363
2,9,1.3644238676358162,0.15641970331543745,1.6149388798395792,0.13312931308908307,0.4682,0.035525624554678836,0.5318,0.03552562455467881,73.89684804280598,4.842273335296809
2,10,1.2813248806089188,0.18826362760076834,1.40433661848704,0.39673042148891813,0.5127333333333334,0.11815161164086312,0.48726666666666657,0.11815161164086309,74.9273910522461,4.967222646357011
2,11,1.210095068377912,0.1641956743843678,1.2775967732747395,0.2621530850892741,0.5539999999999999,0.07849407620960959,0.446,0.07849407620960962,76.02226257324219,5.085224479326893
2,12,1.1374689711532529,0.17383331440317507,1.3281887884140013,0.19111882579919845,0.5487666666666667,0.05501211987674473,0.4512333333333333,0.055012119876744724,77.11549886067708,5.147970214729278
2,13,1.0757045184356577,0.16601646017768787,1.16121680876414,0.07471159403907998,0.5983,0.04197189535868019,0.40169999999999995,0.04197189535868019,78.20707702636719,5.195070021234807
2,14,1.0268547038999463,0.16574855156709264,1.073683317343394,0.15798430955414103,0.6281666666666667,0.056014759959615405,0.3718333333333333,0.056014759959615405,79.31887817382812,5.1689989176700175
2,15,0.9673452297033455,0.15550423250195347,1.0618508637110393,0.11865786838055226,0.6406333333333333,0.03917975667782194,0.35936666666666667,0.03917975667782194,80.40207926432292,5.147409605060938
2,16,0.9223070318436685,0.14974464141460223,1.0723376260757447,0.250896160674633,0.6462666666666667,0.0723714262214953,0.3537333333333333,0.0723714262214953,81.45994822184245,5.073429719414747
2,17,0.8907704500184543,0.13287792194085496,1.1568192263921102,0.3946887109196847,0.6283333333333333,0.11586135392499668,0.3716666666666666,0.11586135392499664,82.54726664225261,5.036797125479218
2,18,0.8441257910756911,0.12148793187902283,0.9532733315785727,0.11878500814796311,0.6789333333333333,0.03602781332988909,0.32106666666666667,0.03602781332988909,83.58934783935547,4.971586240681865
2,19,0.8079576873667507,0.09977610336524485,1.2010285129229228,0.1354699159298411,0.6219333333333333,0.030011719932941702,0.3780666666666666,0.030011719932941702,84.61554463704427,4.9287735581431384
2,20,0.7688541551329392,0.09173907729164107,0.9334884367148083,0.21843544632698886,0.6926666666666668,0.06303271637279592,0.3073333333333333,0.06303271637279592,85.62309265136719,4.865514886046506
2,21,0.7355822512001842,0.08010152492322416,0.8751231755733491,0.12231483824134418,0.7084333333333332,0.03455753656343771,0.2915666666666667,0.03455753656343771,86.60512797037761,4.827114788760026
2,22,0.7153481996069581,0.07779424541369279,0.7954985279401144,0.08642079847596668,0.7299000000000001,0.022926622080018687,0.27009999999999995,0.022926622080018687,87.58028157552083,4.77345499351862
2,23,0.6924389169598276,0.07090997500501003,0.7529389340400696,0.02223110890435764,0.7468,0.009037145567047102,0.25320000000000004,0.009037145567047102,88.54534657796223,4.731759341546463
2,24,0.6612102058537476,0.05754907831531674,0.8338205368518828,0.15720607569470477,0.7307666666666667,0.036779931121922106,0.2692333333333334,0.036779931121922106,89.47237396240234,4.6881482322634005
2,25,0.6421647457515491,0.0543767313329278,0.7722337840557097,0.10119818121119958,0.7444000000000001,0.03208987379221052,0.2556,0.03208987379221052,90.39132944742839,4.647959396088457
2,26,0.6218845181910279,0.05678025953114228,0.7372657076835631,0.03993940469016532,0.7522333333333333,0.019434333879331515,0.2477666666666667,0.019434333879331515,91.28414154052734,4.608074495755093
2,27,0.6008506890859547,0.05237731362208658,0.6875752251625061,0.03904880588821959,0.7721666666666667,0.010814958776312226,0.22783333333333333,0.010814958776312226,92.17003377278645,4.566379287820097
2,28,0.5932532541282342,0.050723221540099374,0.7641877117872239,0.14944841639567347,0.7515666666666667,0.045111454569026446,0.2484333333333333,0.04511145456902644,93.05656178792317,4.546544096104151
2,29,0.5721919204013934,0.0434205738335755,0.6563357360839844,0.01006211364248684,0.7793333333333333,0.010219752117019972,0.22066666666666668,0.010219752117019972,93.90993245442708,4.512887812437989
2,30,0.5575173115333937,0.04218751156172877,0.6925317278226216,0.06217111835409332,0.7723,0.013277424449041293,0.2277,0.013277424449041293,94.75612131754558,4.4901703118411085
2,31,0.5448550475985193,0.03935085091010999,0.6534754573345184,0.046675602865539755,0.7842666666666668,0.013993689053760415,0.21573333333333333,0.013993689053760413,95.58659108479817,4.47682339854716
2,32,0.5307838149997585,0.033210748441471,0.6417881722768147,0.017472234585903454,0.7864,0.0047286361670147185,0.2136,0.0047286361670147185,96.40452829996745,4.459374417147968
2,33,0.5191238709016427,0.03751663289020707,0.6918168846766154,0.1100040734525022,0.7775333333333333,0.03299717159596154,0.22246666666666667,0.03299717159596155,97.21652475992839,4.430148505969783
2,34,0.5059370821292646,0.038187943199319965,0.6459034442265829,0.04430563735660464,0.7915,0.013947401191619923,0.20850000000000002,0.013947401191619923,98.01218159993489,4.394997736280702
2,35,0.49186383735290057,0.030329487033974777,0.6515320692062377,0.07603223792187458,0.7881,0.018563674205285957,0.2119,0.018563674205285957,98.79296366373698,4.3889175244198775
2,36,0.48566365291547897,0.033377779357144435,0.735342534828186,0.05914853978975365,0.7636666666666666,0.013497160195142277,0.2363333333333333,0.013497160195142277,99.58463033040364,4.384746243188268
2,37,0.47862679688521964,0.026390764376305137,0.6168530515034994,0.01229120612896334,0.8022333333333332,0.007030173065674369,0.19776666666666665,0.007030173065674369,100.36067708333333,4.368100068558642
2,38,0.46753218396545365,0.036301306135890436,0.6466430534044901,0.09164636361608348,0.7905666666666668,0.023244856061789953,0.20943333333333333,0.023244856061789953,101.12812805175781,4.340227492784817
2,39,0.4595201588525593,0.03691641721073775,0.5971106347719828,0.04190207425884818,0.8031,0.012384264209067934,0.1969,0.012384264209067934,101.88268025716145,4.310105811014275
2,40,0.4485648132142915,0.03146299005005177,0.6060945905685425,0.04532818895531621,0.8039999999999999,0.011869709347747323,0.19599999999999998,0.011869709347747323,102.6371078491211,4.302037395319447
2,41,0.4400601822879715,0.025153925441229578,0.5948125142097472,0.03522635944377698,0.8075,0.007692203845452876,0.19250000000000003,0.007692203845452875,103.38564046223958,4.282902616923601
2,42,0.4324200120448863,0.02986075273362243,0.5801334400812784,0.015960575919446933,0.8097,0.007858116822750894,0.1903,0.007858116822750894,104.12574259440105,4.261685977415094
2,43,0.42097668537754135,0.028616351443621155,0.6649049221595128,0.1011876826736076,0.7899666666666666,0.025047421690332423,0.21003333333333332,0.025047421690332423,104.83819580078125,4.251897674145802
2,44,0.41725599036598854,0.029487339508593443,0.5819951850732168,0.014697463232652053,0.8140999999999999,0.0034597687784012478,0.18589999999999998,0.0034597687784012478,105.56398518880208,4.240026612280964
2,45,0.41344613845492667,0.027593295039708105,0.6036425145785015,0.04961627287475582,0.8087333333333332,0.01576779418096689,0.1912666666666667,0.015767794180966885,106.30227661132812,4.223214279858429
2,46,0.4051029884652612,0.03139688790242034,0.5580718260765076,0.02453166269976264,0.8197999999999999,0.008727542609463432,0.18020000000000003,0.008727542609463432,107.01267751057942,4.20295981494718
2,47,0.3921015034449578,0.02205766968142254,0.5982107926686605,0.004238661681476486,0.8096666666666668,0.006027713773341655,0.19033333333333333,0.006027713773341655,107.70977274576823,4.197988940705867
2,48,0.3892325494320903,0.029769443745661105,0.6055018246173859,0.0483813920203018,0.8074666666666667,0.012285899777115767,0.19253333333333333,0.012285899777115767,108.3988037109375,4.176043087720519
2,49,0.3830454410113337,0.025438716490180573,0.6219730294068655,0.052898402504534286,0.8012666666666667,0.016757187512626743,0.19873333333333332,0.016757187512626743,109.0854721069336,4.170006410063776
2,50,0.376396412536413,0.03075236617829722,0.6058424422264099,0.0362573773277853,0.8101333333333334,0.01060487309369303,0.18986666666666666,0.01060487309369303,109.7778803507487,4.170218301145789
2,51,0.3723083718251898,0.024328352856842175,0.5538950279871623,0.013823525129313133,0.8225666666666666,0.010697819092382021,0.17743333333333336,0.010697819092382021,110.45301564534505,4.154708801573474
2,52,0.3677235251484727,0.026784029250874534,0.5367105189323426,0.054910809314823915,0.8286666666666666,0.01565130452496959,0.17133333333333334,0.01565130452496959,111.13160959879558,4.123371944967406
2,53,0.3622999295960709,0.023966619439030733,0.584180747159322,0.01134011212892061,0.8168666666666667,0.005052062285179521,0.18313333333333337,0.005052062285179521,111.81025695800781,4.102079489182874
2,54,0.35753945942780757,0.025125286166216572,0.555581705713272,0.043674520575703785,0.8222666666666666,0.01096464013697365,0.17773333333333338,0.01096464013697365,112.47240956624348,4.096899631241173
2,55,0.3451248574668489,0.02102444327431961,0.5480741827964782,0.04207932399089875,0.8301999999999999,0.009681425514871214,0.16980000000000003,0.009681425514871212,113.11930084228516,4.093804834085964
2,56,0.34546995561852584,0.029865661024828436,0.5496402655124664,0.02497512803392532,0.8264333333333335,0.011646601793370206,0.17356666666666667,0.011646601793370206,113.77643330891927,4.091131090421012
2,57,0.34178914127193344,0.02246908348461581,0.6026352123260499,0.07988500579888842,0.8158666666666666,0.019175592124712443,0.18413333333333334,0.019175592124712443,114.42257181803386,4.081590631981792
2,58,0.33744234605061124,0.02326566034729273,0.5227680319150289,0.029071891572472853,0.8358666666666666,0.014750028248560506,0.16413333333333333,0.014750028248560506,115.06316630045573,4.068127296697016
2,59,0.3314009361280302,0.024651591535984053,0.5763454665819804,0.028903252561314235,0.8220666666666667,0.012316384750945902,0.17793333333333336,0.012316384750945902,115.71142832438152,4.043713242866953
2,60,0.32773101982761427,0.02815002060706526,0.5819506688594819,0.09046920167688692,0.8226,0.014377412840980769,0.1774,0.014377412840980769,116.34330749511719,4.041491881353289
2,61,0.3170892296379586,0.02304872956237202,0.5040724341551462,0.0069246539082353144,0.8397666666666667,0.005805457202782005,0.1602333333333333,0.005805457202782005,116.9609883626302,4.042331422513416
2,62,0.3174938469972757,0.021554921726212962,0.5239659195025762,0.024558984570628085,0.8376999999999999,0.01201041214946427,0.1623,0.01201041214946427,117.58632405598958,4.03041837946953
2,63,0.31134963801602267,0.026582550412623817,0.5561239556948344,0.05009859869818437,0.8271000000000001,0.00979846926820714,0.17289999999999997,0.00979846926820714,118.2045160929362,4.024743856690185
2,64,0.3106727210736539,0.021382093686573768,0.521424690024058,0.02065553674478589,0.8405,0.009763196197967094,0.1595,0.009763196197967094,118.81904856363933,4.007009879009169
2,65,0.3058144584018658,0.03218719003001169,0.49305320393244423,0.01194366700858209,0.8454666666666667,0.004252450274057667,0.1545333333333333,0.004252450274057667,119.41472625732422,3.985975645446339
2,66,0.299080970316795,0.02662964365564793,0.6390233568509419,0.14057981212309134,0.8145000000000001,0.029080405774335405,0.1855,0.029080405774335405,120.0077387491862,3.9716021473166787
2,67,0.29948652400385084,0.021233882282646208,0.514453963581721,0.029199198912813067,0.8427666666666666,0.007552703710151309,0.15723333333333336,0.007552703710151309,120.6111551920573,3.9742932543086016
2,68,0.2945061423144885,0.027687792768292793,0.5405577007611592,0.048530394650001904,0.836,0.0086156833739408,0.164,0.0086156833739408,121.20896911621094,3.9556894833281393
2,69,0.28861643319976504,0.016562777434014984,0.5366273035049437,0.037404229939992664,0.8382333333333335,0.007739078325830088,0.16176666666666664,0.007739078325830088,121.80410512288411,3.9478204711854143
2,70,0.2841762477898842,0.022708067382418276,0.5801141046206156,0.021607509932968765,0.8277666666666667,0.008476044675043518,0.17223333333333335,0.008476044675043518,122.38732655843098,3.9298400063398047
2,71,0.2862080205470095,0.025982622797761572,0.511211265182495,0.052807280091703226,0.8448000000000001,0.00961613227862429,0.1552,0.00961613227862429,122.98497009277344,3.915924529767955
2,72,0.275021115074987,0.023502185988423036,0.4971397809823354,0.04242579798541581,0.8451333333333334,0.014359781799642122,0.15486666666666668,0.014359781799642122,123.54983011881511,3.9110052003884417
2,73,0.2786930971806718,0.02137343454241547,0.5242406332651773,0.029547503511376305,0.8402666666666666,0.006601767440112798,0.15973333333333337,0.0066017674401127975,124.12989807128906,3.911706125246538
2,74,0.273012941876285,0.02015184983925737,0.49519104185104373,0.027172778175168364,0.8476666666666667,0.010256867618007601,0.15233333333333332,0.010256867618007601,124.70487467447917,3.906891073151233
2,75,0.2672096999061992,0.020297226882661598,0.5305252487182618,0.026613357239327576,0.8424666666666667,0.009928914005737626,0.15753333333333333,0.009928914005737626,125.27342224121094,3.9010805310258347
2,76,0.2694856154796717,0.022312322966472002,0.5465319177627563,0.03207508787248219,0.838,0.011093691901256333,0.162,0.011093691901256333,125.85718282063802,3.8859717253927317
2,77,0.26251230080185645,0.026972453591429954,0.5082807055791219,0.019525939319213564,0.8483666666666667,0.004214656965084266,0.15163333333333331,0.004214656965084266,126.41969553629558,3.8788692200650265
2,78,0.26117119677714173,0.02601736825472308,0.5642826018333434,0.05400786545518812,0.8378333333333333,0.014925258233388595,0.16216666666666665,0.014925258233388593,126.98743947347005,3.8756698614788405
2,79,0.2532858971001395,0.02305098729798938,0.5487405074119568,0.0735698330125123,0.8411,0.01612420540677893,0.1589,0.01612420540677893,127.53507486979167,3.855820650915162
2,80,0.2546027176914211,0.022929645386325453,0.5518353245735169,0.016271604185283745,0.8376666666666667,0.0015307950004273614,0.16233333333333333,0.0015307950004273614,128.08529408772787,3.855603650768555
2,81,0.25193791772347685,0.02468135296299769,0.5423274573485056,0.048901394145274814,0.8429666666666668,0.010027129865187402,0.15703333333333336,0.010027129865187402,128.6386260986328,3.8542936819475924
2,82,0.24744491564953117,0.014809965828800516,0.5089876093387603,0.005603680129150948,0.8465333333333334,0.0066274680937242775,0.15346666666666664,0.0066274680937242775,129.17748006184897,3.865246762094331
2,83,0.2432318596202699,0.02420253211314254,0.5294141350110372,0.038222233618281996,0.8461333333333333,0.0068529798871244975,0.15386666666666668,0.0068529798871244975,129.72244771321616,3.833190759384941
2,84,0.24183391347743463,0.021149275399979395,0.537276499668757,0.07007800175498131,0.8452999999999999,0.018807711184511515,0.15470000000000003,0.018807711184511515,130.25792694091797,3.830322104260494
2,85,0.23960654797049943,0.013142750479256289,0.5715474004268647,0.1134034716823283,0.8409333333333334,0.02584382582616848,0.15906666666666666,0.02584382582616848,130.7959238688151,3.8263547191011393
2,86,0.23747206076611238,0.022061000054561426,0.5145452268918356,0.007107213844734035,0.8473,0.007269112738154485,0.15269999999999997,0.007269112738154485,131.33529663085938,3.8251860066773746
2,87,0.23340802277674152,0.019794112051891764,0.5287913402557373,0.037089611650553043,0.8481333333333333,0.00722795498971411,0.15186666666666662,0.00722795498971411,131.86689249674478,3.8099732656887766
2,88,0.2313820974867972,0.022264700085045414,0.5367672483762105,0.02545587843336736,0.8450666666666667,0.005277625728803971,0.15493333333333334,0.005277625728803971,132.40037536621094,3.8021796607274587
2,89,0.22802816707409046,0.021978038154179452,0.5332381974220276,0.02056474251114406,0.8478,0.0049386232899463305,0.1522,0.0049386232899463305,132.91952514648438,3.7976362678231768
2,90,0.23157621160441755,0.018606960695870912,0.5382214626510938,0.05774937041988987,0.8458,0.010785175010170182,0.1542,0.010785175010170182,133.44668579101562,3.799123493083558
2,91,0.22235428523478706,0.014071312654591396,0.5763168385187785,0.04171850124204374,0.8384999999999999,0.006122091146005581,0.1615,0.006122091146005582,133.96350606282553,3.79749301192198
2,92,0.21883301670644797,0.021880014818578302,0.5056287566026051,0.016771186841693254,0.8569666666666667,0.00448367408866138,0.14303333333333335,0.00448367408866138,134.47083536783853,3.803962361577876
2,93,0.21745586052905364,0.01966081921776326,0.5161265303770702,0.03328693766608582,0.8506,0.0015620499351813508,0.14939999999999998,0.0015620499351813508,134.9785919189453,3.796019380497344
2,94,0.21723432290127212,0.018238792324612906,0.5123333472728729,0.04604078389583415,0.8514666666666666,0.004980294502670845,0.14853333333333338,0.004980294502670845,135.4900665283203,3.7986875983677098
2,95,0.2095026344200636,0.01667372940319737,0.5403395127773285,0.04941725522623586,0.8469333333333333,0.009879946018745924,0.15306666666666668,0.009879946018745924,135.99700419108072,3.8050623384917817
2,96,0.21360722443967015,0.021838346753007016,0.5088232222874959,0.02742581951684102,0.8540333333333333,0.004856267428111129,0.1459666666666667,0.004856267428111129,136.50848388671875,3.813568633454139
2,97,0.21234177081557493,0.015988288111313257,0.5776260776837666,0.036714932485121275,0.8422999999999999,0.006471475874945376,0.15770000000000003,0.006471475874945376,137.0175577799479,3.801089955259188
2,98,0.20857466845586578,0.020729915831319605,0.5167798201878866,0.0431749692902296,0.8549000000000001,0.010666302077102474,0.1451,0.010666302077102474,137.5282185872396,3.786529837711215
2,99,0.21080324093145075,0.018082071799115473,0.5126878628889721,0.03601138527422209,0.8527333333333332,0.011702278980323989,0.14726666666666666,0.011702278980323989,138.0351765950521,3.7737395131742537
2,100,0.20438205351686234,0.019318396365196965,0.5259065117835998,0.039305895867851735,0.8534333333333333,0.011607899609030607,0.14656666666666665,0.011607899609030607,138.5319620768229,3.763251747941582
4,1,2.977328522837477,0.04833210653443628,2.304254474894206,0.002914486826136699,0.10416666666666667,0.00791980639494005,0.8958333333333334,0.007919806394940046,109.84836832682292,14.775350046327324
4,2,2.304501650176898,0.0005177551051716125,2.305437168629964,0.0052349869583411405,0.10373333333333333,0.004895235779136008,0.8962666666666667,0.004895235779135995,109.85489654541016,14.77340785421841
4,3,2.2971435534273166,0.008767456024355491,2.300622049458821,0.013749233662087435,0.11623333333333334,0.015710612124717905,0.8837666666666667,0.0157106121247179,109.8667729695638,14.76037270861714
4,4,2.2801294751586,0.02354415570136059,2.2478906870524087,0.06392748915911838,0.13696666666666668,0.03219787777685562,0.8630333333333334,0.03219787777685565,109.91106669108073,14.70532096923027
4,5,2.2195816604072784,0.0907920470327457,2.161233079655965,0.13330281577271083,0.1654,0.062096618265409596,0.8346,0.06209661826540961,110.05340576171875,14.541145189583025
4,6,2.172972610031349,0.12068796942627456,2.204874838765462,0.16479767646476579,0.16946666666666665,0.07110979773092688,0.8305333333333333,0.07110979773092688,110.2019551595052,14.462760510898788
4,7,2.143266635071184,0.14052380214500704,2.130992073440552,0.1626528886793902,0.17393333333333336,0.07243689207395174,0.8260666666666667,0.07243689207395174,110.37701670328777,14.39970780704003
4,8,2.1021934625742684,0.17482793186839538,2.098135062535604,0.21984423298495973,0.19506666666666664,0.09248336787408498,0.8049333333333334,0.09248336787408497,110.5279032389323,14.313195462236923
4,9,2.0710953705755952,0.17689801851845396,2.039117140452067,0.11739876294013095,0.19256666666666666,0.04163764322501134,0.8074333333333333,0.04163764322501132,110.70407358805339,14.22788994988912
4,10,2.0255730462094603,0.1821919597961563,2.0368684785842897,0.12903173945981986,0.20726666666666663,0.041258251699912506,0.7927333333333334,0.04125825169991254,110.93218994140625,14.193717158010978
4,11,1.996442070295947,0.16420314047094178,1.9116792620976766,0.19552875138428813,0.262,0.0599882488492538,0.738,0.059988248849253814,111.21339670817058,14.130329172540428
4,12,1.9630188470403047,0.15052956769694595,1.9521592011133828,0.12741895970063655,0.25196666666666667,0.061969858264589665,0.7480333333333333,0.06196985826458965,111.53745015462239,14.0753806970429
4,13,1.9085456281265234,0.15360932292821575,1.8692274646759035,0.16667031070277805,0.2755,0.06390211264113263,0.7245,0.06390211264113259,111.87720743815105,13.97944895616001
4,14,1.856336538342462,0.15416806378788406,1.830420947964986,0.17558889549683476,0.28876666666666667,0.09045608510947913,0.7112333333333334,0.09045608510947911,112.2351582845052,13.916616294891714
4,15,1.8231108749614042,0.12467129321052053,1.8729747166951498,0.1373376613267783,0.28796666666666665,0.012955436439322834,0.7120333333333333,0.012955436439322834,112.64423116048177,13.921853297910042
4,16,1.7816324919995747,0.08476028930941266,1.7527475177129108,0.07959036053883468,0.33826666666666666,0.030119982293044807,0.6617333333333334,0.03011998229304483,113.21656036376953,13.670545669581465
4,17,1.7029642334171369,0.08497371888676972,1.7760834493001303,0.10224805001476593,0.3444333333333333,0.03807628308190458,0.6555666666666667,0.03807628308190461,113.70289103190105,13.662220693080755
4,18,1.6757785739394608,0.09735401262615938,1.6607163709640504,0.10184134233120416,0.377,0.041055206734347344,0.6230000000000001,0.04105520673434733,114.2135492960612,13.711950265858233
4,19,1.6242612608456755,0.08688165058431695,1.674304561360677,0.18940815963173682,0.3993,0.04771708289491303,0.6006999999999999,0.04771708289491305,114.75179036458333,13.770548323479137
4,20,1.5751043904671178,0.09401093985781789,1.8257463797251383,0.2239983284510773,0.39010000000000006,0.05617196809797571,0.6099,0.05617196809797571,115.34595998128255,13.761036709829972
4,21,1.521462400347782,0.07778637583271518,1.5519194857915242,0.0875485648476001,0.43566666666666665,0.055150823505486606,0.5643333333333334,0.055150823505486654,115.91571299235027,13.770736439221503
4,22,1.4725676447737452,0.11694542871696675,1.5798626249313354,0.21805265579013217,0.43,0.03905112034244343,0.5700000000000001,0.03905112034244343,116.55542500813802,13.703021458079643
4,23,1.419414363807831,0.12181351111081204,1.4000173825581868,0.14053845549754165,0.4855666666666667,0.05646594844092616,0.5144333333333333,0.05646594844092613,117.15780131022136,13.611869318211141
4,24,1.3613387403687351,0.11657389985654619,1.3850860066095987,0.08809903448903933,0.5056999999999999,0.039338149422666,0.49429999999999996,0.03933814942266598,117.75119018554688,13.58187056534985
4,25,1.308602254917148,0.1113262765159888,1.4102575957616168,0.09986285869440097,0.49533333333333335,0.028235143586200034,0.5046666666666667,0.028235143586200034,118.31453959147136,13.559117442498012
4,26,1.2813089934558006,0.0993463613259378,1.3147825072606405,0.09381254694116872,0.5363666666666668,0.025061790305828766,0.46363333333333334,0.025061790305828766,118.92406972249348,13.545292461883065
4,27,1.242208401412915,0.12484123084559942,1.3173803505897521,0.2053658275089754,0.5478666666666666,0.05104413123301574,0.4521333333333333,0.05104413123301574,119.50671641031902,13.482808928358983
4,28,1.2119679641540702,0.11368998874205696,1.37787294921875,0.21932308917219,0.5420999999999999,0.06440209623917532,0.4579,0.06440209623917534,120.10677591959636,13.467645127702522
4,29,1.1764760264858463,0.10233471479039362,1.35993212852478,0.16820513359754982,0.5463333333333333,0.050955307214590836,0.45366666666666666,0.05095530721459081,120.66947174072266,13.480661468883008
4,30,1.1390594489434187,0.11278322983437616,1.198292270533244,0.049708324952048,0.5867666666666667,0.029724961452175715,0.41323333333333334,0.029724961452175715,121.24510447184245,13.416181962206592
4,31,1.1245706627639258,0.09935466895917161,1.1878705596605936,0.20081484784730566,0.5956,0.054377660854435454,0.40440000000000004,0.054377660854435454,121.83347829182942,13.408686696143748
4,32,1.0881627634459852,0.11538683661808707,1.3000146660168965,0.26700231538149144,0.5718333333333333,0.07336431921127146,0.42816666666666664,0.07336431921127146,122.38978322347005,13.397171541503237
4,33,1.0522950721518767,0.09865102771940086,1.17764102973938,0.04075279856907026,0.6022666666666666,0.037092496995124624,0.3977333333333333,0.037092496995124624,122.93054453531902,13.393075500179291
4,34,1.040413348215417,0.09070551774847721,1.1338473106384277,0.18421867560808527,0.6035666666666667,0.057552961116986316,0.39643333333333336,0.057552961116986316,123.50041198730469,13.361234736977032
4,35,1.0083582155844744,0.10064875259656353,1.1436925957361856,0.11224090004278406,0.6038,0.027735717044994546,0.39620000000000005,0.027735717044994546,124.0445048014323,13.343751846368322
4,36,0.9710884599836077,0.09840594258126793,1.2417957578659058,0.4215997347800958,0.6116333333333333,0.08592743062220197,0.38836666666666675,0.08592743062220197,124.56765238444011,13.338593201926658
4,37,0.9682484310809508,0.10388611887587172,1.0414714895566304,0.03510591413059615,0.6402666666666667,0.011827651217944055,0.3597333333333334,0.011827651217944055,125.11800384521484,13.315869393284485
4,38,0.932719174299297,0.07779202778578496,0.9871677941004435,0.0981392196025781,0.653,0.032581129507738074,0.347,0.032581129507738074,125.64882405598958,13.331692874532624
4,39,0.9199783867074197,0.08163574241140654,1.2019722650210063,0.2800568765831856,0.6273666666666666,0.04521729020334293,0.37263333333333337,0.04521729020334293,126.2083231608073,13.351044239285418
4,40,0.9029513841903016,0.08439878646076553,1.1163219880739848,0.2159199899635148,0.6409333333333334,0.04760696727720987,0.35906666666666665,0.04760696727720987,126.74934641520183,13.34264173512476
4,41,0.869009553674745,0.0894555157258221,0.9919796475092569,0.11838368040561646,0.66,0.034288627852394456,0.34,0.034288627852394456,127.2595698038737,13.332282025055775
4,42,0.8558957979451461,0.08012120738258345,1.155103930346171,0.2778937712706609,0.6352,0.05693636799094231,0.3648,0.05693636799094231,127.78033701578777,13.344281234553812
4,43,0.8510451624257281,0.09044343409079195,0.995698286342621,0.18852792776393323,0.6615000000000001,0.054383177546002255,0.33849999999999997,0.05438317754600226,128.30984497070312,13.338194809528638
4,44,0.8237235348192118,0.09020502140791192,0.958055719868342,0.12392733080361276,0.6827666666666666,0.03559527122151672,0.3172333333333333,0.03559527122151672,128.83219146728516,13.2943396486322
4,45,0.8049003799451485,0.09316526290814571,1.0027424884796143,0.05802296836007032,0.6730999999999999,0.014107799261401509,0.3269,0.014107799261401507,129.32616170247397,13.287571499028996
4,46,0.7963717551385857,0.07461166659541289,0.9451934921900431,0.10420992200321237,0.6920666666666667,0.026797450127453038,0.30793333333333334,0.026797450127453038,129.8416544596354,13.300522181160382
4,47,0.7855217531768054,0.08807573086565158,0.8454017501672109,0.04539409520663777,0.7119666666666666,0.025866645188994515,0.28803333333333336,0.025866645188994515,130.34540049235025,13.272019264137208
4,48,0.7692077734840294,0.09771309506714904,1.2398003406206768,0.44865880024337335,0.6444333333333333,0.07740686877360001,0.35556666666666664,0.07740686877360001,130.85617065429688,13.214953184652531
4,49,0.7507430190523771,0.0810586482670223,0.9561053680419923,0.292734488186025,0.6886000000000001,0.06392589459679078,0.3114,0.06392589459679078,131.33477783203125,13.204731281951473
4,50,0.7397858201441151,0.10153632190157762,0.8381472554524739,0.06167590508974621,0.7213333333333334,0.025239717378238095,0.2786666666666667,0.025239717378238095,131.82157135009766,13.149971460781126
4,51,0.7278280334399484,0.07640576586709502,0.8736798345247904,0.165578714561658,0.7070333333333333,0.053464037757480806,0.2929666666666667,0.053464037757480806,132.29991912841797,13.14511391742891
4,52,0.7101354560634568,0.10334104499018668,0.8599208655039469,0.04998907106112639,0.7131,0.02130070421371086,0.2869,0.021300704213710865,132.76168060302734,13.083998954976213
4,53,0.7052609665162118,0.08881478616842063,0.8488912061691284,0.0374503617807929,0.7194333333333333,0.02202142895757067,0.2805666666666667,0.02202142895757067,133.24095662434897,13.066843667912005
4,54,0.6928672114195015,0.07612498274001199,0.8120933185577393,0.04637543090574402,0.7263000000000001,0.012899224782908496,0.2737,0.012899224782908496,133.71300252278647,13.047345155619814
4,55,0.6858147577861385,0.07935935270975603,0.8625343431154887,0.03868568365208836,0.7227666666666667,0.015191225537570444,0.27723333333333333,0.015191225537570444,134.18136342366537,13.027671267875228
4,56,0.6756362769203316,0.0805199815289034,0.8361528687795002,0.1056359674125438,0.7294,0.0273358738656733,0.2706,0.0273358738656733,134.6462376912435,13.010557274674422
4,57,0.660052487764822,0.07103135392234522,0.9747832475344341,0.14298391124937884,0.7021333333333334,0.03670113531395635,0.29786666666666667,0.03670113531395635,135.10348256429037,13.001137572636976
4,58,0.6618402449625328,0.09920039104232083,0.812510757891337,0.07297842329525463,0.7318000000000001,0.01989246088346037,0.2682,0.01989246088346037,135.570556640625,12.92846601963626
4,59,0.6459883649381734,0.06877512440236021,0.7149981675465903,0.04487566556075207,0.7606666666666667,0.01501410447989935,0.23933333333333331,0.01501410447989935,136.01566314697266,12.934164265059122
4,60,0.6479636679982286,0.088745890289892,0.8852940113067627,0.1976413093303421,0.7225,0.04263836300797674,0.2775,0.04263836300797674,136.48529052734375,12.871925850289037
4,61,0.6305625703938477,0.0709244347569443,0.737980380153656,0.1210714784680879,0.7528666666666667,0.03603697175586946,0.24713333333333334,0.03603697175586946,136.9339345296224,12.860934373507291
4,62,0.6154623985392155,0.07164410318391479,0.7023451361338298,0.07411585828789226,0.7679,0.02915150081899731,0.23209999999999997,0.02915150081899731,137.36129506429037,12.843060411410312
4,63,0.6170042445541749,0.07444533573652064,0.8268946602503459,0.1863054654705327,0.7299666666666665,0.04870588602349135,0.2700333333333333,0.04870588602349135,137.81443532307944,12.7986180164258
4,64,0.6088948993731643,0.07835743700119606,0.8023082980950673,0.20834684185081923,0.7458666666666667,0.053463476629689276,0.2541333333333333,0.053463476629689276,138.2746836344401,12.735850483178837
4,65,0.5978715944930416,0.0708119305129901,0.7200297748565675,0.14906718862297946,0.7678666666666666,0.03545424281145114,0.23213333333333333,0.03545424281145114,138.71133422851562,12.703184933685254
4,66,0.5907028620810155,0.07713010383247114,0.7046006024042765,0.0990010071390511,0.7654666666666667,0.03586939270929097,0.23453333333333334,0.03586939270929097,139.13985697428384,12.676183132504967
4,67,0.5864288812250736,0.07567672683476759,0.8295674285809199,0.24337429857597298,0.7392,0.0485265906488391,0.2608,0.0485265906488391,139.57488759358725,12.639616559995774
4,68,0.5788748335833237,0.06921850206978454,0.7123404929558436,0.09188412250265064,0.7661666666666666,0.029020739710306,0.23383333333333334,0.029020739710306,140.00067138671875,12.61513062219209
4,69,0.5713133973792792,0.07325766001622591,0.6525725275834401,0.07412674999998152,0.7823666666666668,0.027635906595104374,0.21763333333333332,0.027635906595104374,140.43033345540366,12.588587080128905
4,70,0.5625436544062637,0.06132695569902605,0.6575308817068736,0.06558143305245481,0.7816333333333333,0.019833389355663155,0.21836666666666668,0.019833389355663155,140.85120900472006,12.562423538152268
4,71,0.5539339301124762,0.05739875887749878,0.7857102428436279,0.0329530967841186,0.7514666666666666,0.012416655480979312,0.2485333333333333,0.012416655480979312,141.26548767089844,12.556950586586018
4,72,0.5586678120994405,0.06454483342744992,0.6882236151536306,0.10313899989400607,0.7766000000000001,0.027263895539705953,0.22340000000000002,0.027263895539705953,141.7043940226237,12.52535098413618
4,73,0.5509263640372852,0.06201525167020618,0.6559940494855244,0.042711988588833516,0.7838333333333334,0.01502409176400804,0.21616666666666665,0.01502409176400804,142.1216252644857,12.510152348722436
4,74,0.541230372709793,0.07532919520847471,0.7023230697790782,0.08535947690428611,0.7724666666666667,0.025086716272428564,0.22753333333333334,0.025086716272428564,142.53487141927084,12.454549023924175
4,75,0.5408514903990103,0.0693658789289756,0.6706611185232797,0.0334111287950938,0.7794,0.009406380813043843,0.2206,0.009406380813043843,142.95960998535156,12.417041658431572
4,76,0.533318654312502,0.057276595761354986,0.6610870176474254,0.06405557346102933,0.7863666666666665,0.01811555501035868,0.21363333333333334,0.01811555501035868,143.37578837076822,12.402528063935804
4,77,0.5159725123811562,0.062157116915737644,0.6384319957097371,0.08506722914525236,0.7901333333333334,0.02413489866010075,0.20986666666666665,0.02413489866010075,143.76563517252603,12.371190319483235
4,78,0.5209078519443925,0.06225034903129332,0.6853191927909851,0.07909114354971296,0.7802666666666666,0.023450444203326554,0.21973333333333334,0.023450444203326554,144.17932637532553,12.335639296003055
4,79,0.5165940028982902,0.06282689376308428,0.6898820834239324,0.1786403622949497,0.7811666666666667,0.04660314724708341,0.21883333333333332,0.04660314724708341,144.59472147623697,12.296154002957486
4,80,0.5013167554638066,0.0607647262674981,0.7148850803216297,0.11131970514684257,0.7689666666666666,0.03473360524525682,0.23103333333333334,0.03473360524525682,144.97711690266928,12.270343916576149
4,81,0.5021144290663498,0.06387999587881173,0.6850041186650594,0.056917157425763344,0.7757333333333335,0.0170015685550873,0.22426666666666664,0.0170015685550873,145.37738545735678,12.217148108471735
4,82,0.49596495704069565,0.05844938561082072,0.6582226561069489,0.03762920005873505,0.7841,0.015215781281288235,0.21589999999999998,0.015215781281288235,145.7697550455729,12.208306597809957
4,83,0.4991094750516554,0.065863269015191,0.6747736085732777,0.09466157377582417,0.7783666666666665,0.028765488581516084,0.22163333333333335,0.028765488581516084,146.18387858072916,12.151617618203902
4,84,0.49284952543580623,0.07526148641663205,0.6442038615862528,0.10001049975801973,0.7894666666666666,0.03205157302432028,0.21053333333333335,0.03205157302432028,146.59247334798178,12.080342773338039
4,85,0.47987300406534855,0.05169076388722046,0.604732656621933,0.06278672661356222,0.8041,0.01919400948212749,0.1959,0.01919400948212749,146.97439575195312,12.066138960063157
4,86,0.4850799843021061,0.06299824194261354,0.7296454511801403,0.012391138090229877,0.7707,0.013546955377500865,0.22930000000000003,0.013546955377500865,147.3802032470703,12.032499626589697
4,87,0.4736205504703806,0.0467033633906249,0.679861213350296,0.06482483418703494,0.7833333333333333,0.017281300105412616,0.21666666666666667,0.017281300105412616,147.76534016927084,12.024348616221847
4,88,0.4745940535447583,0.0612648498622744,0.65815959704717,0.11130311991824302,0.7919999999999999,0.024423758924457115,0.208,0.024423758924457115,148.1634267171224,11.976471112242406
4,89,0.46759923384266844,0.06074132146812551,0.6136342486381531,0.07466074525404703,0.7990666666666666,0.01778098235006533,0.20093333333333332,0.01778098235006533,148.55955505371094,11.940316244575712
4,90,0.4633038199339173,0.04679241897299063,0.6116591414451599,0.024283788839588823,0.8035666666666667,0.0072472983472003484,0.19643333333333335,0.0072472983472003484,148.93971252441406,11.943633186027597
4,91,0.46177569317543293,0.058334841776373735,0.6346003168582917,0.012543480153835572,0.7915666666666668,0.009901683358567538,0.20843333333333328,0.009901683358567538,149.3330078125,11.888656760214063
4,92,0.4434103147148171,0.048762303761030634,0.5575560316085816,0.04609486610955605,0.8164666666666668,0.016950024582086425,0.18353333333333333,0.016950024582086425,149.69102986653647,11.881096765144653
4,93,0.4617059046477206,0.04936660921268658,0.6059906297047932,0.01906237109954385,0.8007666666666666,0.00433858655939161,0.19923333333333335,0.00433858655939161,150.10355122884116,11.850035787556044
4,94,0.4546173299517473,0.04937548751939271,0.604073722712199,0.03126406260435877,0.8015666666666666,0.008435836255720803,0.19843333333333332,0.008435836255720804,150.4963175455729,11.82844424836891
4,95,0.4453903579447682,0.04585444180981195,0.5717789502938588,0.019776717794010093,0.8122666666666666,0.006047589051294173,0.18773333333333334,0.006047589051294173,150.87885538736978,11.807115237163286
4,96,0.4408995530997599,0.04711277331733239,0.630570341984431,0.051223093226613906,0.7982666666666667,0.022384890737578676,0.20173333333333332,0.022384890737578676,151.26012674967447,11.776581499250817
4,97,0.4425035982002891,0.05351285315604565,0.635615597597758,0.08285745420428509,0.7961,0.02746288404374169,0.2039,0.027462884043741687,151.64513651529947,11.756035282610581
4,98,0.43082074260772646,0.045281676958803904,0.5847389404773712,0.056667046754532026,0.8105333333333333,0.01601291145711279,0.18946666666666667,0.01601291145711279,152.01972452799478,11.73518543353518
4,99,0.43632322344023855,0.04938249142954729,0.6004370177586874,0.07676117082365146,0.8094,0.01806765064971097,0.1906,0.01806765064971097,152.40374755859375,11.708767553744735
4,100,0.4268823725640621,0.044035222946359295,0.5895811515490214,0.02796822623472814,0.8114333333333333,0.010761195720426832,0.18856666666666666,0.010761195720426832,152.7768096923828,11.690479337580692
8,1,4.314268735363661,0.0908844347881011,2.317859044265747,0.013426524132154541,0.09986666666666667,0.00015275252316519905,0.9001333333333333,0.00015275252316517785,215.18360392252603,29.650827607386223
8,2,2.309423330596443,0.0002596458433868865,2.317850747172038,0.015675010794265587,0.10013333333333334,0.00032145502536643313,0.8998666666666667,0.00032145502536645975,215.18362935384116,29.650831119826815
8,3,2.3094885709035733,0.0022495787665968853,2.3170096968332925,0.01674000799979927,0.10033333333333334,0.0005773502691896263,0.8996666666666666,0.0005773502691896263,215.18390401204428,29.65123642207021
8,4,2.3088885371947225,0.0009610267086971771,2.31755932413737,0.013968434481497713,0.10006666666666668,0.00011547005383792045,0.8999333333333334,0.00011547005383791244,215.18433634440103,29.652005999296453
8,5,2.3094328004685813,0.00045120495428595643,2.315219125620524,0.020203518528018233,0.10516666666666667,0.009650043177796322,0.8948333333333333,0.009650043177796318,215.1849110921224,29.652951849275325
8,6,2.3071711687379075,0.0025654212066718095,2.3086777156829834,0.016097067982914506,0.10359999999999998,0.006235382907247953,0.8964,0.006235382907247977,215.1858367919922,29.654488271342792
8,7,2.305254602472902,0.0060872187793858815,2.316460419845581,0.02804992857920616,0.10723333333333333,0.012528500841414877,0.8927666666666667,0.01252850084141491,215.18790181477866,29.657928925340155
8,8,2.303333643045775,0.009442980603095114,2.3256415517171223,0.04221076614729673,0.1069,0.011864653387267577,0.8931,0.011864653387267617,215.19029235839844,29.661939182626533
8,9,2.3008446160891274,0.01439941178460289,2.3094775278727213,0.027616505301941277,0.1048,0.008313843876330608,0.8952,0.008313843876330657,215.1939900716146,29.668083286010685
8,10,2.303774111919289,0.011220167311691459,2.3171864349365237,0.05256981140330903,0.11159999999999999,0.02043917806566594,0.8884,0.02043917806566594,215.20201110839844,29.68148597132336
8,11,2.302168886374939,0.011144371383324483,2.3220484528859457,0.03305971938906222,0.10336666666666666,0.005918051481132396,0.8966333333333334,0.0059180514811323845,215.20733642578125,29.69037641751686
8,12,2.3008585876617693,0.01495768242082424,2.301071160634358,0.04093152706574966,0.11770000000000001,0.030917470789183263,0.8823,0.03091747078918325,215.21681213378906,29.70621542605111
8,13,2.299353572921883,0.01470970727402286,2.2980862658182777,0.030544751832100564,0.11273333333333334,0.022054780283043696,0.8872666666666666,0.02205478028304371,215.22504679361978,29.71995896854199
8,14,2.2978306721136903,0.021856805805624678,2.2765913672129314,0.0919315368926331,0.13116666666666665,0.053982250169230014,0.8688333333333333,0.05398225016923003,215.2409210205078,29.746484880187303
8,15,2.296457173371051,0.021775529821986682,2.3000442663828533,0.05236047741381541,0.1144,0.024941531628991827,0.8856,0.02494153162899184,215.26192728678384,29.781431169409824
8,16,2.2940912336136474,0.02496152767483044,2.2736061482747396,0.07765404323478614,0.12156666666666666,0.037875365784812334,0.8784333333333333,0.037875365784812334,215.291015625,29.827320885671824
8,17,2.2899792066315556,0.027897133380230945,2.30814922320048,0.02354294200631704,0.12223333333333335,0.02371841759758296,0.8777666666666667,0.023718417597582978,215.3250478108724,29.878142781059317
8,18,2.2877919864979748,0.02612602520125747,2.3112313093821206,0.05946159825667576,0.12446666666666667,0.027608935751552134,0.8755333333333333,0.02760893575155213,215.3616689046224,29.937056996081637
8,19,2.2831666479736747,0.03202047364626997,2.2748223337809246,0.04550171237586077,0.12983333333333333,0.03192308464627649,0.8701666666666666,0.03192308464627649,215.4074452718099,30.01088168196904
8,20,2.269164941804793,0.05194325295944738,2.2947788725535077,0.05513044806012941,0.13016666666666668,0.03739095255985507,0.8698333333333333,0.03739095255985504,215.44825744628906,30.074945438947623
8,21,2.24777207400996,0.07725498903292931,2.240588869857788,0.0850421790934682,0.1386,0.04103547245981213,0.8614,0.04103547245981213,215.4876708984375,30.135628984189008
8,22,2.2369119694165867,0.08812055317573075,2.2919652587890624,0.08305580814887407,0.1257,0.045644167206774625,0.8743,0.04564416720677463,215.53506978352866,30.179077819864812
8,23,2.2325427732402607,0.0870962743696355,2.2422394789377846,0.12943347154228058,0.1416666666666667,0.042630661891804277,0.8583333333333333,0.042630661891804304,215.58309936523438,30.22765289152862
8,24,2.23462644694508,0.11415885555101613,2.2391828287760416,0.11063244163778967,0.14866666666666664,0.04247850436789568,0.8513333333333334,0.0424785043678957,215.6317342122396,30.271499763140703
8,25,2.199001691225545,0.11688892922533163,2.156538296445211,0.15639041433650927,0.16193333333333335,0.061750816458839904,0.8380666666666666,0.06175081645883993,215.68651835123697,30.317937517372656
8,26,2.2132608626301433,0.11689686330951841,2.157341438293457,0.1542447250108447,0.1549,0.053740208410463015,0.8451000000000001,0.05374020841046304,215.83381144205728,30.521265706444794
8,27,2.198581196463017,0.12935100856395235,2.1636093724568686,0.13562841988677485,0.14536666666666667,0.03991620389432509,0.8546333333333332,0.03991620389432512,215.89256795247397,30.569864289573786
8,28,2.1955300693520097,0.11395910996854676,2.2350165761947633,0.21018535539811933,0.14733333333333334,0.04705255926443675,0.8526666666666668,0.04705255926443674,215.9656219482422,30.634410015795947
8,29,2.1827176544062623,0.1348532938445935,2.1791396076838176,0.1794204321635253,0.16443333333333332,0.05837690753485776,0.8355666666666667,0.058376907534857775,216.0371297200521,30.698154602849375
8,30,2.1765990766417946,0.1325483721276507,2.2537494396209716,0.328460305235883,0.17946666666666666,0.0803129711399929,0.8205333333333334,0.08031297113999289,216.11135864257812,30.767764712221013
8,31,2.1638490039877474,0.1502874797741838,2.1542958941141763,0.1516444039859932,0.1808,0.08623595537825275,0.8192,0.0862359553782528,216.18558247884116,30.838379275315532
8,32,2.157301177759,0.15592806249326094,2.1405972082138063,0.24402989173226494,0.18803333333333336,0.08639920910131836,0.8119666666666667,0.08639920910131835,216.26644388834634,30.910042207195087
8,33,2.1481567109027484,0.1639172420279592,2.0914739730834957,0.23530383407646288,0.1920666666666667,0.09087443718303478,0.8079333333333333,0.09087443718303483,216.33807881673178,30.98492984313318
8,34,2.1358935097192764,0.179663214860028,2.0833870134353636,0.21518940066351858,0.18893333333333331,0.08347869987807269,0.8110666666666666,0.08347869987807273,216.41385904947916,31.05894291410921
8,35,2.1379548518554023,0.17470025911792955,2.1218733163833616,0.17708020857200873,0.18023333333333333,0.07951014610308128,0.8197666666666666,0.07951014610308131,216.4961700439453,31.13061413492449
8,36,2.1208291301743554,0.17920645400650498,2.1212006230672205,0.16305402908215302,0.18473333333333333,0.07894056836211234,0.8152666666666667,0.07894056836211236,216.57147725423178,31.211805810211775
8,37,2.100436039186398,0.19881661820740115,2.1131670061747236,0.17612637251104232,0.17256666666666667,0.06707714464207114,0.8274333333333334,0.06707714464207112,216.64993286132812,31.302429492856398
8,38,2.1190987537787294,0.1812893435121836,2.1421500148773194,0.14304520327711415,0.1795,0.08010674128935716,0.8205,0.08010674128935717,216.7404581705729,31.39454440494456
8,39,2.086710988916298,0.22012113043454634,2.0730779741287235,0.21436866278968492,0.18159999999999998,0.09010399547189903,0.8184,0.09010399547189903,216.8170928955078,31.47639110487943
8,40,2.1043097154766905,0.19792570618421043,2.1108913639704387,0.17121252428068728,0.17556666666666665,0.06951721609308974,0.8244333333333334,0.06951721609308974,216.89925638834634,31.556557755880057
8,41,2.0828718939908835,0.21514578058235276,2.062598569170634,0.2621805316765842,0.20763333333333334,0.10710398374165796,0.7923666666666667,0.10710398374165798,216.98784891764322,31.64296743591193
8,42,2.0968816235648804,0.19927436827411077,2.115875304667155,0.1679464892066139,0.2000333333333333,0.09782997154928202,0.7999666666666667,0.09782997154928205,217.08379109700522,31.745246726885856
8,43,2.0762869792419525,0.2311246192072689,2.071048105621338,0.21564118947614389,0.20786666666666664,0.1047982029108006,0.7921333333333335,0.10479820291080061,217.17130533854166,31.831471177939935
8,44,2.0618991740016175,0.25613989704815643,2.2443969248453777,0.43639676736670163,0.20520000000000002,0.11398477968571065,0.7948000000000001,0.11398477968571069,217.33417765299478,31.8705692353528
8,45,2.069601846574619,0.25233317457701215,2.063435819753011,0.22655388248992908,0.21176666666666666,0.10254103243742639,0.7882333333333333,0.1025410324374264,217.44638061523438,31.939064066376698
8,46,2.0548560475042916,0.2397998021897696,2.086837490081787,0.2333128983436668,0.20376666666666668,0.09762716493544886,0.7962333333333333,0.09762716493544889,217.53260294596353,32.03176971937181
8,47,2.0434232787606255,0.25239670032484374,2.058901994196574,0.22153180716950308,0.20133333333333336,0.11609191760554796,0.7986666666666666,0.116091917605548,217.63717142740884,32.130630502933386
8,48,2.0380627395551834,0.2628335537984226,2.0462578385670978,0.25110524544617846,0.21713333333333332,0.11621124443586915,0.7828666666666667,0.1162112444358692,217.72528076171875,32.203364441881675
8,49,2.0286985098146926,0.2704421680324513,2.102746145439148,0.1902874552700351,0.20053333333333334,0.0890922181412795,0.7994666666666667,0.08909221814127954,217.82584126790366,32.29566718128522
8,50,2.0206940343821036,0.26755432772443716,1.9654762288411458,0.33410202517041226,0.23586666666666667,0.1302675068209004,0.7641333333333332,0.1302675068209004,217.9271494547526,32.392191074244224
8,51,1.9998802656001347,0.29687543482121903,2.0395433893839514,0.23628830106382684,0.2134,0.09936136069921749,0.7866,0.09936136069921751,218.01988728841147,32.47714602486934
8,52,2.0079539114861844,0.2876414701332863,1.983204622332255,0.28531361806901356,0.22396666666666668,0.1136042399443495,0.7760333333333334,0.1136042399443495,218.14071146647134,32.57153070245898
8,53,2.001255716814105,0.2885570420225815,2.00558007628123,0.2764278456693171,0.23483333333333334,0.1295679101218096,0.7651666666666666,0.12956791012180963,218.24573262532553,32.675450437692085
8,54,1.9892863831963175,0.2999332180263499,2.0074412145614624,0.3102078715783477,0.23726666666666665,0.140080024747761,0.7627333333333333,0.14008002474776102,218.37055460611978,32.79768327522582
8,55,1.9864068834169846,0.3113457720470903,1.9808980540593464,0.30534631073614,0.24893333333333334,0.1483534405847513,0.7510666666666665,0.14835344058475133,218.49840799967447,32.90143722683123
8,56,1.9650856444496225,0.32178838368181084,1.9479338970184326,0.3209193390540274,0.24523333333333333,0.14109976376072828,0.7547666666666668,0.14109976376072828,218.6109873453776,33.00753332832719
8,57,1.960145154165998,0.336590684772538,1.9336693871816,0.3479970005616423,0.2544666666666667,0.15121247743930835,0.7455333333333334,0.15121247743930835,218.73130798339844,33.117514501640144
8,58,1.954255000912828,0.3323206950640371,1.984956129391988,0.29574634429887603,0.2660666666666667,0.1631809220875202,0.7339333333333333,0.1631809220875202,218.86209615071616,33.242303558394305
8,59,1.9548068127871983,0.33536711311058864,2.0111946833292644,0.29315998372688684,0.2335,0.13591096350184556,0.7665000000000001,0.13591096350184556,218.9895477294922,33.349428805686934
8,60,1.936878229244489,0.3711608488220301,1.8769331363042194,0.4162483670368009,0.27003333333333335,0.1712629654459286,0.7299666666666665,0.17126296544592862,219.10952758789062,33.44374197119727
8,61,1.9222066281498342,0.3697060257521805,1.8669169307708742,0.43469180908696725,0.2787,0.18460956096583947,0.7212999999999999,0.18460956096583947,219.2289835611979,33.550378920178346
8,62,1.9047694073105508,0.4018314435564291,1.9136674315134685,0.39617367268902876,0.28363333333333335,0.1817308541039009,0.7163666666666666,0.18173085410390097,219.34899393717447,33.64104030858018
8,63,1.9114375998601887,0.38594199716489835,2.049940949122111,0.2640693085116837,0.2527333333333333,0.15315170039321577,0.7472666666666666,0.1531517003932158,219.47792053222656,33.738941835541375
8,64,1.8987554720295667,0.39239560418261665,1.8953413995107014,0.3694631031058709,0.2723,0.1667581182431608,0.7276999999999999,0.16675811824316086,219.60706075032553,33.84904680178966
8,65,1.8968426555217277,0.3970207210495112,1.9189028793334961,0.34979360853501057,0.2697,0.16407397721759534,0.7303000000000001,0.16407397721759537,219.7430419921875,33.95588608791689
8,66,1.8829475352627947,0.41603454524731437,1.9330622648874918,0.3263610647461152,0.2625,0.1557999037226917,0.7374999999999999,0.15579990372269173,219.86417643229166,34.051237102165324
8,67,1.86890961640123,0.4178968137233113,1.9651096198399862,0.32035626196480377,0.2658,0.17705984863881477,0.7342000000000001,0.17705984863881477,219.9949951171875,34.172996682323806
8,68,1.8601817836745214,0.42966960594966147,1.8965430936177572,0.39966887905858767,0.2829333333333333,0.17922302679436405,0.7170666666666667,0.17922302679436403,220.1224822998047,34.27399620070154
8,69,1.8750115961268328,0.41458056018923145,1.801193051401774,0.4868065868451704,0.31303333333333333,0.20992242217860707,0.6869666666666667,0.2099224221786071,220.26895141601562,34.41198895056499
8,70,1.84170303360987,0.4351076156137938,1.8497614526112873,0.4258104476961122,0.3082333333333333,0.20775168671597669,0.6917666666666668,0.2077516867159767,220.40580240885416,34.53676212781279
8,71,1.8392895637977256,0.4739903418080774,1.805077296702067,0.4742218919076269,0.3101333333333333,0.21661778166469464,0.6898666666666667,0.21661778166469467,220.531005859375,34.61577761555807
8,72,1.8323068961259754,0.45398369156337204,1.8648509698232016,0.4302642575351285,0.31146666666666667,0.20747256043470746,0.6885333333333333,0.2074725604347075,220.67358907063803,34.73352121435919
8,73,1.8155994592115396,0.48421413903652044,1.8837170638402305,0.40897624403146293,0.2861,0.19538195924905655,0.7139000000000001,0.1953819592490566,220.8020782470703,34.82219559650592
8,74,1.8247474993992745,0.4746856337150307,1.8156432715098063,0.47392092726788043,0.3118,0.2111034817334854,0.6882000000000001,0.2111034817334854,220.95792643229166,34.93605318512825
8,75,1.8099867019100466,0.4828004157591722,1.782373855463664,0.53574765980931,0.32186666666666663,0.23266296081098367,0.6781333333333334,0.23266296081098367,221.09285481770834,35.0344358051732
8,76,1.8052511887985323,0.4909093362202333,1.7754998149236043,0.508471817847466,0.33580000000000004,0.2197974522145332,0.6642,0.21979745221453323,221.24881998697916,35.13042133956498
8,77,1.7922203577387972,0.4956758879691423,1.8464082821528116,0.5116142523753688,0.3105,0.2229493440223586,0.6895000000000001,0.2229493440223586,221.39836629231772,35.24439862269069
8,78,1.783667568660453,0.5041824319447061,1.8107984407424926,0.44755642313123534,0.32306666666666667,0.2097863039698572,0.6769333333333334,0.20978630396985723,221.5522003173828,35.35611807040283
8,79,1.781678236557293,0.4966143407674258,1.8477030587514243,0.4085385644148597,0.3132,0.2011832249468131,0.6868,0.20118322494681312,221.70702616373697,35.46956583959819
8,80,1.7612977230640323,0.5273702674114378,1.738980563990275,0.5197873205585898,0.3470333333333333,0.23085636948833216,0.6529666666666667,0.23085636948833216,221.85852559407553,35.562812144358574
8,81,1.7686703176144747,0.5216516298855016,1.8869710518519083,0.3738717908272952,0.31196666666666667,0.2053548230096711,0.6880333333333333,0.2053548230096711,222.02283732096353,35.66280149754072
8,82,1.7825441129778758,0.5027945994071316,1.7591735365549723,0.5026321309477088,0.3401,0.22306180757807914,0.6599,0.22306180757807914,222.20767211914062,35.77237824184443
8,83,1.7366578221727618,0.5361737850006361,1.8658797651926677,0.4282479760308611,0.32039999999999996,0.20646018986719933,0.6796000000000001,0.20646018986719933,222.3562469482422,35.863292620718696
8,84,1.7414667632776961,0.5403558650258833,1.7790484729766847,0.5014433837340603,0.3511333333333333,0.23300198139357814,0.6488666666666667,0.23300198139357814,222.52840169270834,35.96683433184476
8,85,1.743192218402869,0.541129739898075,1.7419827126185101,0.5328460462661001,0.33790000000000003,0.23162799917108465,0.6621,0.23162799917108468,222.6971232096354,36.061552685674194
8,86,1.7043308856542154,0.568454419354086,1.869589412879944,0.450917648610675,0.3267333333333333,0.22103903124410704,0.6732666666666667,0.22103903124410704,222.86764526367188,36.14420717079508
8,87,1.704887622152753,0.560182072782876,1.761176288541158,0.5026837085292841,0.3499999999999999,0.23322068947672717,0.65,0.23322068947672717,223.03087870279947,36.245947595584425
8,88,1.7105832162415586,0.5533475587774023,1.7487911301930747,0.4849434968063832,0.35413333333333324,0.22260586994356935,0.6458666666666667,0.22260586994356937,223.1914520263672,36.33906907336363
8,89,1.6907463587966618,0.5798625601472036,1.703436110560099,0.5769421675763361,0.3699333333333333,0.253018266797742,0.6300666666666667,0.253018266797742,223.35608927408853,36.42167748266567
8,90,1.6961265565082748,0.5699728414881009,1.809520761680603,0.5436608590202194,0.35369999999999996,0.24179261775331354,0.6463,0.24179261775331357,223.53591918945312,36.523087195039906
8,91,1.686001821043953,0.5780889605975913,1.7395910340627037,0.508411968939254,0.3582666666666667,0.23126541750407328,0.6417333333333334,0.2312654175040733,223.7146250406901,36.62176682333817
8,92,1.6804915229581099,0.5757470885279992,1.7800936848322548,0.540049118057409,0.3569,0.2451467111751655,0.6431,0.2451467111751655,223.90638224283853,36.725078761571424
8,93,1.6480098848960791,0.6066626071256568,1.7018734497706094,0.5378777408979717,0.3833333333333333,0.25274630231386835,0.6166666666666667,0.25274630231386835,224.07573445638022,36.8052267513832
8,94,1.6348172536997945,0.6064968757171321,1.67701735051473,0.5947267962839095,0.3882999999999999,0.2615009177804162,0.6117,0.2615009177804162,224.24736531575522,36.89737238014441
8,95,1.6180031104465886,0.6253247083095288,1.746084153175354,0.5334300422027609,0.3606666666666667,0.24755381906432658,0.6393333333333333,0.24755381906432658,224.41263326009116,36.98720174642387
8,96,1.6277977827768089,0.6153466850009358,1.7754416283289591,0.47123466635267525,0.3725,0.2406168946686828,0.6275000000000001,0.2406168946686828,224.60869344075522,37.089333414550396
8,97,1.6192296342979813,0.6192349737926823,1.71350708026886,0.5313576423166742,0.38736666666666664,0.25249499665009867,0.6126333333333334,0.25249499665009867,224.7987518310547,37.19770227299213
8,98,1.5951865145210924,0.6431527105177605,1.6560071295420329,0.5995234820254278,0.3948,0.26176539114252667,0.6052000000000001,0.2617653911425267,224.96562703450522,37.28156987383723
8,99,1.579722996562948,0.6459979046189303,1.6770953658739727,0.610910408959343,0.39809999999999995,0.27082675274056656,0.6019,0.2708267527405666,225.13159688313803,37.37112575520194
8,100,1.5662469203311564,0.6631181342393425,1.5687388420104982,0.6630415974661187,0.4211333333333333,0.28281959503070736,0.5788666666666668,0.2828195950307074,225.2934315999349,37.4451060590619
16,1,25.695244768797995,16.71170348576764,162.0433785486857,275.2107988630035,0.10326666666666666,0.005054041287260457,0.8967333333333333,0.005054041287260446,971.5405680338541,407.964845422317
16,2,10.884705854702077,13.273649488847015,3.4162466532389324,0.1809921995058065,0.09966666666666668,0.0004932882862316309,0.9003333333333333,0.0004932882862316341,999.0691324869791,455.62813436226327
16,3,3.163374390240317,0.04405461369242027,2.944779838562012,0.017055222085094336,0.1002,0.0002645751311064614,0.8998,0.00026457513110649287,999.0689697265625,455.6281695887312
16,4,3.1480020285668986,0.07443632468499685,3.3057292985280355,0.18509125318764713,0.10003333333333335,5.773502691895622e-05,0.8999666666666667,5.773502691895622e-05,999.0688273111979,455.6281896104758
16,5,3.2282836998210236,0.15492448812817353,3.087150980504354,0.08645746616970867,0.10006666666666668,0.00011547005383792045,0.8999333333333334,0.00011547005383791244,999.0686848958334,455.6281023471475
16,6,3.195316883609118,0.049433499144880606,3.1285596771240236,0.11450689843717501,0.10010000000000001,0.0001732050807568847,0.8999,0.00017320508075693275,999.0686442057291,455.6281359679351
16,7,3.1757476018822715,0.10244909608247316,3.20543490079244,0.23447791369633922,0.10010000000000001,9.999999999999593e-05,0.8999,9.999999999998899e-05,999.068603515625,455.6280639093274
16,8,3.178607528675141,0.013602354892578652,3.13353665339152,0.4960873371333063,0.10046666666666666,0.0007234178138070238,0.8995333333333333,0.0007234178138070077,999.0685424804688,455.6282248369435
16,9,3.210823185303632,0.19606157327901108,3.348178069559733,0.1549202062545259,0.1003,0.000519615242270662,0.8997,0.0005196152422706701,999.0685221354166,455.6281359679351
16,10,3.217819440293699,0.05791554818088438,3.0387915161132812,0.22546631477572193,0.10006666666666668,5.773502691895622e-05,0.8999333333333334,5.773502691895622e-05,999.068359375,455.62828169086947
16,11,3.221532608033853,0.10582490591056974,3.295930037562053,0.14196096414438933,0.10023333333333333,0.0002516611478423591,0.8997666666666667,0.0002516611478423894,999.0682983398438,455.6283353334216
16,12,3.177484422490217,0.017487206387337927,3.1089987443288165,0.08002046512724392,0.1003,0.000519615242270662,0.8997,0.0005196152422706701,999.0681966145834,455.6285346990034
16,13,3.23293368733041,0.09268544468003072,3.2622691107432047,0.29969613157089836,0.10006666666666668,0.00011547005383792045,0.8999333333333334,0.00011547005383791244,999.0680338541666,455.62857313694997
16,14,3.202330384412995,0.08947623678579168,2.950879583231608,0.08984559977714539,0.10000000000000002,9.999999999999593e-05,0.9,9.999999999998899e-05,999.0679931640625,455.6286099691686
16,15,3.1406550937906252,0.1454575343943765,3.171308030064901,0.02382610373515333,0.10000000000000002,1.6996749443881478e-17,0.9,0.0,999.06787109375,455.62872046587216
16,16,3.2573601986136276,0.0546053501506669,3.396853978347778,0.28029770796644365,0.10010000000000001,0.00026457513110645877,0.8999,0.00026457513110649287,999.0678304036459,455.62886458331275
16,17,3.211750363246661,0.03961513594670329,2.8329951648712157,0.13707206888119447,0.1002,0.0003464101615137694,0.8997999999999999,0.00034641016151380137,999.0676676432291,455.6290119124242
16,18,3.1329518079960947,0.07860512656004043,3.1526444986979167,0.23084586273413832,0.09996666666666669,5.773502691896423e-05,0.9000333333333334,5.773502691895622e-05,999.0674845377604,455.629068766718
16,19,3.1544604901056057,0.08694117728790703,3.2769198983510335,0.12919661607620983,0.10003333333333335,5.773502691895622e-05,0.8999666666666667,5.773502691895622e-05,999.0672810872396,455.6291456431065
16,20,3.222461244334345,0.07515002021620318,3.179262843831381,0.12496249284993169,0.10010000000000001,9.999999999999593e-05,0.8999,9.999999999998899e-05,999.0672200520834,455.62930657102726
16,21,3.1731069612381098,0.135769428264585,3.048979749806722,0.19155238879757783,0.10010000000000001,0.0004358898943540719,0.8999,0.000435889894354083,999.0670979817709,455.6294170681342
16,22,3.1489764684708015,0.09632368285176356,3.437097468439738,0.058657131329510434,0.1002,0.0002645751311064614,0.8997999999999999,0.00026457513110649287,999.0670979817709,455.6294154622216
16,23,3.224010299030574,0.0703551169151654,3.164511417261759,0.29872160291722855,0.10000000000000002,1.6996749443881478e-17,0.9,0.0,999.0669555664062,455.6295459815158
16,24,3.1786079307143136,0.13377523989857604,3.21425854288737,0.22452321270760778,0.09996666666666669,5.773502691896423e-05,0.9000333333333334,5.773502691895622e-05,999.0666910807291,455.6297837863459
16,25,3.2146319042183045,0.13457894581927396,3.183639435958862,0.1278935634458973,0.10010000000000001,0.0001732050807568847,0.8999,0.00017320508075693275,999.0667317708334,455.62985584526496
16,26,3.160884727500792,0.01600109605685272,3.1276921174367267,0.09325813043070277,0.10003333333333335,5.773502691895622e-05,0.8999666666666667,5.773502691895622e-05,999.0665690104166,455.6298926777287
16,27,3.0633168149380636,0.025513132916752376,3.13245612411499,0.05441294831980612,0.10000000000000002,1.6996749443881478e-17,0.9,0.0,999.0664265950521,455.6300215914145
16,28,3.1243320724848282,0.03138691022768285,3.092973163986206,0.16310328572570118,0.10046666666666666,0.0008962886439832519,0.8995333333333333,0.0008962886439832794,999.0662841796875,455.6301521112627
16,29,3.148696531318541,0.03728893407459292,3.1883842676798504,0.06209776887481798,0.10076666666666667,0.0013279056191361372,0.8992333333333334,0.0013279056191361853,999.0662231445312,455.63031303945354
16,30,3.1231221162856184,0.06251722062442207,3.179123159154256,0.23120051491575566,0.09996666666666669,5.773502691896423e-05,0.9000333333333334,5.773502691895622e-05,999.0658162434896,455.63057407973866
16,31,3.163341033184315,0.11362902781537702,3.2921549791971843,0.11808722309852854,0.09996666666666669,5.773502691896423e-05,0.9000333333333334,5.773502691895622e-05,999.0655110677084,455.6309560039482
16,32,3.2238218070905837,0.01043904643734894,3.3498251032511397,0.11133913654081085,0.10000000000000002,1.6996749443881478e-17,0.9,0.0,999.0653686523438,455.6310849183538
16,33,3.1014087874972707,0.1211826606756099,2.9809825429280603,0.24407805389089704,0.10013333333333334,0.0002309401076758489,0.8998666666666667,0.00023094010767588897,999.0651245117188,455.63119862904153
16,34,3.1462455387310606,0.06772642050726461,3.0817521631876623,0.12221174313386911,0.10020000000000001,0.0004358898943540639,0.8997999999999999,0.000435889894354083,999.0650024414062,455.6313091273003
16,35,3.153987618053661,0.040924887602620766,3.117955318323771,0.07851041740591994,0.10023333333333334,0.00040414518843273357,0.8997666666666667,0.00040414518843275764,999.0648193359375,455.63147326848343
16,36,3.1956341799161216,0.11168998512920504,3.267843445587159,0.3741150054062014,0.10016666666666667,0.00020816659994661368,0.8998333333333334,0.00020816659994665258,999.0646565755209,455.6316222060874
16,37,3.2270079356223627,0.07096900824632665,3.3588452967325844,0.074813911282466,0.10003333333333335,5.773502691895622e-05,0.8999666666666667,5.773502691895622e-05,999.064453125,455.6319136561359
16,38,3.2535011304918764,0.06724048085416381,3.180071474965413,0.4218347087117856,0.10076666666666667,0.001242309676905614,0.8992333333333334,0.001242309676905606,999.0641886393229,455.63204578418123
16,39,3.197810418160675,0.07483349737420845,3.3580090166727703,0.14564918921158632,0.1008,0.0014730919862656177,0.8992,0.0014730919862656535,999.0640055338541,455.63231881828943
16,40,3.148212299729044,0.16806847920555826,3.113913711547852,0.21030271813763982,0.10136666666666667,0.0020305992547357352,0.8986333333333333,0.0020305992547357426,999.0639851888021,455.63233723477373
16,41,3.136223025740667,0.0392316508798241,3.2086771975199384,0.1560547144328558,0.10006666666666668,0.00011547005383792045,0.8999333333333334,0.00011547005383791244,999.0638427734375,455.6324661502193
16,42,3.2087496361565813,0.06746428512264047,3.2186280506134035,0.03951454604779306,0.1012,0.0019924858845171245,0.8988,0.0019924858845171644,999.0635782877604,455.632598278922
16,43,3.1950348177630983,0.08378240355921843,3.215492701466878,0.21015026091009834,0.10010000000000001,9.999999999999593e-05,0.8999,9.999999999998899e-05,999.0632731119791,455.6328745269609
16,44,3.2457357572879126,0.0714633680835206,3.370265325164795,0.21021854075363328,0.10073333333333333,0.0015373136743466903,0.8992666666666667,0.001537313674346716,999.0631917317709,455.63305387253826
16,45,3.081979596503047,0.09150366282945667,3.0759073777516686,0.334672948780672,0.10010000000000001,0.0001732050807568847,0.8999,0.00017320508075693275,999.06298828125,455.6332380382226
16,46,3.1409911182530394,0.053386443574017194,3.1612909132639566,0.15504045456853097,0.10003333333333335,5.773502691895622e-05,0.8999666666666667,5.773502691895622e-05,999.0629679361979,455.63325645480194
16,47,3.1672231925418006,0.05111696538691723,2.997960016886393,0.40736934778994316,0.10016666666666667,0.00015275252316519148,0.8998333333333334,0.00015275252316522631,999.0630289713541,455.6332012050699
16,48,3.1643099673060604,0.13951728892632936,3.1564142985026042,0.19364697204867684,0.10063333333333334,0.0010969655114602883,0.8993666666666668,0.0010969655114602963,999.0628865559896,455.63333012113907
16,49,3.1451478358119953,0.035665909345228675,3.1714973553975425,0.1361954710272029,0.10003333333333335,5.773502691895622e-05,0.8999666666666667,5.773502691895622e-05,999.0627034505209,455.6334958705135
16,50,3.2478181915413287,0.07047926288293947,3.1852575730641686,0.38703964352677667,0.10106666666666668,0.0018475208614067993,0.8989333333333334,0.0018475208614067912,999.0628051757812,455.6334037875079
16,51,3.22264589332457,0.09007707720342138,3.1328583312988285,0.4114595814081598,0.09986666666666667,0.00015275252316519905,0.9001333333333333,0.00015275252316517785,999.0625610351562,455.6336247868045
16,52,3.1539088045544634,0.039294837153456906,3.185109773127238,0.23387182803222809,0.10096666666666666,0.0016743157806499145,0.8990333333333332,0.0016743157806499225,999.0623982747396,455.63377211982737
16,53,3.189921673606424,0.042815610010094374,2.9726722241719563,0.370269351754417,0.10006666666666668,0.00011547005383792045,0.8999333333333334,0.00011547005383791244,999.0621948242188,455.633954679427
16,54,3.123929864000482,0.029392100897294555,3.2041355590820313,0.3137152144366037,0.09996666666666666,5.773502691896423e-05,0.9000333333333334,5.773502691895622e-05,999.0621337890625,455.63401153626
16,55,3.157118448515987,0.07188055721235685,3.0218458479563393,0.19955892559490349,0.10066666666666667,0.0011547005383792447,0.8993333333333333,0.0011547005383792527,999.0618489583334,455.63426936971564
16,56,3.1816946210153874,0.0466404641740463,3.2660137730916343,0.07149817677670917,0.10000000000000002,1.6996749443881478e-17,0.9,0.0,999.0618082682291,455.6343062030982
16,57,3.1765428707321184,0.11263046596488002,3.2392885585784907,0.2753817855017141,0.10016666666666667,0.00028867513459481317,0.8998333333333334,0.0002886751345948452,999.0614420572916,455.6346377038973
16,58,3.1375510440559746,0.09235897536210126,3.1084949634552004,0.09818423072101486,0.10000000000000002,1.6996749443881478e-17,0.9,0.0,999.0615844726562,455.63461446618743
16,59,3.166104465900886,0.0934395958974726,3.2107828782399497,0.12717081001167727,0.10043333333333333,0.0008386497083606084,0.8995666666666667,0.0008386497083606439,999.0614624023438,455.6347265735221
16,60,3.1730667965491413,0.03511259481680153,3.034399290720622,0.16556293786871618,0.1003,0.0006928203230275468,0.8997,0.0006928203230275388,999.0615234375,455.6346681093512
16,61,3.1760659439382852,0.07277231981488452,3.1580213099161782,0.21027475147685246,0.10046666666666666,0.0008082903768654752,0.8995333333333333,0.0008082903768655153,999.061279296875,455.63478343075343
16,62,3.1758598006899703,0.011041043115149531,3.352573928324382,0.09279288225537276,0.10233333333333333,0.004041451884327376,0.8976666666666667,0.004041451884327384,999.0613606770834,455.63481705017057
16,63,3.2090227057155345,0.07698363121883844,3.0743603514353435,0.09939698192902384,0.10083333333333333,0.0014433756729740578,0.8991666666666666,0.0014433756729740977,999.0612996419271,455.6348723003893
16,64,3.0854016423530286,0.04491699907250958,3.1634955590566,0.26474415922376654,0.10243333333333333,0.004214656965084269,0.8975666666666667,0.004214656965084253,999.0613403320312,455.63483385988224
16,65,3.1107624020214684,0.03709624953527935,3.2424711013793943,0.16905958430329263,0.10320000000000001,0.0056293871780150285,0.8967999999999999,0.0056293871780150485,999.0614420572916,455.63463448989313
16,66,3.1734136805408344,0.11428213988744024,3.2000466353098553,0.3557731545653284,0.10006666666666668,0.00011547005383792045,0.8999333333333334,0.00011547005383791244,999.0614217122396,455.634652906615
16,67,3.139962757944756,0.04328598430635204,3.1698523971557613,0.3442514456407357,0.10116666666666667,0.0018502252115170563,0.8988333333333335,0.001850225211517044,999.0617879231771,455.63432140592505
16,68,3.209506286887765,0.05323671417060471,2.9301208892822266,0.37617853181668703,0.10103333333333335,0.001789785834487835,0.8989666666666668,0.001789785834487835,999.061767578125,455.6343398226132
16,69,3.1296458677257726,0.07062374211144323,3.0420471946716305,0.06890682394044835,0.10006666666666668,0.00011547005383792045,0.8999333333333334,0.00011547005383791244,999.061767578125,455.6344471088927
16,70,3.1561243625553064,0.0184116224785636,3.178462277857463,0.09312294013594004,0.10013333333333334,0.0004163331998932229,0.8998666666666667,0.0004163331998932429,999.0620524088541,455.634189275385
16,71,3.2245735347728286,0.09381473370808362,3.2469441179911294,0.16661895095810944,0.0999,0.0001732050807568927,0.9001,0.00017320508075686865,999.0622762044271,455.6339866921871
16,72,3.2085858978782063,0.03372312665410144,3.317277377955119,0.0830902722450467,0.10046666666666666,0.000986576572463246,0.8995333333333333,0.0009865765724632683,999.0628865559896,455.63343258706254
16,73,3.2025320330747458,0.1608788644422101,3.1770173886617026,0.15009426868388986,0.10170000000000001,0.0026888659319497512,0.8983,0.0026888659319497456,999.0630289713541,455.633303671051
16,74,3.1964755871310153,0.09015864183259162,3.160823356628418,0.14554516318357388,0.1002,0.0003464101615137694,0.8997999999999999,0.00034641016151380137,999.0634155273438,455.63284647069105
16,75,3.1560549396586435,0.12467753455703322,3.0393689524332683,0.0349354787854327,0.10016666666666667,0.00028867513459481317,0.8998333333333334,0.0002886751345948452,999.0638427734375,455.6324597241099
16,76,3.2060119467521466,0.018630546948044526,3.2278078155517576,0.2672221065319034,0.10006666666666668,0.00011547005383792045,0.8999333333333334,0.00011547005383791244,999.0645141601562,455.6319608733908
16,77,3.1806551975159185,0.05150373109878664,3.3429400713602697,0.26524224873633007,0.10556666666666666,0.009641749495466746,0.8944333333333333,0.009641749495466777,999.06494140625,455.6314652369125
16,78,3.163174744457235,0.012086848937238019,3.109309497833252,0.13616586084354917,0.10270000000000001,0.004763402145525821,0.8973,0.004763402145525809,999.0651652018229,455.6313683362726
16,79,3.2285274412524263,0.059794284254606186,3.504617482248942,0.2450475524171612,0.10210000000000001,0.0036373066958946426,0.8978999999999999,0.0036373066958946903,999.0660196940104,455.6305948511468
16,80,3.2326029377520236,0.11118889868837149,3.1078732224782306,0.37279644120156086,0.1034,0.005888972745734183,0.8966,0.005888972745734175,999.0662434895834,455.63039227228654
16,81,3.176237524419591,0.02320985095220536,3.1816781525929767,0.2896251493369797,0.10000000000000002,1.6996749443881478e-17,0.9,0.0,999.0671793619791,455.62943784168
16,82,3.084102111094443,0.08391564080724959,2.9862973790486653,0.008141084913050106,0.10310000000000001,0.005197114584074514,0.8969,0.005197114584074517,999.0680135091146,455.62868278102445
16,83,3.0880761959566994,0.05610865076529172,3.1026387720743815,0.03624508086926046,0.10016666666666667,0.00028867513459481317,0.8998333333333334,0.0002886751345948452,999.0679931640625,455.6287011970984
16,84,3.1385634864179472,0.07786459028759159,3.1842778024037677,0.3248914235448281,0.1013,0.0021656407827707735,0.8986999999999999,0.0021656407827707895,999.0685221354166,455.62822237982004
16,85,3.201453497342746,0.044011794260705124,3.077779419453939,0.2868684737768497,0.09996666666666666,0.0002516611478423591,0.9000333333333334,0.0002516611478423306,999.0693766276041,455.6274489085839
16,86,3.159253446850529,0.09929710571717358,3.3002148952484127,0.11867386644792531,0.10000000000000002,1.6996749443881478e-17,0.9,0.0,999.0701904296875,455.6267122725604
16,87,3.2129331301748496,0.05626846445585215,3.181088432693482,0.19180436425657196,0.10026666666666667,0.00055075705472861,0.8997333333333334,0.0005507570547286134,999.0711873372396,455.62580989775125
16,88,3.2042018281834204,0.14566470949934998,3.3250111134847007,0.16117825543044415,0.10186666666666666,0.0032331615074619006,0.8981333333333333,0.0032331615074619327,999.0719401041666,455.6251285158431
16,89,3.1220689575995326,0.09336641058269475,3.3817892111460366,0.16843349439211702,0.10006666666666668,0.00011547005383792045,0.8999333333333334,0.00011547005383791244,999.0727335611979,455.6244103054164
16,90,3.1521731544943417,0.05748788403811577,3.048336840947469,0.07007356916895705,0.10303333333333332,0.005081666393353002,0.8969666666666667,0.0050816663933530215,999.0732625325521,455.6240387842338
16,91,3.1782093448508832,0.09761270068834325,3.382399230194092,0.09048859219172399,0.10836666666666667,0.014491491756659597,0.8916333333333334,0.014491491756659612,999.0739135742188,455.6234494871468
16,92,3.302518552729744,0.04766873306016102,3.1463860506693524,0.17849902812655136,0.09989999999999999,0.0001732050807568927,0.9001,0.00017320508075686865,999.0758666992188,455.6216816080576
16,93,3.1191264241552723,0.10521866041648832,3.0898164830525716,0.20979930530897864,0.09986666666666666,0.00041633319989322514,0.9001333333333333,0.0004163331998931807,999.0785319010416,455.6193765022807
16,94,3.2601285450293886,0.16646165205922606,3.262477563095093,0.37779491301835816,0.10263333333333334,0.004052571200279319,0.8973666666666666,0.004052571200279288,999.0785725911459,455.61933967217186
16,95,3.1278336109102844,0.11800372946055687,3.0088808355967203,0.1623375162491842,0.10000000000000002,1.6996749443881478e-17,0.9,0.0,999.0789794921875,455.6188640884966
16,96,3.199973503342065,0.022717355261671235,3.389622129440307,0.148386014129941,0.10453333333333333,0.00785196366097891,0.8954666666666666,0.007851963660978942,999.0809122721354,455.6171146715842
16,97,3.119570949803228,0.03963885998702292,3.2010015909830725,0.10765624506088851,0.10213333333333334,0.0036950417228135985,0.8978666666666667,0.0036950417228136466,999.0811767578125,455.61687527908174
16,98,3.144681519966093,0.09117618856101438,3.2222722990671797,0.10249455925892442,0.1027,0.0045902069670114,0.8973,0.004590206967011408,999.0818074544271,455.61630442138846
16,99,3.164830178962441,0.023528110278405286,3.188910386784871,0.07529118403095578,0.10006666666666668,0.00011547005383792045,0.8999333333333334,0.00011547005383791244,999.0820719401041,455.6160650300193
16,100,3.1926561212905535,0.08612347836328972,3.34996804300944,0.141802233603988,0.10146666666666666,0.002540341184434354,0.8985333333333333,0.002540341184434394,999.0824788411459,455.61569673625877
32,1,33373.229853390025,53971.603097030726,2387633.5079202945,3678946.3653053264,0.10226666666666667,0.012850810609970611,0.8977333333333334,0.012850810609970606,17089.728515625,9324.704653744548
32,2,559781740627.6157,969089905930.0051,8461570176031455.0,1.4655866406577536e+16,0.1093,0.015935181203864612,0.8906999999999999,0.01593518120386465,40505409.0608724,65175545.40611741
32,3,1.1107200494085258e+16,1.9139265376126172e+16,8.412229112406103e+17,1.3435272619794762e+18,0.10013333333333334,0.0002309401076758489,0.8998666666666667,0.00023094010767588897,29758031004.401043,46813448433.553345
32,4,6.948319782058266e+20,1.2034817882536783e+21,977994480995030.9,1693936130605290.0,0.09970000000000001,0.0003605551275464016,0.9003,0.00036055512754642083,5800839306737.733,10028767851811.842
32,5,3.0679539485868806e+17,5.313852114234033e+17,33.27013083699544,30.797573329931783,0.09996666666666669,5.773502691896423e-05,0.9000333333333334,5.773502691895622e-05,5892154079388.399,9950777462237.572
32,6,3844.2890542043347,6635.7224116388725,16.71509246520996,7.618098506182277,0.10000000000000002,1.6996749443881478e-17,0.9,0.0,5892154079388.399,9950777462237.572
32,7,13.026607329278344,2.2775669692694733,11.418099751790365,1.9236152440092547,0.10006666666666668,0.00011547005383792045,0.8999333333333334,0.00011547005383791244,5892154079388.399,9950777462237.572
32,8,10.762483989897694,1.0249438552688104,11.012476150004069,1.0631222672663216,0.10006666666666668,0.00011547005383792045,0.8999333333333334,0.00011547005383791244,5892154079388.399,9950777462237.572
32,9,10.12029314732206,1.16971402029472,9.446266031392417,1.0299222415590645,0.10013333333333334,0.0002309401076758489,0.8998666666666666,0.00023094010767588897,5892154079388.399,9950777462237.572
32,10,10.49960251943941,1.2894536499531095,9.989493896993002,1.4083833298016168,0.10003333333333335,5.773502691895622e-05,0.8999666666666667,5.773502691895622e-05,5892154079388.399,9950777462237.572
32,11,10.18227386312005,1.9532340294829582,9.854218363952638,2.4094092644834277,0.10006666666666668,0.00011547005383792045,0.8999333333333334,0.00011547005383791244,5892154079388.399,9950777462237.572
32,12,9.595544988237073,0.0734649589319638,9.578740875752766,0.9419049420630261,0.10003333333333335,5.773502691895622e-05,0.8999666666666667,5.773502691895622e-05,5892154079388.399,9950777462237.572
32,13,10.57070298003825,1.1668053935250795,11.180017194620769,1.0471348107945653,0.09996666666666669,5.773502691896423e-05,0.9000333333333334,5.773502691895622e-05,5892154079388.398,9950777462237.572
32,14,9.874151413194765,0.9524104607811537,8.36537661895752,0.8304231315801289,0.09970000000000001,0.0005196152422706701,0.9003,0.0005196152422706701,5892154079388.398,9950777462237.572
32,15,10.044547497260703,0.8598719438638296,11.170703674062095,1.1415403089214426,0.10000000000000002,1.6996749443881478e-17,0.9,0.0,5892154079388.398,9950777462237.572
32,16,10.038787666997235,1.1803495669553052,9.084377770996094,0.9097636111388739,0.10003333333333335,5.773502691895622e-05,0.8999666666666667,5.773502691895622e-05,5892154079388.398,9950777462237.572
32,17,9.598270880495091,0.6249368231149272,9.946576789347331,1.027197217314977,0.10003333333333335,5.773502691895622e-05,0.8999666666666667,5.773502691895622e-05,5892154079388.398,9950777462237.572
32,18,9.440995289948082,0.44599381821203254,9.04185376180013,2.75111522658943,0.10003333333333335,5.773502691895622e-05,0.8999666666666667,5.773502691895622e-05,5892154079388.398,9950777462237.572
32,19,9.435529251131154,0.47317330446296674,9.864398588562013,1.2572048412613295,0.09996666666666669,5.773502691896423e-05,0.9000333333333334,5.773502691895622e-05,5892154079388.398,9950777462237.572
32,20,9.753160283591944,0.6869517703425728,9.945875934092205,1.1076282051279216,0.10003333333333335,5.773502691895622e-05,0.8999666666666667,5.773502691895622e-05,5892154079388.398,9950777462237.572
32,21,9.91517260983167,0.39786298242444285,10.297312182617187,1.2847309249444556,0.10006666666666668,0.00011547005383792045,0.8999333333333334,0.00011547005383791244,5892154079388.398,9950777462237.572
32,22,9.89831989480203,0.7248258229620564,9.210607564036051,1.3540595249711902,0.10006666666666668,0.00011547005383792045,0.8999333333333334,0.00011547005383791244,5892154079388.398,9950777462237.572
32,23,9.87976868418883,0.152932416088336,10.488642620849609,0.20318512480379822,0.10003333333333335,5.773502691895622e-05,0.8999666666666667,5.773502691895622e-05,5892154079388.398,9950777462237.572
32,24,9.780453295760548,1.8194396537068283,8.516090995279948,3.5449529492412943,0.10000000000000002,1.6996749443881478e-17,0.9,0.0,5892154079388.398,9950777462237.572
32,25,9.42395983734196,0.9774640403430873,10.003607286834717,1.2036556091324275,0.10003333333333335,5.773502691895622e-05,0.8999666666666667,5.773502691895622e-05,5892154079388.398,9950777462237.572
32,26,9.705654127620168,0.5077469156108093,8.454171580505372,1.2971210464742686,0.09993333333333333,0.00011547005383792846,0.9000666666666667,0.00011547005383791244,5892154079388.398,9950777462237.572
32,27,9.162963976538903,0.36289527099044283,9.759216676330567,1.4431029961709692,0.10006666666666668,0.00011547005383792045,0.8999333333333334,0.00011547005383791244,5892154079388.398,9950777462237.572
32,28,10.215839816481257,0.3528683729184107,11.428408081563314,1.3232309938473008,0.10003333333333335,5.773502691895622e-05,0.8999666666666667,5.773502691895622e-05,5892154079388.398,9950777462237.572
32,29,11.339170796995171,0.6061465150869085,12.420479015096028,1.6297825921913873,0.10000000000000002,1.6996749443881478e-17,0.9,0.0,5892154079388.398,9950777462237.572
32,30,9.948490376565971,0.8839119089664976,10.145545798238118,1.1717396110858147,0.10013333333333334,0.0002309401076758489,0.8998666666666666,0.00023094010767588897,5892154079388.398,9950777462237.572
32,31,10.220846569649908,0.5156306933400028,10.46369575398763,0.37131871641331915,0.10003333333333335,5.773502691895622e-05,0.8999666666666667,5.773502691895622e-05,5892154079388.398,9950777462237.572
32,32,10.005398031594098,0.8146187062725895,9.756165660858153,1.2056683781119621,0.10006666666666668,0.00011547005383792045,0.8999333333333334,0.00011547005383791244,5892154079388.398,9950777462237.572
32,33,9.789268770892704,0.40011400797459706,10.633051752217611,0.7235130406183332,0.10003333333333335,5.773502691895622e-05,0.8999666666666667,5.773502691895622e-05,5892154079388.398,9950777462237.572
32,34,9.888734947588334,0.6846446920302492,8.467095421091715,0.7491925192472697,0.10003333333333335,5.773502691895622e-05,0.8999666666666667,5.773502691895622e-05,5892154079388.398,9950777462237.572
32,35,9.529987380734287,0.46800125736257864,11.034302991739908,0.7091503371089272,0.10000000000000002,1.6996749443881478e-17,0.9,0.0,5892154079388.398,9950777462237.572
32,36,10.117929472846042,0.3383897694969049,10.021093799336752,1.1806881387690549,0.0998,0.0003464101615137774,0.9002,0.0003464101615137373,5892154079388.398,9950777462237.572
32,37,10.342829306310604,0.32231408068336487,9.487892333475747,2.222317902241549,0.10000000000000002,1.6996749443881478e-17,0.9,0.0,5892154079388.398,9950777462237.572
32,38,10.738595923092868,0.711184679755118,10.621016877237954,2.721374303547566,0.10010000000000001,0.0001732050807568847,0.8999,0.00017320508075693275,5892154079388.398,9950777462237.572
32,39,10.249031814874387,0.3999999176032309,9.447844780476888,1.861395092636028,0.09983333333333333,0.00028867513459481317,0.9001666666666667,0.0002886751345947811,5892154079388.398,9950777462237.572
32,40,10.153158443561498,0.5221812174351935,8.933331829579672,1.1493117842479885,0.10006666666666668,0.00011547005383792045,0.8999333333333334,0.00011547005383791244,5892154079388.398,9950777462237.572
32,41,9.44695349829073,1.3421050901179221,10.055158691914876,0.898026979504422,0.10003333333333335,5.773502691895622e-05,0.8999666666666667,5.773502691895622e-05,5892154079388.398,9950777462237.572
32,42,9.999706092291374,1.7395296253214458,10.383703872172036,2.0457317166318343,0.10000000000000002,1.6996749443881478e-17,0.9,0.0,5892154079388.398,9950777462237.572
32,43,10.151132188896185,1.4347908134922034,11.180714565022788,0.4848320173615384,0.10003333333333335,5.773502691895622e-05,0.8999666666666667,5.773502691895622e-05,5892154079388.398,9950777462237.572
32,44,10.488643938928005,0.24618140205727695,10.530785349019368,1.5760047882433654,0.10010000000000001,0.0001732050807568847,0.8999,0.00017320508075693275,5892154079388.398,9950777462237.572
32,45,9.953549131814578,0.3316313932044563,10.593096876525879,1.1649797367598602,0.10000000000000002,1.6996749443881478e-17,0.9,0.0,5892154079388.398,9950777462237.572
32,46,101089448738.20512,175092061306.86365,10.160392719523111,3.1895323251355943,0.10003333333333335,5.773502691895622e-05,0.8999666666666667,5.773502691895622e-05,5892154079388.398,9950777462237.572
32,47,10.204353740249855,0.8533025865550693,10.426911868286133,0.7905570135863258,0.09996666666666669,5.773502691896423e-05,0.9000333333333334,5.773502691895622e-05,5892154079388.398,9950777462237.572
32,48,10.19886358965185,1.1502442642210247,11.271176051839191,1.4687321859242082,0.10000000000000002,1.6996749443881478e-17,0.9,0.0,5892154079388.398,9950777462237.572
32,49,9.527119530842839,0.7203431209630069,9.974045597839355,1.7487032565717233,0.10000000000000002,1.6996749443881478e-17,0.9,0.0,5892154079388.398,9950777462237.572
32,50,280251650668.40656,485410097845.7254,10.072511409505209,2.4083932574383193,0.10006666666666668,0.00011547005383792045,0.8999333333333334,0.00011547005383791244,5892154079388.398,9950777462237.572
32,51,14642660126367.922,25361831296815.234,14.923340024312337,8.185717157961793,0.10000000000000002,1.6996749443881478e-17,0.9,0.0,5892155051505.731,9950776642096.354
32,52,217917497.0927225,377444160.74182385,10.560775992838542,3.1796249485806665,0.10003333333333335,5.773502691895622e-05,0.8999666666666667,5.773502691895622e-05,5892155073351.065,9950776623666.215
32,53,723481.4868732191,1253089.5732710094,10.54824248453776,0.5844249607636202,0.10000000000000002,1.6996749443881478e-17,0.9,0.0,5892155073351.065,9950776623666.215
32,54,10.51103138618762,0.24322515428026448,10.607732547505698,2.058978222233313,0.10003333333333335,5.773502691895622e-05,0.8999666666666667,5.773502691895622e-05,5892155073351.065,9950776623666.215
32,55,9.381330380354392,0.9001556908187933,9.383368176015217,1.981530858073857,0.10006666666666668,0.00011547005383792045,0.8999333333333334,0.00011547005383791244,5892155073351.065,9950776623666.215
32,56,9.635968239207807,1.7591604567737218,10.248472318522134,1.293346831584082,0.10000000000000002,1.6996749443881478e-17,0.9,0.0,5892155073351.065,9950776623666.215
32,57,9.88612183727775,1.5189990275920058,10.006428904978435,1.2641095492526802,0.10000000000000002,1.6996749443881478e-17,0.9,0.0,5892155073351.065,9950776623666.215
32,58,9.893237584285622,0.8290102778402167,10.549117365519207,0.59023333649553,0.10010000000000001,0.0001732050807568847,0.8999,0.00017320508075693275,5892155073351.065,9950776623666.215
32,59,9.869500005336674,1.5402876471096003,10.537817512766521,1.4770045971757348,0.10003333333333335,5.773502691895622e-05,0.8999666666666667,5.773502691895622e-05,5892155073351.065,9950776623666.215
32,60,9.936147914213292,0.9101571482199083,8.893448183695474,3.112585504979841,0.10000000000000002,1.6996749443881478e-17,0.9,0.0,5892155073351.065,9950776623666.215
32,61,10.221430621590253,1.1105179277634,10.428224132792154,0.3903007844502602,0.10003333333333335,5.773502691895622e-05,0.8999666666666667,5.773502691895622e-05,5892155073351.065,9950776623666.215
32,62,9.298424472589323,2.066329654965142,9.909785029093426,1.0387590265564501,0.10003333333333335,5.773502691895622e-05,0.8999666666666667,5.773502691895622e-05,5892155073351.065,9950776623666.215
32,63,9.36298720204515,0.44122739260616145,9.7550407913208,0.7936676494414848,0.10003333333333335,5.773502691895622e-05,0.8999666666666667,5.773502691895622e-05,5892155073351.065,9950776623666.215
32,64,9.793225285545537,0.5954582394194244,9.842601262919109,0.2053349563985512,0.10000000000000002,1.6996749443881478e-17,0.9,0.0,5892155073351.065,9950776623666.215
32,65,9.58577106960391,0.8317080885136107,10.764047010294597,1.3385862663523869,0.10006666666666668,0.00011547005383792045,0.8999333333333334,0.00011547005383791244,5892155073351.065,9950776623666.215
32,66,10.214354680525576,1.5575239429120618,9.238417331441243,3.2379703051884774,0.10003333333333335,5.773502691895622e-05,0.8999666666666667,5.773502691895622e-05,5892155073351.065,9950776623666.215
32,67,9.721898536243097,1.1839347448431687,10.71669748586019,1.3598731341591757,0.10006666666666668,0.00011547005383792045,0.8999333333333334,0.00011547005383791244,5892155073351.065,9950776623666.215
32,68,10.176588496690313,1.2083707918012405,9.461376997884114,2.499321628408689,0.10000000000000002,1.6996749443881478e-17,0.9,0.0,5892155073351.065,9950776623666.215
32,69,10.070596836412046,1.4006786614213111,10.606687462361654,0.06172875174807073,0.10000000000000002,1.6996749443881478e-17,0.9,0.0,5892155073351.065,9950776623666.215
32,70,10.233147984575432,1.01003348742914,10.540342843627931,1.1451574204628796,0.10010000000000001,0.0001732050807568847,0.8999,0.00017320508075693275,5892155073351.065,9950776623666.215
32,71,10.176629441676747,0.5754239195380149,10.567372430928549,1.1299759062764039,0.09993333333333333,0.00011547005383792846,0.9000666666666667,0.00011547005383791244,5892155073351.065,9950776623666.215
32,72,9.66924480078877,0.7869940722666843,9.89006907043457,0.6179869775758714,0.09996666666666669,5.773502691896423e-05,0.9000333333333334,5.773502691895622e-05,5892155073351.065,9950776623666.215
32,73,10.245216637926028,0.18772742377076165,9.720654357401529,0.8255545737564677,0.10006666666666668,0.00011547005383792045,0.8999333333333334,0.00011547005383791244,5892155073351.065,9950776623666.215
32,74,10.06918562241121,1.5126238096538769,11.000556729125975,2.244126662762333,0.10006666666666668,0.00011547005383792045,0.8999333333333334,0.00011547005383791244,5892155073351.065,9950776623666.215
32,75,10.303580913397356,1.4799008135540423,10.773314455413818,0.6259705472692666,0.09996666666666669,5.773502691896423e-05,0.9000333333333334,5.773502691895622e-05,5892155073351.065,9950776623666.215
32,76,10.616093715235197,0.14829619327332863,11.041752762858073,0.42354931777015487,0.09996666666666669,5.773502691896423e-05,0.9000333333333334,5.773502691895622e-05,5892155073351.065,9950776623666.215
32,77,10.123772858963598,0.4837875663552759,9.665890069580078,0.870919433487839,0.10000000000000002,1.6996749443881478e-17,0.9,0.0,5892155073351.065,9950776623666.215
32,78,9.769853667529953,0.13927643524774502,9.279493411763509,0.6302045346204332,0.09973333333333334,0.00046188021535170583,0.9002666666666667,0.00046188021535171385,5892155073351.065,9950776623666.215
32,79,10.295975248527037,1.2664729661582097,10.689025914510092,1.717030782786581,0.10000000000000002,1.6996749443881478e-17,0.9,0.0,5892155073351.065,9950776623666.215
32,80,9.895744739184497,0.1488593975311143,10.20843713429769,0.674083813712429,0.10003333333333335,5.773502691895622e-05,0.8999666666666667,5.773502691895622e-05,5892155073351.065,9950776623666.215
32,81,9.797790396040766,0.5177044834124352,10.280372134399416,0.20156040320175153,0.10006666666666668,0.00011547005383792045,0.8999333333333334,0.00011547005383791244,5892155073351.065,9950776623666.215
32,82,10.476577442523666,0.2185000605569596,10.96337195892334,1.2923967581003217,0.10003333333333335,5.773502691895622e-05,0.8999666666666667,5.773502691895622e-05,5892155073351.065,9950776623666.215
32,83,9.901172057848553,0.9717042660841939,8.516049530029298,0.5437567730327199,0.10003333333333335,5.773502691895622e-05,0.8999666666666667,5.773502691895622e-05,5892155073351.065,9950776623666.215
32,84,9.310925270691959,0.4137047010394353,10.523398746236165,0.5668962515192949,0.10000000000000002,1.6996749443881478e-17,0.9,0.0,5892155073351.065,9950776623666.215
32,85,9.038619115834345,0.9148992776219853,9.318060200500488,2.2326307861461263,0.10006666666666668,0.00011547005383792045,0.8999333333333334,0.00011547005383791244,5892155073351.065,9950776623666.215
32,86,8.758375810743496,1.0733427381324216,8.220980073547365,1.8709846991405434,0.10013333333333334,0.0002309401076758489,0.8998666666666666,0.00023094010767588897,5892155073351.065,9950776623666.215
32,87,9.336080430007245,0.5819273259535104,10.117354436238607,2.284835306938494,0.10003333333333335,5.773502691895622e-05,0.8999666666666667,5.773502691895622e-05,5892155073351.065,9950776623666.215
32,88,10.456844786345604,0.8732544708804897,9.87947551167806,1.23062675705529,0.10003333333333335,5.773502691895622e-05,0.8999666666666667,5.773502691895622e-05,5892155073351.065,9950776623666.215
32,89,10.201309678906169,1.7600425231944907,10.294165316518148,1.7108234144682366,0.10003333333333335,5.773502691895622e-05,0.8999666666666667,5.773502691895622e-05,5892155073351.065,9950776623666.215
32,90,9.740129721235842,1.270787662257841,10.684259468587237,0.9653044118591091,0.10003333333333335,5.773502691895622e-05,0.8999666666666667,5.773502691895622e-05,5892155073351.065,9950776623666.215
32,91,10.36889151681313,0.5697095789106265,11.478128884633383,1.2865142796169504,0.09996666666666669,5.773502691896423e-05,0.9000333333333334,5.773502691895622e-05,5892155073351.065,9950776623666.215
32,92,9.966719427783572,1.0458426414995972,8.59015385945638,1.5171126717907748,0.10010000000000001,0.0001732050807568847,0.8999,0.00017320508075693275,5892155073351.065,9950776623666.215
32,93,9.867474662068554,0.9152516070452467,9.992888811747234,1.4577563979531134,0.10003333333333335,5.773502691895622e-05,0.8999666666666667,5.773502691895622e-05,5892155073351.065,9950776623666.215
32,94,10.38062470282435,1.6682461688643937,9.88553884531657,0.6065745559112279,0.10000000000000002,1.6996749443881478e-17,0.9,0.0,5892155073351.065,9950776623666.215
32,95,9.706546161892264,0.09254253298549604,9.769447418467204,0.8233447976406101,0.10003333333333335,5.773502691895622e-05,0.8999666666666667,5.773502691895622e-05,5892155073351.065,9950776623666.215
32,96,10.133040488731728,0.7191257691369463,9.65508309580485,0.7855690106631223,0.10003333333333335,5.773502691895622e-05,0.8999666666666667,5.773502691895622e-05,5892155073351.065,9950776623666.215
32,97,9.275276114568685,0.634957762464344,9.879279873148601,0.9664815609480244,0.10006666666666668,0.00011547005383792045,0.8999333333333334,0.00011547005383791244,5892155073351.065,9950776623666.215
32,98,10.20988106951181,0.6545917674051824,9.503503710428875,0.9908662020595245,0.09996666666666669,5.773502691896423e-05,0.9000333333333334,5.773502691895622e-05,5892155073351.065,9950776623666.215
32,99,9.38498274932432,0.6746529039780597,9.605622643788656,1.7542990535321197,0.09993333333333333,0.00011547005383792846,0.9000666666666667,0.00011547005383791244,5892155073351.065,9950776623666.215
32,100,9.261750842807443,0.6823714681107973,9.483286973063151,1.0963913956800886,0.10003333333333335,5.773502691895622e-05,0.8999666666666667,5.773502691895622e-05,5892155073351.065,9950776623666.215
