tau,epoch,mean_train_loss,std_train_loss,mean_test_loss,std_test_loss,mean_test_acc,std_test_acc,mean_test_error,std_test_error,mean_weight_norm,std_weight_norm
0,1,1.6757762846739397,0.016070088797199743,1.948280719502767,0.32269913217448104,0.3736333333333333,0.048906577608061386,0.6263666666666666,0.04890657760806143,37.626365661621094,0.07101818948796239
0,2,1.2899599036190719,0.02299410140125301,1.2917196955362957,0.09227453714842174,0.5532666666666667,0.01775678274162672,0.44673333333333326,0.017756782741626724,37.883836110432945,0.07129203902986128
0,3,1.0941266377360417,0.0259348871331434,1.3336662033081055,0.26243919025508655,0.5664999999999999,0.04536066577994637,0.4335,0.04536066577994638,38.134254455566406,0.06850975081901908
0,4,0.9696142106409879,0.020543225465459097,1.1645405955632528,0.154551981125583,0.6120333333333333,0.04146339751314809,0.3879666666666666,0.04146339751314809,38.373251597086586,0.06870121785712267
0,5,0.8762677095938421,0.015078077270346843,1.1821989627838134,0.4211750086172911,0.6180333333333333,0.0928444038880822,0.38196666666666673,0.0928444038880822,38.606658935546875,0.06564026534670928
0,6,0.8035362663679618,0.007498503318715,1.0456934181213378,0.05635308303615334,0.6581,0.013509996299037257,0.34190000000000004,0.013509996299037257,38.83410517374674,0.06338134032439535
0,7,0.743966891510509,0.009817691368008379,0.8596192679405212,0.08000680540516304,0.7071333333333333,0.01959727872265262,0.29286666666666666,0.01959727872265262,39.054290771484375,0.06082031621543264
0,8,0.6946797814007407,0.0074675831224773215,0.8858517410596213,0.05229736752293419,0.7052,0.013952419145080145,0.2948,0.013952419145080145,39.26883316040039,0.05761653626506303
0,9,0.65608542120975,0.00587378365564445,0.801468246046702,0.05232907052544529,0.7359333333333334,0.015301089285842845,0.26406666666666667,0.015301089285842846,39.47780990600586,0.055451392463174314
0,10,0.6232582942248407,0.00922998585516654,0.780473667271932,0.027552959162810503,0.7392666666666666,0.005084617324178178,0.2607333333333333,0.005084617324178178,39.6814931233724,0.05153466853452585
0,11,0.595839976400569,0.009955465945645735,0.8794028999964397,0.17169933264923973,0.7082666666666667,0.052616759053873065,0.29173333333333334,0.052616759053873065,39.88227844238281,0.05049695675041565
0,12,0.5682561598521263,0.005289241210260728,0.7265951635360718,0.048056054681175284,0.7623666666666665,0.009089737803332594,0.23763333333333336,0.009089737803332592,40.08098602294922,0.04818025484377535
0,13,0.5472858468386624,0.008198525936785203,0.8077718900998434,0.02246508533169839,0.7426666666666667,0.004499259198282918,0.2573333333333333,0.004499259198282918,40.275211334228516,0.04532221111876069
0,14,0.525198511150487,0.009250600317491304,0.7637740537961323,0.13430496186707513,0.7543000000000001,0.03329999999999999,0.24569999999999995,0.033299999999999996,40.46712112426758,0.04475229830930908
0,15,0.5105854893279503,0.0057100830180694786,0.7401852814038595,0.1413556380487371,0.7684666666666667,0.02859830997337664,0.23153333333333329,0.02859830997337664,40.65864817301432,0.043958885251459155
0,16,0.49226339068660757,0.006853409146722829,0.757402669620514,0.1007010894605408,0.7585666666666667,0.02348581131946122,0.2414333333333333,0.02348581131946122,40.84614817301432,0.040640686206021875
0,17,0.47592143179612184,0.007778682020005743,0.7047928268432617,0.026265088514426233,0.7709333333333334,0.0033291640592396855,0.22906666666666667,0.0033291640592396855,41.03289286295573,0.041085397521805005
0,18,0.46353140574993484,0.007113296761715787,0.6696557061195373,0.11913197230098461,0.7877666666666667,0.021716660271168173,0.21223333333333336,0.021716660271168177,41.215771993001304,0.039037226408433746
0,19,0.45092459440942717,0.0109006615619791,0.6466599362055461,0.0858471864943824,0.7877333333333333,0.02422897714170644,0.21226666666666671,0.02422897714170644,41.398295084635414,0.039489060004856684
0,20,0.4378783254164056,0.008628635920757391,0.6913417663097382,0.04987210769304811,0.7793333333333333,0.00854068693568225,0.22066666666666668,0.00854068693568225,41.57992172241211,0.03942287109518339
0,21,0.4247117292545641,0.008925826255920798,0.6247362359364828,0.05986642393734229,0.8038333333333334,0.014759516703921317,0.19616666666666668,0.014759516703921317,41.76124699910482,0.03828358190241606
0,22,0.4149213703849432,0.004548145502691455,0.7041057458082834,0.17333927385949346,0.7807666666666667,0.04152858453322642,0.2192333333333333,0.04152858453322642,41.93895594278971,0.037819234661795556
0,23,0.40345256702572696,0.006769341839298843,0.615810510635376,0.1332995789561288,0.8043666666666667,0.03329404351131496,0.19563333333333333,0.03329404351131496,42.115552266438804,0.03795270996056909
0,24,0.39134749056229917,0.005568887591611968,0.7155660459518433,0.09735550733146027,0.7812666666666667,0.023958575361096388,0.21873333333333334,0.023958575361096388,42.291342417399086,0.03784134240287728
0,25,0.3843056748209097,0.005833520879598853,0.6171807221412658,0.03194554965268104,0.8069333333333333,0.009402836451482804,0.19306666666666664,0.009402836451482804,42.46467208862305,0.03843491732060052
0,26,0.37478703964193555,0.0030102667336732065,0.5748733636538188,0.042323113339585994,0.8164000000000001,0.009516827202382117,0.18359999999999999,0.009516827202382115,42.63778559366862,0.038678079664364866
0,27,0.36764344249082653,0.0051027528870579725,0.6346429095904033,0.03306013239974298,0.7935666666666666,0.009623062575569876,0.20643333333333336,0.009623062575569876,42.8106320699056,0.037627606943237565
0,28,0.35864753932243526,0.002664465831662529,0.6651264313538869,0.02622179709379708,0.7951999999999999,0.004869291529575904,0.2048,0.004869291529575904,42.982496897379555,0.03781483007245485
0,29,0.35170196299103723,0.0040641158473344935,0.5938912522315979,0.057246411595088115,0.8108333333333334,0.01559241268480708,0.18916666666666668,0.015592412684807083,43.15194574991862,0.03749716754188012
0,30,0.3440189944661182,0.0017094255528303853,0.6436090222676595,0.16267940179091292,0.8065333333333333,0.033285181888241686,0.19346666666666668,0.033285181888241686,43.321417490641274,0.03778034618510716
0,31,0.33452153284633046,0.007087145046647299,0.5378917556126913,0.009984120975867103,0.8311333333333333,0.005081666393352993,0.16886666666666664,0.005081666393352992,43.49030303955078,0.039418000576492966
0,32,0.32944363335311055,0.0055964654643460105,0.5837085351308188,0.05724229676115713,0.8153333333333332,0.011402338941345912,0.18466666666666665,0.011402338941345912,43.658957163492836,0.04088279246819106
0,33,0.32274556209516647,0.003584694220940148,0.6159000501155854,0.07446773659613183,0.8102999999999999,0.01268345378830232,0.1897,0.01268345378830232,43.82667668660482,0.04329945717248144
0,34,0.31650484801100953,0.006803174714523835,0.6694792461077372,0.0866676569801714,0.7958999999999999,0.022194819215303356,0.20410000000000003,0.022194819215303356,43.99391174316406,0.04615679274709973
0,35,0.3090008161993791,0.004295197814405217,0.5387195841948191,0.06792998284826843,0.8279,0.018421997720117104,0.1721,0.018421997720117104,44.159566243489586,0.04691522167376698
0,36,0.3024689033818062,0.0018512900201410095,0.6593623030662537,0.025624230638790105,0.8063666666666666,0.007489548272982391,0.19363333333333332,0.007489548272982391,44.324503580729164,0.04746238831333916
0,37,0.2982188248776617,0.004725114992334499,0.5946880368073781,0.06260816895926553,0.8174,0.015950235107985086,0.1826,0.015950235107985086,44.48838424682617,0.04692505282010564
0,38,0.2937791068281563,0.003031336596311239,0.5674931958715121,0.014059123541550212,0.8253666666666666,0.004675824347998267,0.17463333333333333,0.004675824347998267,44.65228017171224,0.04766854744298993
0,39,0.2874220623003552,0.006758572149419402,0.5531321891307831,0.06968158202402834,0.8302,0.016839536810732074,0.16979999999999998,0.016839536810732074,44.81533686319987,0.04890507540408527
0,40,0.2828370115615726,0.006567077488836657,0.5801439699729284,0.11932036955374552,0.8266333333333332,0.02790292696713612,0.1733666666666667,0.027902926967136123,44.9777577718099,0.049929787259034415
0,41,0.2758006251147946,0.0016821949189396463,0.4970519595464071,0.0324095522825838,0.8468666666666667,0.00903677671149026,0.15313333333333334,0.00903677671149026,45.138955434163414,0.05067333063049689
0,42,0.27324545647685383,0.005533118724973769,0.7910696796576181,0.30182508899603216,0.7897333333333334,0.051363443550187834,0.21026666666666669,0.051363443550187834,45.30011240641276,0.05131647344220204
0,43,0.26827715358872345,0.0027050487798768973,0.6989239372571309,0.12438212695813673,0.8000333333333334,0.031050013419213394,0.19996666666666665,0.031050013419213398,45.459921518961586,0.0537347857586168
0,44,0.26232417767513333,0.004014945277809493,0.5220132120768229,0.04801576363792917,0.8461,0.00835942581760255,0.1539,0.00835942581760255,45.620262145996094,0.052074608422802565
0,45,0.25882648194537444,0.006952988960920098,0.5517597566922505,0.04758112842181714,0.8362999999999999,0.010289800775525255,0.16370000000000004,0.010289800775525253,45.77878952026367,0.054308863488484495
0,46,0.2537944290313778,0.0031206310171482832,0.5516780757904053,0.034935757934367324,0.8348,0.01062261737991159,0.1652,0.01062261737991159,45.93626912434896,0.05584986963320958
0,47,0.2488574891875975,0.0072545652589102415,0.5584483663717906,0.05398980657599668,0.8358666666666666,0.012133150181767876,0.16413333333333333,0.012133150181767876,46.09419631958008,0.05669594590657841
0,48,0.2472193333219486,0.003824611756728748,0.6464472683588663,0.07973810008566408,0.8180666666666667,0.017737061011715908,0.1819333333333333,0.017737061011715908,46.250665028889976,0.05898515170228861
0,49,0.24442815536098003,0.0018470777216757282,0.6361112459659576,0.048573967187338245,0.8227333333333334,0.011168855506869694,0.17726666666666666,0.011168855506869694,46.40666198730469,0.06060913260937532
0,50,0.23707376012716755,0.0034877024074329173,0.5197506587664286,0.06307411503419723,0.8441,0.01172049487009832,0.1559,0.011720494870098318,46.5613899230957,0.06218745889468398
0,51,0.23480996160505171,0.004555344280168951,0.5488867542743683,0.055457662532136486,0.8409333333333334,0.013747848316494213,0.1590666666666667,0.013747848316494213,46.71533075968424,0.06270021092534703
0,52,0.229130513813642,0.005297139789575809,0.5508309884230296,0.06971692323720499,0.8372666666666667,0.013476028099307792,0.1627333333333333,0.013476028099307792,46.86828486124674,0.0625004686087187
0,53,0.2256102735162391,0.003807631704414491,0.5602808933417003,0.0993228512628407,0.8435333333333334,0.02011624550788081,0.15646666666666664,0.02011624550788081,47.02047220865885,0.06261705871299532
0,54,0.2221663190593398,0.0029367884199342385,0.5671830452442169,0.08450690599542467,0.8382666666666667,0.018744154644404036,0.16173333333333337,0.018744154644404036,47.174065907796226,0.0637227247789526
0,55,0.2192217065728026,0.0023378517088862585,0.5283502616405488,0.05582776709687191,0.8461,0.011624543001769986,0.1539,0.011624543001769986,47.32429758707682,0.06444748221758154
0,56,0.2150424096514197,0.003830419436915313,0.5923159080664316,0.09457530439791027,0.8347666666666665,0.021338775347552946,0.16523333333333334,0.021338775347552942,47.47610600789388,0.064568887766381
0,57,0.2136421215173432,0.003770672778894631,0.605576742998759,0.08748352912610391,0.8331666666666666,0.018422088191443777,0.16683333333333336,0.018422088191443777,47.62647374471029,0.06502298293951361
0,58,0.21092059441666675,0.002409192752199219,0.529986388305823,0.02836099094267293,0.8489999999999999,0.007402026749478782,0.15100000000000002,0.007402026749478783,47.77597173055013,0.06840900832469714
0,59,0.20722486818080665,0.003918986219094203,0.5452887525399527,0.1059650938939,0.8481000000000001,0.019755252466116462,0.15189999999999995,0.019755252466116462,47.9245974222819,0.06955508845094345
0,60,0.2058361328928672,0.003160701245149428,0.5535665758689244,0.020959413736617173,0.8443999999999999,0.003950949253027691,0.15559999999999996,0.003950949253027691,48.07408014933268,0.06985285992405511
0,61,0.20169906847286914,0.003096006938499708,0.5470160243670145,0.026874287330374426,0.8456999999999999,0.006533758489567827,0.1543,0.006533758489567827,48.22248840332031,0.07010621492061887
0,62,0.19741946572512514,0.0034034279112806357,0.5444848905563354,0.03995706528248006,0.8438666666666667,0.01257033545031052,0.15613333333333335,0.01257033545031052,48.369588216145836,0.0702078294265217
0,63,0.19493052922348028,0.0013859241053852912,0.5535683571497599,0.07210014270716704,0.8479666666666668,0.011184960139997535,0.15203333333333333,0.011184960139997535,48.51440938313802,0.07153211531500925
0,64,0.19257130222958777,0.005118104253701755,0.5407871596256891,0.05649757647805844,0.8480333333333334,0.009332916657365636,0.15196666666666667,0.009332916657365636,48.65939203898112,0.07161185656083192
0,65,0.18833916706095774,0.004589245311604614,0.5589105295976003,0.07001059659485963,0.8450333333333333,0.017273196963310904,0.15496666666666667,0.017273196963310904,48.80379104614258,0.07081083203780988
0,66,0.18796376766476586,0.0019664255249845167,0.5543594048500061,0.07494412730229892,0.8461666666666666,0.012023865157815648,0.1538333333333333,0.012023865157815648,48.946852366129555,0.0716184431606372
0,67,0.183964940872542,0.0040203964709280655,0.5429185963948568,0.0231850782860285,0.8505333333333333,0.0028867513459481316,0.14946666666666672,0.002886751345948131,49.090555826822914,0.07315762340172093
0,68,0.1800883976490144,0.001533912769912022,0.534118736743927,0.012042046393288245,0.8512666666666666,0.005923118547972275,0.14873333333333336,0.005923118547972275,49.23271942138672,0.07373629033477087
0,69,0.17931931341687837,0.0024854138795541007,0.5466616648832957,0.010664986614805527,0.851,0.005737595315112465,0.14900000000000002,0.005737595315112465,49.37549336751302,0.07329031399568503
0,70,0.17607165888294843,0.0036895515803924707,0.5594183481375377,0.03771630906988701,0.8483999999999999,0.004699999999999982,0.15159999999999998,0.004699999999999982,49.516387939453125,0.07455661778708486
0,71,0.17422969098133811,0.0022162466552369826,0.5871055737495422,0.01586992297843933,0.8412333333333333,0.0051675268101223325,0.1587666666666667,0.0051675268101223325,49.65613810221354,0.07653230837842724
0,72,0.17130735748386341,0.0045591367798842545,0.5551690103371937,0.03850966782296238,0.8506333333333332,0.008173942337289472,0.14936666666666668,0.008173942337289472,49.79696909586588,0.07516323355275191
0,73,0.17023334965960957,0.0002345471739641087,0.6099424874623617,0.09781243537848977,0.8388,0.023047559523732677,0.16119999999999998,0.023047559523732677,49.93622716267904,0.07802933598308695
0,74,0.16957112284216835,0.003204276156499546,0.6130901952743532,0.06416732713152724,0.8388666666666666,0.008974593769822266,0.16113333333333335,0.008974593769822266,50.07597732543945,0.0787593497253796
0,75,0.16408108516841594,0.001460346655253923,0.5345889290332795,0.046778427805126845,0.8519333333333333,0.013273030299571161,0.14806666666666665,0.013273030299571161,50.214561462402344,0.08080542998738426
0,76,0.16289679539681293,0.003580121375554855,0.572903749358654,0.0505728706326972,0.8497666666666666,0.009523829761883268,0.15023333333333333,0.009523829761883268,50.35174051920573,0.08319001277203482
0,77,0.16214670405071308,0.003179783348982146,0.5717809847195943,0.004639739039520374,0.8464,0.005550675634551166,0.1536,0.005550675634551166,50.48962529500326,0.08461162140172873
0,78,0.15742644841345274,0.004619945257031639,0.5207676049550375,0.023987478113283067,0.8588999999999999,0.00443057558337514,0.1411,0.00443057558337514,50.624603271484375,0.08522048726491208
0,79,0.1544531135734898,0.004246762574837499,0.5935865034302076,0.04615319203440761,0.8447,0.009534673565466213,0.1553,0.009534673565466213,50.75889333089193,0.08725929319316995
0,80,0.15495030773773422,0.004411496291989659,0.569406906414032,0.026741578330680884,0.8519,0.00476969600708475,0.14809999999999998,0.00476969600708475,50.895975748697914,0.08791301828898541
0,81,0.15216840469204557,0.00038394771130910693,0.6362349619468053,0.07293254791261979,0.8429666666666668,0.011913997370040562,0.15703333333333333,0.011913997370040562,51.02960713704427,0.0908819945651605
0,82,0.15065889910676494,0.002907589829645079,0.5351951237519582,0.04826272013998973,0.858,0.007830708780180775,0.14200000000000002,0.007830708780180775,51.16339365641276,0.0904189827293659
0,83,0.1503732832178842,0.001059872404776923,0.6407345191637676,0.11264443696299277,0.8385333333333334,0.021774373316661346,0.16146666666666665,0.021774373316661346,51.29677708943685,0.09309430860337756
0,84,0.14868431202972027,0.0025778062271330903,0.5388672127405804,0.01381626415280899,0.8579666666666667,0.0029737742572921366,0.14203333333333332,0.0029737742572921366,51.429500579833984,0.09370923343380089
0,85,0.14545020903798114,0.0012886781714324849,0.5618926391243935,0.08159538801052954,0.8565,0.011688883607941344,0.14349999999999996,0.011688883607941344,51.56077448527018,0.09618425140945618
0,86,0.14292819150751304,0.004707813183570103,0.5200308445135752,0.04476218321575619,0.8642666666666666,0.007757147241952618,0.1357333333333333,0.007757147241952618,51.69077173868815,0.0975878886273626
0,87,0.140620602121718,0.002990190738676797,0.5669491878668467,0.04267294858726163,0.8561333333333333,0.01057654638023838,0.14386666666666667,0.01057654638023838,51.82020060221354,0.09771808226429249
0,88,0.13719680897084852,0.002240394799075902,0.5619664394537608,0.03450052124929312,0.8560666666666666,0.0063437633415295,0.14393333333333333,0.0063437633415295,51.94836552937826,0.09873972279030785
0,89,0.13552423357607865,0.003715725830757526,0.5251711782932281,0.04686745096985273,0.8661666666666666,0.006423654204059665,0.13383333333333333,0.006423654204059665,52.076080322265625,0.09799246251798265
0,90,0.13716531247662767,0.0026348374664359074,0.6043229754765828,0.1488242790112553,0.8501333333333333,0.027308850824107073,0.14986666666666668,0.027308850824107073,52.20506286621094,0.09637909388203578
0,91,0.13499281544933844,0.003308775214652259,0.5502544230937958,0.060973598884890304,0.8597666666666667,0.00871569465581104,0.14023333333333332,0.00871569465581104,52.33275477091471,0.09588029033348201
0,92,0.13094699765473783,0.00444281233061218,0.6073813522497813,0.08782607051494366,0.8485,0.01848864516399186,0.15149999999999997,0.01848864516399186,52.45789464314779,0.09393104274067982
0,93,0.1295625191048512,0.004512495171880023,0.580030529387792,0.07925806462097407,0.8579666666666667,0.008130395644329547,0.14203333333333334,0.008130395644329547,52.58418655395508,0.09442877362989051
0,94,0.1278504242728332,0.0032921232303822546,0.613701954682668,0.061047085363487505,0.8530666666666668,0.010980588933811,0.14693333333333333,0.010980588933811,52.70949172973633,0.09596917768813368
0,95,0.12691728625595822,0.002506720325366574,0.5640972850322723,0.020937335501775112,0.8615,0.0023811761799581,0.13849999999999998,0.0023811761799581,52.83398691813151,0.09605956378787212
0,96,0.1252307705279481,0.0029308229842777275,0.5901042795976003,0.07889217972468064,0.8571,0.013550276749941307,0.1429,0.013550276749941307,52.957967122395836,0.09563739745726721
0,97,0.12512209626249748,0.00439804502645373,0.5848434452851614,0.01534893654851402,0.8605,0.004229657196511316,0.13950000000000004,0.004229657196511316,53.08183670043945,0.09455389292459539
0,98,0.12169102883920746,0.005236049188344591,0.6138521367708841,0.05529150375005454,0.8505333333333334,0.010920317455703111,0.14946666666666664,0.010920317455703111,53.204115549723305,0.09493141510350837
0,99,0.12057215750585838,0.001972416242161772,0.5643312292893728,0.031358166505045096,0.8647,0.006937578828380992,0.13529999999999998,0.006937578828380992,53.32589848836263,0.09678358671215155
0,100,0.12121540074572539,0.004027171168170708,0.5664336344877879,0.045899619773671345,0.8635666666666667,0.005810622456616302,0.13643333333333332,0.005810622456616302,53.449517567952476,0.09911041024062088
1,1,1.8460335839231707,0.023655186901682442,1.5892048345565797,0.019824130898065208,0.4289666666666667,0.014950027870654074,0.5710333333333333,0.014950027870654067,37.64265060424805,0.08905530198751285
1,2,1.4054269293689972,0.038350693924831425,1.711116381072998,0.2915309053148584,0.43439999999999995,0.04437307742314025,0.5656,0.044373077423140284,37.914450327555336,0.09599529231986184
1,3,1.1983026756451665,0.0338033823388835,1.2163545125325521,0.17677917045018926,0.5745,0.04842034696282135,0.4255,0.04842034696282135,38.185282389322914,0.09844328210850634
1,4,1.0524452594946514,0.03232268350386429,1.075363461303711,0.022736187772269805,0.6198,0.018194229854544542,0.38020000000000004,0.018194229854544542,38.44128672281901,0.09837590828266482
1,5,0.9473277554487632,0.0333106742396542,1.0261222045898437,0.12067079080338833,0.6450666666666667,0.041988728646308565,0.3549333333333333,0.041988728646308565,38.68754577636719,0.09718195409325271
1,6,0.8664818514846678,0.029749440520414238,1.1004565952936807,0.20677503133910247,0.6417666666666667,0.04804584616107131,0.35823333333333335,0.04804584616107131,38.929606119791664,0.09622878171596937
1,7,0.7983012224046572,0.02812442474050356,1.018712450536092,0.12916383075277368,0.6705333333333333,0.02257528146742215,0.3294666666666667,0.02257528146742215,39.161720275878906,0.09163356360043416
1,8,0.7469070310889404,0.029010663214054697,0.9230332176526388,0.15413228314861507,0.6932,0.02992607558635108,0.3068,0.02992607558635108,39.387072245279946,0.08798279667223223
1,9,0.7006325812697511,0.0228482122423067,0.8640100495020548,0.16561293531864296,0.7172666666666667,0.03820501712253681,0.28273333333333334,0.03820501712253681,39.60607782999674,0.08420733744783715
1,10,0.6622342257700917,0.01986871037120799,0.8901328676541646,0.09287377328162126,0.709,0.02776706682384728,0.291,0.02776706682384728,39.81961313883463,0.07860519610587592
1,11,0.628149840583785,0.01747224148199208,0.7834184337933858,0.09086937440935876,0.7401666666666666,0.03055230487759203,0.25983333333333336,0.03055230487759203,40.02839914957682,0.0756633822245974
1,12,0.603154368412769,0.015659827729768865,0.7566776056925456,0.054566149790562506,0.7516333333333334,0.011582026305156309,0.24836666666666665,0.011582026305156309,40.23282114664713,0.0749217425006428
1,13,0.5798501502928933,0.013278422344732276,0.8073201063156127,0.16008277752945113,0.7348,0.03795247027533254,0.2652,0.03795247027533254,40.43099848429362,0.07042119883649481
1,14,0.5532389542584936,0.012243910782714541,0.6897375525474548,0.05093856465281255,0.7736333333333333,0.018492521010758215,0.2263666666666667,0.018492521010758215,40.62708028157552,0.07152579847512434
1,15,0.5379387052874227,0.012597042330667193,0.7136397415161132,0.05999664542394548,0.7696666666666667,0.01574240557644645,0.23033333333333336,0.01574240557644645,40.821511586507164,0.07130188821817963
1,16,0.517776224060335,0.008979856242756235,0.68528492881457,0.04436321103922094,0.7760333333333334,0.009134732252963604,0.22396666666666665,0.009134732252963604,41.01362101236979,0.06991108468335813
1,17,0.4999704477071559,0.009549075476490494,0.6752505289077759,0.029498858166673594,0.7771666666666667,0.0086558265540232,0.2228333333333333,0.0086558265540232,41.203269958496094,0.06925090582140235
1,18,0.48709823169570043,0.007879473478492318,0.618381827100118,0.07112223508014184,0.7970333333333334,0.024279483794622428,0.20296666666666663,0.024279483794622428,41.38961919148763,0.0665864365072255
1,19,0.4729735763379883,0.008456384190487564,0.6394753922621409,0.058181687034074885,0.7896333333333333,0.019131213587572894,0.2103666666666667,0.019131213587572894,41.57242075602213,0.06398033843636476
1,20,0.45875887784913166,0.005837873105028535,0.5898922089099884,0.021007932097706166,0.8060666666666667,0.0030088757590391595,0.19393333333333332,0.0030088757590391595,41.75694274902344,0.06411561062336185
1,21,0.4469057050202509,0.0057209277979742125,0.5932227083603542,0.010404683165379992,0.8067333333333333,0.0037647487742654717,0.19326666666666667,0.0037647487742654717,41.93910598754883,0.06487401714055892
1,22,0.4348126093190852,0.00458074050136881,0.605389834133784,0.0852165433680428,0.8033,0.022400669632848074,0.19669999999999999,0.022400669632848074,42.12028503417969,0.060333118211851715
1,23,0.42453338522130574,0.004779528504874964,0.5585699484666188,0.019342902907319336,0.8158,0.003235737937472688,0.1842,0.003235737937472688,42.29882049560547,0.05792799272605506
1,24,0.4109629769408591,0.0030210142922482254,0.5960065961519877,0.05796167290290776,0.8079666666666667,0.015875242780295815,0.1920333333333333,0.015875242780295815,42.47495142618815,0.057702194048011586
1,25,0.40232945883365545,0.00392751818106029,0.6331414569060008,0.07693683795994392,0.7983666666666668,0.021594983985484553,0.20163333333333333,0.021594983985484553,42.65088653564453,0.05494545299339212
1,26,0.39390505948131754,0.002700864622380104,0.6034975051164627,0.03821351365234207,0.8017666666666666,0.011216654284292336,0.19823333333333334,0.011216654284292336,42.82558949788412,0.05403282657688348
1,27,0.38744868306349406,0.002672288678802555,0.5739444089730581,0.060198170968826174,0.8145000000000001,0.015600961508830155,0.18549999999999997,0.015600961508830155,42.99842834472656,0.05029590766500134
1,28,0.37704776978248833,0.0024114932169366147,0.5803892012278239,0.09919272844894633,0.8155,0.02210610775328842,0.1845,0.02210610775328842,43.17121887207031,0.049818568626855624
1,29,0.3679008647888416,0.0021907588950053907,0.6586321358680726,0.10225797130118486,0.7986333333333334,0.026848898177268533,0.20136666666666667,0.026848898177268536,43.34156926472982,0.04932270510462974
1,30,0.3584392503196117,0.0024835311116124486,0.5757039797782898,0.02798008565193678,0.8159000000000001,0.008727542609463427,0.1841,0.008727542609463427,43.5106201171875,0.045619477512576855
1,31,0.35289180136499304,0.004326924825018672,0.533956603050232,0.059757058074690124,0.8290333333333333,0.016513428878743883,0.17096666666666668,0.016513428878743883,43.679752349853516,0.04240111583288485
1,32,0.3476107865826045,0.002489590840518649,0.5485020119826,0.012155014002652946,0.8261666666666666,0.0014742229591664046,0.1738333333333333,0.0014742229591664046,43.84733327229818,0.041029536127117676
1,33,0.33857582134765535,0.002567627350767884,0.6417058458169301,0.07199867385589016,0.8027666666666667,0.017208234462992824,0.19723333333333334,0.017208234462992824,44.0145009358724,0.0394502978410591
1,34,0.3299479238492042,0.0037743574858838955,0.6123972074190775,0.07024802096642893,0.8075333333333333,0.018486842167696835,0.19246666666666665,0.018486842167696835,44.180137634277344,0.039993252839704424
1,35,0.3258453811068669,0.0024648090209486353,0.5600369266351064,0.06886370072383066,0.8256,0.01442116500148307,0.17439999999999997,0.01442116500148307,44.34456253051758,0.04019960286388355
1,36,0.3172686157679822,0.001970859555721621,0.5069663356145223,0.017124655077269072,0.8391333333333333,0.004416257842714045,0.1608666666666667,0.004416257842714045,44.50861104329427,0.0399224634703183
1,37,0.3148090124562167,0.0028525349387350588,0.5075138117790222,0.025281612105909682,0.8387333333333333,0.010006164766449421,0.16126666666666667,0.010006164766449421,44.6702880859375,0.03842885716014643
1,38,0.30859330205051494,0.003540461002675801,0.5066930053393045,0.031140474547146593,0.8374666666666667,0.009066605391949804,0.16253333333333334,0.009066605391949804,44.83378982543945,0.03722716154406333
1,39,0.3009489630265614,0.0009258462526208842,0.5270979046503702,0.014411804028221193,0.8344,0.00622173609212092,0.16559999999999997,0.00622173609212092,44.99571990966797,0.03731227858841771
1,40,0.2975120703862045,0.0022477371390491347,0.5336604395866394,0.07378567258880839,0.8334666666666667,0.020695973843560346,0.1665333333333333,0.020695973843560346,45.15654373168945,0.03835381013129026
1,41,0.28830349469479594,0.0038171588503028596,0.5791482289155324,0.03999949039265867,0.8287,0.01129291813483122,0.1713,0.01129291813483122,45.318808237711586,0.03861767102345722
1,42,0.2852553528974124,0.0006329505622937297,0.5161257000764211,0.058273354271962556,0.8382999999999999,0.015761662348876753,0.16169999999999998,0.015761662348876753,45.47985967000326,0.036378296871563263
1,43,0.28280526428195224,0.0007799749441317449,0.48769545770486195,0.03235101037059267,0.8474,0.0053254107822777105,0.15259999999999999,0.005325410782277711,45.640384674072266,0.034917280632780594
1,44,0.2774970704865883,0.003175306914885583,0.5545961621284485,0.08069844265146806,0.8329333333333334,0.019809425366055764,0.1670666666666667,0.019809425366055764,45.800235748291016,0.03755255182774121
1,45,0.27190461714147807,0.00579942964917455,0.47348458433151247,0.03393350825519625,0.8518333333333333,0.0068995168912999606,0.14816666666666667,0.0068995168912999606,45.958316802978516,0.036214431036832855
1,46,0.2688063165365075,0.004526475568982976,0.5544474056323369,0.019190488304456545,0.8328666666666668,0.0012741009902410803,0.16713333333333333,0.0012741009902410803,46.113922119140625,0.03587613142124047
1,47,0.26148235078866117,0.006536830271741559,0.5723140118281047,0.058376098526616814,0.8299666666666666,0.00983378530034765,0.17003333333333337,0.00983378530034765,46.27136993408203,0.034933158057977726
1,48,0.25949462631499776,0.003130829440635695,0.48318049704233806,0.02624766905484342,0.8525666666666667,0.005105226080530938,0.14743333333333333,0.005105226080530938,46.42724482218424,0.035293882217238066
1,49,0.2552203916756393,0.004136476621854443,0.5381757907549539,0.024606325139467457,0.8397333333333333,0.004164532786920226,0.16026666666666667,0.004164532786920226,46.581103006998696,0.035220684901691834
1,50,0.24949990125263435,0.004360398909919364,0.5169477284431457,0.09151398877429355,0.847,0.021306337085477637,0.153,0.021306337085477637,46.73648579915365,0.03506444937029341
1,51,0.24681215739006276,0.005057253830469909,0.5439683179537456,0.006416315526623236,0.8410666666666667,0.0013503086067019566,0.15893333333333334,0.0013503086067019568,46.89003117879232,0.037748476743635455
1,52,0.24507895581430592,0.006820803712335218,0.5348895935058594,0.11645385196157074,0.8428,0.02587334535772286,0.1572,0.02587334535772286,47.046190897623696,0.037026150516894916
1,53,0.23645550058320963,0.004792021643724699,0.5121508993625641,0.03871113211154403,0.8488666666666665,0.004901360355384359,0.15113333333333334,0.004901360355384358,47.19815190633138,0.03647712089687239
1,54,0.23523823768916743,0.005969366584257645,0.5303722945292791,0.053152813007545714,0.8441000000000001,0.009525229656024077,0.1559,0.009525229656024077,47.35037485758463,0.03710930957861622
1,55,0.230752072123158,0.00381190894196413,0.513429185851415,0.03362934527804481,0.8475333333333334,0.011509271624795989,0.15246666666666667,0.011509271624795989,47.50133260091146,0.03755300333646179
1,56,0.22824372307342644,0.004581400386674366,0.5541628515243531,0.06684290272921078,0.8378,0.017485994395515524,0.1622,0.017485994395515524,47.65379206339518,0.038910630973707734
1,57,0.22474156653560948,0.0037250462582890205,0.4794373349666596,0.007941690003334093,0.8577,0.004299999999999989,0.1423,0.004299999999999988,47.803253173828125,0.040602938292284535
1,58,0.2212260800706761,0.005781442711766517,0.46969706455866495,0.057324907994311815,0.8595,0.012662148316932612,0.14049999999999999,0.012662148316932612,47.95078913370768,0.039916783175762145
1,59,0.21888653548451845,0.005695876878523185,0.5332432814915975,0.0980716490594562,0.8467666666666666,0.0208857207999469,0.15323333333333333,0.0208857207999469,48.09929911295573,0.04202584237867992
1,60,0.21435918167347798,0.004964770766127488,0.5608775008678436,0.0864023363168555,0.8368000000000001,0.02093633205697691,0.16319999999999998,0.02093633205697691,48.24848302205404,0.04145823260947333
1,61,0.21234429673389402,0.004859040981724471,0.5236515588919323,0.04585877188162036,0.8464666666666667,0.01354301788130447,0.15353333333333333,0.01354301788130447,48.39645131429037,0.042600471180878875
1,62,0.20914475231702168,0.003357669503009694,0.497404856189092,0.01770919012640936,0.8541333333333333,0.005024274408641836,0.14586666666666667,0.005024274408641837,48.543768564860024,0.04418292269566567
1,63,0.2044062534853727,0.005676109192083707,0.5054949337959289,0.04005373990099068,0.8568000000000001,0.008571464285639905,0.1432,0.008571464285639905,48.69056955973307,0.04434794912558586
1,64,0.2046933347090939,0.004413607452511891,0.4877954298019409,0.04136862371401962,0.8576,0.012229472596968336,0.1424,0.012229472596968336,48.83899943033854,0.044484796787352045
1,65,0.2016704405156954,0.001074566428286347,0.5467585084915162,0.03022270586624561,0.8457666666666667,0.006500256405199158,0.15423333333333333,0.006500256405199158,48.98379135131836,0.044081658701966106
1,66,0.19655779484287858,0.005028624434998827,0.5017803899447123,0.04175946249721628,0.8574333333333333,0.008015193904911727,0.14256666666666665,0.008015193904911727,49.12828063964844,0.0445918431104799
1,67,0.19395069481974878,0.004261331713428172,0.48635996216138205,0.012908601830673324,0.8588666666666667,0.0026102362600602443,0.1411333333333333,0.0026102362600602443,49.27113342285156,0.04408835783010911
1,68,0.19224444628778117,0.004175559928002539,0.47353855040868126,0.009092353481916799,0.8640333333333334,0.001401189970465595,0.13596666666666665,0.0014011899704655948,49.41433970133463,0.043995262165924004
1,69,0.1878407556319074,0.00518642373021509,0.501000627930959,0.030616513307151125,0.8586666666666667,0.006757465007925155,0.14133333333333334,0.006757465007925155,49.55641301472982,0.04511352116437265
1,70,0.1866144998616778,0.0027054513086085742,0.5114164172172546,0.03639638185878009,0.8578666666666667,0.0071023470299143784,0.14213333333333333,0.0071023470299143784,49.6992301940918,0.04596310736682448
1,71,0.18395548552681218,0.0020084495867554717,0.4886057208697001,0.04061403670213768,0.8597999999999999,0.009472592042308194,0.1402,0.009472592042308194,49.8407834370931,0.04600742159933142
1,72,0.1825270125259727,0.007232806885769018,0.5065301277478537,0.00699444862225516,0.8557333333333333,0.0034195516275285828,0.14426666666666665,0.0034195516275285828,49.98333867390951,0.04538265709714076
1,73,0.180058403339202,0.006120160627322103,0.48666163021723435,0.05121784249054754,0.8633666666666667,0.011939988833048937,0.1366333333333333,0.011939988833048937,50.12482452392578,0.04684504794422461
1,74,0.17783140738868652,0.0009450755038395763,0.5180772016525268,0.06083131134785431,0.8533666666666666,0.013030860805538974,0.1466333333333333,0.013030860805538974,50.26455815633138,0.04679948346744678
1,75,0.17383429375679596,0.004068915984942856,0.49795079805850984,0.03182429977082943,0.8606333333333334,0.007046512139586057,0.13936666666666664,0.007046512139586057,50.404066721598305,0.047482366231059565
1,76,0.1724381697287137,0.008493302733695784,0.4919268869717916,0.015624789399793114,0.8604666666666666,0.0032254198693089904,0.13953333333333331,0.0032254198693089904,50.54314168294271,0.049057503594414145
1,77,0.17132892260186608,0.002976422947914983,0.5312569747130076,0.05338008328284644,0.8533,0.013551383693187926,0.14670000000000002,0.013551383693187924,50.682692209879555,0.049966079256198254
1,78,0.16609907625060455,0.00631442229422454,0.5283861654122671,0.025713477212069173,0.858,0.0028792360097775697,0.14200000000000002,0.0028792360097775697,50.81969197591146,0.047922421974850214
1,79,0.1658896144292137,0.004354454540562189,0.4915845982074738,0.026230555338957448,0.8633000000000001,0.00497895571380184,0.13670000000000002,0.00497895571380184,50.95586395263672,0.048011780239792023
1,80,0.16413882682187275,0.00580534625233798,0.5326983303546906,0.06722672137303032,0.8544333333333333,0.015004777017114706,0.1455666666666667,0.015004777017114704,51.091348012288414,0.0507775822237247
1,81,0.1604558087358186,0.0031231796318859487,0.525821594429016,0.01640979601506299,0.8559666666666667,0.0049369356217529295,0.14403333333333335,0.0049369356217529295,51.22687021891276,0.05287676663585961
1,82,0.15955965625215876,0.0051364993003557265,0.517478376086553,0.03519027721140215,0.8593333333333334,0.0034645827069552204,0.1406666666666667,0.0034645827069552204,51.36362838745117,0.052306007603586016
1,83,0.15774919504564947,0.007163750301106551,0.5735899166901905,0.10646789630033332,0.8478333333333333,0.01986714205247786,0.15216666666666667,0.01986714205247786,51.49797821044922,0.05379792614390345
1,84,0.15486253233974243,0.0063049960706767355,0.5438415627002716,0.028259486377827957,0.8559000000000001,0.007063285354564123,0.14409999999999998,0.007063285354564123,51.630863189697266,0.05093731591181898
1,85,0.15062298530749246,0.005172638336509055,0.5449331849416098,0.08463262285461469,0.8558333333333333,0.014162391511793932,0.14416666666666667,0.014162391511793932,51.76350021362305,0.051155419743307215
1,86,0.15279337139728733,0.004017317491697698,0.5442389334519704,0.0591286854977074,0.8568666666666666,0.013750030302996905,0.14313333333333336,0.013750030302996904,51.89573287963867,0.052756980735259945
1,87,0.15011688762638983,0.003265952027175814,0.5173568453629812,0.06323140826680566,0.8645333333333335,0.013191411347287041,0.13546666666666662,0.013191411347287041,52.02877934773763,0.05101587813937033
1,88,0.14706711596209884,0.003862939630445076,0.6011259297053019,0.05372505596688109,0.8475333333333334,0.011609191760554796,0.15246666666666664,0.011609191760554796,52.15950266520182,0.050675898592837144
1,89,0.14489035512886797,0.004053690546467758,0.51681271109581,0.02640059157539696,0.8651666666666666,0.0029143323992526027,0.13483333333333333,0.0029143323992526023,52.287495930989586,0.050067959061846995
1,90,0.14468219268111113,0.007278369824979465,0.5086983741760254,0.046541879396471926,0.866,0.009354677974147456,0.13399999999999998,0.009354677974147458,52.416550954182945,0.04839390658981411
1,91,0.1409905785845572,0.007457709613743285,0.544754909435908,0.062096644530329065,0.8599,0.009957911427603655,0.1401,0.009957911427603655,52.54397455851237,0.04622393995173294
1,92,0.139403431184863,0.003906878976964234,0.5864937491416932,0.0687157946047024,0.8502666666666667,0.014835205874315761,0.14973333333333336,0.014835205874315761,52.67133331298828,0.04568177415673197
1,93,0.14017544575638988,0.0030815032531709597,0.562825861152013,0.02967906410722021,0.8536999999999999,0.005402777063695999,0.14629999999999999,0.005402777063695999,52.79966354370117,0.044730467208128635
1,94,0.1376072668263217,0.004264142057918453,0.511622380288442,0.004338756790870874,0.8658333333333333,0.001747378989610798,0.13416666666666668,0.001747378989610798,52.92680740356445,0.04464124012470871
1,95,0.1347268949892413,0.004806618100006353,0.5287814357995987,0.028667948780215734,0.8629000000000001,0.004915282290977849,0.1371,0.0049152822909778494,53.053000132242836,0.04470172374397904
1,96,0.13330225750981795,0.005721281616909139,0.5163954057057698,0.022062736869138858,0.8670333333333334,0.0030550504633038962,0.13296666666666665,0.003055050463303896,53.17897160847982,0.04374420477633099
1,97,0.13163435311459212,0.006395673631104605,0.5597022284030914,0.02076325637101923,0.8584666666666667,0.004266536456346482,0.14153333333333332,0.004266536456346482,53.30282084147135,0.04330176175340804
1,98,0.13043722181000572,0.005012525763954712,0.5303016998608907,0.027353701669043086,0.8625333333333334,0.007035860525432079,0.13746666666666663,0.007035860525432079,53.42584101359049,0.043197263019657726
1,99,0.12998208219704724,0.006176068258101304,0.5198133592287699,0.008099961025819719,0.8678333333333333,0.003669241520169146,0.13216666666666665,0.003669241520169146,53.550926208496094,0.04057112825546368
1,100,0.12873013430010632,0.005560342897029417,0.5031029697736104,0.036090365505017624,0.8687999999999999,0.00669552089086427,0.13119999999999998,0.00669552089086427,53.67378616333008,0.03870559848904187
2,1,1.977948868874292,0.004754963187833507,1.7938180795669556,0.24936818714788334,0.35863333333333336,0.06570436312249998,0.6413666666666666,0.06570436312250001,37.631046295166016,0.08556237536557929
2,2,1.5431871801386097,0.02364864179974698,1.5584231979370118,0.08325037921048731,0.43323333333333336,0.02147424814360991,0.5667666666666668,0.02147424814360991,37.890611012776695,0.09162396182182887
2,3,1.3396008872416727,0.031796085167495006,1.4388349351882936,0.10600795760703768,0.4945333333333333,0.01728650726240939,0.5054666666666666,0.017286507262409358,38.16212590535482,0.09004449771173792
2,4,1.1761428531376807,0.029156914091217102,1.3226482727686564,0.03885649133852534,0.5399999999999999,0.01371531990148243,0.46,0.01371531990148243,38.43610127766927,0.08767489560659081
2,5,1.052859292209199,0.022162409645054094,1.0943541193008424,0.10957883626667392,0.6118666666666667,0.040022160528054115,0.3881333333333334,0.040022160528054115,38.693094889322914,0.08548058311703953
2,6,0.954932776456802,0.015050671722197952,1.0188693836847942,0.09583502230878907,0.6490666666666667,0.02584730804809917,0.3509333333333333,0.02584730804809917,38.94294865926107,0.08411060891252145
2,7,0.8761210733260848,0.014015609767310748,1.0161898733774821,0.08212284719231282,0.6598,0.01877684744572421,0.3402,0.01877684744572421,39.18259048461914,0.0735863527849927
2,8,0.8121639385196966,0.010756610746744142,0.9385560544331869,0.009856153883727422,0.6815000000000001,0.00945991543302583,0.31849999999999995,0.00945991543302583,39.417032877604164,0.06984538825000663
2,9,0.7556111141340609,0.007731221126759747,0.8444822025934856,0.033392449979083555,0.7140333333333334,0.006839103255057139,0.28596666666666665,0.006839103255057138,39.642937978108726,0.06499092536574932
2,10,0.7122955897732464,0.003989722989823803,0.8525723949591318,0.048780089920459964,0.7155333333333335,0.012560785538067772,0.28446666666666665,0.012560785538067772,39.862786610921226,0.06046716504904819
2,11,0.672106777437711,0.004603346827111344,0.783986560535431,0.04729120969724284,0.7404666666666667,0.006463229326995396,0.25953333333333334,0.006463229326995396,40.074049631754555,0.05612859927951002
2,12,0.6384906978660024,0.001683231710453258,0.8032254954338073,0.07665733063682918,0.7376999999999999,0.01751199588853306,0.26230000000000003,0.01751199588853306,40.28130976359049,0.05560431682174603
2,13,0.6121142928354373,0.004150191929731715,0.7912898014704387,0.10603802186788248,0.7342333333333334,0.03090134840639373,0.26576666666666665,0.03090134840639373,40.48279062906901,0.05226908888717961
2,14,0.582450524544167,0.003016980780512723,0.6818608981291453,0.017746597265182018,0.7709,0.006296030495478877,0.22909999999999997,0.006296030495478877,40.68086369832357,0.049886641954780146
2,15,0.5648750284748614,0.0035845324394064696,0.6619810332298278,0.05528750050605437,0.7802333333333333,0.015081556064721346,0.21976666666666667,0.015081556064721346,40.87457021077474,0.04891810609986373
2,16,0.5435937463424191,0.0052469291933823995,0.6770023639996846,0.11421529805968988,0.7777,0.031115430255742895,0.22229999999999997,0.031115430255742895,41.0662956237793,0.045816085273935304
2,17,0.5221661453509269,0.003067317240943375,0.6638437533537547,0.04013098318290122,0.7820666666666667,0.010179063480170107,0.21793333333333334,0.010179063480170107,41.25363286336263,0.04475896425294195
2,18,0.508612900413414,0.0026539863895388145,0.7126374184290568,0.08885152935975882,0.7705666666666667,0.017495237447183527,0.22943333333333335,0.017495237447183527,41.439291636149086,0.04195167462918608
2,19,0.4952740067868586,0.002322363574344543,0.6379810941537222,0.03953064245657237,0.7895,0.015099668870541514,0.21050000000000002,0.015099668870541514,41.62127939860026,0.04033469217286206
2,20,0.47907846485155825,0.0019316633939356004,0.6378536564350128,0.04958433160259659,0.7897,0.006974238309665049,0.21030000000000001,0.006974238309665049,41.801283518473305,0.041927794972661886
2,21,0.46676835857287285,0.0029337978291513775,0.5880736240228017,0.029467516531053044,0.8050666666666667,0.006690540586031414,0.19493333333333332,0.006690540586031414,41.98054504394531,0.04452293627785108
2,22,0.4549545713931398,0.001707854399745147,0.594050220266978,0.026204726099959618,0.8044666666666668,0.00555007507456731,0.1955333333333333,0.00555007507456731,42.158447265625,0.04253241651969879
2,23,0.44257901459043086,0.0036960395204011357,0.6392226695378621,0.03270858936159879,0.789,0.010453229166147616,0.211,0.010453229166147616,42.335872650146484,0.040853968896827936
2,24,0.42791359104971954,0.0024131575730042855,0.5875925576051076,0.025704145244330387,0.8090999999999999,0.008847598544237823,0.1909,0.008847598544237821,42.51107915242513,0.0387619234219748
2,25,0.4225163976427641,0.000712338825666161,0.557845246775945,0.05921649921120564,0.8184999999999999,0.017691806012954146,0.1815,0.01769180601295415,42.68486658732096,0.03802055570803707
2,26,0.4107764212879887,0.003820614585039285,0.5514685297807058,0.057525389570359915,0.8179666666666666,0.01540205613979294,0.18203333333333335,0.01540205613979294,42.857626597086586,0.038169038367104106
2,27,0.4009910048527892,0.002329061701113917,0.5835214160283406,0.04913239484308039,0.8119666666666667,0.016902465303420513,0.18803333333333336,0.016902465303420513,43.02672576904297,0.03835620111437786
2,28,0.3891213969196505,0.0026383015854124655,0.5521777981758117,0.06506144614992458,0.8224333333333332,0.017433970670312954,0.17756666666666665,0.017433970670312958,43.19630559285482,0.038722857658968365
2,29,0.3815173157645613,0.004718180828658445,0.6300340568542481,0.10768881570150331,0.8005999999999999,0.02988494604311677,0.1994,0.02988494604311677,43.365699768066406,0.04052430541501303
2,30,0.37688277024086586,0.003721790671556005,0.5417584391673406,0.04447962464662299,0.8245333333333332,0.014086281742650668,0.1754666666666667,0.01408628174265067,43.532430013020836,0.04173376865618117
2,31,0.3681650861449864,0.0009169668378346948,0.526209304189682,0.02326670676349022,0.8291666666666666,0.0024214320831551874,0.1708333333333333,0.0024214320831551874,43.69922637939453,0.04063851640728345
2,32,0.3600790551327684,0.00101672491767457,0.5295478744506835,0.02011675790431588,0.8260333333333333,0.005437217425607791,0.17396666666666669,0.005437217425607791,43.86461639404297,0.04082980881090994
2,33,0.3524784007874291,0.0016742652132852457,0.6207456308682759,0.16563471460280585,0.8075333333333332,0.04040053630007074,0.1924666666666667,0.04040053630007073,44.02804056803385,0.03901557606140902
2,34,0.34423608295397173,0.0002888819992334703,0.49674887452125543,0.04883425047738023,0.8393666666666667,0.014897091438711528,0.16063333333333332,0.014897091438711528,44.190364837646484,0.03867818513447547
2,35,0.34031933878896997,0.0030028754226028923,0.5235436872800191,0.022656836883189,0.8332333333333333,0.0033321664624284823,0.16676666666666665,0.003332166462428482,44.352438608805336,0.0379879241899407
2,36,0.33025575001729623,0.0031135102083983974,0.5096053806145986,0.0416045128212933,0.8359666666666667,0.012868695867621273,0.16403333333333334,0.012868695867621273,44.514959971110024,0.03937434730135853
2,37,0.3259268199924923,0.002364084886067517,0.5516463536183039,0.06559567060092984,0.8232333333333334,0.018285604538361134,0.1767666666666667,0.018285604538361134,44.67292149861654,0.03963814286955239
2,38,0.3231151336319713,0.003506585831952709,0.5290884958346685,0.03139791527797979,0.8343999999999999,0.004782258880487335,0.1656,0.004782258880487335,44.831703186035156,0.03948885210608375
2,39,0.31459362853162837,0.0022251489067646904,0.5203539535204569,0.018794617230217983,0.8369666666666667,0.006757465007925165,0.16303333333333334,0.006757465007925164,44.991494496663414,0.042389868019990395
2,40,0.3087154207505025,0.00045162991935956834,0.5324780762990317,0.025866350173624836,0.8307333333333333,0.00644541180479055,0.16926666666666665,0.00644541180479055,45.14984003702799,0.043179782434763135
2,41,0.3032588087790864,0.0002066520690162337,0.47528895055452985,0.030892539030111913,0.8452000000000001,0.009471536306217688,0.15479999999999997,0.009471536306217688,45.30643081665039,0.04373690606659855
2,42,0.2975836459480588,0.0015425164046717675,0.5167020573695501,0.05976561846049881,0.8378,0.013865424623862092,0.16219999999999998,0.013865424623862092,45.46254094441732,0.044805012942863424
2,43,0.2941013044865845,0.003130547556488638,0.5251756704648335,0.04412134745661045,0.8343666666666666,0.01725118353427767,0.16563333333333333,0.01725118353427767,45.619903564453125,0.044589527697796526
2,44,0.2883513093070911,0.001695997064856598,0.5382008837858836,0.03758031663961787,0.8344,0.010677546534667971,0.16559999999999997,0.010677546534667971,45.775274912516274,0.04730106495848996
2,45,0.28347570959157853,0.00012032936380370397,0.49556465713183084,0.056357722005538104,0.8422666666666666,0.012796223401196643,0.15773333333333336,0.012796223401196643,45.929152170817055,0.04694881320045056
2,46,0.28085898175416396,0.0021721285822332995,0.46397553129196173,0.013870947475314326,0.8541333333333334,0.00462313025268954,0.14586666666666667,0.00462313025268954,46.08251953125,0.04953565597892207
2,47,0.2721874688998919,0.0034754034025015986,0.5246496174017589,0.11682919940293084,0.8389000000000001,0.031328581199920255,0.16110000000000002,0.031328581199920255,46.2365976969401,0.051039339104803245
2,48,0.2714515988669737,0.0013376671504435752,0.5385398299535115,0.053784850158089106,0.8321999999999999,0.017569291391516067,0.16779999999999998,0.017569291391516063,46.38888676961263,0.052577267663077694
2,49,0.26614853685748746,0.0017268497945933572,0.5018663437843323,0.04102397982967285,0.8473666666666667,0.0098895567814404,0.15263333333333332,0.0098895567814404,46.54074223836263,0.05276014858436264
2,50,0.2615750827727314,0.002208337609353246,0.5194560720761617,0.025317865957882338,0.8419333333333334,0.00511598801145324,0.15806666666666666,0.00511598801145324,46.69440841674805,0.05337231719627184
2,51,0.255934278329061,0.0010259241066104567,0.4953851088682811,0.005161267672199767,0.8446666666666666,0.004266536456346482,0.15533333333333335,0.004266536456346482,46.84404754638672,0.05528616202717202
2,52,0.2552377240953035,0.00123987362349671,0.4690297751267751,0.03197615339648408,0.8542333333333333,0.008467782078757903,0.14576666666666668,0.008467782078757903,46.995443979899086,0.05492679420037559
2,53,0.2488483488051584,0.0029249142276768533,0.49535529522895816,0.06083016945184463,0.8503,0.015464798737778626,0.14969999999999997,0.015464798737778626,47.14530563354492,0.05609811193137373
2,54,0.24406539500140778,0.00107203009138654,0.47545303227901464,0.02293205258299095,0.8549333333333333,0.0011590225767142473,0.14506666666666665,0.0011590225767142473,47.294359842936196,0.058472332016671485
2,55,0.24189672330735792,0.003546715989429353,0.4821103304227193,0.0331012255226586,0.8531999999999998,0.011285388783732753,0.1468,0.011285388783732753,47.442675272623696,0.05883108458455876
2,56,0.24206782951760475,0.0004719295977977795,0.47163023632367446,0.025330343635875496,0.8574333333333334,0.004771093515467215,0.14256666666666665,0.004771093515467215,47.59140396118164,0.06137981034015086
2,57,0.23283121255937034,0.000587690774726502,0.5421224537054697,0.025233971214611964,0.8439666666666666,0.004007908847932193,0.15603333333333333,0.004007908847932193,47.738731384277344,0.06238480472190255
2,58,0.2328589555616066,0.004248367243586449,0.46273751931190493,0.006672560223664611,0.8598333333333334,0.0013428824718989547,0.14016666666666666,0.0013428824718989547,47.884588877360024,0.06250325352953588
2,59,0.22884347584520967,0.0037194336566890797,0.46197241639296216,0.026917599919522948,0.8607666666666667,0.007934943814125791,0.13923333333333335,0.007934943814125791,48.031853993733726,0.06321411419335288
2,60,0.22556404616979076,0.0018776281033524708,0.4800912530342738,0.03350402540768979,0.8545999999999999,0.009402659198333245,0.1454,0.009402659198333245,48.177407582600914,0.06412701196253877
2,61,0.22295571741062867,0.0012595367920680187,0.49184936296145115,0.041311863194681823,0.8523333333333333,0.008292365967161179,0.1476666666666667,0.008292365967161179,48.323568979899086,0.06880310938341408
2,62,0.21801419118506626,0.0018871097056766188,0.4866782409509023,0.05382265032569355,0.8547333333333333,0.014330852498485043,0.14526666666666666,0.014330852498485043,48.468640645345054,0.07106495771487334
2,63,0.21415430412827044,0.0038432350219334476,0.4733783729235331,0.029149244478193555,0.8601000000000001,0.006908690179766311,0.1399,0.0069086901797663115,48.61345545450846,0.07236742994548781
2,64,0.21416929271469132,0.001419087889747652,0.5336459830125172,0.1038617973382626,0.8478666666666665,0.01960416622387533,0.15213333333333334,0.01960416622387533,48.75801340738932,0.0719725703704659
2,65,0.20806189746503026,0.004212937322631056,0.47371853342056275,0.05512477003354458,0.8576333333333334,0.011207735423953124,0.14236666666666664,0.011207735423953124,48.900577545166016,0.07410908309277131
2,66,0.20795668932813308,0.0009967034245903514,0.5097290379683176,0.040906010384973344,0.8513666666666667,0.012302980668656425,0.1486333333333333,0.012302980668656425,49.045127868652344,0.0745750418113955
2,67,0.2054093678665283,0.004988838271539962,0.5567615965565046,0.15568283631917046,0.8416666666666667,0.0340000490195725,0.15833333333333333,0.0340000490195725,49.18752670288086,0.07529153401542261
2,68,0.20302175691086108,0.002582400536361176,0.48048753913243614,0.04690452473549531,0.8593333333333333,0.010956885202160918,0.1406666666666667,0.010956885202160918,49.32814025878906,0.07757886503780571
2,69,0.19618355364039322,0.0006897894302598138,0.5036140684525171,0.050645492675271735,0.8528000000000001,0.011888229472886166,0.1472,0.011888229472886166,49.46909840901693,0.07842393929490546
2,70,0.19554663903674607,0.0011556654487926987,0.49584993569056196,0.030746943802156552,0.8578999999999999,0.00768960337078577,0.1421,0.00768960337078577,49.61111958821615,0.0800612395983877
2,71,0.19309614387238425,0.002781562974582186,0.4563017042477926,0.006023352790902279,0.8659666666666667,0.0032516662395352942,0.13403333333333334,0.0032516662395352942,49.753012339274086,0.07949704265651601
2,72,0.18961185188956067,0.0012798697843773193,0.49639244306882224,0.053592036786180006,0.8547666666666668,0.012608066201179852,0.14523333333333335,0.012608066201179852,49.892154693603516,0.0800798051791588
2,73,0.1878544812274101,0.0023084802326941494,0.45753356961409253,0.031407607705081865,0.8682,0.006729041536504261,0.1318,0.006729041536504261,50.02994028727213,0.08024408510268959
2,74,0.18671462991023205,0.001786925779534274,0.499956570927302,0.04168859316425635,0.8594333333333334,0.008690416177222634,0.14056666666666665,0.008690416177222634,50.16814295450846,0.08229834832797703
2,75,0.18215181146893658,0.0029621783741079137,0.5261430542786916,0.05571600822194895,0.8561,0.012998846102635382,0.1439,0.012998846102635382,50.30547841389974,0.0849001653008099
2,76,0.17893387903185454,0.001430908264567449,0.4898500277916591,0.03334774494948912,0.8601333333333333,0.00716542624924248,0.1398666666666667,0.00716542624924248,50.441630045572914,0.08615174855203239
2,77,0.1789127258045594,0.001581450508982298,0.49808128597736356,0.030076544503347,0.8592,0.007531932023060251,0.1408,0.007531932023060251,50.578931172688804,0.08510424240309186
2,78,0.17604271715025765,0.0011203427497565208,0.49875599455038705,0.0456113402047709,0.8618,0.006873863542433742,0.13820000000000002,0.006873863542433742,50.71339416503906,0.08762702113139559
2,79,0.1741543029834344,0.0017233844721047933,0.5035671116669973,0.03612332352136147,0.8606333333333334,0.009901683358567566,0.13936666666666667,0.009901683358567566,50.848192850748696,0.08881170194312119
2,80,0.17151187252307284,0.004255137286383675,0.537591699496905,0.08375853464033556,0.8529333333333332,0.022980063823526138,0.14706666666666668,0.022980063823526138,50.98217900594076,0.09152203492865957
2,81,0.1711497018740966,0.002940268377096546,0.5502208913485208,0.01916655966491238,0.8521000000000001,0.0018248287590894566,0.14790000000000003,0.0018248287590894566,51.11660512288412,0.09192684194229586
2,82,0.16913961935772515,0.0014980420578366122,0.47111028901735946,0.03729875614132563,0.8658333333333333,0.0049652123150308045,0.13416666666666668,0.0049652123150308045,51.24994023640951,0.09408931081294798
2,83,0.1648162684331109,0.0017063335827413803,0.5090748853643735,0.0171622749308144,0.8622,0.006548282217497917,0.1378,0.006548282217497917,51.38242975870768,0.0951528879734467
2,84,0.16154043563186665,0.00493818472082418,0.5232472010612487,0.05487628993865992,0.8581333333333333,0.013479737880735448,0.14186666666666667,0.013479737880735447,51.51346333821615,0.09776233910788418
2,85,0.15895406321923347,0.0030238106825175104,0.5143910069863001,0.033885542608213595,0.8603666666666667,0.0077886669805129725,0.13963333333333336,0.0077886669805129725,51.64264933268229,0.09919549487602948
2,86,0.16064860903279252,0.0040606757120062896,0.5211772902647654,0.036983633444070824,0.8614666666666667,0.005437217425607791,0.13853333333333331,0.005437217425607791,51.773746490478516,0.09783180885040725
2,87,0.1564414699332438,0.0015027109017336634,0.4960384590625763,0.033664329552976296,0.8690333333333333,0.004966219219218341,0.13096666666666668,0.004966219219218341,51.90318806966146,0.09960408993897119
2,88,0.15397460499853025,0.002795171231832196,0.5208678894837697,0.07400080246683836,0.8597666666666667,0.015027419383691025,0.14023333333333335,0.015027419383691027,52.03257369995117,0.0995041402221808
2,89,0.15262679037624508,0.0028223024678028664,0.5045228379090627,0.033916854322788896,0.8677999999999999,0.004036087214122131,0.1322,0.004036087214122131,52.16070302327474,0.1014145005288514
2,90,0.14922343515882305,0.0025417454368165168,0.5231312764326731,0.027843583319103575,0.8624999999999999,0.008326463835266425,0.13749999999999998,0.008326463835266426,52.28913116455078,0.1002216326588057
2,91,0.15029504885047495,0.0021590346726554797,0.4898390466849009,0.022579983552275928,0.8673333333333334,0.00644851404071773,0.13266666666666663,0.00644851404071773,52.41868209838867,0.09878476762554218
2,92,0.1472274243279034,0.0016345007750484726,0.4982763414462408,0.0074504561755083555,0.8671666666666668,0.002532455988429692,0.13283333333333336,0.002532455988429692,52.546146392822266,0.0980841488125108
2,93,0.14593210909118637,0.0044482927257957,0.5023839492638905,0.04035794724313115,0.8667999999999999,0.007926537705707318,0.1332,0.007926537705707318,52.673362731933594,0.0952648483919339
2,94,0.14486195516073083,0.004996489764409252,0.531176059627533,0.039472379163034886,0.859,0.008553946457629955,0.14100000000000004,0.008553946457629955,52.79897435506185,0.0965674126750744
2,95,0.1460735558326541,0.0021074168662902075,0.5776262254973252,0.06830912697909822,0.8530333333333333,0.011200595222278727,0.1469666666666667,0.011200595222278727,52.926483154296875,0.09550223169667062
2,96,0.1380843269906284,0.0025912717260480876,0.518908429813385,0.013830963797624348,0.8652666666666667,0.0023544284515213936,0.13473333333333334,0.002354428451521393,53.04883066813151,0.09601392848712306
2,97,0.1400295176764812,0.00143299701839057,0.5131415174325307,0.01325927696788981,0.8695666666666666,0.0024006943440041243,0.13043333333333332,0.0024006943440041243,53.17411422729492,0.09765241503636139
2,98,0.13714613644477655,0.005613041746858642,0.5446197961886724,0.07138929495012195,0.8634,0.010505712731652251,0.13660000000000003,0.010505712731652251,53.29852294921875,0.10288635114721134
2,99,0.13560045389847583,0.0018438415153164004,0.5487144994179408,0.06685678443935915,0.858,0.013268006632497597,0.14200000000000002,0.013268006632497597,53.42120615641276,0.10358909218273202
2,100,0.13507468952699694,0.000890836063731613,0.5361252651532491,0.04393388094107786,0.8632333333333334,0.008519585279421324,0.13676666666666668,0.008519585279421324,53.54547373453776,0.10377187723642206
4,1,2.2975102984183686,0.035581667486650724,1.9156567186991376,0.1530865356323614,0.2793,0.04832525219799684,0.7206999999999999,0.04832525219799681,37.806827545166016,0.06890045153495569
4,2,1.7465635073662618,0.02226224905511818,1.703723505592346,0.1073588416472777,0.36086666666666667,0.017772263033540046,0.6391333333333332,0.017772263033540032,38.01551055908203,0.07794853794892748
4,3,1.5883777934267087,0.028663383373494847,1.5705939601898191,0.08397033783090012,0.42110000000000003,0.026630996977206837,0.5789,0.026630996977206847,38.25093460083008,0.09017438148195393
4,4,1.4436797769478213,0.04190857685897151,1.6766738960266112,0.2665543218986318,0.4263666666666666,0.032656443978690226,0.5736333333333333,0.0326564439786902,38.50536600748698,0.09987959794604212
4,5,1.3143049175680341,0.04382108634590287,1.2864386381785076,0.06579793927893743,0.5331333333333333,0.035387191656492484,0.4668666666666667,0.03538719165649251,38.76926803588867,0.1042863192227178
4,6,1.2003292331610191,0.043500724966729326,1.2217078330357871,0.1787789204292104,0.5597333333333333,0.05317088802468258,0.44026666666666664,0.05317088802468258,39.0269521077474,0.10826662043741901
4,7,1.1011420978711186,0.04645576486251761,1.0932126915613811,0.07960668012823052,0.6086333333333332,0.02937368436770118,0.3913666666666667,0.02937368436770118,39.27735265096029,0.10696713857770282
4,8,1.0212711241137544,0.040553683961755564,1.0942076272328694,0.09173490813842446,0.6207333333333334,0.03280309944705431,0.37926666666666664,0.03280309944705431,39.51659138997396,0.10826911979516328
4,9,0.9610480740348804,0.04224101175663061,0.9677169950485229,0.06428969558673761,0.6607000000000001,0.020675589471645068,0.3393,0.020675589471645068,39.752976735432945,0.10531151532017971
4,10,0.8970917121325409,0.03239272816443955,1.03178204053243,0.081471463530938,0.6469999999999999,0.017099415194678398,0.35300000000000004,0.017099415194678398,39.98359171549479,0.10810729737039676
4,11,0.8480392712258112,0.037019927491993024,1.0261230349222819,0.13535255142772337,0.6496666666666666,0.03683915489439648,0.3503333333333334,0.03683915489439648,40.20905303955078,0.10985836183607214
4,12,0.7918432512449995,0.02476423364172405,0.9744186738014221,0.16094676042585077,0.6766333333333333,0.04797002536306744,0.3233666666666667,0.04797002536306744,40.42466735839844,0.11569359973899568
4,13,0.7509765970788242,0.028516553478145683,0.9045036481698353,0.02528905147681659,0.6934999999999999,0.010739180601889484,0.3065,0.010739180601889484,40.635328928629555,0.12026631203009025
4,14,0.7114122316101525,0.027621354797192185,0.880274647140503,0.09479780493046672,0.7025333333333333,0.029121870361179296,0.29746666666666666,0.029121870361179296,40.84342575073242,0.11887423795048566
4,15,0.6779706863033802,0.026560379950959844,0.8055431045214335,0.0342814681713024,0.7302333333333332,0.015408547411528846,0.26976666666666665,0.015408547411528846,41.046478271484375,0.11949870044849746
4,16,0.6477504678496112,0.02109902237930737,0.809772582689921,0.06918999822391428,0.7304,0.013494813818648992,0.2696,0.013494813818648994,41.24641799926758,0.11553126899682661
4,17,0.6203243435699516,0.018377933900226212,0.7588716290791829,0.09676379407772849,0.7515000000000001,0.025940894356209058,0.24849999999999997,0.025940894356209058,41.446964263916016,0.11647099953653724
4,18,0.5946683317092577,0.02093369538150295,0.787998390229543,0.059840177022908225,0.7389333333333333,0.015497204048902967,0.26106666666666667,0.015497204048902967,41.63689041137695,0.11576357986307086
4,19,0.5764790603419399,0.020143287690879783,0.6388795719782512,0.011821951716389256,0.7840333333333334,0.0022810816147900885,0.21596666666666667,0.0022810816147900885,41.8238271077474,0.11852085432214174
4,20,0.5586737671522432,0.01708738958097183,0.7049792655944825,0.006303225040212564,0.7628333333333334,0.0019553345834750014,0.23716666666666664,0.0019553345834750014,42.01193491617838,0.11855060242316236
4,21,0.5367579934237253,0.012419359928371596,0.6745625087420146,0.0863606786262949,0.7730333333333334,0.026828405344584565,0.22696666666666665,0.026828405344584565,42.19126892089844,0.11558133316693414
4,22,0.5186133437805063,0.01394959872761589,0.7147383602142335,0.04617441592714736,0.7704,0.012046161214262378,0.2296,0.012046161214262378,42.37057367960612,0.11709549455734972
4,23,0.508151191351054,0.011297648983698859,0.663054922215144,0.04423363799843079,0.7800333333333334,0.014011542860560864,0.21996666666666667,0.014011542860560866,42.54873784383138,0.11750055202077335
4,24,0.49301985129777526,0.011952034677017715,0.6551102313359579,0.021268885360784362,0.7864333333333332,0.004437717130838051,0.21356666666666668,0.004437717130838051,42.727097829182945,0.11723899208804583
4,25,0.4791384661873486,0.010153595689641902,0.6621606754302979,0.049899969562969444,0.7832666666666667,0.015594977824073167,0.21673333333333333,0.015594977824073167,42.898520151774086,0.11803798932152954
4,26,0.4660996766244867,0.011895512849615262,0.6287375234444936,0.06912780666485516,0.7922666666666668,0.017458904127502776,0.20773333333333333,0.017458904127502776,43.071048736572266,0.11961720413027868
4,27,0.45610667122345344,0.007914188194191105,0.6708820828755697,0.09449039796132878,0.7783000000000001,0.035106836940972094,0.2217,0.03510683694097209,43.2419064839681,0.11998261959118885
4,28,0.4449726344552289,0.010931394623717686,0.5924660809993744,0.044068759823894264,0.8033,0.01336300864326593,0.19669999999999999,0.01336300864326593,43.412445068359375,0.12114879325491792
4,29,0.4345176720964736,0.010740501775724328,0.6736923549652101,0.05306310117147006,0.7816333333333333,0.011638871652068911,0.21836666666666668,0.011638871652068911,43.58035532633463,0.12147657759578802
4,30,0.4246975977199258,0.007668383163379926,0.5637774647394816,0.06132688113221998,0.8161666666666667,0.018290525780669413,0.18383333333333332,0.018290525780669413,43.74765268961588,0.12268598449693328
4,31,0.4134325919274276,0.009479872126727108,0.5428411154588063,0.015832451316793283,0.8206666666666665,0.004106498914322669,0.17933333333333334,0.004106498914322669,43.910630544026695,0.1244211999382242
4,32,0.4079298035313914,0.008831939235935745,0.5766823753039042,0.06368860724703186,0.8111666666666667,0.018109205762079503,0.18883333333333333,0.018109205762079503,44.075042724609375,0.12782545879469068
4,33,0.39732466892157475,0.009104827065516524,0.5591980253537496,0.05975103942354325,0.8189333333333333,0.020131153303607187,0.18106666666666668,0.020131153303607187,44.23852030436198,0.1263213595803689
4,34,0.3900814631863323,0.010951405843887475,0.539158030128479,0.022910942261685524,0.8252,0.003862641583165616,0.17480000000000004,0.0038626415831656165,44.40167490641276,0.1274576772983536
4,35,0.38084026464822446,0.008747872809566399,0.5134067912101745,0.015924807292338916,0.8293666666666667,0.005404936015655775,0.17063333333333333,0.005404936015655774,44.5611941019694,0.12740265735907633
4,36,0.372899482787316,0.007183643326492962,0.49239134531021117,0.020102795604831022,0.8409666666666666,0.0034385074281340984,0.15903333333333336,0.0034385074281340984,44.72083028157552,0.12829021552956565
4,37,0.36692959363655664,0.011105645340824602,0.595235065126419,0.09511283700186389,0.8123999999999999,0.026402272629453705,0.1876,0.026402272629453705,44.88152058919271,0.13119555308931327
4,38,0.35986152013092093,0.009886399887646105,0.5688582106590271,0.042840935153956525,0.8162666666666668,0.012198497175198816,0.1837333333333333,0.012198497175198816,45.03688049316406,0.13199935229221957
4,39,0.35191144086007675,0.009597493241645135,0.5170355355739593,0.025521389821049418,0.8315333333333332,0.009000185183280067,0.16846666666666668,0.009000185183280067,45.19554901123047,0.13410090054225512
4,40,0.34809840151060367,0.007612579156407929,0.5501847759723663,0.08756700502047118,0.8258666666666667,0.018192672517619097,0.17413333333333328,0.018192672517619097,45.35477828979492,0.1352103895263964
4,41,0.3411347382882164,0.01039549717358978,0.4945664701302846,0.00805782155642193,0.8398333333333333,0.003435597958628654,0.16016666666666668,0.003435597958628654,45.51484807332357,0.1328846030524039
4,42,0.33383615043106385,0.0052300361608084295,0.5603209720373153,0.027961270704123707,0.8242333333333334,0.008025168741735804,0.17576666666666665,0.008025168741735806,45.6711794535319,0.13541685081170052
4,43,0.3274483218827211,0.010913064562466556,0.537084320004781,0.026281910243757027,0.8305333333333333,0.005795112883571216,0.16946666666666665,0.005795112883571216,45.826133728027344,0.1362941631069677
4,44,0.32248264871289967,0.008406869772458726,0.5635920839945475,0.07933403235949747,0.8223333333333334,0.021450485619988524,0.17766666666666667,0.021450485619988524,45.983865102132164,0.13667932953925754
4,45,0.31955164554072363,0.007297633937787248,0.537124835507075,0.024905131648302988,0.8324666666666666,0.0025540817005987302,0.16753333333333334,0.0025540817005987302,46.13781992594401,0.13767618507314508
4,46,0.3131523692800972,0.006251188557706512,0.5208042444070181,0.0636568253495733,0.8388666666666666,0.01586137867063683,0.16113333333333332,0.01586137867063683,46.29223505655924,0.13704218521531195
4,47,0.3054958207807476,0.011806187701806388,0.5758786068121592,0.0551890874799413,0.8207333333333334,0.012363791220064075,0.17926666666666666,0.012363791220064075,46.444802602132164,0.13616848164377696
4,48,0.3026854626434234,0.009064094747808928,0.5217106713453928,0.021826087504569738,0.8346333333333334,0.009597048157289479,0.16536666666666666,0.009597048157289479,46.59716542561849,0.135536930498447
4,49,0.2977329767725962,0.009220023563605653,0.5387279969851176,0.05512361501979259,0.8334,0.015857805648954035,0.1666,0.015857805648954035,46.7475954691569,0.1339304627377102
4,50,0.2908572782234361,0.008590767036628071,0.498627786286672,0.05654075411367544,0.8469666666666668,0.01164316680861923,0.15303333333333333,0.01164316680861923,46.89788691202799,0.13226100922117348
4,51,0.2861906665187561,0.00977279677679449,0.6121088364601136,0.13270879639315852,0.8106,0.03802801598821583,0.1894,0.03802801598821583,47.04728317260742,0.1326275504225859
4,52,0.2833224407826746,0.010932496156187391,0.5133087008158366,0.05682846229548101,0.8407333333333332,0.017178571923571893,0.15926666666666667,0.017178571923571893,47.19676208496094,0.1292406677151613
4,53,0.2756228790843172,0.008648266130029577,0.5476082302570343,0.04889744678108963,0.8329000000000001,0.012979984591670364,0.1671,0.012979984591670364,47.34691619873047,0.12987464041250016
4,54,0.27554341671132476,0.007044157231283079,0.5016291073958079,0.020808463637214444,0.8459333333333333,0.0072858309981315,0.15406666666666669,0.0072858309981315,47.49767812093099,0.1318675692751861
4,55,0.26975572010135407,0.009909176303164461,0.5242358027219772,0.03128896667466392,0.8395333333333334,0.007587050371081868,0.16046666666666667,0.007587050371081868,47.645636240641274,0.13116126909169779
4,56,0.26807718051364055,0.008965722151120084,0.48829335652192435,0.005564806627817965,0.8506333333333332,0.0022188585654190026,0.14936666666666668,0.0022188585654190026,47.79503504435221,0.1310363953974607
4,57,0.26279506984802764,0.003227463287133056,0.514486447874705,0.02993823355528728,0.8456333333333333,0.00436615773115597,0.15436666666666668,0.00436615773115597,47.94174575805664,0.1314159494070887
4,58,0.25913730072522917,0.00852726965150838,0.4948347231705983,0.019891951044510667,0.8488000000000001,0.0038935844667863273,0.1512,0.0038935844667863273,48.08894348144531,0.1295059671179748
4,59,0.25260901662623486,0.012069246540228677,0.5201311233679453,0.03426789858777112,0.8438666666666667,0.006823733093647031,0.15613333333333335,0.006823733093647031,48.233802795410156,0.12755498082101582
4,60,0.25531093813701256,0.008429226453924707,0.5226189659754436,0.03718892963665548,0.8428333333333334,0.00942142947398822,0.15716666666666668,0.00942142947398822,48.381640116373696,0.12705900714473747
4,61,0.24428004835623507,0.007593254407630891,0.5239516555706659,0.03579232343123367,0.8438666666666667,0.012108812218105182,0.15613333333333332,0.012108812218105182,48.52653249104818,0.1275019270381471
4,62,0.24439832493853386,0.009832740031534958,0.5047033169507981,0.055377196537896974,0.8481000000000001,0.012562245022288011,0.1519,0.012562245022288011,48.67357381184896,0.12797951298655194
4,63,0.24090138496950153,0.005850016520321137,0.479705676873525,0.04667495382958302,0.8586666666666667,0.008764892089086668,0.14133333333333334,0.008764892089086668,48.81834157307943,0.1291772426743337
4,64,0.23642993226761708,0.009591814511592979,0.49633355718453726,0.04120531099158614,0.8523666666666667,0.008666217937101131,0.14763333333333337,0.008666217937101131,48.961472829182945,0.12961547384558678
4,65,0.23340147319555485,0.005884903247350799,0.5067961090405783,0.031126293738776158,0.8509000000000001,0.007163099887618479,0.14909999999999998,0.007163099887618479,49.104592641194664,0.12964805148458272
4,66,0.23072473506005728,0.00521273561403809,0.6166024428447088,0.21237439938499286,0.8264333333333332,0.045018477687870935,0.17356666666666673,0.045018477687870935,49.2455800374349,0.13397434545310072
4,67,0.22668630706633855,0.007391514901722929,0.5460256939252218,0.012880670645100165,0.8418666666666667,0.00298384539367131,0.15813333333333332,0.00298384539367131,49.38938776652018,0.132511823364157
4,68,0.22347783447836367,0.007489669202143982,0.46600249863465626,0.01818394461744975,0.8597666666666667,0.008592050589546927,0.14023333333333332,0.008592050589546927,49.53048960367838,0.1335530497252827
4,69,0.2200208944470986,0.005093428021850659,0.4948015249013901,0.009497148023192495,0.8531333333333334,0.0033975481355432643,0.1468666666666667,0.0033975481355432643,49.67255147298177,0.13409474845118383
4,70,0.21964062385114969,0.00885275324487207,0.5014474898576736,0.040474920934281323,0.8514666666666667,0.007605480480109906,0.14853333333333332,0.007605480480109905,49.813943227132164,0.13209382951911972
4,71,0.21427911624807836,0.009016434183832037,0.4688930019299189,0.024102827051624143,0.862,0.0032908965343809043,0.138,0.0032908965343809043,49.95334243774414,0.13147716785621769
4,72,0.21061268396427868,0.005267268771282573,0.47648636492490765,0.029938043031542173,0.8613333333333334,0.0074768531705078625,0.13866666666666663,0.0074768531705078625,50.092323303222656,0.13290574727472695
4,73,0.20830056129399774,0.006272864226050579,0.4905216991742452,0.0337478291569552,0.8569999999999999,0.005369357503463545,0.14300000000000002,0.005369357503463545,50.23062515258789,0.13630716944486185
4,74,0.2063368535826883,0.007350649413792701,0.5504124726374945,0.07202948894036718,0.8461666666666666,0.018680560305658206,0.15383333333333335,0.01868056030565821,50.36906814575195,0.13406541116865692
4,75,0.20491514574078953,0.010129012149581127,0.4946546849568685,0.03210195662353091,0.8566666666666668,0.007565932416651195,0.1433333333333333,0.007565932416651195,50.506449381510414,0.13544271528950996
4,76,0.1992985423104893,0.005574538676652231,0.511377273329099,0.03166535840357343,0.8561666666666667,0.006010268990097963,0.14383333333333334,0.006010268990097963,50.642860412597656,0.136927886910233
4,77,0.1986776154205673,0.010476538000555676,0.5067360363403957,0.03560123681824822,0.8527,0.009204890004774629,0.14730000000000001,0.009204890004774629,50.78078842163086,0.13500631826605752
4,78,0.1926289741124542,0.007737093286103245,0.4878565330346425,0.02253844239830508,0.8591666666666667,0.006161439225808671,0.14083333333333334,0.006161439225808671,50.91598383585612,0.13468837933974614
4,79,0.1920629952099724,0.00981598941097174,0.5045133059183756,0.0366789877985574,0.8562333333333333,0.008477224388520858,0.14376666666666668,0.008477224388520858,51.05166880289713,0.13374650173017352
4,80,0.1909501252462492,0.007071920046530149,0.5838914484818777,0.11029047390996251,0.8399666666666668,0.021201257824321043,0.16003333333333333,0.021201257824321043,51.1882578531901,0.1315772998914136
4,81,0.1888738668191057,0.001841567237944806,0.5204236418883005,0.022341637219768833,0.8554,0.0027073972741361962,0.14459999999999998,0.0027073972741361962,51.32420094807943,0.1331338718639998
4,82,0.1873162846888423,0.005210103269874626,0.5111526666641235,0.02487474248924909,0.8603,0.004493328387732162,0.13970000000000002,0.004493328387732161,51.459946950276695,0.13335226144394724
4,83,0.1850502315753053,0.005951017008249051,0.5332136236667634,0.029049421115746876,0.8513666666666667,0.00809958846691197,0.1486333333333333,0.00809958846691197,51.594075520833336,0.13289550997596514
4,84,0.18191561153680977,0.0071011470197019436,0.589899774090449,0.09124709486072055,0.8400333333333334,0.017425938520875515,0.15996666666666662,0.017425938520875515,51.72653071085612,0.13077588041694557
4,85,0.17890696592139874,0.005067494285017524,0.510348124774297,0.05420440279403863,0.8573000000000001,0.010378342834961656,0.14269999999999997,0.010378342834961656,51.85830815633138,0.130372798628887
4,86,0.1782369106112386,0.005356146312897184,0.5396326572259267,0.023568373835393706,0.8496333333333334,0.0057492028432934335,0.15036666666666668,0.0057492028432934335,51.99003601074219,0.12923721498489393
4,87,0.17526548887140103,0.0027315464339065956,0.5423314266125361,0.035914115482437343,0.8507666666666668,0.0072569506911190325,0.14923333333333333,0.0072569506911190325,52.120062510172524,0.12885045951280688
4,88,0.16969234968606264,0.008370518525679372,0.5404448651154836,0.05083863092230992,0.8517333333333333,0.014761549150862642,0.14826666666666666,0.014761549150862642,52.24994405110677,0.12565492620937702
4,89,0.1679379472354997,0.0063953229813341625,0.5049593728224436,0.030610106363351815,0.8610000000000001,0.006937578828380992,0.139,0.006937578828380992,52.379571278889976,0.12478264011790617
4,90,0.16792449610782603,0.006332186574139755,0.5097653082370758,0.03197367708600084,0.8616666666666667,0.00971099033741325,0.13833333333333334,0.00971099033741325,52.51035690307617,0.12232560231406446
4,91,0.16663879204385826,0.00563373307298037,0.5398724033037822,0.08100392243272908,0.8558333333333333,0.01677388843808535,0.14416666666666664,0.01677388843808535,52.63800938924154,0.1233041710452509
4,92,0.1613544174053175,0.0034003430168443797,0.5080930661360423,0.02746018137840631,0.8621,0.005144900387762581,0.1379,0.005144900387762581,52.76545969645182,0.12354631608741522
4,93,0.16420556086560956,0.00847880352480461,0.5361386857032776,0.06098994898549381,0.8573999999999998,0.011625833303466901,0.14260000000000003,0.011625833303466901,52.895772298177086,0.12016262776968642
4,94,0.15979037217586242,0.005600975880325378,0.5568073355992635,0.048369521589958504,0.8525,0.01015332457867865,0.1475,0.01015332457867865,53.02215321858724,0.12139318300210503
4,95,0.157752476280074,0.011405300423174832,0.5250834091027579,0.0320881285539872,0.8576666666666667,0.0084760446750435,0.14233333333333334,0.0084760446750435,53.148441314697266,0.11782480046495486
4,96,0.15522862901912726,0.007601909842628921,0.5496003317674001,0.07791924227876615,0.8561666666666667,0.015196819842760988,0.14383333333333334,0.01519681984276099,53.27384694417318,0.11766423106723388
4,97,0.1543219932700362,0.006501189043307508,0.5528618350028992,0.009296914436115647,0.8563333333333333,0.004764801499887832,0.14366666666666664,0.004764801499887832,53.39812215169271,0.11593322408057363
4,98,0.15101951991429413,0.008972951740289984,0.552844367758433,0.08946761086882012,0.8563333333333333,0.018481973199129337,0.14366666666666664,0.018481973199129337,53.52246348063151,0.1137405608126292
4,99,0.15140711744169036,0.0076144145954867735,0.5130075429280598,0.029334736667706075,0.8632,0.005820652884342109,0.1368,0.005820652884342109,53.64613469441732,0.11084241199336312
4,100,0.1482673288376181,0.004867829568870097,0.5385110439777375,0.04004459900032242,0.8614333333333333,0.006813467056743828,0.13856666666666664,0.006813467056743828,53.76935577392578,0.10969329684121001
6,1,2.6648932775674674,0.10393926892097718,1.9969677185694377,0.03920924372462968,0.24103333333333335,0.008666217937101131,0.7589666666666667,0.00866621793710107,38.33727773030599,0.414085664513307
6,2,1.909740963860241,0.05957226709976156,1.8303862910588584,0.14224844544630952,0.3050333333333333,0.0371559326801701,0.6949666666666666,0.037155932680170076,38.4857432047526,0.390584450128273
6,3,1.7559987028134956,0.04884641662924728,1.7491254382451376,0.11537193397785074,0.3429,0.02629087294100369,0.6571,0.02629087294100363,38.68017705281576,0.36120388789067953
6,4,1.6303761811309254,0.057456568671565296,1.7101601856231692,0.10636273636678754,0.37246666666666667,0.031041960848717878,0.6275333333333334,0.03104196084871791,38.895877838134766,0.32158374423098035
6,5,1.5221224807818936,0.07674861710928067,1.431669861984253,0.11898447880171957,0.46790000000000004,0.053251572746727406,0.5320999999999999,0.0532515727467274,39.1317392985026,0.2971045167610004
6,6,1.421716607846669,0.08898983886902566,1.3662956066767373,0.06822997425940684,0.4911999999999999,0.028536993534708576,0.5088,0.028536993534708576,39.38035456339518,0.27078035315021654
6,7,1.3296807220321585,0.10311650654367953,1.493947258122762,0.14262591998115556,0.48643333333333333,0.03543858537432516,0.5135666666666667,0.035438585374325156,39.63344955444336,0.2545973982568549
6,8,1.2382537347073241,0.09401304458668205,1.3577840719858807,0.059287829413251635,0.5273666666666667,0.00467368519835614,0.4726333333333333,0.00467368519835614,39.89170455932617,0.22709539703173054
6,9,1.1551635857331681,0.09137685676617795,1.2458141325632732,0.1212058927227018,0.5650333333333333,0.03351437502525344,0.43496666666666667,0.03351437502525344,40.137786865234375,0.21584773250203373
6,10,1.0765027452612779,0.08794192672260517,1.2001431214650473,0.06806555454283617,0.5843333333333333,0.025553342899380722,0.41566666666666663,0.025553342899380722,40.373765309651695,0.21612764872701323
6,11,1.01108099081937,0.07776217545946128,1.044712251408895,0.03270336766871538,0.6306666666666666,0.006601767440112738,0.36933333333333335,0.006601767440112738,40.60898462931315,0.216724815988439
6,12,0.9478103269498165,0.07546240109358755,1.1560062245686848,0.17710958450368613,0.6211333333333333,0.0430591840764933,0.3788666666666667,0.0430591840764933,40.837860107421875,0.21723856831697963
6,13,0.8857559277171877,0.06455375629077575,0.9188074633280436,0.049369468973559115,0.6788666666666666,0.017538624043331733,0.3211333333333333,0.017538624043331733,41.05809529622396,0.21772021852740972
6,14,0.8342797860363458,0.053084774854966855,0.9414025988578797,0.0631741857194602,0.6763,0.0032908965343809043,0.3237,0.0032908965343809043,41.276119232177734,0.21762523090369232
6,15,0.7878665343269972,0.04256911090634238,0.9843221405347188,0.1793312222048384,0.6744,0.03753758116874342,0.3256,0.03753758116874342,41.48756535847982,0.2163280699466511
6,16,0.7503521382707058,0.04899812396465846,0.8223351601282755,0.017868632092956672,0.7179333333333334,0.003962743157628744,0.28206666666666663,0.003962743157628744,41.68745549519857,0.22370693168305522
6,17,0.7139944161295587,0.038611276154491454,0.8479254724820455,0.0815338718670551,0.7205,0.021709675262426193,0.2795,0.021709675262426193,41.88765970865885,0.22620733866171527
6,18,0.6871723777345379,0.032333388894148905,0.7866201917966206,0.08504436157934717,0.7328333333333333,0.026000064102485104,0.26716666666666666,0.026000064102485104,42.08130645751953,0.22772718869811434
6,19,0.6547237135412748,0.02990809569223853,0.8231163636843363,0.10912764363384582,0.7263333333333333,0.03287861513709685,0.27366666666666667,0.03287861513709685,42.2684580485026,0.2318832153685653
6,20,0.6348704316122148,0.023905830377889674,0.7107444005966186,0.0425175849003592,0.7578333333333335,0.015550026795260952,0.24216666666666667,0.015550026795260952,42.4567502339681,0.23114368798667526
6,21,0.6106321345713032,0.024793801826159905,0.7119354495048523,0.02650668973393711,0.7585333333333333,0.007123435500749148,0.2414666666666667,0.007123435500749148,42.63610712687174,0.23349558340097895
6,22,0.5882197700294793,0.019959954120792392,0.6897642143885294,0.06783642951718041,0.7707333333333333,0.023633098259291663,0.2292666666666667,0.023633098259291663,42.814900716145836,0.23452364262199601
6,23,0.5760489721533993,0.01646291293320842,0.7205862762610118,0.03065834328203427,0.7575666666666668,0.007626488925667775,0.2424333333333333,0.007626488925667775,42.99220530192057,0.241588577872288
6,24,0.5554414933193269,0.016376182550148905,0.7143916670004526,0.06336359277316884,0.7651666666666667,0.019185497995447876,0.23483333333333334,0.019185497995447876,43.166744232177734,0.24437677218986584
6,25,0.5421205966623034,0.01568898301468056,0.6339952555179595,0.043257691930219416,0.7892333333333333,0.012306637775336249,0.21076666666666666,0.012306637775336249,43.33936436971029,0.24570820781208227
6,26,0.5281619649104144,0.012726597225682765,0.6408844483852386,0.0386454770338137,0.7844666666666665,0.01336126241540571,0.21553333333333335,0.01336126241540571,43.50897216796875,0.24636828454911272
6,27,0.5098893977288802,0.010578695957339707,0.6480251516660055,0.10217377620142627,0.7865666666666667,0.026451717020513674,0.21343333333333334,0.026451717020513674,43.673492431640625,0.24821868771842123
6,28,0.5006287764608607,0.013440039482619617,0.7227236468633015,0.11331536103966854,0.7626333333333334,0.030731308682406172,0.23736666666666664,0.030731308682406172,43.84258270263672,0.24866813883037767
6,29,0.48646733101269984,0.01106245001183927,0.5971220037460326,0.013561979124081166,0.7998,0.006882586723027885,0.20019999999999996,0.006882586723027885,44.007198333740234,0.251740264781592
6,30,0.4760914642462238,0.009572419407214334,0.5979446850140889,0.041172496016261065,0.8015666666666666,0.014813619859215114,0.19843333333333335,0.014813619859215114,44.16903940836588,0.2526192829399396
6,31,0.4622078226960224,0.003542961596907595,0.5717177393595377,0.06112133737654519,0.8090666666666667,0.01835274729661291,0.19093333333333332,0.01835274729661291,44.331671396891274,0.2517775947799078
6,32,0.4544362454259893,0.009730760597146088,0.6097929348627726,0.02923461127323421,0.7977666666666666,0.006512551983157862,0.20223333333333335,0.0065125519831578625,44.49323272705078,0.2550947361492583
6,33,0.44219463541532106,0.005449306502433237,0.6713299081802369,0.05292777985020406,0.7854333333333333,0.014710993621551666,0.21456666666666668,0.014710993621551666,44.65063730875651,0.25248678201064334
6,34,0.4369377970619275,0.010130731052670735,0.5403542054971059,0.023016415815007435,0.8199333333333333,0.007496888243353548,0.18006666666666668,0.007496888243353547,44.81270853678385,0.25232424179134577
6,35,0.4239518292445153,0.009756345296555268,0.6169029145240784,0.07100782732893161,0.7978333333333333,0.020871351976652894,0.2021666666666667,0.02087135197665289,44.967447916666664,0.2538463131012624
6,36,0.41742029182695467,0.0052567068013178436,0.6096662664731344,0.09926615538400999,0.8057333333333334,0.02358905113253463,0.1942666666666667,0.02358905113253463,45.128377278645836,0.25583988007858627
6,37,0.4092095224448787,0.00482688264553559,0.5886110631306966,0.08068495708770032,0.8072666666666667,0.019505469318458677,0.19273333333333334,0.019505469318458677,45.285369873046875,0.2501310651578135
6,38,0.4009749576995643,0.007281065038898782,0.5844707307338716,0.04226622423944959,0.8094000000000001,0.010530432089900215,0.1906,0.010530432089900215,45.43888473510742,0.2522242935560045
6,39,0.39297135610003203,0.003867142078925359,0.6013620205402374,0.083179393875111,0.8055666666666667,0.023494963999404934,0.19443333333333335,0.023494963999404934,45.59306081136068,0.24940429518025425
6,40,0.38681994609769754,0.003821148390771145,0.5817893553256989,0.027050168971743654,0.8154,0.006502307282803549,0.18460000000000001,0.006502307282803549,45.74632771809896,0.24472070659983766
6,41,0.37723373408919203,0.004788626019244795,0.5381414201895396,0.02756679944281049,0.8249333333333334,0.010509678079433893,0.17506666666666668,0.010509678079433893,45.89800771077474,0.24387568848789082
6,42,0.373398489176668,0.006650704774495987,0.5433984791755676,0.07167658641435508,0.8238,0.01718749545454485,0.1762,0.01718749545454485,46.052154541015625,0.24091708929478717
6,43,0.3666338974710011,0.0030046728625877797,0.542797518157959,0.02892429050940171,0.8234,0.009559811713626996,0.1766,0.009559811713626996,46.20224380493164,0.24076965914234405
6,44,0.3610255235880741,0.006419633591581609,0.5413543501059214,0.037505793522520814,0.8264,0.009457272334029529,0.17359999999999998,0.009457272334029529,46.35476430257162,0.24338626709918984
6,45,0.3504993012214663,0.004991920726254099,0.5497639448165893,0.050800159287288926,0.8199333333333333,0.01666263284518183,0.18006666666666668,0.01666263284518183,46.502237955729164,0.24215153681219279
6,46,0.34980000650791254,0.005789651179447492,0.5502705954710643,0.10983441556486907,0.8221999999999999,0.033684269325606586,0.17780000000000004,0.033684269325606586,46.6546885172526,0.2426578082349618
6,47,0.337773405453738,0.0015967487307463931,0.5969213923136394,0.06680491858465397,0.8106,0.018630888330941155,0.1894,0.018630888330941155,46.803077697753906,0.24062284749949536
6,48,0.337327208258815,0.0038566019130006927,0.5872168881575267,0.09568194988622677,0.8174666666666667,0.022208631955465727,0.18253333333333333,0.022208631955465727,46.952327728271484,0.23675945856337868
6,49,0.3279464514282963,0.003732622856349555,0.5278308608531952,0.05180330661511606,0.8311333333333333,0.013002051120239938,0.1688666666666667,0.013002051120239938,47.101200103759766,0.2352118728338594
6,50,0.3233568786761747,0.005106296816141549,0.5953867279847463,0.06790067527670636,0.8137,0.01648757107641993,0.1863,0.01648757107641993,47.245721181233726,0.2351364200158426
6,51,0.3183094959480582,0.0071122841659519405,0.5654535924514135,0.08749079201679169,0.8204333333333332,0.02465691248581894,0.17956666666666668,0.024656912485818937,47.392618815104164,0.23247727224065706
6,52,0.3152992056026889,0.0029343728871036095,0.5800763204097747,0.05326236660772422,0.8185333333333333,0.013023952293114902,0.18146666666666667,0.013023952293114902,47.538289388020836,0.22941449457437013
6,53,0.30660550122269176,0.004151141199226722,0.5200186423619588,0.022607695358092882,0.8368333333333333,0.0063216559012124,0.16316666666666665,0.006321655901212399,47.68067296346029,0.22831277436674635
6,54,0.30652625832106456,0.00536807401824539,0.558901848379771,0.02331447961157638,0.8207333333333334,0.004285246006162686,0.17926666666666666,0.004285246006162685,47.82578786214193,0.2277241070471493
6,55,0.29818058486484805,0.002931260806777624,0.5296942229588827,0.02504439662798222,0.8319333333333333,0.007829005896876946,0.16806666666666667,0.007829005896876946,47.969443003336586,0.22446265580349523
6,56,0.2944317140695079,0.002745876176731805,0.5432922927856445,0.038132564187676986,0.8320666666666666,0.011045964572337388,0.16793333333333335,0.011045964572337388,48.11387252807617,0.2249760113842502
6,57,0.29098479575513275,0.0033714765076357815,0.5886868556340535,0.09253549050494662,0.8250333333333333,0.022724949578235204,0.17496666666666663,0.022724949578235204,48.257635752360024,0.2220794431388263
6,58,0.2866845848221405,0.004475059247451668,0.5136821768601735,0.07180873808834302,0.8411,0.018136427432104724,0.1589,0.018136427432104724,48.402661641438804,0.22090725857063503
6,59,0.28311185952901635,0.0010198376108937902,0.5231017849604288,0.035414278126654715,0.8414666666666667,0.007005949852327906,0.1585333333333333,0.007005949852327906,48.54735310872396,0.2197991794334677
6,60,0.27860459678338717,0.004301554727600835,0.5361699319203694,0.04552374920766241,0.8347666666666668,0.009558416884261402,0.16523333333333334,0.009558416884261402,48.690345764160156,0.21671798024036765
6,61,0.27692566579565064,0.007558151016555306,0.6032725415865581,0.07634911400242982,0.8161333333333333,0.018668243980978327,0.18386666666666665,0.018668243980978327,48.83336639404297,0.21765122594818093
6,62,0.269005911023009,0.006130780260340428,0.567815221897761,0.09062563162376973,0.8279666666666666,0.02421163632085479,0.17203333333333337,0.02421163632085479,48.97490564982096,0.2161138092033992
6,63,0.26467887979105614,0.0037675224148079004,0.5556233683586121,0.0688692427394587,0.8355333333333332,0.013842446797200765,0.16446666666666668,0.013842446797200767,49.115543365478516,0.21514376414309633
6,64,0.2624268780660141,0.003727029192262632,0.5837552495320638,0.12416493561831583,0.8276333333333333,0.02571951269626496,0.17236666666666667,0.02571951269626496,49.255011240641274,0.21404117808520245
6,65,0.26226667873085,0.003384552740504583,0.5144661784172059,0.0434407320229925,0.8423666666666666,0.00991429943734467,0.15763333333333338,0.00991429943734467,49.39655431111654,0.21364623806728095
6,66,0.25482203493185357,0.004294335691399752,0.5060016853968302,0.0427902816021778,0.8447666666666667,0.011094743500114497,0.15523333333333333,0.011094743500114497,49.535301208496094,0.21336257514583212
6,67,0.2517684264027554,0.00674673652664909,0.562884956741333,0.09267331364843356,0.8358333333333333,0.020545640251239016,0.16416666666666668,0.020545640251239016,49.67593510945638,0.21209947990740027
6,68,0.25108064260120994,0.00230090291258264,0.5113590605099997,0.015153691826799237,0.8438333333333333,0.005096403960964358,0.15616666666666665,0.005096403960964358,49.81484731038412,0.21037469063153305
6,69,0.24467856452847178,0.004744864807577655,0.49899131453831985,0.01250183721316014,0.8488666666666665,0.004140450861118072,0.15113333333333337,0.004140450861118072,49.952459971110024,0.20843913869974176
6,70,0.2404693873235535,0.0023449934723011514,0.5052937411705652,0.036526580772395664,0.8496,0.00711898869222307,0.1504,0.00711898869222307,50.08963394165039,0.20507719303668656
6,71,0.24039546503841827,0.006037250815939399,0.4906281551043193,0.030457896579171195,0.8522666666666666,0.007750053763254371,0.14773333333333336,0.007750053763254371,50.228650410970054,0.20379919507366243
6,72,0.23576523787250706,0.009283122178605935,0.49313910661538446,0.040590941528099854,0.8529333333333332,0.010941815815180497,0.14706666666666668,0.010941815815180497,50.364192962646484,0.20723924645352554
6,73,0.23291942280322595,0.005781454432984715,0.4902963052590688,0.03381491088760069,0.8512333333333334,0.010995150446143635,0.14876666666666669,0.010995150446143635,50.50049591064453,0.20613820948371625
6,74,0.22774189088782593,0.004342543613071247,0.5474650348663329,0.09778891872736663,0.8416333333333332,0.019543370572481466,0.15836666666666666,0.019543370572481466,50.63513946533203,0.20272936171795972
6,75,0.22487469636799431,0.006419353523132697,0.481772339630127,0.01389587092361544,0.8553333333333333,0.004601449047129966,0.1446666666666667,0.004601449047129966,50.76865768432617,0.20087667835684958
6,76,0.22693355086133304,0.0032246393393321237,0.5290839355309803,0.022636692413949392,0.8469333333333333,0.0050143128475728035,0.15306666666666668,0.0050143128475728035,50.90368143717448,0.19711734256205038
6,77,0.2194896971160595,0.004560870040286794,0.5436715192953745,0.12303962317885811,0.8394333333333334,0.03152147416180488,0.16056666666666666,0.03152147416180488,51.036964416503906,0.19822873867243096
6,78,0.21757162542726274,0.004671715787956996,0.5808921809196472,0.08708174126611488,0.8339666666666666,0.021550947388301375,0.16603333333333328,0.021550947388301375,51.170981089274086,0.19842428092782546
6,79,0.21447878391287414,0.007708322565583022,0.485918754641215,0.026469140730312847,0.8590666666666666,0.006351640208114201,0.14093333333333335,0.006351640208114201,51.30378214518229,0.19690961119363637
6,80,0.2146677378714339,0.004414826094279171,0.5157498458544413,0.06325499637843712,0.8518333333333334,0.011160794475902385,0.14816666666666664,0.011160794475902387,51.43670908610026,0.1950935121567699
6,81,0.21178551893506614,0.006896227118383068,0.48470898574193316,0.02984336037586098,0.8568666666666666,0.00802142963151411,0.14313333333333333,0.00802142963151411,51.568443298339844,0.1965736530049872
6,82,0.20861890262909047,0.007202782631519859,0.4993673520167669,0.010725387264563633,0.8537666666666667,0.0008621678104251853,0.14623333333333333,0.0008621678104251853,51.69991556803385,0.19536848124017628
6,83,0.2083901995880321,0.001186936555046974,0.49581393116315203,0.014354374348164533,0.8549333333333333,0.0019347695814575059,0.14506666666666668,0.0019347695814575059,51.83409881591797,0.19477298891805878
6,84,0.202704162618744,0.008475917426772832,0.578767782052358,0.11643785865854717,0.8359,0.026265566812844542,0.1641,0.026265566812844542,51.96449406941732,0.19157601679259117
6,85,0.19774789294547132,0.007723842162431765,0.4879788383801778,0.010304479892581968,0.8577,0.002685144316419494,0.1423,0.002685144316419494,52.09339396158854,0.188855966036486
6,86,0.1979187896311639,0.005103708443040117,0.5807939928054809,0.019194860804830356,0.8400333333333334,0.0075301615741851,0.15996666666666667,0.0075301615741851,52.22318776448568,0.1899468135069178
6,87,0.1980203632916382,0.007287833386302035,0.5337296800613404,0.04982776086608101,0.8484333333333334,0.010275375094532215,0.15156666666666666,0.010275375094532215,52.35531107584635,0.1876147899635039
6,88,0.19169722714057258,0.005408072171654541,0.5298830834388734,0.04749826287522272,0.8537,0.008506468127254701,0.1463,0.008506468127254701,52.48346964518229,0.1907960435148197
6,89,0.18886229141161978,0.00396056254743173,0.5365357593854269,0.0070967448075664194,0.8473666666666667,0.002731910198621752,0.15263333333333332,0.002731910198621752,52.61088180541992,0.19048130160456395
6,90,0.18919470628686977,0.004615383310065323,0.524548493607839,0.02668657550150107,0.8531333333333334,0.00015275252316517785,0.1468666666666667,0.00015275252316517785,52.73880513509115,0.18780322969339772
6,91,0.18828904821528702,0.00690026061957645,0.5427672271410624,0.05528219131390141,0.8465666666666666,0.013261347342307809,0.15343333333333334,0.013261347342307807,52.866772969563804,0.18616701418259804
6,92,0.1821283429467261,0.005083774960688571,0.5440238304456075,0.037549247730808685,0.8487,0.008706893820416095,0.15130000000000002,0.008706893820416095,52.99438730875651,0.18591211442751995
6,93,0.18239199271693965,0.004205911810202303,0.5068899787108103,0.01974200662974999,0.8577333333333333,0.003663786747797043,0.14226666666666668,0.003663786747797043,53.1194216410319,0.18433694075132936
6,94,0.18079198078781952,0.009467355902038397,0.5431200747489929,0.04554283074208525,0.8518,0.006000000000000005,0.1482,0.006000000000000005,53.24455642700195,0.1835267349752617
6,95,0.17632778271880298,0.005730905971926725,0.5895331966559092,0.11358260893308597,0.8432,0.022342112702249072,0.15680000000000002,0.022342112702249072,53.36901601155599,0.1828733481856554
6,96,0.1753675916596599,0.0027179045141651685,0.4851609258969625,0.00946440322725208,0.8632,0.002751363298439494,0.1368,0.002751363298439494,53.494302113850914,0.18147064764932333
6,97,0.17059303925571945,0.004861835617605007,0.5279117940584819,0.04041340155500896,0.8524333333333333,0.008404958853756134,0.1475666666666667,0.008404958853756134,53.616119384765625,0.17820874484029958
6,98,0.17254760416140438,0.007770324897110593,0.5878420414924621,0.05948378473102298,0.8449,0.010836512354074079,0.15510000000000002,0.010836512354074079,53.741753896077476,0.17555273190830506
6,99,0.17177932663723028,0.00507540544232928,0.5194397257963815,0.06337293635736503,0.8577,0.011290261290156195,0.1423,0.011290261290156195,53.866668701171875,0.17488481045445298
6,100,0.16992780135885732,0.006809722179744129,0.5297052819252014,0.011537046460896358,0.856,0.0033451457367355344,0.144,0.0033451457367355344,53.99046961466471,0.1720629634359689
8,1,2.939428191050849,0.16194945020423238,2.1072862724939982,0.08969220916168742,0.19330000000000003,0.020066638981154763,0.8066999999999999,0.020066638981154742,39.346327463785805,1.1094917422014468
8,2,2.0204796433347165,0.09853887295473301,1.9319112967809042,0.09547724426658331,0.2536333333333333,0.04778162129243141,0.7463666666666667,0.04778162129243136,39.4583371480306,1.0978750699587203
8,3,1.853399515355233,0.08094080312416788,1.7937345836639402,0.11071445995783061,0.30296666666666666,0.03388367355133345,0.6970333333333333,0.033883673551333406,39.61399714152018,1.102844592038559
8,4,1.740047354425819,0.09357440264454184,1.6690732039133707,0.10890683279924811,0.37033333333333335,0.050605566228759204,0.6296666666666667,0.05060556622875921,39.78276570638021,1.1099651739603036
8,5,1.6510416542680877,0.10079848993458213,1.6607354647318522,0.05000469726285332,0.37166666666666665,0.025230206763586657,0.6283333333333333,0.02523020676358669,39.9675407409668,1.1036496998309993
8,6,1.5714438351828728,0.11101595911337446,1.5437113299687704,0.1541207526601951,0.4310333333333333,0.060493002350134134,0.5689666666666667,0.06049300235013416,40.16029612223307,1.1043698141131795
8,7,1.502310653883275,0.14383314009490047,1.4982911289215088,0.13877775887753557,0.4415,0.0641347799559646,0.5585,0.06413477995596463,40.37820688883463,1.0982126398500434
8,8,1.4153157862860832,0.1491561726315032,1.4366767545064292,0.07776732752536206,0.47236666666666666,0.04318128452620806,0.5276333333333334,0.043181284526208084,40.60189946492513,1.1040847349157
8,9,1.3360295224067806,0.15885963528862088,1.371309113375346,0.15667070451460438,0.5020666666666667,0.07005714334265517,0.4979333333333334,0.07005714334265521,40.83175913492838,1.092087402226676
8,10,1.2711785562711198,0.17189140152108073,1.3694253969510395,0.1965437645306284,0.5106,0.0648722590943155,0.4894,0.06487225909431553,41.064239501953125,1.083126567457762
8,11,1.2044470838167072,0.16342478772580507,1.3117016166687012,0.06473922187587601,0.5408333333333334,0.022012799307069838,0.45916666666666667,0.022012799307069838,41.291839599609375,1.069976881251405
8,12,1.1387542918108513,0.16326894535734915,1.1727181566874185,0.142224066554405,0.5760666666666666,0.05150051779674968,0.42393333333333333,0.05150051779674968,41.51115926106771,1.058501190774659
8,13,1.0830133614231152,0.1621051462256277,1.1633047956466676,0.04856318612805411,0.5902666666666667,0.03487037902480178,0.40973333333333334,0.03487037902480178,41.72972742716471,1.0363049210435935
8,14,1.024853932125794,0.15887146668218782,1.1312937816937765,0.06688236747900947,0.6056666666666667,0.032649093912899545,0.39433333333333337,0.032649093912899545,41.944087982177734,1.02313475725022
8,15,0.9787925106281921,0.15362011855406393,1.1174106888453166,0.121638299051641,0.6118,0.048314387091217444,0.38820000000000005,0.04831438709121745,42.16426467895508,1.0021244825309645
8,16,0.9263147379177205,0.15086320196637645,1.0226990611394247,0.09695037837321317,0.6424,0.035481403579903655,0.3576,0.035481403579903655,42.37562561035156,0.984699513897729
8,17,0.8892617214467925,0.1268059385648108,0.9230313251495361,0.13707491415297582,0.6758666666666667,0.049600134408420024,0.32413333333333333,0.049600134408420024,42.58349100748698,0.9769495485105041
8,18,0.8466457395551555,0.137350758920424,0.9937100246429443,0.12856772034433042,0.6616666666666666,0.047478030006870925,0.3383333333333334,0.047478030006870925,42.791351318359375,0.949660717564558
8,19,0.8087611409556835,0.11188607389919446,0.9195452519098918,0.17431307219112605,0.6893333333333334,0.05434908769550172,0.3106666666666667,0.05434908769550172,42.995198567708336,0.935393396816386
8,20,0.7741835667908141,0.11323830009076906,0.9290402486165364,0.24337519211852615,0.6937000000000001,0.07208689201234851,0.30629999999999996,0.07208689201234852,43.19467035929362,0.9156674169542206
8,21,0.7459404445670145,0.09503676244538482,0.8910579938888551,0.14742592201647667,0.7002333333333333,0.05555045754387028,0.2997666666666667,0.05555045754387028,43.38922246297201,0.9146935992906539
8,22,0.7112224136573682,0.09130837971047218,0.8242358441034953,0.049289616765545996,0.7176333333333332,0.022750897418197247,0.28236666666666665,0.022750897418197247,43.57678731282552,0.9107865487549016
8,23,0.6848788886932055,0.07821490899217873,0.7959349996248881,0.14806487265523172,0.7307666666666667,0.04796512622034193,0.2692333333333333,0.04796512622034193,43.7607536315918,0.9019198429783265
8,24,0.6622409611203582,0.07020020402463882,0.73423057568868,0.06310769434594393,0.7511,0.02035018427434993,0.2489,0.02035018427434993,43.94247690836588,0.8985552142585734
8,25,0.6378065386544103,0.06951627486196972,0.8438243087132772,0.1783834537524754,0.7199333333333332,0.055040833327024904,0.2800666666666667,0.055040833327024904,44.116861979166664,0.8906853198539348
8,26,0.6217887958500595,0.06447525582030875,0.6951812101682027,0.05608899901188662,0.7635333333333333,0.019984076994780983,0.23646666666666669,0.019984076994780983,44.28921254475912,0.8873136293142115
8,27,0.6013030371194402,0.06027185498987538,0.6547734674612681,0.05934576985393455,0.7808666666666667,0.018628562299150563,0.21913333333333337,0.018628562299150563,44.462646484375,0.8778332161347014
8,28,0.5820809173106335,0.05194384175800442,0.7017362863858541,0.03215965244500275,0.7657333333333334,0.006557692683660447,0.23426666666666665,0.006557692683660447,44.63254928588867,0.8702147581694046
8,29,0.5685281095500695,0.050506870600854264,0.6979101260503134,0.05843666191886597,0.7629333333333334,0.022759027512908633,0.23706666666666668,0.022759027512908637,44.800610860188804,0.8679290521212333
8,30,0.5534325008298837,0.053910272339167335,0.6656158260345459,0.05467088379849061,0.7773666666666667,0.0205733646575696,0.22263333333333332,0.0205733646575696,44.96429570515951,0.8620444786088683
8,31,0.5394658728328813,0.04863664430098931,0.7133137932936351,0.04998472058963075,0.7685,0.01386217876093081,0.2315,0.013862178760930809,45.12571334838867,0.8553393041019292
8,32,0.5243434713421372,0.04937920882528982,0.6771011844476065,0.08562761783644861,0.7756333333333333,0.02853214561390944,0.2243666666666667,0.02853214561390944,45.28524907430013,0.8541078192658996
8,33,0.5121799230016609,0.04408890319026773,0.7570708422978719,0.16639174106062485,0.7588,0.043450086306013234,0.24119999999999997,0.043450086306013234,45.44232686360677,0.8434877052811343
8,34,0.5040769764021331,0.04506913561959459,0.6783750146389007,0.14327452135078755,0.7801333333333332,0.04310247479360478,0.21986666666666668,0.04310247479360478,45.607234954833984,0.8397163902806669
8,35,0.4913807538388026,0.03926910664155211,0.6366539194107056,0.07521737114936902,0.7886666666666667,0.024681234436983366,0.21133333333333335,0.024681234436983366,45.76290639241537,0.835927902886278
8,36,0.47838546643120966,0.03907890735429707,0.5840626261075338,0.03181905350673406,0.8076333333333334,0.008619938128161564,0.19236666666666666,0.008619938128161564,45.92050298055013,0.8314885430661461
8,37,0.4666970139853688,0.03898323130149802,0.5774410262902577,0.005829198495292083,0.8099333333333333,0.0038552993831002668,0.1900666666666667,0.0038552993831002668,46.07282257080078,0.8291546736185199
8,38,0.460159186397672,0.039103968939151426,0.6869185175259909,0.07292978326630846,0.7796666666666666,0.009922869208718483,0.22033333333333335,0.009922869208718483,46.223253885904946,0.8213062303836579
8,39,0.4495681334995146,0.03642619881067131,0.5839136329015097,0.06935950196375452,0.8099999999999999,0.022753241527307712,0.18999999999999997,0.022753241527307712,46.37570317586263,0.8160588645719212
8,40,0.44734104877085334,0.03781986410020877,0.5801743961175284,0.05797271035743401,0.8094666666666667,0.02119111449011904,0.19053333333333333,0.02119111449011904,46.529205322265625,0.8060057491787976
8,41,0.43436094073027703,0.03694435983410823,0.6020331936836243,0.02688928897673924,0.8043999999999999,0.013554703980537564,0.1956,0.013554703980537564,46.68036651611328,0.8053065287575882
8,42,0.42730029612042814,0.03169115621012493,0.5968609801133474,0.03806140298066604,0.8098666666666666,0.009610584442859534,0.19013333333333335,0.009610584442859534,46.829359690348305,0.7979534629579225
8,43,0.41898929055237094,0.03681104729831689,0.6007196320533752,0.051306652747537686,0.8064,0.018457789683491353,0.1936,0.018457789683491353,46.97598648071289,0.7949861189709737
8,44,0.41056786097732245,0.03503342827094072,0.5483015411853791,0.03662509932070745,0.8222,0.01075034883154961,0.17779999999999999,0.01075034883154961,47.12369918823242,0.7914717782991323
8,45,0.40377943609021005,0.032546459110166355,0.6611876676559448,0.16859309746628742,0.7929666666666667,0.04166729332862088,0.20703333333333332,0.04166729332862088,47.27266947428385,0.7882656583437669
8,46,0.3956309552768917,0.03384536122032943,0.580423188082377,0.05702987533606401,0.8175,0.013619471355379394,0.1825,0.013619471355379394,47.415669759114586,0.7856415569423425
8,47,0.3896924819660715,0.03467653277130087,0.5606320126215616,0.08238632760889603,0.8165666666666667,0.026190519913383427,0.18343333333333334,0.026190519913383427,47.55917231241862,0.7788950688081615
8,48,0.38672849363174994,0.03400724737122265,0.5370816261768341,0.039553845818946685,0.8253,0.01583287718641185,0.1747,0.01583287718641185,47.70325215657552,0.7719336491549206
8,49,0.37675999844318153,0.030603333918989083,0.531778830909729,0.04807035235338638,0.8269666666666667,0.01840715440619035,0.17303333333333334,0.01840715440619035,47.84546407063802,0.7676694488442907
8,50,0.3714716755241181,0.03005519330691034,0.6028247514883677,0.038927245965818834,0.8117333333333333,0.008357830659527216,0.1882666666666667,0.008357830659527216,47.99133173624674,0.763045634265519
8,51,0.3651140187910655,0.03141082949953627,0.5692893292268116,0.03450841446643742,0.8170666666666667,0.007910330797971323,0.1829333333333333,0.007910330797971323,48.13134892781576,0.7612410596296496
8,52,0.3593922595970669,0.024229170218498613,0.5646438563982645,0.09776052870051602,0.8199,0.0309762812487232,0.18010000000000004,0.0309762812487232,48.27584457397461,0.7548794988542356
8,53,0.3569275144065229,0.027241268262844495,0.544033218717575,0.05393185631001015,0.8284333333333334,0.015149367423537317,0.17156666666666665,0.015149367423537317,48.42001215616862,0.7487674364219877
8,54,0.3485841484198891,0.02684192757549314,0.532718450419108,0.02154325479630608,0.8319333333333333,0.006615386106141728,0.16806666666666667,0.006615386106141728,48.56218973795573,0.7456324259693381
8,55,0.34517885255488384,0.02808787573879782,0.5236098311901093,0.06904925570368418,0.8322333333333334,0.02008091963365558,0.1677666666666667,0.02008091963365558,48.70518493652344,0.7399893608645806
8,56,0.3387921767568141,0.030023423283046413,0.5383990812937419,0.046906669616726425,0.8315333333333333,0.009700171819784074,0.16846666666666668,0.009700171819784074,48.84620157877604,0.7389120835766428
8,57,0.33760404898026825,0.02299321356165651,0.5991449807167053,0.06465277107810422,0.8140999999999999,0.020110693672770172,0.18589999999999998,0.020110693672770172,48.988335927327476,0.7331499742089023
8,58,0.3322207858851092,0.02890147831556498,0.602640154536565,0.12928107384984178,0.8155666666666667,0.03156015420325656,0.1844333333333333,0.03156015420325656,49.128849029541016,0.729775464504303
8,59,0.3241592042484755,0.02922397377325182,0.5511405326048533,0.03607894556241541,0.8282666666666666,0.00800520663901517,0.17173333333333332,0.00800520663901517,49.26521301269531,0.7252805789873285
8,60,0.3219218707857026,0.028550367030447568,0.5472764389673869,0.009792721913462065,0.8321333333333333,0.003980368492154152,0.16786666666666664,0.003980368492154152,49.403611501057945,0.7204957703312557
8,61,0.3140152886776668,0.023563443052710756,0.49721740709940593,0.020030555693900935,0.8426666666666667,0.00796073698430822,0.15733333333333333,0.00796073698430822,49.53997929890951,0.7193098678463699
8,62,0.30737617525501526,0.026186353190337557,0.4908313714663188,0.04767458207477075,0.8454666666666667,0.01704709163855623,0.15453333333333338,0.01704709163855623,49.67383321126302,0.7131432871847837
8,63,0.3060291978353531,0.020834019034623927,0.5183825451533001,0.03736538371980049,0.8363666666666667,0.005001333155602951,0.1636333333333333,0.005001333155602951,49.812032063802086,0.7075785404349783
8,64,0.3027983307647888,0.029407721443359982,0.5128446458657582,0.04924226615090292,0.8412333333333333,0.01944899311875383,0.15876666666666664,0.019448993118753827,49.95120747884115,0.704728400024329
8,65,0.30101964698321576,0.02854367623723442,0.5048847519715628,0.06244040765639497,0.8420333333333333,0.01739664718655099,0.15796666666666667,0.01739664718655099,50.08732223510742,0.702392569931174
8,66,0.29472844673595366,0.027725452894285685,0.5705426795800527,0.032472252366958554,0.8259666666666666,0.0110816665413345,0.17403333333333335,0.0110816665413345,50.2231814066569,0.6984934480034626
8,67,0.29144492376363895,0.024102945371643533,0.5349436822096506,0.05978639025849308,0.8394666666666667,0.008471324178269518,0.16053333333333333,0.00847132417826952,50.35870869954427,0.6935459681351361
8,68,0.2898643009447177,0.028097857191761496,0.5705423056920369,0.10834589820605801,0.8314666666666666,0.028664321609508468,0.16853333333333334,0.028664321609508468,50.49456278483073,0.6885171944355355
8,69,0.28199295764384064,0.024595596071626636,0.5447893613974254,0.022251994068403915,0.8375666666666667,0.0017785762095939026,0.16243333333333332,0.0017785762095939026,50.63068517049154,0.6822327599105801
8,70,0.27927952512577875,0.02404687331446016,0.5368873957236608,0.03198032062128822,0.8358666666666666,0.011856784274554921,0.16413333333333333,0.011856784274554923,50.76568603515625,0.6814439069543152
8,71,0.275619612839978,0.023344484929631877,0.5681835203170776,0.06592593876406816,0.8285,0.014778700890132423,0.17149999999999999,0.014778700890132423,50.900227864583336,0.6776106077980839
8,72,0.2676335313728195,0.026022118913284032,0.4952850311438242,0.04070843452539032,0.8492666666666667,0.009586622623913663,0.15073333333333336,0.009586622623913663,51.03040568033854,0.6772947461237072
8,73,0.27188377985564033,0.022393165421572683,0.5362870691776276,0.05942607584009542,0.8384333333333333,0.01588626240918024,0.16156666666666672,0.01588626240918024,51.16792551676432,0.6732045911855498
8,74,0.26220804101010214,0.015985738114446812,0.49386218751271566,0.032515822704445314,0.8527,0.007796794213008326,0.1473,0.007796794213008326,51.29958979288737,0.6655806722497996
8,75,0.26338911720274455,0.019315341979394968,0.5481968971172968,0.04050167189424773,0.8337333333333333,0.01251492442379628,0.16626666666666667,0.01251492442379628,51.436161041259766,0.6599914601621009
8,76,0.26107021872166986,0.01992610433609862,0.5493473964134852,0.003520317085740023,0.8396,0.004215447781671618,0.1604,0.004215447781671618,51.57244618733724,0.6585360498997863
8,77,0.2569839655019133,0.019591568264757404,0.5333394834280014,0.09342642983578418,0.8443666666666667,0.01852898630074872,0.15563333333333337,0.018528986300748715,51.7052116394043,0.6563881936641695
8,78,0.2489526707929927,0.022202666892976623,0.5271057637294133,0.05421670062352155,0.8447333333333332,0.0114823052273197,0.1552666666666667,0.0114823052273197,51.83240254720052,0.6524411589162523
8,79,0.24869236625724642,0.015114454147560833,0.524649377322197,0.052186475786130906,0.8462000000000001,0.009796427920420828,0.15379999999999996,0.009796427920420828,51.96484502156576,0.6456638797276144
8,80,0.24787588289860263,0.02757786793875508,0.5175990163167318,0.04705411190505046,0.8475666666666667,0.012174289849241019,0.15243333333333334,0.012174289849241019,52.092411041259766,0.6412613061311316
8,81,0.23896980859841022,0.027259164894387615,0.5633247712453207,0.06044145247094673,0.8349666666666667,0.017370185184198094,0.16503333333333334,0.017370185184198098,52.22037251790365,0.6396805355855134
8,82,0.2398776770501897,0.021820919503279336,0.5847330438216528,0.08989406429465055,0.8311999999999999,0.019787117020930573,0.16879999999999998,0.019787117020930573,52.349501291910805,0.6367675147918433
8,83,0.240120434363429,0.01760747457978857,0.4939146825154623,0.02046193962383163,0.8556333333333334,0.0060351746729762085,0.14436666666666667,0.006035174672976209,52.479610443115234,0.6327911849901575
8,84,0.23357235165813087,0.02355210715176713,0.530461359500885,0.059008058514622465,0.8448666666666668,0.01274218714873288,0.15513333333333332,0.01274218714873288,52.607476552327476,0.6330878995394709
8,85,0.2304342849162635,0.020107280449056773,0.4895253357330958,0.02073720472464192,0.8554,0.0029866369046136435,0.14460000000000003,0.0029866369046136435,52.734259287516274,0.6315449487129791
8,86,0.22714829326743055,0.021656814738870375,0.5673148586312929,0.058486688805873564,0.8391333333333333,0.011043701070444306,0.16086666666666669,0.011043701070444304,52.85960133870443,0.6281322912136983
8,87,0.22636881603431416,0.01811544528880191,0.5537325692653656,0.08566325662976451,0.8409000000000001,0.015852129194527758,0.1591,0.015852129194527758,52.989706675211586,0.623227059026816
8,88,0.22336492980913736,0.02095418704490509,0.5226508964697519,0.051501814148478715,0.8506333333333332,0.013550030750272616,0.14936666666666668,0.013550030750272616,53.114990234375,0.6204826192848129
8,89,0.22257401052312983,0.019665233971147385,0.47637916523615514,0.005558942947954832,0.8587666666666666,0.004548992562461869,0.14123333333333332,0.004548992562461869,53.24264780680338,0.6165584983722663
8,90,0.22027792427799994,0.022114763028862942,0.504726942205429,0.037126744423844095,0.8536333333333334,0.00951910359925417,0.14636666666666667,0.00951910359925417,53.36992645263672,0.6131442278645804
8,91,0.216931542954888,0.01756149655821968,0.5116768827438354,0.02046878566413701,0.8509000000000001,0.008983874442577668,0.14909999999999998,0.008983874442577668,53.494391123453774,0.610458573942134
8,92,0.21304231514965277,0.01950214700782456,0.5424017958799998,0.017970767942674756,0.8479000000000001,0.009619251530134775,0.1521,0.009619251530134775,53.62003962198893,0.6066134458496494
8,93,0.2110703243839873,0.01873115120708344,0.518129884894689,0.011639833829684684,0.8514333333333334,0.005499393905998496,0.1485666666666667,0.005499393905998496,53.74308776855469,0.6011491041014224
8,94,0.20640079402074993,0.021839574706605892,0.558280079015096,0.04635331670848426,0.8466333333333335,0.01566822687266603,0.15336666666666665,0.01566822687266603,53.86716079711914,0.6027105159236805
8,95,0.20688871214863383,0.02065594143332793,0.5193030911127726,0.037616233086625386,0.8528333333333333,0.010428966072115372,0.14716666666666667,0.010428966072115372,53.989968617757164,0.5993310259937134
8,96,0.20015699702862075,0.02316534780889549,0.5158103278477987,0.02390270503483471,0.8513999999999999,0.005173973328110612,0.14860000000000004,0.005173973328110612,54.11009852091471,0.5988884727518234
8,97,0.199779128473179,0.02122716877008679,0.5360646098295847,0.021962578335809255,0.8486000000000001,0.002961418578992175,0.15139999999999998,0.002961418578992175,54.232278188069664,0.5939745363795534
8,98,0.20002377829105553,0.015334458820791614,0.5221657491048177,0.03950111181803362,0.8534,0.004750789408087858,0.14660000000000004,0.004750789408087858,54.35686111450195,0.5869100974512529
8,99,0.19680593104339114,0.019571624239514723,0.5565133778254191,0.01333188417385177,0.8445666666666667,0.005704676444228355,0.1554333333333333,0.005704676444228355,54.4797617594401,0.5855735370657316
8,100,0.19808902908418288,0.018619627078679906,0.5135298532327016,0.02132698799713617,0.855,0.004886716689148231,0.145,0.004886716689148231,54.60670725504557,0.5810053006531105
10,1,3.2268817955270754,0.1306124745778834,2.227815716298421,0.06882488462321812,0.14953333333333332,0.030890991135496662,0.8504666666666667,0.030890991135496672,40.48793284098307,1.1169523232674443
10,2,2.1451224131352458,0.11244391979937328,2.08462200088501,0.10575041909602201,0.2028,0.047545451938119175,0.7972,0.04754545193811916,40.53332392374674,1.1263458002171989
10,3,2.0321078804549457,0.09594205453613125,2.0454330596288046,0.12858468305186938,0.2525,0.05067336578519331,0.7474999999999999,0.05067336578519333,40.61909612019857,1.1320856422591177
10,4,1.9297080636532613,0.07241926884060682,1.8704276041030885,0.07019725018262825,0.29116666666666663,0.051266395751343126,0.7088333333333333,0.05126639575134308,40.74516932169596,1.1280608834610586
10,5,1.824634575274696,0.07236612064807613,1.8249616554260253,0.025041159456767232,0.31733333333333336,0.008318854087753513,0.6826666666666666,0.008318854087753463,40.882389068603516,1.127331136027034
10,6,1.7514576395657564,0.08158591641934211,1.790251516151428,0.0700152824246736,0.3281,0.02740218969352633,0.6718999999999999,0.027402189693526317,41.03493118286133,1.1191451531689656
10,7,1.6832537169346724,0.08441246741240999,1.6401233568827314,0.1604145354566749,0.3847666666666667,0.06713853836160967,0.6152333333333333,0.06713853836160967,41.19127909342448,1.1120957933388362
10,8,1.619227167183989,0.08334793565613714,1.6171714490890503,0.09368103071457959,0.3999333333333333,0.03370717035488639,0.6000666666666667,0.03370717035488639,41.351453145345054,1.108310917229616
10,9,1.5690005689427473,0.08455657957807537,1.6509640336354572,0.055529460844159405,0.40043333333333336,0.012916010736033523,0.5995666666666666,0.012916010736033554,41.52535883585612,1.0991487754913492
10,10,1.5136285236729379,0.09384568793009053,1.547807759730021,0.014810729563209968,0.42993333333333333,0.023094227272921118,0.5700666666666666,0.023094227272921104,41.71079635620117,1.0917386453405031
10,11,1.4552071220531284,0.09934335482552614,1.4662154871622721,0.11696107561374082,0.4653333333333334,0.04671149037799303,0.5346666666666666,0.046711490377993034,41.90900675455729,1.077345886607831
10,12,1.394396213416045,0.10454596311154478,1.3909022639592488,0.10251281054693191,0.49399999999999994,0.038589765482573236,0.506,0.038589765482573236,42.117652893066406,1.0752552371558795
10,13,1.343830855707785,0.11792588177310491,1.5087107393264771,0.02847452796802785,0.45903333333333335,0.022939558263692306,0.5409666666666667,0.022939558263692292,42.332139333089195,1.06914459470589
10,14,1.2780049807580232,0.10279642227915504,1.396849298286438,0.1849208654782563,0.5079,0.05875516998528728,0.4921,0.05875516998528728,42.546173095703125,1.061825603011157
10,15,1.2218566824001629,0.11088519419897572,1.2502287710825604,0.12777453066637712,0.5462666666666667,0.05181856166793258,0.4537333333333333,0.05181856166793258,42.753098805745445,1.0643380558574493
10,16,1.186314499794878,0.11682401031008798,1.3889740842819214,0.1619677908170864,0.5196,0.05503053697720928,0.4804,0.05503053697720928,42.97734451293945,1.0621375847707433
10,17,1.1295112791167095,0.10736204817435219,1.272355214691162,0.037472802132930395,0.5545666666666667,0.01982153710823993,0.44543333333333335,0.01982153710823993,43.19275792439779,1.058650080123406
10,18,1.0723727911024754,0.11600106218824065,1.149841006120046,0.017937788531567033,0.5968666666666667,0.01822095862827568,0.40313333333333334,0.01822095862827568,43.40042368570963,1.0500429908332354
10,19,1.0322213103805764,0.09507431874601827,1.2181588709513347,0.27407000844509904,0.5837,0.08302023849640518,0.41629999999999995,0.08302023849640519,43.611498514811196,1.041956340759892
10,20,0.9935653443429985,0.11208715963977102,1.1207440782546998,0.10244135143605591,0.6077,0.039546554843627034,0.39230000000000004,0.039546554843627034,43.821600596110024,1.04298348227731
10,21,0.9338056327233635,0.08896875053088661,1.0569438720703124,0.19018016492585388,0.6393,0.05908578509252458,0.3607,0.05908578509252458,44.02008310953776,1.0477176774312082
10,22,0.9015250097252016,0.08744220654970333,1.0378250381151835,0.18991881162867094,0.6475,0.05955644381592976,0.35250000000000004,0.05955644381592976,44.22682317097982,1.05727462822297
10,23,0.8592655351298139,0.067048121686789,1.1166333498001098,0.19583960917179782,0.6375,0.026006922155456993,0.3625,0.026006922155456993,44.42025502522787,1.044428482132976
10,24,0.8280488825311848,0.07110077987122904,0.9273942951202393,0.12298532563299541,0.6829333333333333,0.04487207743500778,0.31706666666666666,0.04487207743500779,44.615638732910156,1.0451283325369942
10,25,0.7906751405806594,0.06291648604112729,0.8985588099002838,0.12444615971656844,0.6934999999999999,0.04333139739265285,0.30650000000000005,0.04333139739265284,44.79937616984049,1.0356563755773813
10,26,0.7662380424098693,0.06296073381693235,0.8912052152474722,0.0957601354546454,0.6962999999999999,0.03407447725204303,0.3037,0.03407447725204303,44.98339080810547,1.035329802539102
10,27,0.7383221104067812,0.0532311534201821,0.8340660056273143,0.037981426993357804,0.7155,0.013284201142710821,0.28450000000000003,0.013284201142710821,45.164276123046875,1.03698105773004
10,28,0.71316395777469,0.04881048339014468,0.7872822438716889,0.06034711550855684,0.7367666666666667,0.019228711171925546,0.2632333333333333,0.019228711171925546,45.34143320719401,1.032803476395693
10,29,0.6916571967081442,0.04200691390612201,0.8456754898230234,0.1492021028337053,0.7210000000000001,0.03616254968887013,0.27899999999999997,0.03616254968887013,45.511147816975914,1.0277408907823296
10,30,0.6704432397750536,0.047688000416170696,0.7902380730311077,0.06851632872175356,0.7351666666666666,0.01568449340378365,0.26483333333333337,0.01568449340378365,45.681809743245445,1.0226109473185436
10,31,0.6431124965197391,0.036346269671109294,0.8394779876232148,0.14075716791302714,0.7248666666666667,0.04039335753974082,0.27513333333333334,0.04039335753974082,45.841888427734375,1.0175680826045905
10,32,0.634046364089717,0.0415027905784057,0.7362821863810222,0.12218319835672488,0.7545999999999999,0.0351281938049767,0.24539999999999998,0.0351281938049767,46.00842030843099,1.0093050781161605
10,33,0.608153870089483,0.03698643119502115,0.7312472894350689,0.0679947692303958,0.7578333333333332,0.016538540846560017,0.24216666666666667,0.016538540846560017,46.16166432698568,1.0057374647810728
10,34,0.6032417862210026,0.03647719010064929,0.7029037114461264,0.06165140236350445,0.7616999999999999,0.020354606358266896,0.23829999999999998,0.020354606358266896,46.326733907063804,1.005853428510087
10,35,0.5825855691567101,0.028264655899162203,0.7034412147998811,0.053665263823781534,0.7629666666666667,0.020129911408978712,0.23703333333333332,0.020129911408978712,46.48526255289713,0.9995839522400984
10,36,0.5665826536048099,0.030352998519853177,0.6961075609525045,0.05470944673583852,0.7653333333333334,0.015654498820892787,0.23466666666666666,0.015654498820892787,46.637402852376304,0.9947905549074423
10,37,0.5514970294502385,0.025660022481391067,0.6393662885348002,0.013475886597439916,0.7857666666666666,0.008550048732804577,0.2142333333333333,0.008550048732804577,46.787237803141274,0.9883435179761928
10,38,0.5448592837204409,0.02518392722312739,0.7164366469542185,0.013499548869953554,0.7669666666666668,0.010323920443965741,0.23303333333333331,0.010323920443965741,46.937557220458984,0.983996611013619
10,39,0.5280326084255258,0.026072413407372444,0.6339711887518565,0.06106408341612565,0.7863666666666668,0.015751296242955168,0.21363333333333331,0.015751296242955168,47.085488637288414,0.9823503702891979
10,40,0.5263112851268494,0.02313851693937595,0.6644997485955556,0.07846321154855332,0.7782666666666667,0.023259478354712364,0.22173333333333337,0.023259478354712364,47.2372194925944,0.9782142255979186
10,41,0.5072897391906683,0.020570594958666494,0.701597631963094,0.038265377182884155,0.7657666666666666,0.017727191919007745,0.23423333333333338,0.017727191919007745,47.379600524902344,0.9743957888707057
10,42,0.49554695332548304,0.022238747298109658,0.6402073717832565,0.03329606220556721,0.7881333333333332,0.009362869930386401,0.21186666666666665,0.009362869930386401,47.52139027913412,0.9667374040689648
10,43,0.49018081252837115,0.024406421837177977,0.6919291606585185,0.08150529596386034,0.7775,0.019692384314754778,0.22249999999999995,0.019692384314754778,47.66997273763021,0.9643066115190556
10,44,0.4810726979250391,0.02229865107110336,0.5834742577473323,0.00616447664127012,0.8045,0.004899999999999985,0.19549999999999998,0.004899999999999985,47.81406021118164,0.9622631204848171
10,45,0.46826615500226554,0.018564406737383663,0.6164135957956315,0.04504159816889391,0.7982333333333335,0.014969747270189064,0.20176666666666665,0.014969747270189064,47.95452753702799,0.958420553206747
10,46,0.4715070080929908,0.031096331177842225,0.6335955279032389,0.028867930132534844,0.7918333333333334,0.011303686714224409,0.2081666666666667,0.011303686714224409,48.10103861490885,0.9622924439767228
10,47,0.4533227320192008,0.020303379131745333,0.6160807463169098,0.03962959362485359,0.7970666666666667,0.011738966450813867,0.20293333333333338,0.011738966450813867,48.24284362792969,0.9587095767055532
10,48,0.445255480865485,0.017844110858934503,0.5993555096308391,0.0801834704989063,0.8039333333333335,0.02125307820842272,0.19606666666666664,0.021253078208422725,48.38263448079427,0.9515519550713378
10,49,0.4384162694037926,0.021254440109043,0.6445805242141088,0.1576335539197107,0.7898,0.04696935170938597,0.21019999999999997,0.04696935170938597,48.5219841003418,0.9487045321153155
10,50,0.4355479664814747,0.01531658615843563,0.5481391038497289,0.029460453695355236,0.8164333333333333,0.012983964469041534,0.18356666666666666,0.012983964469041534,48.66411844889323,0.946287090749334
10,51,0.42082376718419495,0.02333331186573453,0.5986186329841613,0.14766612642701227,0.8099666666666666,0.03405059960313964,0.19003333333333336,0.03405059960313964,48.80334981282552,0.9456980614088665
10,52,0.41443565182978537,0.01339095159530415,0.5483217914501827,0.022383055581398314,0.8188000000000001,0.009457272334029477,0.1812,0.009457272334029477,48.942511240641274,0.9401419815128408
10,53,0.41112491371584875,0.022072876922212128,0.5821555297692617,0.015096895311569727,0.8097333333333333,0.00477528358669238,0.19026666666666667,0.00477528358669238,49.079812367757164,0.9390466171445252
10,54,0.40850329584579437,0.01831493543314072,0.5773720044136047,0.07284283065247985,0.8098333333333333,0.022232708636901008,0.1901666666666667,0.022232708636901008,49.21718978881836,0.9378093373361169
10,55,0.39723709347607844,0.016671332413516086,0.6013585743109385,0.08513285358349071,0.8037333333333333,0.024105670149019542,0.19626666666666667,0.024105670149019542,49.35216267903646,0.9335960131760589
10,56,0.39707598688504886,0.02303863665552265,0.559560678211848,0.057697300871246505,0.8182,0.015600000000000003,0.1818,0.015600000000000003,49.49184799194336,0.937105585516794
10,57,0.38999537699312,0.02010716746151471,0.5262783315976461,0.0643546145199404,0.8275999999999999,0.022434571535913047,0.17240000000000003,0.022434571535913047,49.628885904947914,0.934935238519027
10,58,0.38093404426141775,0.01383464955405161,0.5625463204542797,0.058501011898559614,0.8209666666666667,0.019114741257294936,0.1790333333333333,0.019114741257294936,49.765262603759766,0.9323689258188573
10,59,0.3761471665042746,0.019232268598164112,0.5976633232116698,0.08349960671233725,0.8086333333333333,0.022901164453654647,0.19136666666666668,0.022901164453654647,49.89988454182943,0.9291724531723128
10,60,0.3759768672433554,0.018152271656525013,0.5577455707708995,0.016179246529559998,0.8195333333333333,0.0072459183912968106,0.18046666666666666,0.0072459183912968106,50.03642145792643,0.9298794001567244
10,61,0.36670682245813063,0.019435441005996583,0.5397629097620646,0.06006427250365783,0.8253666666666666,0.02180282856267353,0.17463333333333333,0.021802828562673533,50.169114430745445,0.9278127799998073
10,62,0.35518047609902403,0.020218044027892693,0.545964206401507,0.06713908563082899,0.8233333333333334,0.0194857212679781,0.17666666666666667,0.0194857212679781,50.300472259521484,0.9277203783199769
10,63,0.35317236766892424,0.017612711300692613,0.5706082911570866,0.12301106123001099,0.8158,0.030146807459497243,0.1842,0.030146807459497243,50.4329833984375,0.9266427411722905
10,64,0.34866403125842615,0.012328581450451032,0.5326540807803472,0.02783072409118452,0.8269666666666667,0.016431778154945127,0.17303333333333334,0.016431778154945127,50.56646982828776,0.9233558084003607
10,65,0.3403547163306396,0.017912406990301718,0.5162788996537526,0.06028136226887387,0.8330000000000001,0.01880239346466294,0.167,0.01880239346466294,50.693092346191406,0.9243712430061684
10,66,0.33719706560746276,0.01913558944157061,0.6172838915030161,0.12737716420427136,0.8121666666666667,0.03136818983195133,0.18783333333333332,0.03136818983195133,50.82182693481445,0.9224556198653757
10,67,0.33259472823864566,0.01711351259522687,0.5367504923343659,0.0347358334399084,0.8287333333333334,0.014067811959694853,0.1712666666666667,0.014067811959694853,50.953192392985024,0.9189796559891116
10,68,0.332744219812794,0.02201241240532202,0.5262974966208139,0.02946606923445135,0.8332666666666667,0.01115407249991376,0.16673333333333332,0.01115407249991376,51.083964029947914,0.9231084553279679
10,69,0.3301643356109214,0.013452725570358526,0.5196092838366827,0.045789972947745713,0.8357333333333333,0.016901577835614474,0.16426666666666667,0.016901577835614474,51.221169789632164,0.9184714765116638
10,70,0.3222517463658878,0.021370896070216257,0.5631395679473877,0.06087080798321643,0.8256666666666667,0.011906860767361511,0.1743333333333333,0.011906860767361511,51.34722646077474,0.9186167993313814
10,71,0.3162225507714254,0.01266941684072876,0.5338902626037597,0.045916539590187495,0.8291666666666666,0.012874911002928646,0.1708333333333333,0.012874911002928646,51.47654469807943,0.9183717247421339
10,72,0.3122076528990055,0.02038891842952652,0.4982264794031779,0.027837884942311677,0.8414333333333334,0.00930716569817757,0.15856666666666663,0.00930716569817757,51.60171127319336,0.9186367317589902
10,73,0.3132822907387651,0.0159274441480789,0.5602155666510265,0.03584468318710868,0.8291,0.007450503338701311,0.17090000000000002,0.007450503338701312,51.735660552978516,0.9138760089986714
10,74,0.3086191451229403,0.009276503589856865,0.5300027488390605,0.04768483143175489,0.8338333333333333,0.014905479976617108,0.16616666666666666,0.014905479976617108,51.8638661702474,0.9073094994250305
10,75,0.29834620513574545,0.011456745382436738,0.49449617176850635,0.010342801563994742,0.8441000000000001,0.0018083141320025405,0.1559,0.0018083141320025405,51.99219767252604,0.905514454511071
10,76,0.3038988990958491,0.016713627079712724,0.5409241281191508,0.03293947937660601,0.8352333333333334,0.011435179637125696,0.16476666666666664,0.011435179637125696,52.12554041544596,0.9018683151644418
10,77,0.2973187208074031,0.010197425315307273,0.5325729979753494,0.07553693946268475,0.8363999999999999,0.018285513391753595,0.1636,0.018285513391753595,52.253570556640625,0.8962742655374558
10,78,0.28650539193718433,0.01638548887839971,0.5240755620459715,0.051606823653402564,0.8371333333333334,0.01611221069044636,0.16286666666666663,0.01611221069044636,52.37653732299805,0.8963873053581503
10,79,0.2871515487288168,0.013262349759741977,0.5204301681518555,0.038204537571662034,0.8394333333333334,0.010902446208687883,0.16056666666666666,0.010902446208687883,52.504286448160805,0.8924164449553668
10,80,0.2835580517060718,0.012815073303770486,0.6047183969497681,0.07487856909374165,0.8213,0.014819919028118864,0.1787,0.014819919028118864,52.6298459370931,0.8906792363886271
10,81,0.27985709053857244,0.019696836138551388,0.5704411832173665,0.012747140298953586,0.8283666666666667,0.004366157731156033,0.17163333333333333,0.004366157731156034,52.75778325398763,0.8925378168428226
10,82,0.2787070721959519,0.0202891980001487,0.506048844353358,0.02615983563499153,0.8438,0.01110720486891282,0.1562,0.01110720486891282,52.884796142578125,0.8931259129386737
10,83,0.2766957644115933,0.018110523451346845,0.5109037963231405,0.04002022818448107,0.8411333333333334,0.016617560992315684,0.15886666666666668,0.016617560992315684,53.010318756103516,0.894716160000702
10,84,0.2671302317023176,0.015747205187436143,0.5166958199977875,0.06339516233814088,0.8423666666666666,0.015963813245378856,0.15763333333333332,0.015963813245378856,53.133505503336586,0.8934468496545618
10,85,0.26860173965684386,0.014525658902166356,0.5058447635412217,0.04742103121068357,0.8475,0.014045995870709883,0.1525,0.014045995870709883,53.259342193603516,0.8887532076126687
10,86,0.26713127081376914,0.019100551431541463,0.5377626636107763,0.08379850788653316,0.8370000000000001,0.02316829730472226,0.163,0.02316829730472226,53.38530349731445,0.8904593888394652
10,87,0.2615854435132694,0.01792107536009489,0.5228161590417226,0.05862439607607769,0.8381333333333334,0.01203508759142751,0.1618666666666667,0.01203508759142751,53.509970347086586,0.890407040157339
10,88,0.25744175153188187,0.014161298470916763,0.5499838899930318,0.03885645131171469,0.8404333333333334,0.010954603294201677,0.15956666666666666,0.010954603294201677,53.63504409790039,0.885011155924856
10,89,0.2516768985735181,0.013716813802291554,0.5692498253186543,0.18153154995107762,0.8348333333333334,0.041812239037551366,0.16516666666666668,0.041812239037551366,53.75654729207357,0.8785664166687943
10,90,0.25428322708997986,0.012611364265019333,0.4935220746437708,0.022157985601654284,0.8467666666666668,0.0019629909152447038,0.15323333333333333,0.0019629909152447038,53.880455017089844,0.8761822400379375
10,91,0.24854010873286012,0.0160503670510786,0.5186621435324351,0.022842204804461315,0.8466,0.007901898506055383,0.15339999999999998,0.007901898506055383,54.0016237894694,0.8739981558769988
10,92,0.24556222874337755,0.018483905298593686,0.526768290456136,0.06038323958507855,0.8406666666666666,0.02020725942163692,0.15933333333333335,0.020207259421636918,54.12460708618164,0.869611574579376
10,93,0.2492328691919543,0.019782076299647722,0.5566227533181508,0.02884185047055837,0.8363333333333333,0.009785874173181162,0.16366666666666665,0.009785874173181162,54.2496083577474,0.8701607675499174
10,94,0.2436134537073759,0.009670724984014644,0.5422350724935531,0.06361231157008465,0.8395666666666667,0.014479065347367369,0.16043333333333332,0.014479065347367369,54.37229792277018,0.8656905996728496
10,95,0.24116444205333307,0.01728654849207813,0.5222522713979085,0.03694161938660811,0.8464333333333333,0.006493329911018971,0.15356666666666666,0.00649332991101897,54.49687576293945,0.868031917083252
10,96,0.23088492273344308,0.016667495993647544,0.5194406629244487,0.04943453182297817,0.8507000000000001,0.011952823934117021,0.1493,0.011952823934117021,54.61353556315104,0.8672598608569092
10,97,0.22946908810229152,0.020262910757619084,0.4874186798652013,0.01854182655957412,0.8521333333333333,0.005758761440911902,0.14786666666666667,0.005758761440911902,54.7301025390625,0.8702549105504161
10,98,0.2312475184180344,0.014927909308870389,0.5641425529559454,0.08173361089808044,0.8394,0.020335437049643173,0.16059999999999997,0.020335437049643173,54.85293451944987,0.8673102429708592
10,99,0.2290038353519773,0.012034553894823925,0.5195228451251984,0.07653732282250551,0.8477666666666667,0.02113417453636012,0.15223333333333336,0.02113417453636012,54.970587412516274,0.8597103563296116
10,100,0.225045056821491,0.017481347111339116,0.5382480526606241,0.04815047240789415,0.8433333333333334,0.01115093419105918,0.15666666666666665,0.01115093419105918,55.089595794677734,0.8601701598538652
