dropout,epoch,mean_train_loss,std_train_loss,mean_test_loss,std_test_loss,mean_test_acc,std_test_acc,mean_test_error,std_test_error,mean_weight_norm,std_weight_norm
0.0,1,1.6757762846739397,0.016070088797199743,1.948280719502767,0.32269913217448104,0.3736333333333333,0.048906577608061386,0.6263666666666666,0.04890657760806143,37.626365661621094,0.07101818948796239
0.0,2,1.2899599036190719,0.02299410140125301,1.2917196955362957,0.09227453714842174,0.5532666666666667,0.01775678274162672,0.44673333333333326,0.017756782741626724,37.883836110432945,0.07129203902986128
0.0,3,1.0941266377360417,0.0259348871331434,1.3336662033081055,0.26243919025508655,0.5664999999999999,0.04536066577994637,0.4335,0.04536066577994638,38.134254455566406,0.06850975081901908
0.0,4,0.9696142106409879,0.020543225465459097,1.1645405955632528,0.154551981125583,0.6120333333333333,0.04146339751314809,0.3879666666666666,0.04146339751314809,38.373251597086586,0.06870121785712267
0.0,5,0.8762677095938421,0.015078077270346843,1.1821989627838134,0.4211750086172911,0.6180333333333333,0.0928444038880822,0.38196666666666673,0.0928444038880822,38.606658935546875,0.06564026534670928
0.0,6,0.8035362663679618,0.007498503318715,1.0456934181213378,0.05635308303615334,0.6581,0.013509996299037257,0.34190000000000004,0.013509996299037257,38.83410517374674,0.06338134032439535
0.0,7,0.743966891510509,0.009817691368008379,0.8596192679405212,0.08000680540516304,0.7071333333333333,0.01959727872265262,0.29286666666666666,0.01959727872265262,39.054290771484375,0.06082031621543264
0.0,8,0.6946797814007407,0.0074675831224773215,0.8858517410596213,0.05229736752293419,0.7052,0.013952419145080145,0.2948,0.013952419145080145,39.26883316040039,0.05761653626506303
0.0,9,0.65608542120975,0.00587378365564445,0.801468246046702,0.05232907052544529,0.7359333333333334,0.015301089285842845,0.26406666666666667,0.015301089285842846,39.47780990600586,0.055451392463174314
0.0,10,0.6232582942248407,0.00922998585516654,0.780473667271932,0.027552959162810503,0.7392666666666666,0.005084617324178178,0.2607333333333333,0.005084617324178178,39.6814931233724,0.05153466853452585
0.0,11,0.595839976400569,0.009955465945645735,0.8794028999964397,0.17169933264923973,0.7082666666666667,0.052616759053873065,0.29173333333333334,0.052616759053873065,39.88227844238281,0.05049695675041565
0.0,12,0.5682561598521263,0.005289241210260728,0.7265951635360718,0.048056054681175284,0.7623666666666665,0.009089737803332594,0.23763333333333336,0.009089737803332592,40.08098602294922,0.04818025484377535
0.0,13,0.5472858468386624,0.008198525936785203,0.8077718900998434,0.02246508533169839,0.7426666666666667,0.004499259198282918,0.2573333333333333,0.004499259198282918,40.275211334228516,0.04532221111876069
0.0,14,0.525198511150487,0.009250600317491304,0.7637740537961323,0.13430496186707513,0.7543000000000001,0.03329999999999999,0.24569999999999995,0.033299999999999996,40.46712112426758,0.04475229830930908
0.0,15,0.5105854893279503,0.0057100830180694786,0.7401852814038595,0.1413556380487371,0.7684666666666667,0.02859830997337664,0.23153333333333329,0.02859830997337664,40.65864817301432,0.043958885251459155
0.0,16,0.49226339068660757,0.006853409146722829,0.757402669620514,0.1007010894605408,0.7585666666666667,0.02348581131946122,0.2414333333333333,0.02348581131946122,40.84614817301432,0.040640686206021875
0.0,17,0.47592143179612184,0.007778682020005743,0.7047928268432617,0.026265088514426233,0.7709333333333334,0.0033291640592396855,0.22906666666666667,0.0033291640592396855,41.03289286295573,0.041085397521805005
0.0,18,0.46353140574993484,0.007113296761715787,0.6696557061195373,0.11913197230098461,0.7877666666666667,0.021716660271168173,0.21223333333333336,0.021716660271168177,41.215771993001304,0.039037226408433746
0.0,19,0.45092459440942717,0.0109006615619791,0.6466599362055461,0.0858471864943824,0.7877333333333333,0.02422897714170644,0.21226666666666671,0.02422897714170644,41.398295084635414,0.039489060004856684
0.0,20,0.4378783254164056,0.008628635920757391,0.6913417663097382,0.04987210769304811,0.7793333333333333,0.00854068693568225,0.22066666666666668,0.00854068693568225,41.57992172241211,0.03942287109518339
0.0,21,0.4247117292545641,0.008925826255920798,0.6247362359364828,0.05986642393734229,0.8038333333333334,0.014759516703921317,0.19616666666666668,0.014759516703921317,41.76124699910482,0.03828358190241606
0.0,22,0.4149213703849432,0.004548145502691455,0.7041057458082834,0.17333927385949346,0.7807666666666667,0.04152858453322642,0.2192333333333333,0.04152858453322642,41.93895594278971,0.037819234661795556
0.0,23,0.40345256702572696,0.006769341839298843,0.615810510635376,0.1332995789561288,0.8043666666666667,0.03329404351131496,0.19563333333333333,0.03329404351131496,42.115552266438804,0.03795270996056909
0.0,24,0.39134749056229917,0.005568887591611968,0.7155660459518433,0.09735550733146027,0.7812666666666667,0.023958575361096388,0.21873333333333334,0.023958575361096388,42.291342417399086,0.03784134240287728
0.0,25,0.3843056748209097,0.005833520879598853,0.6171807221412658,0.03194554965268104,0.8069333333333333,0.009402836451482804,0.19306666666666664,0.009402836451482804,42.46467208862305,0.03843491732060052
0.0,26,0.37478703964193555,0.0030102667336732065,0.5748733636538188,0.042323113339585994,0.8164000000000001,0.009516827202382117,0.18359999999999999,0.009516827202382115,42.63778559366862,0.038678079664364866
0.0,27,0.36764344249082653,0.0051027528870579725,0.6346429095904033,0.03306013239974298,0.7935666666666666,0.009623062575569876,0.20643333333333336,0.009623062575569876,42.8106320699056,0.037627606943237565
0.0,28,0.35864753932243526,0.002664465831662529,0.6651264313538869,0.02622179709379708,0.7951999999999999,0.004869291529575904,0.2048,0.004869291529575904,42.982496897379555,0.03781483007245485
0.0,29,0.35170196299103723,0.0040641158473344935,0.5938912522315979,0.057246411595088115,0.8108333333333334,0.01559241268480708,0.18916666666666668,0.015592412684807083,43.15194574991862,0.03749716754188012
0.0,30,0.3440189944661182,0.0017094255528303853,0.6436090222676595,0.16267940179091292,0.8065333333333333,0.033285181888241686,0.19346666666666668,0.033285181888241686,43.321417490641274,0.03778034618510716
0.0,31,0.33452153284633046,0.007087145046647299,0.5378917556126913,0.009984120975867103,0.8311333333333333,0.005081666393352993,0.16886666666666664,0.005081666393352992,43.49030303955078,0.039418000576492966
0.0,32,0.32944363335311055,0.0055964654643460105,0.5837085351308188,0.05724229676115713,0.8153333333333332,0.011402338941345912,0.18466666666666665,0.011402338941345912,43.658957163492836,0.04088279246819106
0.0,33,0.32274556209516647,0.003584694220940148,0.6159000501155854,0.07446773659613183,0.8102999999999999,0.01268345378830232,0.1897,0.01268345378830232,43.82667668660482,0.04329945717248144
0.0,34,0.31650484801100953,0.006803174714523835,0.6694792461077372,0.0866676569801714,0.7958999999999999,0.022194819215303356,0.20410000000000003,0.022194819215303356,43.99391174316406,0.04615679274709973
0.0,35,0.3090008161993791,0.004295197814405217,0.5387195841948191,0.06792998284826843,0.8279,0.018421997720117104,0.1721,0.018421997720117104,44.159566243489586,0.04691522167376698
0.0,36,0.3024689033818062,0.0018512900201410095,0.6593623030662537,0.025624230638790105,0.8063666666666666,0.007489548272982391,0.19363333333333332,0.007489548272982391,44.324503580729164,0.04746238831333916
0.0,37,0.2982188248776617,0.004725114992334499,0.5946880368073781,0.06260816895926553,0.8174,0.015950235107985086,0.1826,0.015950235107985086,44.48838424682617,0.04692505282010564
0.0,38,0.2937791068281563,0.003031336596311239,0.5674931958715121,0.014059123541550212,0.8253666666666666,0.004675824347998267,0.17463333333333333,0.004675824347998267,44.65228017171224,0.04766854744298993
0.0,39,0.2874220623003552,0.006758572149419402,0.5531321891307831,0.06968158202402834,0.8302,0.016839536810732074,0.16979999999999998,0.016839536810732074,44.81533686319987,0.04890507540408527
0.0,40,0.2828370115615726,0.006567077488836657,0.5801439699729284,0.11932036955374552,0.8266333333333332,0.02790292696713612,0.1733666666666667,0.027902926967136123,44.9777577718099,0.049929787259034415
0.0,41,0.2758006251147946,0.0016821949189396463,0.4970519595464071,0.0324095522825838,0.8468666666666667,0.00903677671149026,0.15313333333333334,0.00903677671149026,45.138955434163414,0.05067333063049689
0.0,42,0.27324545647685383,0.005533118724973769,0.7910696796576181,0.30182508899603216,0.7897333333333334,0.051363443550187834,0.21026666666666669,0.051363443550187834,45.30011240641276,0.05131647344220204
0.0,43,0.26827715358872345,0.0027050487798768973,0.6989239372571309,0.12438212695813673,0.8000333333333334,0.031050013419213394,0.19996666666666665,0.031050013419213398,45.459921518961586,0.0537347857586168
0.0,44,0.26232417767513333,0.004014945277809493,0.5220132120768229,0.04801576363792917,0.8461,0.00835942581760255,0.1539,0.00835942581760255,45.620262145996094,0.052074608422802565
0.0,45,0.25882648194537444,0.006952988960920098,0.5517597566922505,0.04758112842181714,0.8362999999999999,0.010289800775525255,0.16370000000000004,0.010289800775525253,45.77878952026367,0.054308863488484495
0.0,46,0.2537944290313778,0.0031206310171482832,0.5516780757904053,0.034935757934367324,0.8348,0.01062261737991159,0.1652,0.01062261737991159,45.93626912434896,0.05584986963320958
0.0,47,0.2488574891875975,0.0072545652589102415,0.5584483663717906,0.05398980657599668,0.8358666666666666,0.012133150181767876,0.16413333333333333,0.012133150181767876,46.09419631958008,0.05669594590657841
0.0,48,0.2472193333219486,0.003824611756728748,0.6464472683588663,0.07973810008566408,0.8180666666666667,0.017737061011715908,0.1819333333333333,0.017737061011715908,46.250665028889976,0.05898515170228861
0.0,49,0.24442815536098003,0.0018470777216757282,0.6361112459659576,0.048573967187338245,0.8227333333333334,0.011168855506869694,0.17726666666666666,0.011168855506869694,46.40666198730469,0.06060913260937532
0.0,50,0.23707376012716755,0.0034877024074329173,0.5197506587664286,0.06307411503419723,0.8441,0.01172049487009832,0.1559,0.011720494870098318,46.5613899230957,0.06218745889468398
0.0,51,0.23480996160505171,0.004555344280168951,0.5488867542743683,0.055457662532136486,0.8409333333333334,0.013747848316494213,0.1590666666666667,0.013747848316494213,46.71533075968424,0.06270021092534703
0.0,52,0.229130513813642,0.005297139789575809,0.5508309884230296,0.06971692323720499,0.8372666666666667,0.013476028099307792,0.1627333333333333,0.013476028099307792,46.86828486124674,0.0625004686087187
0.0,53,0.2256102735162391,0.003807631704414491,0.5602808933417003,0.0993228512628407,0.8435333333333334,0.02011624550788081,0.15646666666666664,0.02011624550788081,47.02047220865885,0.06261705871299532
0.0,54,0.2221663190593398,0.0029367884199342385,0.5671830452442169,0.08450690599542467,0.8382666666666667,0.018744154644404036,0.16173333333333337,0.018744154644404036,47.174065907796226,0.0637227247789526
0.0,55,0.2192217065728026,0.0023378517088862585,0.5283502616405488,0.05582776709687191,0.8461,0.011624543001769986,0.1539,0.011624543001769986,47.32429758707682,0.06444748221758154
0.0,56,0.2150424096514197,0.003830419436915313,0.5923159080664316,0.09457530439791027,0.8347666666666665,0.021338775347552946,0.16523333333333334,0.021338775347552942,47.47610600789388,0.064568887766381
0.0,57,0.2136421215173432,0.003770672778894631,0.605576742998759,0.08748352912610391,0.8331666666666666,0.018422088191443777,0.16683333333333336,0.018422088191443777,47.62647374471029,0.06502298293951361
0.0,58,0.21092059441666675,0.002409192752199219,0.529986388305823,0.02836099094267293,0.8489999999999999,0.007402026749478782,0.15100000000000002,0.007402026749478783,47.77597173055013,0.06840900832469714
0.0,59,0.20722486818080665,0.003918986219094203,0.5452887525399527,0.1059650938939,0.8481000000000001,0.019755252466116462,0.15189999999999995,0.019755252466116462,47.9245974222819,0.06955508845094345
0.0,60,0.2058361328928672,0.003160701245149428,0.5535665758689244,0.020959413736617173,0.8443999999999999,0.003950949253027691,0.15559999999999996,0.003950949253027691,48.07408014933268,0.06985285992405511
0.0,61,0.20169906847286914,0.003096006938499708,0.5470160243670145,0.026874287330374426,0.8456999999999999,0.006533758489567827,0.1543,0.006533758489567827,48.22248840332031,0.07010621492061887
0.0,62,0.19741946572512514,0.0034034279112806357,0.5444848905563354,0.03995706528248006,0.8438666666666667,0.01257033545031052,0.15613333333333335,0.01257033545031052,48.369588216145836,0.0702078294265217
0.0,63,0.19493052922348028,0.0013859241053852912,0.5535683571497599,0.07210014270716704,0.8479666666666668,0.011184960139997535,0.15203333333333333,0.011184960139997535,48.51440938313802,0.07153211531500925
0.0,64,0.19257130222958777,0.005118104253701755,0.5407871596256891,0.05649757647805844,0.8480333333333334,0.009332916657365636,0.15196666666666667,0.009332916657365636,48.65939203898112,0.07161185656083192
0.0,65,0.18833916706095774,0.004589245311604614,0.5589105295976003,0.07001059659485963,0.8450333333333333,0.017273196963310904,0.15496666666666667,0.017273196963310904,48.80379104614258,0.07081083203780988
0.0,66,0.18796376766476586,0.0019664255249845167,0.5543594048500061,0.07494412730229892,0.8461666666666666,0.012023865157815648,0.1538333333333333,0.012023865157815648,48.946852366129555,0.0716184431606372
0.0,67,0.183964940872542,0.0040203964709280655,0.5429185963948568,0.0231850782860285,0.8505333333333333,0.0028867513459481316,0.14946666666666672,0.002886751345948131,49.090555826822914,0.07315762340172093
0.0,68,0.1800883976490144,0.001533912769912022,0.534118736743927,0.012042046393288245,0.8512666666666666,0.005923118547972275,0.14873333333333336,0.005923118547972275,49.23271942138672,0.07373629033477087
0.0,69,0.17931931341687837,0.0024854138795541007,0.5466616648832957,0.010664986614805527,0.851,0.005737595315112465,0.14900000000000002,0.005737595315112465,49.37549336751302,0.07329031399568503
0.0,70,0.17607165888294843,0.0036895515803924707,0.5594183481375377,0.03771630906988701,0.8483999999999999,0.004699999999999982,0.15159999999999998,0.004699999999999982,49.516387939453125,0.07455661778708486
0.0,71,0.17422969098133811,0.0022162466552369826,0.5871055737495422,0.01586992297843933,0.8412333333333333,0.0051675268101223325,0.1587666666666667,0.0051675268101223325,49.65613810221354,0.07653230837842724
0.0,72,0.17130735748386341,0.0045591367798842545,0.5551690103371937,0.03850966782296238,0.8506333333333332,0.008173942337289472,0.14936666666666668,0.008173942337289472,49.79696909586588,0.07516323355275191
0.0,73,0.17023334965960957,0.0002345471739641087,0.6099424874623617,0.09781243537848977,0.8388,0.023047559523732677,0.16119999999999998,0.023047559523732677,49.93622716267904,0.07802933598308695
0.0,74,0.16957112284216835,0.003204276156499546,0.6130901952743532,0.06416732713152724,0.8388666666666666,0.008974593769822266,0.16113333333333335,0.008974593769822266,50.07597732543945,0.0787593497253796
0.0,75,0.16408108516841594,0.001460346655253923,0.5345889290332795,0.046778427805126845,0.8519333333333333,0.013273030299571161,0.14806666666666665,0.013273030299571161,50.214561462402344,0.08080542998738426
0.0,76,0.16289679539681293,0.003580121375554855,0.572903749358654,0.0505728706326972,0.8497666666666666,0.009523829761883268,0.15023333333333333,0.009523829761883268,50.35174051920573,0.08319001277203482
0.0,77,0.16214670405071308,0.003179783348982146,0.5717809847195943,0.004639739039520374,0.8464,0.005550675634551166,0.1536,0.005550675634551166,50.48962529500326,0.08461162140172873
0.0,78,0.15742644841345274,0.004619945257031639,0.5207676049550375,0.023987478113283067,0.8588999999999999,0.00443057558337514,0.1411,0.00443057558337514,50.624603271484375,0.08522048726491208
0.0,79,0.1544531135734898,0.004246762574837499,0.5935865034302076,0.04615319203440761,0.8447,0.009534673565466213,0.1553,0.009534673565466213,50.75889333089193,0.08725929319316995
0.0,80,0.15495030773773422,0.004411496291989659,0.569406906414032,0.026741578330680884,0.8519,0.00476969600708475,0.14809999999999998,0.00476969600708475,50.895975748697914,0.08791301828898541
0.0,81,0.15216840469204557,0.00038394771130910693,0.6362349619468053,0.07293254791261979,0.8429666666666668,0.011913997370040562,0.15703333333333333,0.011913997370040562,51.02960713704427,0.0908819945651605
0.0,82,0.15065889910676494,0.002907589829645079,0.5351951237519582,0.04826272013998973,0.858,0.007830708780180775,0.14200000000000002,0.007830708780180775,51.16339365641276,0.0904189827293659
0.0,83,0.1503732832178842,0.001059872404776923,0.6407345191637676,0.11264443696299277,0.8385333333333334,0.021774373316661346,0.16146666666666665,0.021774373316661346,51.29677708943685,0.09309430860337756
0.0,84,0.14868431202972027,0.0025778062271330903,0.5388672127405804,0.01381626415280899,0.8579666666666667,0.0029737742572921366,0.14203333333333332,0.0029737742572921366,51.429500579833984,0.09370923343380089
0.0,85,0.14545020903798114,0.0012886781714324849,0.5618926391243935,0.08159538801052954,0.8565,0.011688883607941344,0.14349999999999996,0.011688883607941344,51.56077448527018,0.09618425140945618
0.0,86,0.14292819150751304,0.004707813183570103,0.5200308445135752,0.04476218321575619,0.8642666666666666,0.007757147241952618,0.1357333333333333,0.007757147241952618,51.69077173868815,0.0975878886273626
0.0,87,0.140620602121718,0.002990190738676797,0.5669491878668467,0.04267294858726163,0.8561333333333333,0.01057654638023838,0.14386666666666667,0.01057654638023838,51.82020060221354,0.09771808226429249
0.0,88,0.13719680897084852,0.002240394799075902,0.5619664394537608,0.03450052124929312,0.8560666666666666,0.0063437633415295,0.14393333333333333,0.0063437633415295,51.94836552937826,0.09873972279030785
0.0,89,0.13552423357607865,0.003715725830757526,0.5251711782932281,0.04686745096985273,0.8661666666666666,0.006423654204059665,0.13383333333333333,0.006423654204059665,52.076080322265625,0.09799246251798265
0.0,90,0.13716531247662767,0.0026348374664359074,0.6043229754765828,0.1488242790112553,0.8501333333333333,0.027308850824107073,0.14986666666666668,0.027308850824107073,52.20506286621094,0.09637909388203578
0.0,91,0.13499281544933844,0.003308775214652259,0.5502544230937958,0.060973598884890304,0.8597666666666667,0.00871569465581104,0.14023333333333332,0.00871569465581104,52.33275477091471,0.09588029033348201
0.0,92,0.13094699765473783,0.00444281233061218,0.6073813522497813,0.08782607051494366,0.8485,0.01848864516399186,0.15149999999999997,0.01848864516399186,52.45789464314779,0.09393104274067982
0.0,93,0.1295625191048512,0.004512495171880023,0.580030529387792,0.07925806462097407,0.8579666666666667,0.008130395644329547,0.14203333333333334,0.008130395644329547,52.58418655395508,0.09442877362989051
0.0,94,0.1278504242728332,0.0032921232303822546,0.613701954682668,0.061047085363487505,0.8530666666666668,0.010980588933811,0.14693333333333333,0.010980588933811,52.70949172973633,0.09596917768813368
0.0,95,0.12691728625595822,0.002506720325366574,0.5640972850322723,0.020937335501775112,0.8615,0.0023811761799581,0.13849999999999998,0.0023811761799581,52.83398691813151,0.09605956378787212
0.0,96,0.1252307705279481,0.0029308229842777275,0.5901042795976003,0.07889217972468064,0.8571,0.013550276749941307,0.1429,0.013550276749941307,52.957967122395836,0.09563739745726721
0.0,97,0.12512209626249748,0.00439804502645373,0.5848434452851614,0.01534893654851402,0.8605,0.004229657196511316,0.13950000000000004,0.004229657196511316,53.08183670043945,0.09455389292459539
0.0,98,0.12169102883920746,0.005236049188344591,0.6138521367708841,0.05529150375005454,0.8505333333333334,0.010920317455703111,0.14946666666666664,0.010920317455703111,53.204115549723305,0.09493141510350837
0.0,99,0.12057215750585838,0.001972416242161772,0.5643312292893728,0.031358166505045096,0.8647,0.006937578828380992,0.13529999999999998,0.006937578828380992,53.32589848836263,0.09678358671215155
0.0,100,0.12121540074572539,0.004027171168170708,0.5664336344877879,0.045899619773671345,0.8635666666666667,0.005810622456616302,0.13643333333333332,0.005810622456616302,53.449517567952476,0.09911041024062088
0.05,1,1.807312196986043,0.004840336580220414,1.6346497008641563,0.037603130923394706,0.39840000000000003,0.006931089380465372,0.6015999999999999,0.006931089380465358,37.52697881062826,0.07398879769016938
0.05,2,1.5219428250653462,0.014781253985442812,1.419028756904602,0.06652861383857153,0.4751666666666667,0.028022550443050954,0.5248333333333334,0.028022550443050964,37.68154780069987,0.079130547245439
0.05,3,1.382068960054858,0.020985116804784303,1.2853345645904541,0.08037045164712378,0.5295666666666667,0.028152501369031697,0.4704333333333333,0.028152501369031697,37.84662882486979,0.08482497107755141
0.05,4,1.254519151858763,0.023930904780512324,1.2129212060292562,0.08064613738299077,0.5674333333333333,0.0180200813908632,0.4325666666666666,0.0180200813908632,38.02218246459961,0.08438874092857296
0.05,5,1.151924578379284,0.021466107603669887,1.0588191393216453,0.04622039334960156,0.6182,0.01703173508483503,0.3818,0.01703173508483503,38.19817988077799,0.08257844971671639
0.05,6,1.0719788463219353,0.01679952386560782,1.0323477156321208,0.09845376041884452,0.6364666666666666,0.02745001517910935,0.3635333333333333,0.02745001517910935,38.37155532836914,0.0816457832447389
0.05,7,1.0075560712143588,0.02000623031113353,0.9307684745152791,0.014463585032929013,0.6670333333333334,0.0039828800299950545,0.3329666666666667,0.0039828800299950545,38.5425173441569,0.07905428311356719
0.05,8,0.9527772949073219,0.021221881251445657,0.9088437326749167,0.05431496260210786,0.6802666666666667,0.020693316151195566,0.3197333333333333,0.020693316151195566,38.711995442708336,0.07990045710512389
0.05,9,0.9057312293227473,0.017983800067009725,0.8486583864529927,0.029026257450595686,0.6988333333333334,0.00730570553289234,0.30116666666666664,0.0073057055328923405,38.8836415608724,0.07723104476498248
0.05,10,0.8651223119160912,0.018553254803556133,0.819920208422343,0.04443007151588128,0.7097333333333333,0.01608177021765116,0.2902666666666667,0.01608177021765116,39.05217742919922,0.0756752602734537
0.05,11,0.8237312932555124,0.01729312424049092,0.7947131377220154,0.06486364055944953,0.7235666666666667,0.01589853242703031,0.27643333333333336,0.01589853242703031,39.2193717956543,0.07266445269029767
0.05,12,0.7883761013458654,0.013147780146319394,0.7704058081944783,0.06780175484308194,0.7320333333333333,0.02074471820327609,0.26796666666666663,0.020744718203276093,39.38745371500651,0.0693826453380813
0.05,13,0.7587810000698484,0.01561063333103052,0.7347352051734924,0.017786265886825862,0.7458333333333335,0.0010016652800877816,0.25416666666666665,0.0010016652800877819,39.551971435546875,0.06703254276903434
0.05,14,0.7261873906683128,0.009916691642892123,0.6976586849212646,0.01126437598048672,0.7574333333333333,0.002532455988429692,0.2425666666666667,0.002532455988429692,39.717018127441406,0.06278108683035952
0.05,15,0.7021619615804813,0.011053809249282029,0.7001422788619994,0.057060195843414756,0.7606666666666667,0.020383898874683795,0.23933333333333331,0.020383898874683795,39.877488454182945,0.06122553998583035
0.05,16,0.6795825406921692,0.005719767252095974,0.680630467669169,0.057415262633012096,0.7690666666666667,0.0131264364293335,0.23093333333333332,0.0131264364293335,40.034193674723305,0.05609442407681788
0.05,17,0.6554321812851654,0.010330654300155189,0.6506288642565409,0.023966502435032663,0.7778,0.00883911760301893,0.22219999999999998,0.00883911760301893,40.19256718953451,0.054403893522493356
0.05,18,0.6337946169618247,0.00696317368204448,0.6290704125086467,0.05147491913332947,0.7846000000000001,0.014508273501695557,0.2154,0.014508273501695557,40.34953308105469,0.05192098223765035
0.05,19,0.6208438092028089,0.008642461143232836,0.6055698932329814,0.04146129726728219,0.7927666666666667,0.01676196090358566,0.20723333333333335,0.016761960903585657,40.50287755330404,0.04910899330076706
0.05,20,0.6024587648553109,0.005558116439763962,0.5871086255073548,0.02728014763632852,0.8026,0.005102940328869255,0.19740000000000002,0.005102940328869255,40.655043284098305,0.04647370707599628
0.05,21,0.5891795719371122,0.009844162008601977,0.6023441912651062,0.04664869090204265,0.7959,0.015519987113396702,0.20409999999999998,0.015519987113396702,40.804543813069664,0.047013613392259304
0.05,22,0.5745321085640028,0.006933809811576918,0.5745236807823182,0.035577005796307654,0.8047,0.010753139076567353,0.19530000000000003,0.010753139076567353,40.953240712483726,0.0445423776486748
0.05,23,0.5599484135732626,0.005377691751577135,0.5663598675727844,0.017534001329308914,0.8101333333333334,0.004085747585611854,0.18986666666666666,0.004085747585611854,41.10131327311198,0.0426311970944407
0.05,24,0.5455418281695422,0.007945401575443992,0.5760737648646037,0.014314259282718303,0.8082333333333334,0.005428013755816496,0.19176666666666664,0.005428013755816496,41.24910354614258,0.04294296799758675
0.05,25,0.536044846638999,0.0066494526712496975,0.5416999530792236,0.00948018140276177,0.8189666666666667,0.004064890322423649,0.18103333333333335,0.004064890322423649,41.39449564615885,0.041529042390271546
0.05,26,0.5249580938086383,0.0069733509294492325,0.5299227832953135,0.025833703311877326,0.8229666666666667,0.005578829028867374,0.17703333333333335,0.005578829028867374,41.54089228312174,0.04205224203739038
0.05,27,0.5146285301330042,0.008541929512825001,0.5130386713981628,0.02107559189282151,0.8266,0.008528188553262692,0.1734,0.008528188553262692,41.6848398844401,0.03981392031244018
0.05,28,0.5035860882492423,0.0039417686466445894,0.5334281850020091,0.03280501846014767,0.8233,0.008241965784932638,0.1767,0.008241965784932638,41.82806142171224,0.038658343351553055
0.05,29,0.4943704435130214,0.0069126871349856,0.49336671085357664,0.017397661994166008,0.8347666666666668,0.0052481742857238695,0.16523333333333332,0.005248174285723869,41.97025044759115,0.036825740208182675
0.05,30,0.4868048389346195,0.008441034363536985,0.496385998694102,0.001435120987828552,0.8342666666666667,0.00040414518843274387,0.16573333333333332,0.00040414518843274387,42.11196772257487,0.0370396595919432
0.05,31,0.4764445578045857,0.008041639068817882,0.48102318743069966,0.005034606934928902,0.8400333333333334,0.0018036999011291272,0.15996666666666667,0.0018036999011291272,42.253807067871094,0.03715280313923987
0.05,32,0.46820064876085654,0.0035164716604090813,0.4921086650689443,0.03094784845266221,0.8372999999999999,0.007607890640644089,0.16270000000000004,0.007607890640644089,42.39439392089844,0.03619449656710521
0.05,33,0.46022713096702805,0.005180347629628259,0.4863938258091609,0.01888925885425838,0.8366000000000001,0.008453993139339576,0.1634,0.008453993139339576,42.534793853759766,0.03506413597109213
0.05,34,0.45301154960909157,0.0068227178990052165,0.48046913882891334,0.018044749650378115,0.8385333333333334,0.006753024013975796,0.16146666666666665,0.006753024013975796,42.67424774169922,0.035954183881009905
0.05,35,0.444811022279106,0.005158008821377212,0.4743675878683726,0.013109906950444214,0.8411666666666667,0.004534681172181067,0.1588333333333333,0.004534681172181067,42.81201934814453,0.03843476511833465
0.05,36,0.43978471159680926,0.005749420937134604,0.4759295340299607,0.039022043485119604,0.8412333333333333,0.012813014217323502,0.1587666666666667,0.012813014217323502,42.95106633504232,0.03833278156220762
0.05,37,0.43291030504057165,0.0049497410702867934,0.4550407244205475,0.016041802067481844,0.8469000000000001,0.006223343153000686,0.1531,0.006223343153000687,43.088263193766274,0.037653210342579325
0.05,38,0.4270918121829768,0.0076036449761158744,0.46502736035982767,0.009067985812096667,0.8472333333333334,0.0024684678108764877,0.15276666666666663,0.0024684678108764877,43.22595342000326,0.037815474256193325
0.05,39,0.41760045175662125,0.007559129096192614,0.4695929036935171,0.007819806063772368,0.8440666666666666,0.002023198787399169,0.15593333333333334,0.002023198787399169,43.36181386311849,0.03714035752736018
0.05,40,0.41617050808866307,0.005081790764092746,0.47080165789922074,0.04577948489666413,0.8450333333333333,0.013972950058356817,0.1549666666666667,0.013972950058356817,43.49737675984701,0.037463698911972994
0.05,41,0.40723844764330197,0.0051712274691743665,0.45491442964871726,0.013800000922980829,0.8483666666666666,0.005877357682950129,0.15163333333333337,0.005877357682950129,43.63308970133463,0.0374441118229587
0.05,42,0.4038763381254948,0.005025357789638033,0.4506811542113622,0.03530238723202393,0.8512666666666666,0.010916195918603412,0.1487333333333333,0.010916195918603412,43.76659266153971,0.035951015341202534
0.05,43,0.39640689446239114,0.0076371765896305205,0.4403254030386607,0.002571891713688944,0.8535666666666667,0.0028867513459481316,0.14643333333333333,0.002886751345948131,43.90141169230143,0.03763087703289843
0.05,44,0.3912562160210435,0.007733451578016682,0.4439825822194417,0.022078909285379915,0.8549333333333333,0.007636971476530031,0.14506666666666668,0.007636971476530031,44.03648885091146,0.03746052960135868
0.05,45,0.3865446426349121,0.003578455860320435,0.4316297681172689,0.011317077788721971,0.8598666666666667,0.002064784088793107,0.14013333333333333,0.002064784088793107,44.170180002848305,0.03760051064937045
0.05,46,0.3824693630723392,0.006996945457422434,0.4529761278152466,0.02219621416687382,0.8525333333333333,0.006230837289910019,0.14746666666666666,0.006230837289910019,44.30279286702474,0.038081733675895846
0.05,47,0.3771502080247225,0.007543523923615756,0.4599364401340485,0.05219038026593947,0.8504333333333333,0.015362725452644579,0.14956666666666665,0.015362725452644579,44.43521372477213,0.03972260607526406
0.05,48,0.37305185800927987,0.006037590645625514,0.44431118222077687,0.0199925949013657,0.8537,0.010521881960942158,0.14629999999999999,0.010521881960942158,44.56812032063802,0.03925176166059712
0.05,49,0.369150805808699,0.0076748889819218185,0.42764453330039975,0.01990349123287441,0.859,0.007070360669725435,0.14100000000000001,0.007070360669725435,44.700323740641274,0.038746344583059956
0.05,50,0.36458311174684166,0.0041263439506699605,0.4267602895577749,0.027173701192576647,0.8624999999999999,0.007184010022264689,0.13749999999999998,0.007184010022264689,44.832523345947266,0.038146195022286285
0.05,51,0.35778220753738843,0.0057758316876947895,0.4338851586977641,0.014754996918247937,0.8584999999999999,0.004590206967011395,0.1415,0.004590206967011395,44.964804331461586,0.03713161857750358
0.05,52,0.35417236011707165,0.0088140241449285,0.42383940108617146,0.02517146654197052,0.8618666666666667,0.005052062285179552,0.13813333333333333,0.005052062285179552,45.09488423665365,0.03498531743296636
0.05,53,0.34855420754083893,0.003669992373520419,0.4220762604355812,0.017564877866709815,0.8618666666666667,0.005350077881053071,0.13813333333333333,0.005350077881053071,45.22445933024088,0.03423422169750788
0.05,54,0.34850809924488685,0.005413640872662355,0.4285004525184632,0.02147899905841893,0.8592666666666666,0.003901709027251194,0.14073333333333335,0.003901709027251194,45.354366302490234,0.034231404576777806
0.05,55,0.3452833860934746,0.008955833410946325,0.4268477944056193,0.025372869979419566,0.8619,0.007554468876102411,0.13809999999999997,0.00755446887610241,45.48267491658529,0.03417409300432139
0.05,56,0.3380522047568872,0.005082405803625145,0.40580300649007156,0.012124753817598012,0.8677666666666667,0.006785523806850393,0.13223333333333334,0.006785523806850393,45.610748291015625,0.032280389534625066
0.05,57,0.33681937504658205,0.0068113944670700165,0.41696503540674845,0.01991128694635888,0.8640333333333334,0.007505553499465142,0.13596666666666665,0.007505553499465142,45.738224029541016,0.0331960170426969
0.05,58,0.33254623815785683,0.0070675646899286204,0.4144326019366582,0.01559740895526846,0.8650333333333333,0.001975685535031661,0.13496666666666668,0.001975685535031661,45.86662292480469,0.035221242393090366
0.05,59,0.3284459426833947,0.008299083106646593,0.4128558801015218,0.014140990471851389,0.8661,0.004419275958796893,0.13390000000000002,0.004419275958796893,45.99355697631836,0.03739118488180175
0.05,60,0.32703991200638344,0.004815489660133814,0.4127538115342458,0.010610908481522456,0.8664666666666667,0.0035949038002891665,0.1335333333333333,0.003594903800289166,46.12049229939779,0.040225690247033714
0.05,61,0.3224163963590436,0.007491660656357612,0.4120748781601588,0.010839232321454752,0.8672666666666666,0.003607399802258308,0.13273333333333334,0.003607399802258308,46.24692916870117,0.041572614380296816
0.05,62,0.3189498586778649,0.005363427281442411,0.39706760368347166,0.009993006547593716,0.8724999999999999,0.0023811761799581,0.12750000000000003,0.0023811761799581,46.37234878540039,0.04281822099038196
0.05,63,0.31351145706873923,0.0021946727538997954,0.3953374270439148,0.01993671090648445,0.8738000000000001,0.0049000000000000155,0.12619999999999998,0.0049000000000000155,46.49819691975912,0.04189232598914454
0.05,64,0.3144692658412589,0.00798772540916259,0.4042608246008555,0.019430711754773074,0.8702333333333333,0.006016920585593059,0.12976666666666667,0.006016920585593059,46.62278747558594,0.042518233772066795
0.05,65,0.31064528037570827,0.005943231094189128,0.4043495852152506,0.013078819213865743,0.8704000000000001,0.0034044089061098554,0.12959999999999997,0.0034044089061098554,46.746636708577476,0.04310246449622227
0.05,66,0.30802715378547463,0.003520150810589441,0.4003971839984259,0.012254285499876108,0.8715666666666667,0.0017156145643276832,0.12843333333333337,0.0017156145643276832,46.86975224812826,0.042181964078457077
0.05,67,0.3030685561392313,0.004751003272224548,0.38522049446105955,0.0070084224735094255,0.8746999999999999,0.002981610303175125,0.1253,0.002981610303175125,46.99395751953125,0.04211351888118928
0.05,68,0.30004779368207074,0.0067680134147876,0.40127002325057987,0.014529189917586048,0.8727333333333332,0.002157158624981784,0.12726666666666667,0.002157158624981784,47.11718622843424,0.043363729070730134
0.05,69,0.30060712332564954,0.008303345500691159,0.4008896352450053,0.011010059727749946,0.8697666666666667,0.005089531740085054,0.13023333333333334,0.005089531740085054,47.241493225097656,0.04311035759546988
0.05,70,0.2968784235322567,0.006144884153560852,0.4082243717432022,0.024487314332376994,0.8707333333333334,0.009194744875924102,0.12926666666666667,0.009194744875924102,47.364636739095054,0.04428853542328677
0.05,71,0.2926793833599066,0.005355283446057381,0.39078307380676264,0.008533579458949525,0.8765333333333333,0.002596792893808302,0.12346666666666666,0.0025967928938083022,47.48753102620443,0.044126026518335686
0.05,72,0.29044882739748795,0.006579470426529871,0.3922300796667735,0.008665548454234603,0.8734333333333333,0.0030892285984260416,0.1265666666666667,0.003089228598426042,47.610130310058594,0.04492872188571381
0.05,73,0.28785379571428893,0.005533399293092155,0.41013877607981364,0.01919597114052592,0.8720666666666667,0.005460158727851549,0.12793333333333332,0.005460158727851549,47.73234939575195,0.04345310804922659
0.05,74,0.2851185482836949,0.00541983319537769,0.3993785567919413,0.008498557373581477,0.8713333333333333,0.0031659648345067548,0.12866666666666662,0.0031659648345067548,47.853354136149086,0.04420594247806673
0.05,75,0.2804218701198888,0.006903308713352546,0.40801698942184444,0.01653011807479389,0.8713666666666667,0.004465795935030329,0.1286333333333333,0.004465795935030329,47.9747314453125,0.04548095511893561
0.05,76,0.2809138456192773,0.004755871997113201,0.40277443513870237,0.014854573888135339,0.8737,0.004275511665286382,0.1263,0.004275511665286382,48.09532674153646,0.046614790554053334
0.05,77,0.27936590171378595,0.006789423840887045,0.38658401718934376,0.01457446960429716,0.8753666666666667,0.004565449959569518,0.1246333333333333,0.004565449959569518,48.2140998840332,0.04608644939348647
0.05,78,0.2752306155815962,0.007645796543318009,0.4045634508689244,0.009780732713085464,0.8740666666666668,0.004823207784590367,0.12593333333333334,0.004823207784590367,48.332393646240234,0.04630126422607488
0.05,79,0.27214217362552245,0.007008248214416241,0.40121447877883915,0.02050282987347504,0.8728000000000001,0.004582575694955844,0.12719999999999998,0.004582575694955844,48.451324462890625,0.04604558173098197
0.05,80,0.275188853457659,0.006785237689537094,0.38751009761492416,0.014413554452747902,0.8768333333333334,0.0022479620400116316,0.12316666666666669,0.0022479620400116316,48.5686149597168,0.0464879506152436
0.05,81,0.2702626705690519,0.003313545294074671,0.40258773064613346,0.008383558671548155,0.8729333333333334,0.0010066445913694327,0.12706666666666666,0.0010066445913694327,48.68671162923177,0.04701083965185158
0.05,82,0.26740438060458666,0.006147622841865477,0.38618336403369896,0.010820156308766978,0.8781333333333333,0.004125934237640395,0.12186666666666668,0.004125934237640395,48.80398432413737,0.04682896265864769
0.05,83,0.2667605948760686,0.0057756955402627,0.3939721648216247,0.011011452321288407,0.8757666666666667,0.002450170062124948,0.12423333333333335,0.002450170062124948,48.920483907063804,0.04615132724687763
0.05,84,0.2652597094219867,0.0030298528552951415,0.39050723385016123,0.017453610450042175,0.8757333333333334,0.005159780357082415,0.12426666666666664,0.005159780357082415,49.03609085083008,0.044383754655762185
0.05,85,0.26037462422813196,0.0040630240846070646,0.3817359043757121,0.014358098673522503,0.8809333333333332,0.0034151622704248616,0.11906666666666665,0.0034151622704248616,49.15275446573893,0.04327224006068662
0.05,86,0.25966414969290613,0.007084459463788658,0.39519588295618696,0.012904127179053492,0.8774000000000001,0.004403407771260815,0.1226,0.004403407771260815,49.267906188964844,0.04277880092856383
0.05,87,0.25540873484538335,0.004010064490535068,0.38852235705455146,0.007420173346204592,0.8769333333333332,0.0017039170558843081,0.12306666666666666,0.0017039170558843081,49.38375473022461,0.04372731068418797
0.05,88,0.2550344681025873,0.003015036733263955,0.3970037949800491,0.031305137495645174,0.8763666666666667,0.006372074492136253,0.12363333333333333,0.006372074492136253,49.49923833211263,0.04282779670342925
0.05,89,0.25207339086826297,0.005139717165781706,0.39857589434782664,0.005998690806937391,0.8766666666666666,0.0010408329997330763,0.12333333333333336,0.0010408329997330763,49.61387507120768,0.0429794054361635
0.05,90,0.25301879428435065,0.003659676927788695,0.3811720631678899,0.014226245563626382,0.8809999999999999,0.002193171219946183,0.119,0.002193171219946183,49.72747294108073,0.044387096356773105
0.05,91,0.24771983926609245,0.004984398898658924,0.3858903236071269,0.01804533991859809,0.8804,0.0043965895873961,0.1196,0.0043965895873961,49.83997472127279,0.04435712893907698
0.05,92,0.24589895157227634,0.0029233386346520463,0.38268774229685465,0.006047525363743248,0.8804333333333333,0.0034268547289509365,0.11956666666666667,0.0034268547289509365,49.953372955322266,0.044126465234512594
0.05,93,0.2462757890893167,0.0033355624016629193,0.38418423027594883,0.004832965403887513,0.8802666666666666,0.0002886751345948452,0.11973333333333332,0.0002886751345948452,50.06506474812826,0.043399721154310976
0.05,94,0.24339504412931964,0.00578823170109154,0.38446546639601387,0.0036127915245785574,0.8808666666666666,0.0010115993936995204,0.11913333333333335,0.0010115993936995204,50.177843729654946,0.044874572165878965
0.05,95,0.24348550444851547,0.00536012064226808,0.37273534065882363,0.008936373224786267,0.8838333333333334,0.0018610033136277303,0.11616666666666664,0.0018610033136277303,50.28941090901693,0.04516315537065035
0.05,96,0.24024514790437004,0.004734412631762612,0.39358117531140646,0.011686790887403438,0.8804666666666666,0.001242309676905606,0.11953333333333331,0.001242309676905606,50.40033849080404,0.04556865125801662
0.05,97,0.23719709419279353,0.007209355213253016,0.382735983367761,0.011220900283625426,0.8849666666666667,0.005265295180076175,0.11503333333333332,0.005265295180076175,50.51053110758463,0.04537064446713863
0.05,98,0.23729107110345862,0.006266392185040337,0.3707091805378597,0.0037072767090486746,0.8843333333333333,0.003354598833442419,0.11566666666666665,0.003354598833442419,50.62231318155924,0.04718010581835075
0.05,99,0.23533966333842746,0.003921372948720228,0.38881510844230655,0.004491337335863855,0.8818,0.0028792360097776334,0.11820000000000001,0.0028792360097776334,50.73309453328451,0.04668601026004369
0.05,100,0.2352536124925987,0.005669182340871701,0.3702698084195455,0.00430646081258592,0.8858333333333333,0.0007637626158259498,0.11416666666666668,0.0007637626158259498,50.842230478922524,0.04698964102553231
0.1,1,1.8777937020182305,0.007405081190586749,1.6298545029958087,0.02446961657067036,0.3908333333333333,0.020199092388850894,0.6091666666666667,0.020199092388850894,37.48619842529297,0.0715531594549956
0.1,2,1.608221574512589,0.011526912966406191,1.4828550919850667,0.045997075940889115,0.45116666666666666,0.024613275550672525,0.5488333333333334,0.02461327555067258,37.61010996500651,0.07195361486864055
0.1,3,1.4818532863236449,0.013201887360383087,1.3529075942993165,0.03181121296398264,0.5010666666666667,0.00996309858093018,0.4989333333333333,0.00996309858093015,37.745147705078125,0.07378237313242038
0.1,4,1.3802794015824233,0.01520022393694236,1.30075540822347,0.050999697256390995,0.5301666666666667,0.011405408073950397,0.4698333333333333,0.011405408073950397,37.8880869547526,0.0757651021199486
0.1,5,1.2906450980866149,0.02207667653647981,1.1607570458094278,0.02380292945997377,0.5778,0.012416521251944923,0.42219999999999996,0.012416521251944923,38.03721618652344,0.08081240765296253
0.1,6,1.21503906202235,0.020070683022920494,1.0763058811823527,0.037369323120927236,0.6102,0.016336462285329718,0.3898,0.016336462285329714,38.18905258178711,0.08463024717179692
0.1,7,1.1452835127520746,0.021303615785428998,1.0562481345494588,0.03817870983167415,0.614,0.01148956047897396,0.38599999999999995,0.01148956047897396,38.34462356567383,0.08722905209896673
0.1,8,1.0905148096808184,0.021557029760960418,0.976588175646464,0.012672213934774768,0.6508333333333334,0.007670940837559196,0.3491666666666667,0.007670940837559196,38.500467936197914,0.08969520072155739
0.1,9,1.0379384566044463,0.01743998836791326,0.9761219887415568,0.07741415580130684,0.6484666666666666,0.02277242484526698,0.3515333333333334,0.02277242484526698,38.657213846842446,0.08770944098918747
0.1,10,0.9972911226576654,0.01583530563387005,0.9242982256571451,0.017383325932378423,0.6655333333333333,0.00750355471315655,0.3344666666666667,0.00750355471315655,38.81224568684896,0.08633201625390229
0.1,11,0.9576059898960213,0.011057750426224967,0.8652474561055502,0.02553011895389621,0.6917,0.009090104509850264,0.30829999999999996,0.009090104509850264,38.96812311808268,0.08516330691918252
0.1,12,0.9198882946171318,0.011123437074176663,0.8216120577176412,0.0349621944109121,0.7081333333333334,0.013771468089253688,0.29186666666666666,0.013771468089253688,39.12291590372721,0.08156648316929586
0.1,13,0.8889546921287758,0.01480503773910946,0.7928855084737142,0.02175455569082826,0.7207,0.007758221445666519,0.27929999999999994,0.007758221445666519,39.276564280192055,0.08052841778620172
0.1,14,0.8551862582322989,0.017642791269634136,0.7639969559987386,0.024042133453174224,0.7293333333333333,0.009626179581398468,0.27066666666666667,0.009626179581398468,39.431845347086586,0.08089208813764158
0.1,15,0.8277560807859806,0.015306654669610578,0.7714666567802428,0.030947829726923917,0.7312333333333333,0.011729592206608576,0.26876666666666665,0.011729592206608576,39.58789189656576,0.0797360876413699
0.1,16,0.8041993465214231,0.016623833314921906,0.7441209363937378,0.042254537685893795,0.7388333333333333,0.012600132274437969,0.2611666666666667,0.012600132274437969,39.7391726175944,0.07722043690212563
0.1,17,0.7779886933950309,0.016976900447345584,0.7292315775871278,0.02752299857444379,0.7431666666666666,0.01071556500299136,0.25683333333333336,0.01071556500299136,39.892950693766274,0.0782384579747262
0.1,18,0.7571641413299629,0.018582910991933224,0.6808611482302348,0.03965527047459049,0.7618333333333333,0.01636744736766649,0.23816666666666664,0.01636744736766649,40.043434143066406,0.07566513318986016
0.1,19,0.735659055545202,0.017659032506948107,0.6603802700042725,0.023869198966847985,0.7695,0.01264752940300994,0.2305,0.01264752940300994,40.19399897257487,0.0741485808219481
0.1,20,0.7142733272485823,0.015963485610805475,0.6473527550697327,0.03552141358293884,0.7767666666666666,0.012406584273414366,0.22323333333333337,0.012406584273414364,40.3460578918457,0.07409191076967056
0.1,21,0.6981910559883101,0.017959703519336036,0.6254327247619629,0.03414070567323902,0.7841666666666667,0.015280815859545323,0.21583333333333332,0.015280815859545323,40.494799296061196,0.07442355928141793
0.1,22,0.6803973829095828,0.017353781411069188,0.6299566957791646,0.04474783011034185,0.7833,0.013329291053915818,0.21670000000000003,0.013329291053915818,40.64240646362305,0.07439855635919648
0.1,23,0.6632541145459262,0.016162728072614967,0.6053532333374023,0.021847768221181667,0.7911,0.008788060081724522,0.20889999999999997,0.008788060081724522,40.790114084879555,0.07180122870262513
0.1,24,0.6492126406966777,0.015472360349666281,0.6124367362817128,0.03553638176977089,0.7910666666666667,0.011550036074979746,0.2089333333333333,0.011550036074979746,40.93545405069987,0.07328070723706737
0.1,25,0.637316759894876,0.013318273687616296,0.5750210340499877,0.01907105795344191,0.8009333333333334,0.0068339837088870654,0.1990666666666667,0.0068339837088870654,41.07798512776693,0.07205347126037953
0.1,26,0.623400707251987,0.011796534582935172,0.5832490360260011,0.02902926806303588,0.8008000000000001,0.010037429949942354,0.19920000000000002,0.010037429949942354,41.221911112467446,0.07185723098035204
0.1,27,0.6083103830704604,0.012697050086390781,0.571832907183965,0.017190116171473153,0.8033666666666667,0.005488472768752113,0.19663333333333333,0.005488472768752113,41.363477071126304,0.07168220869288579
0.1,28,0.5954118270906544,0.011825225762088191,0.5633327320098876,0.02520081663699433,0.8095666666666667,0.006908207678792918,0.19043333333333334,0.006908207678792918,41.50592803955078,0.07314326082445433
0.1,29,0.5870899929008419,0.009262811897777097,0.5614090096632639,0.01422531308511704,0.809,0.004503332099679098,0.19099999999999998,0.004503332099679098,41.64691034952799,0.07308389867769727
0.1,30,0.5750540184446207,0.01162243086826211,0.5462711575190227,0.007828628058156883,0.8137,0.006055575942881072,0.18630000000000002,0.006055575942881072,41.786705017089844,0.07428789966256787
0.1,31,0.5649817109311227,0.011886900399606187,0.5145877330144246,0.020245503175482328,0.8243999999999999,0.008143095234614442,0.1756,0.008143095234614442,41.925158182779946,0.07433562516369688
0.1,32,0.5560892928591774,0.011219567967427497,0.5349074156125386,0.0064323676417656584,0.8189333333333334,0.002818391976523775,0.18106666666666668,0.002818391976523775,42.06375503540039,0.07313426301643776
0.1,33,0.5461569500599573,0.008858664781906923,0.5140816656271617,0.012490053923108384,0.8263666666666666,0.004833563212924096,0.1736333333333333,0.004833563212924096,42.20025126139323,0.07368147860736321
0.1,34,0.5412376569258486,0.011081206800981866,0.49893478738466895,0.016877229468837223,0.8295666666666667,0.004508140784551149,0.17043333333333333,0.004508140784551149,42.3352419535319,0.07518037795692505
0.1,35,0.5269642041619781,0.008799831363480346,0.500814242219925,0.018192807151699394,0.8320666666666666,0.0060500688701314335,0.16793333333333338,0.0060500688701314335,42.47148513793945,0.0785765855638305
0.1,36,0.5208687264240409,0.00899099844610991,0.5029153736273447,0.013627208422866004,0.8299,0.0060621778264911075,0.1701,0.0060621778264911075,42.60823059082031,0.07684470916533165
0.1,37,0.51363888578545,0.008501446359513562,0.490248052517573,0.024262105594783742,0.8344333333333335,0.007170309151866014,0.16556666666666667,0.007170309151866015,42.742401123046875,0.07550797458113623
0.1,38,0.5070652481540084,0.008610983632644856,0.4949088233629862,0.018322009974565595,0.8328333333333333,0.007058564537732417,0.16716666666666669,0.007058564537732417,42.876060485839844,0.07672672699385892
0.1,39,0.4990903722457365,0.008115640897173043,0.49574847056865695,0.007913644563716054,0.8320666666666666,0.0035641735835019754,0.16793333333333335,0.0035641735835019754,43.00824228922526,0.07656985226511565
0.1,40,0.49568633919380106,0.007795454893502361,0.4986358373165131,0.036668406010055145,0.8327666666666667,0.015706792585799746,0.16723333333333334,0.015706792585799746,43.13962046305338,0.07691630450743879
0.1,41,0.4849699583962141,0.007131707245802268,0.47988219591776526,0.010910721108926724,0.8397333333333333,0.000850490054811549,0.16026666666666667,0.000850490054811549,43.27391815185547,0.07910541748363725
0.1,42,0.48118036442959505,0.007274289534841788,0.49344142192204793,0.02424688895584085,0.8355333333333332,0.006585843403341254,0.16446666666666668,0.006585843403341254,43.40415573120117,0.07868907487069243
0.1,43,0.47455779612318433,0.008708642261802518,0.49359312885602313,0.04800014108543919,0.8358666666666666,0.016438471137345284,0.16413333333333335,0.016438471137345284,43.53445561726888,0.0786755863895611
0.1,44,0.4672026972382473,0.00716652355264316,0.45811319108009335,0.012506947153794268,0.8465000000000001,0.004303486958270029,0.1535,0.004303486958270029,43.66498565673828,0.07991445338174193
0.1,45,0.46128268642803594,0.005104207010296438,0.4518883576869965,0.006896096553093802,0.8481,0.0023515952032609655,0.1519,0.0023515952032609655,43.794881184895836,0.08027878053898986
0.1,46,0.45690228816086886,0.006680750680819774,0.465090252161026,0.008141041723648112,0.8437666666666667,0.0012741009902410803,0.1562333333333333,0.0012741009902410803,43.92363993326823,0.07857215923990368
0.1,47,0.45043321028796407,0.008363829145191482,0.44061307094891866,0.009575081459624053,0.8516333333333334,0.004747982027486327,0.14836666666666665,0.004747982027486327,44.0519905090332,0.0767414551629485
0.1,48,0.44805751442401104,0.007134818649034202,0.45948173758188876,0.019342916368188027,0.8464,0.007689603370785821,0.1536,0.007689603370785821,44.17969512939453,0.07640599596052877
0.1,49,0.4412908407352159,0.007956088191458842,0.44419252781867985,0.017742682509145846,0.8513000000000001,0.007629547824084997,0.14869999999999997,0.007629547824084997,44.307212829589844,0.07414884896910166
0.1,50,0.4383334290086969,0.00829716063628128,0.4359220284779866,0.010556411721056919,0.8562333333333333,0.0019604421270043013,0.14376666666666668,0.0019604421270043013,44.43449910481771,0.07337687201972137
0.1,51,0.4301054794515999,0.005403718354625389,0.4507465901374817,0.012273597054011738,0.8517999999999999,0.0027784887978899464,0.1482,0.002778488797889947,44.561902364095054,0.07264877934470011
0.1,52,0.42479992137693073,0.010617477028491187,0.4445065093358358,0.016020772362201487,0.8507333333333333,0.002311565126344741,0.14926666666666666,0.002311565126344741,44.68755340576172,0.0725464740987255
0.1,53,0.42381800750535664,0.005627601231480178,0.440079052011172,0.010352770047191245,0.8559,0.003296968304366928,0.1441,0.003296968304366928,44.8120231628418,0.07282285045811872
0.1,54,0.4175251404368156,0.007447184031372211,0.43376149733861286,0.009398902366112582,0.8555666666666667,0.0054848275573014275,0.1444333333333333,0.0054848275573014275,44.937432607014976,0.07208805617458205
0.1,55,0.41387910814439755,0.008201528124040458,0.44126472614606227,0.006979161929760337,0.8544333333333333,0.0029569128044860254,0.1455666666666667,0.0029569128044860254,45.06176884969076,0.07252923389554024
0.1,56,0.41024667438745294,0.003983721142335282,0.42910815192858376,0.01230846219170683,0.8585333333333334,0.00542432791535815,0.14146666666666666,0.00542432791535815,45.18613306681315,0.07170284493188053
0.1,57,0.40712122924035166,0.005428905840836452,0.4190210029443105,0.011194777420676979,0.8597333333333332,0.003607399802258308,0.14026666666666668,0.003607399802258308,45.309295654296875,0.06952064039674145
0.1,58,0.40517045892870335,0.005238105383758447,0.41687422809600827,0.01537911082983773,0.8611333333333334,0.0037287173844813147,0.13886666666666667,0.0037287173844813147,45.43207041422526,0.0690824062235945
0.1,59,0.4007496176015996,0.008092896075113832,0.4300186962286631,0.0021513848605821217,0.8589666666666668,0.0019139836293273708,0.14103333333333332,0.0019139836293273708,45.555643717447914,0.06968555970520697
0.1,60,0.39694567706883715,0.00503251178430828,0.4204890743096669,0.014973441369941309,0.8614666666666667,0.004158525379666813,0.13853333333333331,0.004158525379666813,45.6774787902832,0.06934797617336708
0.1,61,0.3894687355174433,0.00503366874875016,0.42474930187861126,0.013215451939020448,0.8580666666666666,0.0038630730427126354,0.14193333333333333,0.0038630730427126354,45.7987314860026,0.06900951224694488
0.1,62,0.3891653997056624,0.009146481697158745,0.4148357209682465,0.009540531667731243,0.8622333333333333,0.005159780357082373,0.13776666666666668,0.005159780357082373,45.92127990722656,0.0689302150884705
0.1,63,0.3839047815133035,0.006274142718723387,0.41683313024838764,0.020923494882103356,0.8623666666666666,0.006898067362191621,0.13763333333333336,0.006898067362191621,46.043463389078774,0.06834275577250354
0.1,64,0.38283722708597206,0.005669011835377209,0.41136255221366885,0.019708223284576307,0.8648333333333333,0.005350077881053039,0.13516666666666666,0.005350077881053039,46.16342035929362,0.06772712204591609
0.1,65,0.37748963392807294,0.002101811544948073,0.40462797300020853,0.0022653453873179128,0.8663,0.0017691806012954474,0.1337,0.0017691806012954474,46.28269831339518,0.06857117050043311
0.1,66,0.3754283808813274,0.002608244923313159,0.40980259777704875,0.01689358627570056,0.8630666666666666,0.004012895878705724,0.13693333333333332,0.004012895878705724,46.401373545328774,0.06824091300113584
0.1,67,0.37015581979572726,0.003147233674031376,0.3960056830088297,0.01796173454308002,0.8699666666666667,0.0034933269720044,0.13003333333333333,0.0034933269720044,46.52229309082031,0.06841097112827287
0.1,68,0.36857338607921014,0.005017114165647971,0.3989123989423116,0.017939436593688574,0.8696,0.0037986839826445167,0.1304,0.0037986839826445167,46.63923772176107,0.06717838850178644
0.1,69,0.36803143722372794,0.005232532150003081,0.40016316952705383,0.0030900367609070604,0.8689,0.0011532562594670634,0.1311,0.0011532562594670634,46.75762176513672,0.06735897690036206
0.1,70,0.3629309327960116,0.006370618088617609,0.4133205144405365,0.024329258085468302,0.8629666666666668,0.010775125675987898,0.13703333333333334,0.010775125675987898,46.87545394897461,0.06628178799425821
0.1,71,0.36005747614258493,0.005975470681951489,0.39215205939610803,0.0029798721083036843,0.8704666666666667,0.0014294521094927832,0.1295333333333333,0.0014294521094927832,46.99330393473307,0.06674632352564847
0.1,72,0.3554118264209279,0.005588288992831633,0.40363200632731117,0.008697408255931315,0.8657,0.0015620499351813508,0.13429999999999997,0.0015620499351813508,47.10999298095703,0.06749084710020477
0.1,73,0.3537665598812209,0.004717709566731287,0.39834262266159054,0.002053288502028261,0.8705999999999999,0.002553429066960738,0.1294,0.002553429066960738,47.227481842041016,0.06658088517010433
0.1,74,0.3521618433518991,0.0038744756752383818,0.40410038194656367,0.010586007387962578,0.8678666666666667,0.0038656607887052495,0.13213333333333335,0.0038656607887052495,47.34346262613932,0.06497036119149423
0.1,75,0.3490657286189706,0.0065327439766458065,0.39439664217631026,0.011921030467857266,0.8709000000000001,0.004167733196834966,0.1291,0.004167733196834966,47.46033604939779,0.06444884431114897
0.1,76,0.34659423421868274,0.005310588530209631,0.3890636493047079,0.009885047156952452,0.8721,0.0024515301344262613,0.12789999999999999,0.0024515301344262613,47.57630920410156,0.06510886370334902
0.1,77,0.34337587848953577,0.005974998074813172,0.39445802901585897,0.014317936504882455,0.8708666666666667,0.005961822987420326,0.12913333333333332,0.005961822987420326,47.691717783610024,0.06599422480558215
0.1,78,0.3427292874427504,0.007219634370867524,0.39698627603848774,0.008079783049758949,0.8691333333333334,0.0018876793513023307,0.13086666666666666,0.0018876793513023307,47.80512237548828,0.06636158935001908
0.1,79,0.3373512806337508,0.0038304363078373108,0.3863450300852458,0.007940407912124808,0.8723000000000001,0.00434050688284211,0.1277,0.004340506882842111,47.91994603474935,0.06655513113096219
0.1,80,0.3394372405171496,0.004808096640419548,0.3805200081030528,0.008365234745588973,0.8749666666666668,0.0015821925715074378,0.1250333333333333,0.0015821925715074378,48.03262201944987,0.06599639606151401
0.1,81,0.3360039360967337,0.004635384059775556,0.39797206492424014,0.031527616385263156,0.8733,0.009600520819205583,0.1267,0.009600520819205583,48.14599736531576,0.06690472072912179
0.1,82,0.33130869564091353,0.004251527049718817,0.38768745064735416,0.020881135965923992,0.8753666666666667,0.0056163451935697,0.1246333333333333,0.0056163451935697,48.25865809122721,0.06669104107758013
0.1,83,0.3341748736551045,0.008677103253456733,0.3811918819745381,0.01633197618454437,0.8750333333333334,0.006281984824347584,0.12496666666666667,0.006281984824347584,48.369808197021484,0.06819700015127109
0.1,84,0.3276849457801964,0.004366327279127388,0.38175323368708286,0.022264677541284996,0.8742666666666666,0.007322112627741617,0.12573333333333336,0.007322112627741617,48.482200622558594,0.0685201475398935
0.1,85,0.32652769482298377,0.004519747020744777,0.3782044759591421,0.005401072981809056,0.8762666666666666,0.0032036437588054702,0.12373333333333332,0.0032036437588054702,48.59455871582031,0.06946243119526968
0.1,86,0.32441682023617924,0.0018488736261089538,0.37664184794425964,0.016710514238267766,0.8768333333333334,0.006528654787422402,0.12316666666666665,0.006528654787422402,48.70539347330729,0.06977650084061661
0.1,87,0.3217466988323696,0.002877742729820089,0.3741866333961487,0.010810036513682442,0.8788999999999999,0.0027874719729532567,0.12109999999999999,0.0027874719729532567,48.81662114461263,0.06824845499871661
0.1,88,0.31919900846222177,0.003922102241928378,0.3792101448059082,0.00717845872824006,0.8762333333333334,0.001457166199626295,0.12376666666666665,0.001457166199626295,48.92668024698893,0.06651717465914891
0.1,89,0.31730443471685393,0.0033969812242366257,0.37602313923835756,0.01263024334889413,0.8778,0.0039000000000000146,0.12219999999999998,0.0039000000000000146,49.03557332356771,0.06482997200576346
0.1,90,0.31796061949453497,0.005049332632902805,0.3814234942913055,0.011712665448872547,0.8761,0.004570557952810572,0.12389999999999997,0.004570557952810572,49.1450449625651,0.06455259300889701
0.1,91,0.3140654009905821,0.005836759708308365,0.376080459801356,0.019889393836655476,0.8778666666666667,0.004785742714912025,0.12213333333333336,0.004785742714912025,49.25454330444336,0.06428625247324976
0.1,92,0.31147027107150965,0.0035121998392661723,0.3747864072640737,0.018664845115638613,0.8764,0.0048692915295759625,0.1236,0.0048692915295759625,49.36367416381836,0.06384739952485786
0.1,93,0.3116513939363166,0.005944454794866092,0.36899725658098853,0.00977146987727274,0.8817,0.0037322915213042936,0.11829999999999996,0.0037322915213042936,49.472049713134766,0.06444985354765534
0.1,94,0.3068276899600781,0.005614483077386504,0.3745717160542806,0.0008639397131202604,0.8779666666666667,0.0007637626158259982,0.12203333333333333,0.0007637626158259982,49.57960891723633,0.06468697378332831
0.1,95,0.3055464892004254,0.006837622169523506,0.36709684886932376,0.008787279387981727,0.8804333333333333,0.003435597958628654,0.11956666666666671,0.003435597958628654,49.687703450520836,0.06429050003914707
0.1,96,0.30551895865089146,0.005484435192947025,0.3769935969988505,0.018207820212219502,0.8808666666666668,0.004554484969053379,0.11913333333333331,0.004554484969053379,49.79497400919596,0.06541255652083809
0.1,97,0.3034243399733066,0.004034961062622187,0.3691594682057699,0.006003552750761388,0.8816,0.002605762844159069,0.11839999999999999,0.002605762844159069,49.90122095743815,0.0655486814228694
0.1,98,0.30057084302514,0.004987214682043601,0.3693009815533956,0.011742484271333549,0.8812333333333333,0.003082747692130096,0.11876666666666665,0.003082747692130096,50.00866826375326,0.06457597516339537
0.1,99,0.29860222243083817,0.004850036554481399,0.36553168037732436,0.007578580225912825,0.8812000000000001,0.0024248711305964177,0.11879999999999998,0.0024248711305964172,50.114359537760414,0.0643820373242516
0.1,100,0.2957941558647135,0.003023903225093168,0.37170799398422244,0.005267848936120965,0.8801666666666667,0.0026083200212652885,0.11983333333333335,0.0026083200212652885,50.22149785359701,0.06496267494039247
0.15,1,1.9305648950054823,0.01570960529818946,1.7015352948506672,0.01840618976086763,0.3623,0.012569407305040282,0.6377,0.012569407305040324,37.46225611368815,0.07010736674916444
0.15,2,1.6745961798832951,0.018705022174917745,1.5570110126495365,0.06962694649197232,0.4204666666666667,0.031006827205203272,0.5795333333333333,0.031006827205203244,37.56916046142578,0.07744470964859806
0.15,3,1.5645705765368891,0.025990386362039968,1.4365503071467083,0.08024308956376563,0.4670666666666667,0.032224421380892695,0.5329333333333334,0.03222442138089272,37.68287913004557,0.08227887135061081
0.15,4,1.477771081379714,0.02864726121153184,1.367975779914856,0.06277326142548459,0.5019666666666667,0.022534935840453015,0.49803333333333333,0.022534935840452987,37.80520757039388,0.08803577972957975
0.15,5,1.403168366998053,0.0346992952749457,1.2788876295725504,0.04396932259286032,0.5314,0.014673786150820127,0.46860000000000007,0.014673786150820127,37.9342409769694,0.0945281260687445
0.15,6,1.3388033713526128,0.038107607141028815,1.1855684136708577,0.0486311410891407,0.5712666666666667,0.018380787070561844,0.42873333333333336,0.01838078707056184,38.069742838541664,0.10018626820333289
0.15,7,1.273797328870518,0.04199789845645321,1.130003457768758,0.022783603299968442,0.5840000000000001,0.009282779756086006,0.416,0.009282779756086004,38.21131134033203,0.10426936870985815
0.15,8,1.2137691647398705,0.03942781118050208,1.098616426404317,0.027385583769072748,0.6041666666666666,0.01037513052126732,0.3958333333333333,0.01037513052126732,38.35730107625326,0.10650238241048426
0.15,9,1.15750533560861,0.03778808874333496,1.0506355821609497,0.05429144130331493,0.6190333333333333,0.02296352179726211,0.3809666666666667,0.02296352179726211,38.50790659586588,0.10729610875161633
0.15,10,1.1083348525556254,0.03728755975974799,1.0159376489639282,0.015493165918651393,0.6360333333333333,0.003178574103797704,0.3639666666666667,0.003178574103797704,38.65974553426107,0.10423559185444123
0.15,11,1.0652910477060187,0.031207490235428074,0.9515410683314004,0.025270204363096436,0.6594333333333333,0.0053153864707406965,0.3405666666666667,0.0053153864707406965,38.80924606323242,0.1022381409428928
0.15,12,1.0240226858513841,0.02494281209766551,0.9363386385599771,0.03927487363750754,0.6630666666666668,0.014785916722791786,0.3369333333333333,0.014785916722791784,38.96048227945963,0.09911047653221944
0.15,13,0.9945898562644347,0.02550737703256165,0.8946460172335305,0.0493309914478486,0.6794000000000001,0.02035755388056236,0.32059999999999994,0.02035755388056236,39.110679626464844,0.09622768865146092
0.15,14,0.9609323728318309,0.021180034137441774,0.8537477028528849,0.01137691797096734,0.6970333333333333,0.0037166292972710385,0.30296666666666666,0.0037166292972710385,39.26311365763346,0.09235872465484113
0.15,15,0.9338626416951087,0.018260559874108857,0.8825244228045146,0.06923450403808182,0.6895000000000001,0.017895530168173246,0.3105,0.017895530168173246,39.4139149983724,0.08976885586302681
0.15,16,0.9072058380717207,0.018930986282264233,0.843088033548991,0.04333069866117825,0.7050666666666667,0.009544806615816423,0.2949333333333333,0.009544806615816423,39.56525675455729,0.08765739469419498
0.15,17,0.8809492648511693,0.017685545486806092,0.7941655878384908,0.014437740050180194,0.7185,0.006237788069500241,0.28150000000000003,0.006237788069500241,39.71663920084635,0.08460698456368934
0.15,18,0.857440688573491,0.016730177091920314,0.7776217239379882,0.04052305909407132,0.7275,0.011350330391667047,0.2725,0.011350330391667047,39.86756388346354,0.08008671572493688
0.15,19,0.83603659411932,0.020821592528480783,0.7377998593966165,0.031364266991260395,0.7407666666666667,0.013720908619086909,0.25923333333333337,0.01372090861908691,40.01727422078451,0.07902219389724625
0.15,20,0.8139486744783926,0.013677521908958063,0.7174196070671082,0.017080008345594665,0.7482666666666667,0.0076173048602070186,0.2517333333333333,0.0076173048602070186,40.168295542399086,0.07448647550953663
0.15,21,0.7917972498232752,0.01726256590441286,0.697690745194753,0.016147099449037177,0.7576,0.005106858133921489,0.24239999999999998,0.005106858133921489,40.319531758626304,0.07069716191441844
0.15,22,0.7720946877915332,0.0162893146887261,0.6983522093454996,0.04741959960117306,0.7568666666666667,0.015251338739052779,0.24313333333333334,0.015251338739052779,40.469006856282554,0.06942932171903601
0.15,23,0.7555256915316049,0.012242450872375283,0.6747016433397929,0.019120431696012408,0.7665000000000001,0.005400925846556285,0.23349999999999996,0.005400925846556285,40.617357889811196,0.06727553423186583
0.15,24,0.7341175014812115,0.009695096998847475,0.6553437010288238,0.01457952469046747,0.7751666666666667,0.00342685472895095,0.22483333333333333,0.00342685472895095,40.766658782958984,0.06504682281684276
0.15,25,0.7175131725990559,0.011514047051088624,0.634374753634135,0.009165916226472002,0.7816333333333333,0.003951371070063332,0.21836666666666663,0.003951371070063332,40.91471735636393,0.06376159858021374
0.15,26,0.7036814655336882,0.013192503761794563,0.6275907949765523,0.007900393509815175,0.7842333333333333,0.003842308333974908,0.21576666666666666,0.003842308333974908,41.060830434163414,0.061529318841241014
0.15,27,0.6864509687704198,0.012951183530792408,0.6199184039433797,0.01801855196806541,0.7846666666666667,0.007444013254510817,0.21533333333333335,0.007444013254510817,41.20480092366537,0.059922188728330106
0.15,28,0.6707096670747109,0.009861192726745622,0.6192744033813478,0.026787433544014982,0.7891666666666667,0.006880649194177363,0.21083333333333332,0.006880649194177363,41.35037104288737,0.05915867477646928
0.15,29,0.6568575700632243,0.007868139922570008,0.5804211804389953,0.017133824438618394,0.8003333333333335,0.004441095960833711,0.19966666666666666,0.004441095960833711,41.494422912597656,0.057336026153365645
0.15,30,0.6480958842103134,0.00608340100586557,0.5878152052879334,0.006993239466359079,0.7999,0.0016093476939431,0.20009999999999997,0.0016093476939431,41.63618469238281,0.05624641424723162
0.15,31,0.6351195091583337,0.008929541659798961,0.5671167574564616,0.008873367795668679,0.8059333333333334,0.0015947831618540853,0.1940666666666667,0.0015947831618540853,41.77779642740885,0.053919953128010394
0.15,32,0.6256569045431474,0.007752238777761875,0.5850725080649058,0.03604964939784192,0.8009333333333334,0.011802683310727796,0.19906666666666664,0.011802683310727796,41.918540954589844,0.0525664340601105
0.15,33,0.6146146702085513,0.005108671700421379,0.5589367337703705,0.01915443237291081,0.8069333333333333,0.005885858759206965,0.19306666666666664,0.005885858759206965,42.05764643351237,0.05064569867438763
0.15,34,0.6063365478954658,0.009611728139036857,0.5370047181129456,0.009659144052721612,0.8146,0.0032140317359976686,0.1854,0.0032140317359976686,42.19641876220703,0.04897301173646884
0.15,35,0.5928402228530207,0.00586252824876353,0.5295464702447256,0.011869058307617364,0.8186,0.00553263047744923,0.1814,0.00553263047744923,42.33462397257487,0.04722288709276037
0.15,36,0.5869062498961365,0.004846669291553955,0.5664481204032898,0.02532401863289705,0.8088000000000001,0.007754353615872807,0.1912,0.007754353615872807,42.47227986653646,0.045018086003797635
0.15,37,0.5790257467892266,0.006363323601361114,0.5243841825008393,0.011987116638293834,0.8211666666666666,0.004202776859807479,0.17883333333333332,0.004202776859807479,42.60690561930338,0.043302840487024374
0.15,38,0.5697140074243733,0.008886232939221757,0.5330724180062612,0.02598929309205634,0.8197333333333333,0.006536308846232185,0.18026666666666666,0.006536308846232185,42.74199295043945,0.04174138962079545
0.15,39,0.5610121146339894,0.005349021802115678,0.5336836820761363,0.018384405584746175,0.8195666666666667,0.005300314456080258,0.18043333333333333,0.005300314456080258,42.87722905476888,0.042265856613080875
0.15,40,0.5550722572047387,0.005134912774327514,0.5041028554757436,0.011876105054515631,0.8284333333333334,0.0024946609656090403,0.17156666666666665,0.0024946609656090403,43.011792500813804,0.041613910787082854
0.15,41,0.546831495342149,0.0021821606298960115,0.502808333047231,0.006226660227969235,0.8299,0.0039038442591886407,0.17010000000000003,0.0039038442591886407,43.14392852783203,0.038953645662327056
0.15,42,0.5423191124216065,0.004342693285797437,0.5011588422934214,0.01678307270674387,0.8297333333333334,0.004219399641339214,0.17026666666666668,0.004219399641339214,43.27522277832031,0.037058104095632365
0.15,43,0.5322757982232077,0.006289024836524394,0.5016528871536255,0.003548067138235996,0.8310333333333334,0.0008736894948053756,0.16896666666666668,0.0008736894948053756,43.408087412516274,0.035986668479121686
0.15,44,0.5272756453670199,0.0035566499608780614,0.4877977283477783,0.004823725034769507,0.8354333333333334,0.0027209067116189946,0.16456666666666664,0.0027209067116189946,43.53860092163086,0.033809887828155735
0.15,45,0.5208688729203672,0.00356655698078999,0.4892293090661366,0.011184152877039426,0.8364666666666666,0.003888873015840583,0.16353333333333334,0.0038888730158405825,43.668280283610024,0.03231219482706258
0.15,46,0.5146495757302157,0.005690722796601618,0.4799710506280263,0.009284519732002283,0.8382666666666667,0.002814841617806082,0.1617333333333333,0.002814841617806082,43.79708607991537,0.03248326614552283
0.15,47,0.5101608292525991,0.007197130787566829,0.4769948424657186,0.004870710860638843,0.8391333333333333,0.000929157324317778,0.16086666666666669,0.000929157324317778,43.92578252156576,0.032835580649240914
0.15,48,0.5050218846944287,0.004345291989083057,0.4613865717569987,0.008753325414394822,0.8431333333333333,0.005352880844305533,0.15686666666666663,0.0053528808443055334,44.05485280354818,0.03055332601449886
0.15,49,0.49880794694254976,0.004173097002127735,0.4632128156344096,0.0138717194662108,0.8419,0.005505451843400346,0.1581,0.005505451843400347,44.182299296061196,0.028482152066785803
0.15,50,0.49266092912417037,0.004027132559037447,0.4604083086649577,0.014242250225372588,0.8459666666666666,0.003647373484212074,0.15403333333333336,0.003647373484212074,44.30922190348307,0.02715247018725813
0.15,51,0.4873655712309802,0.004031621854305846,0.4633280461152394,0.016698405641369027,0.8453666666666667,0.00621315808050408,0.15463333333333332,0.00621315808050408,44.43567021687826,0.027038016736904678
0.15,52,0.48174215404782045,0.006512598364476486,0.4648189731756846,0.0008055790558902865,0.843,0.0021000000000000224,0.157,0.0021000000000000224,44.56147893269857,0.02503349044618721
0.15,53,0.47817935947668627,0.004608004730556052,0.44739489194552107,0.00983452015463365,0.8503,0.0019974984355438288,0.14970000000000003,0.0019974984355438288,44.687721252441406,0.023089033385091964
0.15,54,0.47352720925366887,0.007726405801263046,0.4543617248217265,0.010092033207953393,0.8461333333333334,0.0017039170558842789,0.1538666666666667,0.0017039170558842789,44.8135871887207,0.021358284231326824
0.15,55,0.4680616167728859,0.005887650029027722,0.45421225417455036,0.0230551280137678,0.847,0.008432674546073738,0.153,0.008432674546073738,44.9376589457194,0.01999992128814759
0.15,56,0.4617764509115479,0.003439419920803835,0.44151518273353574,0.01639432468736804,0.8515333333333333,0.0018175074506953802,0.14846666666666666,0.0018175074506953802,45.06260553995768,0.020712288765216788
0.15,57,0.46143637004309196,0.0029513751777377434,0.44779717661539714,0.009333057089351483,0.8495666666666667,0.003557152419187756,0.15043333333333334,0.003557152419187756,45.18465805053711,0.01953781695532772
0.15,58,0.45689233238129967,0.0056163245373818255,0.4291656753381094,0.009220091686541962,0.8535333333333334,0.0029569128044860233,0.14646666666666666,0.0029569128044860233,45.306207021077476,0.022155883007575792
0.15,59,0.45279261410134736,0.004349565342798914,0.45244245215257006,0.018056498646732116,0.8474666666666666,0.0043935558871298465,0.1525333333333333,0.0043935558871298465,45.42801030476888,0.021164475819023018
0.15,60,0.4490121157882769,0.002543420436781433,0.4344367146809896,0.0021572207464816387,0.8537,0.0002645751311064299,0.14629999999999999,0.0002645751311064299,45.54997253417969,0.022679040961604818
0.15,61,0.4459927003046233,0.002698781454693472,0.43326979033946994,0.02001995088362412,0.8571666666666666,0.004225320500664238,0.14283333333333337,0.004225320500664238,45.669263203938804,0.02122310186343276
0.15,62,0.44065907349824296,0.005227020242058815,0.42670332738558453,0.011059534955564585,0.8589333333333333,0.00290918086982116,0.14106666666666667,0.00290918086982116,45.79078928629557,0.022008966978666663
0.15,63,0.43554282737205097,0.003473453720996862,0.418090563472112,0.014433267774945897,0.8583666666666666,0.0031533051443419302,0.1416333333333333,0.0031533051443419302,45.910332997639976,0.022057223610243336
0.15,64,0.4336551237797392,0.005794019766643625,0.4163753487110138,0.015331575642482479,0.8584,0.00269999999999998,0.14159999999999998,0.00269999999999998,46.02945073445638,0.02202474206753545
0.15,65,0.43040375062165254,0.0018522152669584492,0.4229801189422607,0.004267596201817955,0.8593333333333334,0.0007023769168568298,0.14066666666666663,0.0007023769168568298,46.148284912109375,0.02183889663758527
0.15,66,0.42805174745155616,0.0026765796830211497,0.4283917287190755,0.015759443913049665,0.8593333333333333,0.0036950417228136466,0.1406666666666667,0.0036950417228136466,46.26684443155924,0.02109578852292162
0.15,67,0.4230243063389696,0.0011890476718613193,0.4083885206540425,0.013589621805011165,0.8626666666666667,0.004429823171790666,0.1373333333333333,0.004429823171790666,46.38473383585612,0.02187950546533325
0.15,68,0.4205904802321778,0.0015520677466836215,0.406306963634491,0.009283394374259887,0.8645333333333333,0.001877054430040164,0.13546666666666665,0.0018770544300401638,46.50110880533854,0.022340956943683224
0.15,69,0.41497645779288134,0.0038419613064466906,0.414844144376119,0.009384712743891705,0.8617,0.0028618176042508534,0.13829999999999998,0.0028618176042508534,46.61914189656576,0.021947206995939408
0.15,70,0.4142811005428522,0.0045927792876703155,0.4215716845591863,0.015958758543252155,0.8608333333333333,0.004119870548128088,0.13916666666666666,0.004119870548128088,46.73453903198242,0.02265820869866299
0.15,71,0.4100536136472723,0.003941126901355611,0.41222702037493386,0.012364778423706726,0.8618666666666668,0.005492115560813834,0.13813333333333333,0.005492115560813834,46.85226694742838,0.02221032795592825
0.15,72,0.40895114244554964,0.007020746699242528,0.398276931476593,0.009174077671056541,0.8669333333333333,0.005940819247657161,0.13306666666666667,0.005940819247657161,46.96685791015625,0.02364837907439958
0.15,73,0.4048903209855184,0.004311126198937149,0.4287210495313009,0.01489990817604872,0.8589666666666665,0.00641430692540768,0.14103333333333334,0.00641430692540768,47.08225631713867,0.02419893282930385
0.15,74,0.4015468449823285,0.004329394383568729,0.4111389327843984,0.0034390314977371488,0.8620999999999999,0.002722131517763234,0.13790000000000002,0.002722131517763234,47.196816762288414,0.02360366869985191
0.15,75,0.4000536938660793,0.0021888748062157118,0.40348820298512783,0.012681758717946082,0.8653666666666666,0.004212283624512148,0.13463333333333335,0.004212283624512148,47.31112798055013,0.024722779966091936
0.15,76,0.3976006968755145,0.0020501643456759767,0.4006630051374436,0.012601514744580817,0.8663333333333333,0.0045566800780100355,0.13366666666666668,0.0045566800780100355,47.425515492757164,0.02626367659424656
0.15,77,0.39717499268989936,0.005451555618450712,0.40122919373512267,0.010341222817390193,0.8658,0.004812483766206356,0.1342,0.004812483766206356,47.53818893432617,0.02808444714911065
0.15,78,0.3919818169879588,0.0030128163005690043,0.39672550676663715,0.01518075506284222,0.8682,0.004757099956906495,0.1318,0.004757099956906495,47.64956792195638,0.028561594336387327
0.15,79,0.38766366106165034,0.0023081453999161056,0.3880785205841064,0.002750372136778312,0.8689333333333332,0.001357694123627796,0.13106666666666666,0.0013576941236277962,47.763238271077476,0.029149847432261403
0.15,80,0.38631032317089203,0.002934924084874959,0.39523369777997336,0.010498361276941197,0.8689333333333334,0.0029569128044860254,0.13106666666666664,0.002956912804486026,47.87334696451823,0.029671134743048052
0.15,81,0.38646476447124917,0.004763322989233155,0.3961947643438975,0.01928232524598589,0.8673333333333334,0.007975796720913444,0.13266666666666663,0.007975796720913444,47.984867095947266,0.031209519223742554
0.15,82,0.3814032198853301,0.0016313699925713265,0.39237295804023736,0.008696089692195295,0.8706333333333333,0.0022810816147900616,0.12936666666666666,0.002281081614790061,48.096964518229164,0.030729128099364456
0.15,83,0.3828333915296214,0.0031175025921849502,0.3906480572859447,0.018236522839357238,0.8703666666666666,0.0039703064533274,0.12963333333333335,0.0039703064533274,48.20626576741537,0.031295424917706816
0.15,84,0.3765444558904604,0.00019772739474507295,0.3911662386894226,0.01426563320212575,0.8690333333333333,0.00508166639335303,0.13096666666666668,0.00508166639335303,48.31692123413086,0.031142667712764287
0.15,85,0.3759393141702618,0.0031864458660225315,0.3812941107114156,0.00888498512112716,0.8737,0.0006557438524301786,0.1263,0.0006557438524301787,48.42784754435221,0.03261317022374635
0.15,86,0.3737941440591828,0.0031196462533813626,0.3884330265283585,0.014131707516384463,0.8712,0.003815756805667752,0.1288,0.003815756805667752,48.53681945800781,0.03536687345350321
0.15,87,0.3703729291680727,0.003731872357804164,0.3827300635655721,0.0056919781395116335,0.8738666666666667,0.0021825062046494253,0.12613333333333332,0.0021825062046494253,48.64581298828125,0.03831749359454101
0.15,88,0.3680844713710661,0.0023213035305379567,0.3816691628535589,0.0059475173534035185,0.8731666666666666,0.003156474826976015,0.12683333333333333,0.003156474826976015,48.75400416056315,0.03921721213953806
0.15,89,0.36468071837965893,0.002841429656241687,0.38794191141128537,0.01732631050077392,0.8724,0.00588982172905088,0.12760000000000002,0.00588982172905088,48.86210505167643,0.040872763631611124
0.15,90,0.36365703439366986,0.0056495014551419835,0.39002555440266934,0.016122397933701366,0.8715666666666667,0.004724757489367404,0.12843333333333337,0.004724757489367404,48.97079594930013,0.04307277782831198
0.15,91,0.3645692830881499,0.002228455496466015,0.382410738547643,0.014848778440766272,0.8736,0.003011644069275127,0.12639999999999998,0.003011644069275127,49.077569325764976,0.04491905994207353
0.15,92,0.36028544625103825,0.004230475106909005,0.3762363626003265,0.010030434293036277,0.8768333333333334,0.003914502948438441,0.12316666666666669,0.003914502948438441,49.184322357177734,0.04522158146296498
0.15,93,0.35856850404619456,0.00015649134383266427,0.3829025158087413,0.019967593433556557,0.8742,0.0065368187981616945,0.12580000000000002,0.0065368187981616945,49.29122670491537,0.04545837361428763
0.15,94,0.35637226013525475,0.0028293969109348623,0.3882571932951609,0.012195851802524584,0.8709666666666668,0.0030664855018951356,0.12903333333333333,0.0030664855018951356,49.39647547403971,0.04712707823478158
0.15,95,0.35063185844529116,0.0029917263886914103,0.3711409469922384,0.001970522560684267,0.8782,0.0037999999999999818,0.12180000000000002,0.0037999999999999818,49.503363291422524,0.04856347265269532
0.15,96,0.351979039425232,0.0036796474488666425,0.37804028593699135,0.004718928850362503,0.8764333333333333,0.0025006665778014524,0.12356666666666667,0.0025006665778014524,49.60842641194662,0.04996398697380629
0.15,97,0.3515840985408118,0.003748110994318763,0.37504657516479495,0.016259985183190957,0.8764,0.0040000000000000036,0.12360000000000004,0.0040000000000000036,49.71246337890625,0.05145400329440293
0.15,98,0.349486670708514,0.00284489337707801,0.36621609034538266,0.015415415421906907,0.8803666666666666,0.0043500957843860604,0.11963333333333337,0.0043500957843860604,49.81771469116211,0.05123629187897394
0.15,99,0.3465621863942012,0.003510605357192326,0.37916117579142256,0.004142988687948605,0.8744999999999999,0.0015874507866387472,0.12550000000000003,0.0015874507866387474,49.92081960042318,0.05319594315649249
0.15,100,0.3456648522630677,0.0024066897878410264,0.38145990363756815,0.015400322884240016,0.8757666666666667,0.0030892285984260416,0.12423333333333335,0.0030892285984260416,50.02480951944987,0.054670412661350316
0.2,1,1.9757741088046037,0.0070093226391685255,1.7635250626246135,0.032703547282385226,0.33503333333333335,0.01618404564172176,0.6649666666666666,0.01618404564172174,37.44673156738281,0.07021475536263942
0.2,2,1.7282973490306077,0.010510158004436646,1.6035102263132732,0.050207315785125245,0.3993333333333333,0.022423722557446468,0.6006666666666667,0.022423722557446468,37.541422526041664,0.07425381124187466
0.2,3,1.6233282639039244,0.018722703979566508,1.510185169537862,0.062098082689140494,0.43693333333333334,0.0199635501184868,0.5630666666666666,0.019963550118486773,37.645347595214844,0.07746466551414981
0.2,4,1.5402345650234694,0.022592566166623466,1.4269793597539266,0.038389207769245176,0.47846666666666665,0.013063052221182226,0.5215333333333333,0.013063052221182278,37.757059733072914,0.0804921331950439
0.2,5,1.4763812004554404,0.02658825629682286,1.3361846894582114,0.043450883755738884,0.5094,0.014701020372749632,0.4906,0.014701020372749632,37.87207794189453,0.08532199746862347
0.2,6,1.4194897956961967,0.02686289959003684,1.2642130042394004,0.03811768918646792,0.5372333333333333,0.01309669169421553,0.4627666666666667,0.01309669169421553,37.993394215901695,0.09121855322085387
0.2,7,1.3618804695051345,0.0331970697908823,1.222024905649821,0.052103439130605604,0.5517333333333333,0.022265743493836736,0.44826666666666665,0.022265743493836736,38.12432734171549,0.09770649283095209
0.2,8,1.306839894150834,0.033635879741878864,1.1703525999069215,0.03955302560655729,0.5725000000000001,0.017560466964178335,0.4275,0.017560466964178335,38.26091512044271,0.10176882484134868
0.2,9,1.259915828704834,0.03312248133609836,1.145819551340739,0.0735483802598658,0.5830333333333334,0.028597960300226523,0.41696666666666665,0.028597960300226526,38.40194193522135,0.10390843688858264
0.2,10,1.2144486843167668,0.0361464480574413,1.119049168586731,0.03142490655040183,0.5953333333333334,0.009672814137226721,0.4046666666666667,0.009672814137226721,38.54760487874349,0.10904717179011383
0.2,11,1.170171528978421,0.02947280188685844,1.1026112869898477,0.057222736610885484,0.6083,0.011471268456452383,0.3917,0.011471268456452383,38.69433848063151,0.11106294746722668
0.2,12,1.1276680343392966,0.02413497188852887,0.9963039542516072,0.025503986344663745,0.6392000000000001,0.008883130078975506,0.36079999999999995,0.008883130078975506,38.8434689839681,0.1100140068365699
0.2,13,1.0940872554787182,0.024007442331463718,0.9695388269106546,0.019284219610129622,0.6495000000000001,0.009204890004774629,0.3505,0.009204890004774629,38.99238840738932,0.11010833069890762
0.2,14,1.0569745152807601,0.017865402223643526,0.9239620960553488,0.011437610308393733,0.6666,0.0054671747731346145,0.3334,0.0054671747731346145,39.14375559488932,0.10918817321448518
0.2,15,1.0267610435595598,0.018547922894396423,0.9194981584231058,0.024125528436994313,0.6708333333333334,0.0075883682918881515,0.32916666666666666,0.0075883682918881515,39.29471206665039,0.10839674888994598
0.2,16,1.0003395366140237,0.01837875242725818,0.9011371451695759,0.033131014265238304,0.6825666666666668,0.01035680130799721,0.3174333333333333,0.010356801307997212,39.443522135416664,0.10663369841603051
0.2,17,0.972671226467318,0.013838310748594563,0.8772929924011231,0.01132479703629943,0.6900000000000001,0.002835489375751609,0.31,0.0028354893757516087,39.59435272216797,0.1042982341891209
0.2,18,0.9488924609120849,0.011280255718925148,0.8459064357757567,0.01320562519932331,0.7005,0.005480875842417873,0.2995,0.005480875842417873,39.7455202738444,0.09954932752423727
0.2,19,0.9283635172189451,0.011912737087087105,0.8125682864507039,0.015513047125451977,0.7095666666666668,0.005868844292817274,0.2904333333333333,0.005868844292817274,39.89519373575846,0.09600249143248155
0.2,20,0.9076034734621072,0.01272543312913738,0.7993945313135784,0.016959726660070236,0.7157,0.004497777228809791,0.2843,0.004497777228809791,40.04289627075195,0.09378596877167023
0.2,21,0.8869112788970309,0.006113335613214759,0.7831571190198262,0.023179518729588795,0.7251333333333334,0.007071303510197632,0.27486666666666665,0.007071303510197632,40.19422403971354,0.0882270481541703
0.2,22,0.8666431687372115,0.005719335527563568,0.7847566323598226,0.032958557059262594,0.7245666666666667,0.008845526176171388,0.2754333333333333,0.008845526176171388,40.3438835144043,0.08269043996124947
0.2,23,0.8506921549587299,0.002411275252057352,0.7545107134501139,0.02691074810053745,0.7313333333333333,0.004202776859807492,0.26866666666666666,0.004202776859807492,40.491224924723305,0.07446149960896678
0.2,24,0.8298381516187495,0.0048081809772011356,0.736047131729126,0.026519765035378326,0.7434,0.008296384754819445,0.2566,0.008296384754819445,40.640438079833984,0.06881562504087037
0.2,25,0.8148994776598938,0.004339159352071568,0.7167766715049743,0.016027811358290334,0.7475333333333335,0.004826316746063576,0.2524666666666667,0.004826316746063576,40.78854497273763,0.06340082185934541
0.2,26,0.798519609173647,0.007296485648777528,0.7015205610275269,0.024497642778077523,0.7537333333333334,0.009555277773740172,0.24626666666666666,0.009555277773740172,40.9366455078125,0.05754861499142307
0.2,27,0.7835517587665808,0.008914329533191722,0.6864879458427429,0.008738610250563331,0.7580666666666667,0.002386070689089801,0.24193333333333333,0.002386070689089801,41.0841433207194,0.053929621385770246
0.2,28,0.7690761593652402,0.006941791613977339,0.6989716283162434,0.004730879141306543,0.7564000000000001,0.0032186953878862515,0.2436,0.0032186953878862515,41.230882008870445,0.04902799489044024
0.2,29,0.7544570332496265,0.008860459364049595,0.65263913230896,0.007332979967739041,0.7717666666666667,0.003731398308052052,0.22823333333333332,0.003731398308052052,41.376712799072266,0.04357241948640408
0.2,30,0.7414746768486774,0.01047100949727016,0.6607946125030518,0.03568103167588966,0.7702333333333334,0.012141389267021033,0.22976666666666667,0.012141389267021033,41.52235666910807,0.039886863763025256
0.2,31,0.7254654712282687,0.013552013542833828,0.6354922793388367,0.026561143589978065,0.7797000000000001,0.008889881888979169,0.22030000000000002,0.008889881888979169,41.66666158040365,0.036290259940872316
0.2,32,0.7149456867476558,0.013274081570577557,0.6369622927029929,0.023297363648939754,0.7781333333333333,0.008334466589610443,0.22186666666666666,0.008334466589610443,41.80951690673828,0.0342359618159819
0.2,33,0.699876187732864,0.011490830654914333,0.6149925834655762,0.02815579839522967,0.7889,0.011326517558367178,0.21109999999999998,0.011326517558367178,41.95435078938802,0.03172590063169183
0.2,34,0.691062679274511,0.012896709436374859,0.602404796632131,0.03066903700381908,0.793,0.00833726573883789,0.207,0.00833726573883789,42.096763610839844,0.027244011577651578
0.2,35,0.6796461019318834,0.0119423370859607,0.6039893706639609,0.020468895951619773,0.7947000000000001,0.006144102863722291,0.2053,0.006144102863722291,42.238807678222656,0.02453037124332809
0.2,36,0.6701341982540266,0.011107949286923545,0.599500884660085,0.024169964342458758,0.7937666666666666,0.010889138319138621,0.2062333333333333,0.010889138319138621,42.37906265258789,0.020475424796267374
0.2,37,0.6593130298994183,0.012610622489354375,0.5781100912412008,0.01775552694025546,0.7989666666666667,0.005839805932848575,0.20103333333333337,0.005839805932848575,42.51786677042643,0.01639647871084193
0.2,38,0.6491248341879068,0.009907514801816064,0.5885533976078033,0.013262408435221935,0.8004000000000001,0.003051229260478468,0.1996,0.003051229260478468,42.657918294270836,0.013784362163353861
0.2,39,0.6365437767034093,0.013648337659311865,0.5820023680528005,0.01687795477219309,0.8008000000000001,0.004355456348076495,0.19920000000000002,0.004355456348076495,42.79699834187826,0.012234636524662
0.2,40,0.6330839532466394,0.008222942551746115,0.5746775641282399,0.03435544698545114,0.8053666666666667,0.009029027263959993,0.19463333333333335,0.009029027263959995,42.933146158854164,0.010611962150684905
0.2,41,0.6222066850816705,0.008322482496652326,0.5568874257405598,0.023422938230764665,0.8099,0.005755866572463242,0.19009999999999996,0.005755866572463241,43.06874338785807,0.010422751470550613
0.2,42,0.6162042352803629,0.012514364044761393,0.5575894940217337,0.004970262587669656,0.8084333333333333,0.00050332229568472,0.1915666666666667,0.00050332229568472,43.20357131958008,0.008334217852691722
0.2,43,0.6077984334918443,0.011178890973022083,0.5487418969631196,0.01656051744611977,0.8109666666666667,0.007844955916595904,0.18903333333333336,0.007844955916595904,43.34019470214844,0.007209963518607514
0.2,44,0.5993843998852085,0.010836151853355257,0.5364024608771006,0.005421232690278673,0.8172666666666667,0.0020502032419576015,0.18273333333333333,0.002050203241957601,43.47471364339193,0.008263884907923064
0.2,45,0.5914828255200936,0.011068050302274124,0.5289529886245727,0.013481258391639366,0.8210333333333333,0.003043572462310281,0.1789666666666667,0.003043572462310281,43.60786056518555,0.008636563068112108
0.2,46,0.5862177577114268,0.009807441686916663,0.5428148561795553,0.005143657662685555,0.8159666666666667,0.004446721638840635,0.1840333333333333,0.004446721638840635,43.7392323811849,0.009636232104920265
0.2,47,0.5798974567412923,0.008238391326707157,0.5281850800673167,0.0076777562408554805,0.8220333333333333,0.0021197484127446144,0.17796666666666663,0.0021197484127446144,43.86999257405599,0.010552776756512759
0.2,48,0.5728909615157307,0.010717896543516495,0.5124423591454824,0.010143716213709164,0.8253333333333334,0.0027319101986216904,0.17466666666666666,0.0027319101986216904,44.001669565836586,0.011986871649708464
0.2,49,0.5663485308284955,0.012010024460962833,0.5144931685288747,0.021732755249147386,0.8250333333333333,0.006836909633257763,0.1749666666666667,0.006836909633257763,44.13100051879883,0.014961261642265068
0.2,50,0.5601690946891585,0.008713505450894716,0.5091205577850342,0.016334020348709503,0.8296666666666667,0.005253887449625634,0.17033333333333334,0.005253887449625634,44.26083628336588,0.01833234773973555
0.2,51,0.5542159860752022,0.011889111979011331,0.5077456729571025,0.007550933502587553,0.8271666666666667,0.0009291573243177821,0.17283333333333337,0.0009291573243177821,44.38922627766927,0.02144825176152593
0.2,52,0.5485140303211749,0.012010964224853234,0.5055009378274281,0.0061350049189950705,0.8282999999999999,0.003207802986469074,0.17170000000000005,0.003207802986469074,44.515463511149086,0.02298297369562947
0.2,53,0.5450794634814965,0.008212173635289415,0.4910703042109807,0.005821425779250832,0.8366000000000001,0.0019078784028339023,0.1634,0.0019078784028339023,44.6413828531901,0.02389636905999207
0.2,54,0.5396288693815038,0.010801862225349533,0.48747246054808296,0.00601358893837526,0.8357666666666667,0.006384616929255268,0.16423333333333334,0.006384616929255268,44.7684580485026,0.025179411262290414
0.2,55,0.5339624891653085,0.011089621271427453,0.4933746439456939,0.01806827680420112,0.8333,0.003174901573277516,0.1667,0.003174901573277516,44.89331817626953,0.025353479035573483
0.2,56,0.5276728145149358,0.010118053510421611,0.4773434284210205,0.01582426785388216,0.839,0.0036428011200173795,0.16100000000000003,0.0036428011200173795,45.01843134562174,0.02864627356330943
0.2,57,0.5223741436096104,0.008717396339815517,0.492534961271286,0.02164818259999394,0.8336666666666667,0.008064944719793991,0.16633333333333333,0.008064944719793991,45.144493103027344,0.030216641562164227
0.2,58,0.5202383386814381,0.008920876331295664,0.46541110976537065,0.012662194250237737,0.8430333333333334,0.0033171272711991565,0.15696666666666667,0.0033171272711991565,45.267818450927734,0.031404097838657476
0.2,59,0.5183749975603255,0.00963919970137827,0.48558548466364543,0.01751644802325709,0.8357666666666667,0.00561990510002912,0.16423333333333334,0.00561990510002912,45.39046096801758,0.03454374312528295
0.2,60,0.5094106886520003,0.00904613131604657,0.4605295057455699,0.007626091030147369,0.8442333333333334,0.004854207796678362,0.1557666666666667,0.004854207796678362,45.51465606689453,0.035982304999053964
0.2,61,0.5078506935562522,0.009560113442808528,0.46755514562924705,0.018326531364921628,0.8424333333333333,0.004576388678131864,0.15756666666666666,0.004576388678131864,45.63625462849935,0.03693001986865993
0.2,62,0.5035940023029551,0.011721816408374615,0.4663228422959646,0.017732334501291972,0.8440333333333333,0.005934082349726267,0.15596666666666667,0.005934082349726267,45.757162729899086,0.036821455479093095
0.2,63,0.4981040731262978,0.009355491917542272,0.4623310527642568,0.014073745292145442,0.8450666666666667,0.004561067126598042,0.15493333333333334,0.004561067126598042,45.878317515055336,0.0378290526659775
0.2,64,0.4941916947982703,0.0070110965318440945,0.4545893906275431,0.01604655037955474,0.8456,0.004750789408087858,0.1544,0.004750789408087858,45.998854319254555,0.03920056362312797
0.2,65,0.4905001061499272,0.007280213373427894,0.46075047015349063,0.010692050710397057,0.8473999999999999,0.0032046840717923804,0.15259999999999999,0.0032046840717923804,46.11969757080078,0.04047311230103996
0.2,66,0.48765896765065825,0.009371837174342717,0.4526716294288635,0.01090394436187184,0.8497333333333333,0.004647938611183816,0.1502666666666667,0.004647938611183816,46.23730595906576,0.0417189863513734
0.2,67,0.4841860606186632,0.009316062019630995,0.44209646557172144,0.004905289331505982,0.8542,0.001153256259467121,0.1458,0.001153256259467121,46.35546620686849,0.042345037732812695
0.2,68,0.4796174541306313,0.006455397027268997,0.4493344793955485,0.021763252178854463,0.8504333333333335,0.0050202921561731334,0.14956666666666665,0.0050202921561731334,46.472572326660156,0.04323679473663465
0.2,69,0.47596011239041247,0.008956179369610701,0.4572140932877858,0.009099329059734793,0.8479000000000001,0.004092676385936235,0.15209999999999999,0.004092676385936235,46.59147644042969,0.04451272296342886
0.2,70,0.4736412388843445,0.009266838929727166,0.4628824283043544,0.022269544401129514,0.8473666666666667,0.009629295578251523,0.15263333333333332,0.009629295578251523,46.70819218953451,0.04501195441814466
0.2,71,0.46929309596541796,0.008955973568675614,0.439747474972407,0.004614920164631319,0.8552666666666667,0.002010804150914099,0.1447333333333333,0.002010804150914099,46.824893951416016,0.04434962463770285
0.2,72,0.4680216612210156,0.008239595485909362,0.4330341773589452,0.012994840214558106,0.8548333333333334,0.004188476254359494,0.14516666666666664,0.004188476254359494,46.9407704671224,0.04644968319778029
0.2,73,0.4633453970573341,0.009251788171127168,0.44019627143541973,0.01744447055079728,0.8532333333333333,0.005635896852616557,0.14676666666666668,0.005635896852616557,47.05687459309896,0.047790844066913384
0.2,74,0.4588089195816109,0.010488734615197224,0.4421065987110138,0.027391030945193382,0.8521666666666667,0.008925431828955553,0.14783333333333334,0.008925431828955553,47.17342758178711,0.05000496008860217
0.2,75,0.4587730569201256,0.008525929119004245,0.43687149459520974,0.004396058572785541,0.8533666666666666,0.000737111479583181,0.14663333333333337,0.000737111479583181,47.28742980957031,0.05155753083853613
0.2,76,0.45503085078028455,0.007297844299853127,0.42501483654975897,0.01617315167814033,0.8581333333333333,0.004901360355384358,0.1418666666666667,0.004901360355384358,47.401161193847656,0.05133628983402835
0.2,77,0.45024041850548574,0.007857796590702924,0.4274139800071716,0.009463703488483672,0.8584666666666667,0.0026558112382722428,0.14153333333333332,0.0026558112382722423,47.516797383626304,0.05179571059991264
0.2,78,0.4482562717904622,0.0080224166150757,0.4279400953292847,0.01846643972586141,0.8578,0.006527633568147055,0.14220000000000002,0.006527633568147055,47.629713694254555,0.05234232155037813
0.2,79,0.4434662528863242,0.007623805722164395,0.42263289442062374,0.009320025392094413,0.8590666666666666,0.004158525379666855,0.14093333333333333,0.004158525379666855,47.74403635660807,0.05310164296168748
0.2,80,0.44145317820281127,0.0098258773450534,0.4177010363976161,0.007616602523766706,0.8609666666666667,0.004046397574798308,0.13903333333333334,0.004046397574798308,47.85614013671875,0.05398579746228044
0.2,81,0.44128454602994377,0.009171722106447282,0.4160127816518148,0.015127472710336938,0.8616333333333334,0.00473849483837782,0.13836666666666667,0.00473849483837782,47.968072255452476,0.05539560484706046
0.2,82,0.4366010759543478,0.010334445788073764,0.4209585735797882,0.01659553786121925,0.8605,0.003903844259188587,0.13949999999999999,0.0039038442591885865,48.080867767333984,0.056224057801682686
0.2,83,0.4349975671177731,0.010123606750224052,0.41844997080167134,0.009415288466168056,0.8608333333333333,0.0014571661996263011,0.1391666666666667,0.0014571661996263014,48.19213104248047,0.05659932434843754
0.2,84,0.4330559515688832,0.007029699180180245,0.41382988014221195,0.012986751297300604,0.8627333333333334,0.0032624121954978654,0.13726666666666668,0.0032624121954978654,48.302714029947914,0.056439378289587956
0.2,85,0.4300909819683252,0.008358790257089858,0.4098417615493139,0.004573895939250732,0.8642666666666665,0.0017097758137642914,0.13573333333333337,0.0017097758137642914,48.413387298583984,0.05542099671749939
0.2,86,0.4284598911586015,0.005461331802784747,0.4044578406492869,0.01360499481805333,0.8646333333333334,0.0051013070220614345,0.13536666666666666,0.0051013070220614345,48.521244049072266,0.056437977553289574
0.2,87,0.427468981647837,0.008955197921675274,0.4151674700101217,0.014148551048434573,0.8613333333333334,0.0038397048497682126,0.13866666666666663,0.0038397048497682126,48.6302744547526,0.05573363702663468
0.2,88,0.42139125972960817,0.008042665215137254,0.4234000169912974,0.005055800160087058,0.8615333333333334,0.0022052966542697333,0.1384666666666667,0.0022052966542697333,48.74107869466146,0.05727150691450191
0.2,89,0.4204615839429117,0.007769706889084891,0.41199722854296367,0.00739804597713515,0.8615333333333334,0.0023713568549110064,0.13846666666666665,0.0023713568549110064,48.849283854166664,0.05904401765275866
0.2,90,0.4193881299133902,0.007370277687236496,0.403746302096049,0.009475340349394347,0.8661333333333333,0.003501904243884084,0.13386666666666666,0.003501904243884084,48.95656077067057,0.05832143231088084
0.2,91,0.4159985088123182,0.005556354314052691,0.40739937030474344,0.01697007896141807,0.8663333333333334,0.0016258331197676159,0.13366666666666663,0.0016258331197676159,49.065755208333336,0.05876067944305008
0.2,92,0.41448757057502955,0.007095787387539991,0.40244209890365606,0.01051120325702852,0.8671666666666665,0.007277591176572997,0.13283333333333333,0.007277591176572996,49.172959645589195,0.05942491693728187
0.2,93,0.41265942567907027,0.009746136595881931,0.4051226350943247,0.023336864848400203,0.8654000000000001,0.007143528539874426,0.13459999999999997,0.007143528539874426,49.2800178527832,0.059434163053702437
0.2,94,0.40902917083267054,0.0063188627871794065,0.4001022696654002,0.008752285687779925,0.8680333333333333,0.004437717130838051,0.13196666666666668,0.004437717130838051,49.388144175211586,0.05901924211728936
0.2,95,0.4056331497908452,0.007670849114002187,0.39518008178075154,0.007955634657197404,0.8689666666666667,0.001628905563049427,0.13103333333333333,0.001628905563049427,49.495487213134766,0.0613386130210694
0.2,96,0.4053642368555475,0.00910229063623594,0.3978691683928172,0.007029271624105351,0.8702,0.0038431757701151243,0.1298,0.0038431757701151243,49.60273234049479,0.06247261012667176
0.2,97,0.4055026231265333,0.009965796202682977,0.39489144624074296,0.009123899416116629,0.8689333333333332,0.0035118845842842493,0.13106666666666664,0.0035118845842842497,49.70736312866211,0.06270822237247266
0.2,98,0.4034605335701457,0.00922913574527152,0.40417931434313453,0.00973910265977719,0.8688666666666668,0.0013012814197295099,0.13113333333333332,0.0013012814197295099,49.81186548868815,0.06315902106721431
0.2,99,0.4002234374775606,0.006413180348947166,0.39653165772755944,0.008460295847316099,0.8674333333333334,0.00595343038368078,0.13256666666666664,0.00595343038368078,49.91672388712565,0.06312413387187074
0.2,100,0.3982047892897331,0.008867835649895317,0.40510228104591367,0.01507354069888941,0.8696333333333334,0.002928025500799657,0.13036666666666666,0.002928025500799657,50.021742502848305,0.06331826567289413
0.25,1,2.0081801995800177,0.015043080107210071,1.8210185304641724,0.015513157764238795,0.31559999999999994,0.01887458608817689,0.6844,0.018874586088176867,37.43256378173828,0.0675204529189352
0.25,2,1.767929741793581,0.006654660319086344,1.6728531111399334,0.07641113143325584,0.3721666666666667,0.031192039582773914,0.6278333333333334,0.031192039582773914,37.51767094930013,0.07025371252259603
0.25,3,1.6724962244050072,0.017770559210882306,1.567111891937256,0.0743563363852192,0.41886666666666666,0.025216925532929927,0.5811333333333334,0.02521692553292993,37.610877990722656,0.0735158285820427
0.25,4,1.596156694801669,0.01684931447067609,1.4894479797999065,0.05635331337980706,0.45070000000000005,0.02050292662036324,0.5493,0.02050292662036327,37.711875915527344,0.07328973329589415
0.25,5,1.5397428339196388,0.017374456132997006,1.4276320190429688,0.03601054346776148,0.4729666666666666,0.010272455078185213,0.5270333333333334,0.010272455078185182,37.816162109375,0.07261173507087873
0.25,6,1.48799476091006,0.012340824806825737,1.3552665788650513,0.0010989635823681803,0.5027333333333334,0.0014571661996263011,0.4972666666666667,0.0014571661996263014,37.927252451578774,0.07275114361560345
0.25,7,1.4409029455339413,0.013994266864724759,1.3046321730295816,0.027503597306092847,0.5212,0.01349110818279948,0.47879999999999995,0.013491108182799479,38.044071197509766,0.07301228451787052
0.25,8,1.3946705940739275,0.008967903922234208,1.2469774866739909,0.01550943905472343,0.5436333333333333,0.008057501680628614,0.45636666666666664,0.008057501680628614,38.166272481282554,0.0725741734869285
0.25,9,1.350664361561859,0.010927026648452255,1.2488036134719849,0.04127781122145403,0.5446000000000001,0.01617065242963316,0.4554,0.01617065242963316,38.295955657958984,0.07098849042607411
0.25,10,1.3117734444822295,0.011834527001145446,1.2235476355870565,0.036437059125307696,0.5573333333333333,0.006013595707505898,0.4426666666666666,0.006013595707505898,38.43097178141276,0.07355734149363997
0.25,11,1.267731580892792,0.010465894981905888,1.160747534243266,0.057758024153418325,0.5823999999999999,0.022819947414488066,0.4176,0.022819947414488066,38.56854502360026,0.07486918038182604
0.25,12,1.2256701729893178,0.00662560326660951,1.088502523994446,0.02690734848845524,0.6047666666666666,0.010911156370125638,0.3952333333333333,0.010911156370125638,38.7130978902181,0.07279634851195331
0.25,13,1.189002800170723,0.006960648827158792,1.0556894824028016,0.023223844014119147,0.6204,0.00780832888651599,0.3796,0.00780832888651599,38.85796864827474,0.07156126777956578
0.25,14,1.1505145243569916,0.008261411108150953,1.0185068689664207,0.0009889081827555628,0.6338333333333334,0.003056686659331196,0.3661666666666667,0.003056686659331196,39.00740051269531,0.0717312175390837
0.25,15,1.1181333756609444,0.0030972195946128767,1.014934841601054,0.04705329031600215,0.6365666666666666,0.012231652927275724,0.36343333333333333,0.012231652927275722,39.15792465209961,0.07194195646054352
0.25,16,1.0869770115598694,0.004420777762599079,0.9728989689509074,0.013493362830068136,0.6538,0.006538348415311029,0.3462,0.006538348415311029,39.308362325032554,0.07189896640222647
0.25,17,1.0586315925977012,0.004584343985917189,0.9485128574371338,0.009505650895913799,0.6601333333333333,0.0038656607887052746,0.3398666666666667,0.0038656607887052746,39.456947326660156,0.0723773178321973
0.25,18,1.0321011600693575,0.003239060282377923,0.9102402414639791,0.013166032646030019,0.6743,0.005927056605094943,0.3257,0.005927056605094943,39.60726420084635,0.07108338015334868
0.25,19,1.005700663024304,0.002714505865491094,0.8997460109710693,0.020788796191303405,0.6757,0.010806016842481782,0.3243,0.010806016842481782,39.7576535542806,0.07052407807841188
0.25,20,0.9849720659768185,0.004018774413451688,0.8665271270751953,0.00867979825510301,0.6899000000000001,0.0039127995093027595,0.3101,0.0039127995093027595,39.905426025390625,0.06957611681302958
0.25,21,0.9639916423539879,0.0072583396146202375,0.8404653641382853,0.008358574551647582,0.7005,0.003666060555964668,0.2995,0.003666060555964668,40.055432637532554,0.06842932063880652
0.25,22,0.9437964331971612,0.003468015216588183,0.8375344116210938,0.025565364703293295,0.7043333333333334,0.00820507972742088,0.2956666666666667,0.008205079727420881,40.20253880818685,0.06733895451152548
0.25,23,0.9237064252220862,0.0054904304096003494,0.8333635228792827,0.013078399485581703,0.7052666666666667,0.0033246553706110875,0.29473333333333335,0.0033246553706110875,40.350144704182945,0.0658103423344904
0.25,24,0.9097697135737485,0.0075212245007907595,0.8003567869186402,0.02451011038991493,0.7193,0.006766830868286836,0.2807,0.006766830868286836,40.4953358968099,0.0643311988167231
0.25,25,0.8924069757250163,0.005053064435938128,0.7804012120564779,0.006574628722658337,0.7259000000000001,0.000916515138991176,0.2741,0.0009165151389911761,40.6407356262207,0.062457762239792235
0.25,26,0.8764779848210953,0.005481180725546463,0.7685550763448079,0.014748828541299558,0.7284,0.003579106033634682,0.2716,0.003579106033634682,40.78544998168945,0.06259324954023904
0.25,27,0.8607266405557631,0.007228273095292615,0.7587633836110433,0.012346650174675459,0.7318666666666666,0.008209953308840032,0.26813333333333333,0.008209953308840032,40.92970530192057,0.05927609735336705
0.25,28,0.8452264527327366,0.00572692936931816,0.762428260644277,0.016022399228074382,0.7320333333333333,0.0014047538337137123,0.26796666666666663,0.0014047538337137126,41.074283599853516,0.05844946969050504
0.25,29,0.8325987944009462,0.008357812953597046,0.7199975891431173,0.004440706744152298,0.7458999999999999,0.0025357444666212073,0.2541,0.0025357444666212073,41.219014485677086,0.05640470048752428
0.25,30,0.8181045458343226,0.006407172228054971,0.7164405092557272,0.01032232184633549,0.7497333333333334,0.0030892285984260234,0.2502666666666667,0.0030892285984260234,41.3616091410319,0.05465808908466417
0.25,31,0.8019126043905077,0.008949288297697247,0.6928101137479147,0.017579297613543193,0.7579333333333333,0.004289910643980061,0.24206666666666665,0.004289910643980061,41.50578943888346,0.05391747800201452
0.25,32,0.792809815662901,0.008516893506044865,0.7020756083011627,0.0174722308433759,0.7536333333333333,0.00956312361800957,0.24636666666666665,0.00956312361800957,41.6494140625,0.05242648425749874
0.25,33,0.778253439137393,0.0075431432933110165,0.67683375193278,0.010397891128924404,0.7646666666666667,0.0037634204300520772,0.2353333333333333,0.0037634204300520777,41.79277547200521,0.050198935289938566
0.25,34,0.7693322799140739,0.006335341521408357,0.667939832464854,0.027109388188598618,0.7658999999999999,0.012657408897558824,0.2341,0.012657408897558824,41.93476231892904,0.0478437135565961
0.25,35,0.7565022702920366,0.009194326363087774,0.6489845532099406,0.013166204133824811,0.7733333333333333,0.0058773576829501935,0.22666666666666668,0.0058773576829501935,42.075852711995445,0.04678470284738156
0.25,36,0.7447226948953549,0.0058939878904948895,0.6484771047274273,0.017910175043471355,0.7738666666666667,0.006823733093647009,0.22613333333333333,0.006823733093647009,42.217461903889976,0.04412632496892787
0.25,37,0.7338638879352417,0.005158091411775949,0.6355199621359507,0.012484557223992181,0.7780333333333335,0.0039004273270160108,0.22196666666666667,0.0039004273270160108,42.357643127441406,0.04251995508948009
0.25,38,0.7226008675287448,0.007296522531000182,0.6399300715446472,0.024865823861238152,0.7792,0.007950471684120396,0.2208,0.007950471684120396,42.498242696126304,0.04141255615042369
0.25,39,0.7100600438400506,0.008192869764729488,0.6402175905863444,0.012557288523361373,0.7795666666666667,0.0037859388972001857,0.2204333333333333,0.0037859388972001857,42.636634826660156,0.039683264319540126
0.25,40,0.7033900396750711,0.00535066695363606,0.6198711368242898,0.025859999546545092,0.7851,0.005692978130996137,0.2149,0.005692978130996137,42.774758656819664,0.04000226340556458
0.25,41,0.6919613738956354,0.006249664446630531,0.5975069185415903,0.008747322102831703,0.7942333333333332,0.002098412098071619,0.20576666666666668,0.0020984120980716186,42.91246541341146,0.03867369443664494
0.25,42,0.6822566806457028,0.007039122312024452,0.6053186962127685,0.01857097690838026,0.7935666666666666,0.006296295206971569,0.20643333333333333,0.006296295206971569,43.04874801635742,0.036710334762127525
0.25,43,0.6734035855567262,0.008000231671325655,0.6002356132984161,0.024771422534653333,0.7961333333333332,0.0073111786555475275,0.20386666666666667,0.0073111786555475275,43.18606821695963,0.03545327128390948
0.25,44,0.6668550881024414,0.006713038584732716,0.5829512707392374,0.008334244468056357,0.7995666666666666,0.003265475973473621,0.20043333333333335,0.003265475973473621,43.320438385009766,0.03352561900081627
0.25,45,0.6579199363203609,0.006447298454022708,0.5785540231227876,0.022160975511498367,0.8028666666666666,0.008220300075625813,0.1971333333333333,0.008220300075625813,43.45569864908854,0.034265968152758314
0.25,46,0.650943025501996,0.005492733346873927,0.5719740516662597,0.012218928113094768,0.8043999999999999,0.003122498999199193,0.19560000000000002,0.003122498999199193,43.58904774983724,0.035126896600573505
0.25,47,0.6433778672978497,0.005396200409471887,0.5533098336537678,0.005956055924516518,0.8126666666666665,0.0021733231083603853,0.18733333333333335,0.0021733231083603853,43.72251510620117,0.03295859318960246
0.25,48,0.6354322814575547,0.007249147837855016,0.5478291859149933,0.010721769158138843,0.8119333333333333,0.002668957349478117,0.18806666666666663,0.002668957349478117,43.85513178507487,0.033285136637531555
0.25,49,0.6283354043249177,0.009584208672714303,0.5492867520014445,0.008624048930633094,0.8116333333333333,0.004907477288111856,0.18836666666666668,0.004907477288111856,43.98683547973633,0.03539367377750818
0.25,50,0.6215003124435845,0.007185123601261247,0.5505833292484283,0.017893035962805386,0.8134,0.0053357286287816705,0.1866,0.0053357286287816705,44.1178830464681,0.035731804477729244
0.25,51,0.6104632943538347,0.00831282206159624,0.5341714948177337,0.0061513616506049746,0.8175666666666667,0.0013051181300300888,0.18243333333333334,0.0013051181300300888,44.247946421305336,0.03541928073696586
0.25,52,0.6050352595702054,0.0070773094126646155,0.5479650637626649,0.02500402260587985,0.8118,0.007184010022264734,0.18820000000000003,0.007184010022264734,44.37736256917318,0.03537330790416944
0.25,53,0.6015327812155798,0.0055378201900354905,0.5385082970460257,0.004470838904467909,0.8178666666666666,0.001357694123627773,0.18213333333333334,0.001357694123627773,44.50608698527018,0.034508672093720896
0.25,54,0.5957311182477386,0.0051859201034803485,0.5240400281588237,0.009682028640514201,0.8207000000000001,0.004194043395102141,0.1793,0.004194043395102141,44.63461049397787,0.03544443147866002
0.25,55,0.5929050581991825,0.005072833930227757,0.5180545632362366,0.02486210709905375,0.8244666666666666,0.009208872533233011,0.17553333333333332,0.009208872533233011,44.76016108194987,0.037197872239271054
0.25,56,0.5872188947288175,0.010436282815260945,0.5127349633534749,0.010004895017653809,0.8271999999999999,0.003051229260478492,0.17279999999999998,0.003051229260478492,44.88629023234049,0.04160696748797493
0.25,57,0.5794048859894225,0.010165847709326707,0.5092724358399708,0.009678080994960722,0.8255333333333333,0.003669241520169146,0.17446666666666666,0.003669241520169146,45.01232147216797,0.04363536358452797
0.25,58,0.5782354646072566,0.003812529566914579,0.5069455522696177,0.006169322292973191,0.8283333333333335,0.00418608807042246,0.17166666666666666,0.00418608807042246,45.13491566975912,0.04387129443249787
0.25,59,0.5707586074322589,0.01051787759473768,0.513783253955841,0.018200790834205748,0.8258666666666666,0.0043661577311560045,0.17413333333333336,0.0043661577311560045,45.25883992513021,0.045527826525714694
0.25,60,0.5677636025913333,0.006162584626521165,0.49120904245376584,0.0037494256972136516,0.8342333333333333,0.0007767453465153793,0.1657666666666667,0.0007767453465153793,45.38230514526367,0.04656162524136691
0.25,61,0.5578822820540279,0.009347097995416446,0.49464468404452006,0.008659081039267129,0.8319333333333333,0.0037898988552906156,0.16806666666666667,0.0037898988552906156,45.50576909383138,0.048091276040914586
0.25,62,0.5567105100232114,0.005249664573621844,0.4948858726183573,0.008820422319916534,0.8342,0.0032046840717924498,0.16579999999999998,0.0032046840717924498,45.62758763631185,0.048933477343301945
0.25,63,0.5500269582255316,0.007396955076106807,0.4834227277119954,0.009080663324096844,0.8370333333333333,0.004734272207354923,0.16296666666666662,0.004734272207354923,45.75027720133463,0.05012310092708479
0.25,64,0.5476920937282451,0.005165136542205809,0.47876910661061606,0.011774866380904274,0.8381333333333334,0.004292241061885183,0.16186666666666663,0.004292241061885183,45.87079874674479,0.05181745901557385
0.25,65,0.5416024765801654,0.007010968415235767,0.47813488488197325,0.014988137979224683,0.8388999999999999,0.0054561891462814715,0.16110000000000002,0.0054561891462814715,45.99239985148112,0.05443838474364764
0.25,66,0.5376862932095036,0.006879922817867314,0.4796417984008789,0.01257928511642792,0.8378333333333332,0.004272391992003244,0.16216666666666668,0.004272391992003243,46.1120491027832,0.05490405038850584
0.25,67,0.531061491875799,0.007226257906120808,0.4778838472048441,0.008205186574775706,0.8401,0.0024758836806279476,0.15990000000000001,0.002475883680627948,46.23385365804037,0.0577804933245756
0.25,68,0.5306973754851511,0.0042150440606690985,0.4664745693206787,0.009819638377612244,0.8408333333333333,0.001457166199626243,0.15916666666666668,0.001457166199626243,46.35217793782552,0.05914314432076701
0.25,69,0.5249831196038213,0.0061376658341168325,0.469788613986969,0.01859066508211436,0.8431000000000001,0.005902541825349472,0.1569,0.005902541825349472,46.47103754679362,0.06103920831740034
0.25,70,0.5232530029939975,0.008059208523169938,0.466865023469925,0.01677985371085884,0.8427333333333333,0.005717808437971072,0.15726666666666667,0.005717808437971072,46.58651351928711,0.06290193891992413
0.25,71,0.5199536395601401,0.004670260755376871,0.46965642644564315,0.006200737367578445,0.842,0.0021517434791349863,0.15800000000000003,0.0021517434791349863,46.70343526204427,0.06393676543001955
0.25,72,0.5134110647648295,0.005425603466267522,0.4519756152947744,0.013988100918363158,0.8468666666666667,0.006961561127601538,0.15313333333333334,0.006961561127601538,46.821858723958336,0.06641296551882882
0.25,73,0.5125463836892283,0.008860669718607245,0.45418746507962543,0.003463091597790388,0.8473666666666667,0.0018448125469362558,0.15263333333333332,0.0018448125469362558,46.936988830566406,0.0672071431789766
0.25,74,0.5073946181109901,0.006168506849622575,0.4525249030907949,0.004377874091359035,0.8484666666666666,0.0015567059238447403,0.15153333333333333,0.0015567059238447403,47.05378850301107,0.0688809572938291
0.25,75,0.505205859105402,0.006277188021482314,0.4647442471504211,0.004260651823406274,0.8462000000000001,0.003151190251317788,0.15380000000000002,0.003151190251317788,47.169141133626304,0.06914960187156108
0.25,76,0.5025332134601304,0.007630587099466177,0.4570012565135955,0.021215679709623028,0.8476333333333333,0.008567574530363543,0.15236666666666665,0.008567574530363543,47.283685048421226,0.07250624348025868
0.25,77,0.4974938214130109,0.006991011321570568,0.44894098645846053,0.008062056653037733,0.8498000000000001,0.002080865204668444,0.1502,0.002080865204668444,47.39844258626302,0.07367186330303525
0.25,78,0.49518953559750284,0.008168793587676791,0.45030868821144104,0.0180213874544903,0.8483333333333333,0.005173329037798882,0.15166666666666664,0.005173329037798881,47.511959075927734,0.07481416594832112
0.25,79,0.49119857537980166,0.008975912589880494,0.43921658840179445,0.011875972601790859,0.8534333333333333,0.006132971003790363,0.14656666666666665,0.006132971003790363,47.626739501953125,0.07713121426775797
0.25,80,0.48925633704367605,0.005607589066674826,0.4370879194736481,0.0015882026327161435,0.8533,0.0008717797887081023,0.14670000000000002,0.0008717797887081023,47.73930994669596,0.07677114994442898
0.25,81,0.4866969763521241,0.007233384204708055,0.4546698795318604,0.0010025365635612825,0.8498999999999999,0.0010000000000000009,0.1501,0.0010000000000000009,47.85165023803711,0.0765478081019303
0.25,82,0.4849177261295221,0.007436016413670965,0.4439300194263458,0.01503069634369338,0.8507000000000001,0.0035791060336346618,0.1493,0.0035791060336346618,47.96435038248698,0.07758001086718831
0.25,83,0.4808713206854623,0.008828688231229977,0.45139275234540305,0.017253451068190487,0.8507333333333333,0.004196824196143238,0.1492666666666667,0.004196824196143238,48.07637278238932,0.07964552584865187
0.25,84,0.4774492713801391,0.008409754355003022,0.44023774364789325,0.02102667600909913,0.8513333333333334,0.005444569159569286,0.14866666666666664,0.005444569159569286,48.18686294555664,0.07923744399777542
0.25,85,0.47770786263804504,0.007076396145784877,0.4285783013502757,0.0027349457780639183,0.8576,0.0006244997998398333,0.1424,0.0006244997998398333,48.29733022054037,0.07928654605108434
0.25,86,0.47499479016786134,0.006654790805913497,0.4260288771629333,0.006723159985884478,0.8582333333333333,0.004285246006162685,0.14176666666666668,0.004285246006162686,48.40848159790039,0.07941833628738465
0.25,87,0.46752194273908837,0.005942533866168366,0.4330663900057475,0.002899004023052491,0.8546333333333332,0.0009504384952922232,0.14536666666666664,0.0009504384952922232,48.51929219563802,0.08008288744516442
0.25,88,0.46741351271834214,0.006483030060182623,0.4291574659029642,0.01111379000022941,0.8559666666666667,0.0037287173844813455,0.14403333333333332,0.0037287173844813455,48.628265380859375,0.08096619874136655
0.25,89,0.4648105578476409,0.006060225673096489,0.4274552017529805,0.013611532673123221,0.8575666666666667,0.004552288801617633,0.14243333333333333,0.004552288801617633,48.736735026041664,0.0808990771260142
0.25,90,0.4625151397982725,0.006148497280534993,0.4218308524608612,0.007845647194130901,0.8591666666666667,0.001184623709594455,0.14083333333333334,0.001184623709594455,48.84495417277018,0.08362109267310877
0.25,91,0.4595981799478929,0.005059716950861823,0.4259451031366985,0.008405714640092442,0.8588666666666667,0.002793444707405757,0.14113333333333333,0.002793444707405757,48.953423817952476,0.08372953407837457
0.25,92,0.45694462412560183,0.006260383445731122,0.41982275209426884,0.011268133811322693,0.8614999999999999,0.002899999999999958,0.13849999999999998,0.002899999999999958,49.06141026814779,0.08471396159893084
0.25,93,0.4559008133330105,0.008166742499274564,0.4161179818471273,0.00872833036635568,0.8636333333333334,0.0030615900008546747,0.13636666666666666,0.0030615900008546747,49.16825485229492,0.08523800674412915
0.25,94,0.4545992941477313,0.005980802367998385,0.42651556561787923,0.00868629716360704,0.8584333333333333,0.005054041287260457,0.14156666666666665,0.005054041287260457,49.273590087890625,0.08704779406041972
0.25,95,0.4499629776089596,0.006836170725813373,0.41708600792884826,0.007389171063553332,0.8615,0.0012165525060596379,0.13849999999999998,0.0012165525060596376,49.37997182210287,0.0876359168084544
0.25,96,0.44805031030328485,0.004576603740125325,0.4171954569657644,0.009525660636309776,0.8633000000000001,0.0018999999999999573,0.13670000000000002,0.0018999999999999573,49.485373179117836,0.08804354885220131
0.25,97,0.4467909616836603,0.006696738373185885,0.41300293879508976,0.009243302098262607,0.8642333333333334,0.004118656738954226,0.13576666666666667,0.004118656738954226,49.591009775797524,0.08944528334100284
0.25,98,0.4438029443059126,0.010546580101189371,0.4126330768267314,0.008714682758245511,0.8635999999999999,0.0014933184523067697,0.1364,0.0014933184523067697,49.69601694742838,0.09210803983292509
0.25,99,0.4427152349211066,0.004564510114914697,0.4149049183527629,0.010133877084428602,0.8620000000000001,0.005935486500700719,0.138,0.005935486500700719,49.79966481526693,0.09238591637653655
0.25,100,0.43911252906966797,0.005572819202698992,0.4182934357484182,0.011222974205613377,0.8617666666666667,0.0015885003409925312,0.13823333333333332,0.0015885003409925312,49.904501597086586,0.09263964422523141
0.3,1,2.0411201953278173,0.014758066112452011,1.8667473559061687,0.026604137927539573,0.3020333333333334,0.01248612563341141,0.6979666666666665,0.01248612563341138,37.42244974772135,0.07102587915510664
0.3,2,1.8100784506842507,0.009155275952706286,1.7140881815592446,0.08343974623132361,0.3532,0.03912019938599495,0.6468,0.03912019938599501,37.501495361328125,0.07196439191502021
0.3,3,1.7142974398426796,0.016584904182431935,1.6388421267191566,0.07563248351192524,0.3894666666666667,0.021693393771683882,0.6105333333333333,0.021693393771683896,37.58977381388346,0.07489965559574764
0.3,4,1.6389395223147627,0.018082197986145264,1.5418165648142497,0.06206105452054054,0.4339,0.026927309557399165,0.5660999999999999,0.026927309557399137,37.686787923177086,0.07950662857797942
0.3,5,1.5800889661346655,0.021480957424995912,1.473857646115621,0.05078520705257777,0.4566666666666667,0.016833399339804603,0.5433333333333333,0.016833399339804555,37.78901672363281,0.0844319546462055
0.3,6,1.528385855454415,0.020193623357678027,1.3963327554066975,0.012204314801993188,0.4899,0.006062177826491076,0.5101,0.006062177826491071,37.895973205566406,0.09027492217720554
0.3,7,1.485181986625034,0.02345420938049503,1.354652834701538,0.026739933466100676,0.5010666666666667,0.014759855464513668,0.4989333333333333,0.014759855464513638,38.00862375895182,0.09799201525865023
0.3,8,1.440684899141518,0.021936681196920504,1.317843929163615,0.023124015087272177,0.5175,0.012095040305844343,0.4825,0.012095040305844343,38.127549489339195,0.10523189626301634
0.3,9,1.4021412317100388,0.02358056783633206,1.298269864018758,0.07635075805686528,0.5248333333333334,0.031056453972295853,0.4751666666666667,0.031056453972295853,38.251817067464195,0.11095849853482995
0.3,10,1.3675575054108535,0.03205467317657074,1.2793690012613934,0.07442236148259723,0.5359333333333334,0.025400262465835512,0.4640666666666666,0.025400262465835512,38.37946319580078,0.11844520205864334
0.3,11,1.3281168813697313,0.032318678393093624,1.2070181862513223,0.03308411019625975,0.5631666666666666,0.011216654284292275,0.43683333333333335,0.011216654284292275,38.51216252644857,0.12485632275620247
0.3,12,1.2904122166926293,0.0318272068605686,1.1584586647669475,0.03699731555663186,0.5806666666666667,0.019606206500323638,0.41933333333333334,0.019606206500323638,38.65046310424805,0.1301270304544552
0.3,13,1.2575921052963634,0.03239111518420911,1.125752236843109,0.038236989339355335,0.5913666666666667,0.016313900003779972,0.40863333333333335,0.016313900003779972,38.7904307047526,0.13331765077146268
0.3,14,1.221097432642235,0.028862017641858237,1.0841189262390138,0.007930114556417572,0.6123333333333334,0.006296295206971569,0.3876666666666666,0.006296295206971569,38.93602498372396,0.1335828726186772
0.3,15,1.189158725667386,0.02838329580809303,1.0800178731282553,0.057166192737495417,0.6135666666666667,0.018565110646945618,0.38643333333333335,0.018565110646945618,39.08198165893555,0.13450312040166673
0.3,16,1.1581447947665555,0.02809797799318946,1.0229511583328248,0.015955035379945318,0.6354000000000001,0.0036097091295559684,0.3646,0.0036097091295559684,39.22953414916992,0.13572095088006386
0.3,17,1.1247733655081584,0.025585432461323308,1.0018874994595846,0.029694507425056544,0.6394333333333333,0.015841822285751497,0.3605666666666667,0.015841822285751497,39.37833913167318,0.13651170531026596
0.3,18,1.10127090696382,0.025756593343256737,0.9707963450113932,0.037190006498303375,0.6505333333333333,0.015916134371553068,0.34946666666666665,0.015916134371553068,39.52628835042318,0.1335614626287718
0.3,19,1.0755553060582024,0.02621507487380685,0.9564263153076172,0.02080245413385519,0.6571333333333332,0.013458206913750955,0.34286666666666665,0.013458206913750954,39.67502466837565,0.13312802752949154
0.3,20,1.050142957731281,0.022941785196796197,0.9119694952011108,0.03994076355706942,0.6727,0.013620939761998796,0.32730000000000004,0.013620939761998796,39.82366689046224,0.13047824132488886
0.3,21,1.0304298691534124,0.019914346340527536,0.900723256556193,0.013295139654439656,0.6773000000000001,0.007767238891652581,0.3227,0.00776723889165258,39.97177251180013,0.1299962832475131
0.3,22,1.0083348349130572,0.022073934046040498,0.890318423684438,0.039663237037574565,0.6836000000000001,0.010409610943738495,0.3164,0.010409610943738495,40.120646158854164,0.12876269628746181
0.3,23,0.9872293240578888,0.02042845503740724,0.8753223540941875,0.01810444403408476,0.6881666666666666,0.011082117727823202,0.31183333333333335,0.0110821177278232,40.269090016682945,0.12633707437546196
0.3,24,0.9714335350530939,0.017850235569798423,0.8413199048042297,0.013192119237820023,0.7045,0.006555150646628954,0.29550000000000004,0.006555150646628954,40.41595967610677,0.12600956115056977
0.3,25,0.953916335857941,0.016459427907631455,0.8440032352129618,0.039059159565508796,0.7024333333333334,0.014677988054680156,0.2975666666666667,0.014677988054680156,40.563419342041016,0.12368835692132728
0.3,26,0.9373109826448119,0.02040551659110756,0.8098942311922709,0.011839782797882696,0.7130666666666666,0.0044736264186153556,0.2869333333333334,0.0044736264186153556,40.71027628580729,0.1259278999050865
0.3,27,0.9220825256390747,0.019120001564808687,0.8171193553288778,0.026480126625363247,0.7120666666666667,0.008528970238741244,0.2879333333333333,0.008528970238741242,40.85545857747396,0.12422285056865337
0.3,28,0.9082372284098152,0.01726894958770928,0.807040947786967,0.02730613671209712,0.7162333333333333,0.00752684086010415,0.28376666666666667,0.007526840860104151,41.00137074788412,0.12534951276720893
0.3,29,0.8943815683058359,0.0159579761928308,0.7740256717999777,0.026353274348270388,0.7276333333333334,0.008914220848359812,0.27236666666666665,0.008914220848359812,41.14478302001953,0.12481845426867355
0.3,30,0.8794450568319485,0.015624369204308477,0.771259645430247,0.016063379444156794,0.7280000000000001,0.0059757844673314475,0.27199999999999996,0.0059757844673314475,41.2892214457194,0.12370894583149393
0.3,31,0.8638289060129228,0.01381670120433376,0.7444806323051453,0.031459216711179266,0.7383333333333333,0.0071500582748208405,0.26166666666666666,0.007150058274820841,41.434182484944664,0.12405042756693148
0.3,32,0.8554642787369926,0.017583815398091337,0.7603144616444905,0.013651171240102674,0.7345333333333333,0.0024006943440041005,0.2654666666666667,0.0024006943440041,41.577789306640625,0.12413944826932279
0.3,33,0.8412751257673655,0.015907848812399646,0.7330428733189901,0.02214197401147712,0.7421666666666665,0.00480138868800825,0.25783333333333336,0.00480138868800825,41.72015253702799,0.12438942858059178
0.3,34,0.8302922168554452,0.016481750996022584,0.7126983168919881,0.01895518807666659,0.7515333333333333,0.005947548514584238,0.2484666666666667,0.005947548514584238,41.86219914754232,0.12421717893049423
0.3,35,0.8171928334419074,0.014503019262612831,0.705187419986725,0.001367931612407244,0.7545000000000001,0.0017435595774163066,0.24550000000000002,0.0017435595774163068,42.00350824991862,0.12711045835260362
0.3,36,0.8080389065205899,0.016744895568781965,0.7067957701365154,0.006854369464009404,0.7527333333333334,0.0014047538337137071,0.24726666666666666,0.0014047538337137071,42.14440790812174,0.12679038691913266
0.3,37,0.7975253971946209,0.014982321310537512,0.6926391824404399,0.007768008013353423,0.7601,0.004484417464955748,0.2399,0.004484417464955748,42.28451156616211,0.12736424283226389
0.3,38,0.7875261845897632,0.013159889261833634,0.6792500630060831,0.022025878971143185,0.7619666666666666,0.007392789279651704,0.23803333333333335,0.007392789279651704,42.425665537516274,0.12673435264636151
0.3,39,0.7739840645314482,0.012994762759546764,0.6828378126780192,0.019240053295579606,0.7636,0.006165225056719365,0.23640000000000003,0.006165225056719365,42.56616083780924,0.12642289107745777
0.3,40,0.7687430591636099,0.015918583248749306,0.6746927197774251,0.01144409208109133,0.7657333333333334,0.004454585652261434,0.2342666666666667,0.004454585652261434,42.70398839314779,0.1274412513196973
0.3,41,0.7574524104290301,0.013986665238088444,0.6490692099571228,0.012985584500622892,0.7760333333333334,0.004082074635933722,0.22396666666666668,0.004082074635933722,42.84209696451823,0.13065674282306958
0.3,42,0.7474117295567235,0.013777020373563735,0.6625040507157643,0.01741148290773786,0.7726333333333333,0.005707305260219848,0.2273666666666667,0.005707305260219847,42.980533599853516,0.129509911119431
0.3,43,0.7383782998781782,0.014838064262120275,0.659189154656728,0.019375797013046123,0.7747333333333333,0.0084689629432023,0.22526666666666664,0.0084689629432023,43.118526458740234,0.1301918717188303
0.3,44,0.7308025602997619,0.012779074786103217,0.6275029832839966,0.012645169015293438,0.7828333333333334,0.0019425069712444786,0.2171666666666667,0.0019425069712444786,43.256324768066406,0.12917964767068146
0.3,45,0.722036643177652,0.013682615207997165,0.63016311917305,0.021236722400141336,0.7826333333333334,0.006612362159873978,0.21736666666666662,0.006612362159873978,43.393609364827476,0.1305412097386597
0.3,46,0.7147382925386014,0.01407306851641187,0.6148713147958119,0.01362165366453998,0.7888666666666667,0.003647373484212074,0.21113333333333328,0.003647373484212074,43.529005686442055,0.1306611943565693
0.3,47,0.7048145929718261,0.011442906091469899,0.6040993021647135,0.0014723609118831521,0.7920333333333334,0.0015011106998930293,0.20796666666666666,0.0015011106998930293,43.66387939453125,0.12951169377699076
0.3,48,0.6979229075473694,0.011784601255054239,0.5916105937957764,0.004635382119015511,0.7971,0.001044030650891004,0.2029,0.0010440306508910037,43.79865519205729,0.13092275910467366
0.3,49,0.6908797956844324,0.009719606283315052,0.5969657395998637,0.023245723323937553,0.7968999999999999,0.007566372975210763,0.20310000000000003,0.007566372975210763,43.93297322591146,0.13068462106014986
0.3,50,0.6810996415568332,0.011747988216920954,0.5911017203807831,0.009859082052516784,0.7972,0.0008544003745317695,0.20279999999999998,0.0008544003745317695,44.06713358561198,0.13272328276767423
0.3,51,0.6723112253073639,0.010462309560128974,0.57765144516627,0.0035568187010387078,0.8009333333333334,0.0017387735140993066,0.1990666666666667,0.0017387735140993068,44.198710123697914,0.1309494373365921
0.3,52,0.6665998946522812,0.006749266029881088,0.5886989488442739,0.007540424081288333,0.8001999999999999,0.00268886593194971,0.1998,0.00268886593194971,44.32960637410482,0.12971761155430273
0.3,53,0.6589218974367533,0.00850172838323454,0.5719232953071595,0.019502704739509314,0.8041666666666667,0.008140229316999203,0.19583333333333333,0.008140229316999203,44.46124394734701,0.13028648442033067
0.3,54,0.6523728847046337,0.009206245249984191,0.576200461101532,0.012225509340254218,0.8032,0.0066022723360976195,0.1968,0.0066022723360976195,44.592062632242836,0.13090786319874334
0.3,55,0.6493101466291499,0.009108331791830251,0.5553197169621785,0.004802267131957476,0.8112333333333334,0.0006658328118479938,0.18876666666666667,0.0006658328118479938,44.72076924641927,0.12912837493541615
0.3,56,0.6423192212496267,0.00774708912431089,0.5525086345354716,0.01485951334900827,0.8119000000000001,0.004327817001676466,0.18809999999999996,0.004327817001676466,44.85057576497396,0.12785375983688105
0.3,57,0.6366864346533073,0.0077865604916304895,0.5447344699700672,0.016521501192714262,0.8144,0.004026164427839484,0.18560000000000001,0.004026164427839484,44.97842788696289,0.12890612068720675
0.3,58,0.6330804776555946,0.0064838871242525525,0.539159382947286,0.005606218420965628,0.8164666666666666,0.004452340208624327,0.18353333333333333,0.004452340208624328,45.104390462239586,0.1312163383160384
0.3,59,0.6250236497307474,0.008535223585051327,0.539725149790446,0.012642014158436276,0.8161333333333333,0.0033605555096342518,0.18386666666666665,0.0033605555096342518,45.231327056884766,0.13226461717808308
0.3,60,0.6197897320055901,0.008047073254906669,0.5288179376125336,0.010653879428395028,0.8205999999999999,0.0032046840717923925,0.1794,0.0032046840717923925,45.357687632242836,0.13288300444630963
0.3,61,0.6133417794060118,0.006706218245490825,0.5327939357598623,0.007647237577225644,0.8193666666666667,0.0007767453465153793,0.18063333333333334,0.0007767453465153793,45.48273595174154,0.13441323298581184
0.3,62,0.6097567488978485,0.007523786674757257,0.533711828660965,0.018689691061379122,0.8205333333333334,0.004324735059322524,0.17946666666666666,0.004324735059322524,45.607199350992836,0.13600663393995374
0.3,63,0.6040278420627168,0.006864062644045635,0.5189744172732035,0.009471995798175968,0.8241333333333335,0.0041016256939575895,0.17586666666666664,0.0041016256939575895,45.73023986816406,0.13567116386783598
0.3,64,0.5999547664619164,0.006609565920221814,0.5111138501962026,0.012150044665659351,0.8263666666666666,0.003126233090051556,0.17363333333333333,0.0031262330900515556,45.85288111368815,0.13829549430149418
0.3,65,0.5937698296980277,0.009667019637039094,0.5152803343931834,0.012409936721694274,0.8251,0.003400000000000014,0.17490000000000003,0.003400000000000014,45.975152333577476,0.13800641462897767
0.3,66,0.5916163389335204,0.0103271095746474,0.5143207571188609,0.007022130608052922,0.8254666666666667,0.0007371114795832236,0.17453333333333332,0.0007371114795832236,46.095306396484375,0.1375660515215939
0.3,67,0.5845163565157624,0.007498725672042647,0.5045105762799581,0.011220270814727287,0.8288666666666668,0.004123509831846337,0.17113333333333333,0.004123509831846336,46.216819763183594,0.13695014122494195
0.3,68,0.5811358953477578,0.010004449645695874,0.5035538467407227,0.016378588526184852,0.8289333333333334,0.0018610033136276785,0.17106666666666667,0.0018610033136276787,46.336344401041664,0.13774386715822393
0.3,69,0.5749906196059676,0.008595300197455103,0.4942367232004801,0.008989712466285176,0.8322666666666666,0.0008504900548115076,0.16773333333333332,0.0008504900548115077,46.45720545450846,0.1386714463460984
0.3,70,0.5760574962527755,0.009076771484020769,0.5059621823628744,0.009196563177742872,0.8292,0.00276224546338666,0.17079999999999998,0.00276224546338666,46.57512919108073,0.1382948600136846
0.3,71,0.5684509071801731,0.005573127423463095,0.5015303064982096,0.0224323904391753,0.8315,0.005726255320888183,0.1685,0.005726255320888183,46.694043477376304,0.14071598129043364
0.3,72,0.564988626619739,0.006723553921305061,0.4893215953350067,0.004407332237836058,0.8347333333333333,0.001401189970465595,0.16526666666666665,0.0014011899704655948,46.81139882405599,0.1406236989018508
0.3,73,0.5640966563984967,0.007910200839973751,0.4880984023094177,0.011259478534320112,0.8355,0.0036428011200173795,0.16449999999999998,0.0036428011200173795,46.92875417073568,0.140439894760889
0.3,74,0.558225793200279,0.0070501452521510325,0.5004903783162434,0.016378888256348156,0.8312333333333334,0.003496188400720579,0.16876666666666665,0.003496188400720579,47.04686737060547,0.14297102619735877
0.3,75,0.5543930312556684,0.0065739901258656365,0.49452767279942833,0.007966458692314412,0.8333,0.0030049958402633492,0.1667,0.0030049958402633492,47.1634635925293,0.1433535196965079
0.3,76,0.5537864049834669,0.00687707392548831,0.48292607541084287,0.017148139408169574,0.8365333333333332,0.004994330118577757,0.16346666666666665,0.004994330118577757,47.279215494791664,0.1438748877393925
0.3,77,0.5498820495270098,0.005890301618603528,0.47317177680333455,0.0036711163921895242,0.8399666666666666,0.0011590225767142298,0.16003333333333336,0.0011590225767142298,47.394402821858726,0.14442897827447895
0.3,78,0.5435181291359464,0.008143024982742006,0.47757847658793134,0.014439706131110145,0.8386333333333335,0.0044230457078051205,0.16136666666666666,0.0044230457078051205,47.508995056152344,0.14700215758831048
0.3,79,0.5374276890067696,0.007949760734512272,0.4638818734804789,0.004126329845855717,0.8440333333333333,0.003156474826975998,0.15596666666666667,0.003156474826975998,47.62477111816406,0.14677098210317988
0.3,80,0.5399737446763427,0.0051176030206198705,0.4680748869101206,0.010473263631674508,0.842,0.0033511192160232284,0.158,0.0033511192160232284,47.73826471964518,0.14782632511016217
0.3,81,0.5339389301880954,0.006359491794844733,0.4662112727483114,0.0030575647282532425,0.8437333333333333,0.0016862186493255705,0.15626666666666666,0.0016862186493255705,47.852237701416016,0.1488634911406462
0.3,82,0.531511190500609,0.007131352381423938,0.4652541858990988,0.0050501250764000945,0.8441333333333333,0.0013203534880225816,0.15586666666666663,0.0013203534880225814,47.96446863810221,0.14947898090479908
0.3,83,0.5292235232273534,0.004749235580928052,0.463821869134903,0.009160063343111244,0.8450000000000001,0.0033451457367355978,0.155,0.0033451457367355978,48.07690175374349,0.15159158514449622
0.3,84,0.5252561195732078,0.006371805173599435,0.4664492624123891,0.013519374417335887,0.8432333333333334,0.005980245256955066,0.1567666666666667,0.005980245256955066,48.18814468383789,0.15430447534813155
0.3,85,0.5232845705132757,0.003978312337242949,0.4539012802600861,0.007831238267917642,0.8469000000000001,0.0022999999999999687,0.1531,0.0022999999999999687,48.298779805501304,0.15523048816285115
0.3,86,0.5184563989834408,0.00528958252581724,0.45490533820788065,0.006863547997537405,0.8472333333333334,0.0029838453936712737,0.1527666666666667,0.0029838453936712737,48.40912882486979,0.15519742195557742
0.3,87,0.5169167274709249,0.005862059000821316,0.4552808074951172,0.01143005292701519,0.8485999999999999,0.0026627053911388557,0.1514,0.0026627053911388557,48.518995920817055,0.15723638420261632
0.3,88,0.5153126128951607,0.005303485591761638,0.45920830524762474,0.015198825251722252,0.8456333333333333,0.005965176722724401,0.15436666666666668,0.005965176722724401,48.62832514444987,0.15756701724766192
0.3,89,0.5126648299580238,0.007290884406533432,0.4420969698111216,0.003849191609204909,0.8509333333333333,0.0009018499505645904,0.14906666666666668,0.0009018499505645904,48.736367543538414,0.15735486821029182
0.3,90,0.510273551188873,0.00581387394873538,0.4556484341621399,0.023704230026008938,0.8467333333333333,0.0074144004028197106,0.15326666666666666,0.0074144004028197106,48.844807942708336,0.15921654309914018
0.3,91,0.5077048705260365,0.0037826003742865216,0.4481766448656718,0.008700604958576705,0.8508,0.002107130750570537,0.1492,0.002107130750570537,48.95245107014974,0.16195195794176226
0.3,92,0.505693796625121,0.00453859434028686,0.4366042217731476,0.00800433950837309,0.8526666666666666,0.0032868424564212358,0.14733333333333334,0.0032868424564212358,49.05935414632162,0.1633055484965172
0.3,93,0.5007551000449562,0.005459181276641506,0.4523251518567403,0.012062288033699815,0.8495333333333334,0.0033501243758006153,0.15046666666666667,0.0033501243758006153,49.16670608520508,0.16423519516879728
0.3,94,0.49889780285006796,0.004834376023445944,0.44589076329867045,0.008219150606597126,0.8527,0.0018193405398660171,0.1473,0.0018193405398660171,49.27184041341146,0.16529249803338006
0.3,95,0.4945334876234066,0.00551578500335663,0.4446009099960327,0.013965258566838413,0.852,0.003214031735997605,0.148,0.003214031735997605,49.37865702311198,0.1659815987142894
0.3,96,0.4930142929740981,0.0058079788604359925,0.44050822154680885,0.003584162325577174,0.854,0.001769180601295438,0.14600000000000002,0.001769180601295438,49.484092712402344,0.16633284013378014
0.3,97,0.49099813301341716,0.0025063943258108044,0.43578332443237305,0.006935097846287406,0.8551666666666667,0.0009237604307034277,0.14483333333333334,0.0009237604307034277,49.59001032511393,0.16876107961946055
0.3,98,0.49012999115900824,0.006135947056598653,0.4338058949788412,0.00908542742971624,0.8548666666666667,0.0022810816147900885,0.1451333333333333,0.0022810816147900885,49.69601313273112,0.1680021123936862
0.3,99,0.48884481819186165,0.0037134353457940854,0.4363760566711426,0.008533386021415701,0.8548999999999999,0.00468614980554396,0.1451,0.004686149805543959,49.801387786865234,0.16876490747729733
0.3,100,0.4858324092519863,0.004778903690624262,0.4365777749379476,0.010418848208968897,0.8543666666666666,0.0023501772982763287,0.1456333333333333,0.0023501772982763287,49.90468088785807,0.1700814995512729
0.35,1,2.072121356657602,0.015180491551452175,1.905034897931417,0.013395274751904988,0.28269999999999995,0.008742997197757773,0.7172999999999999,0.008742997197757826,37.41270319620768,0.06960708532522773
0.35,2,1.846180464707169,0.007082962967394409,1.7684846987406413,0.06974214937652538,0.3351,0.02780215818960825,0.6649,0.027802158189608277,37.48567326863607,0.07025422041272571
0.35,3,1.749002231762944,0.011737327878455339,1.6585279870351155,0.05982406035003523,0.3835,0.0146768525236169,0.6165,0.014676852523616892,37.56805674235026,0.07157390866967085
0.35,4,1.6753536199568078,0.01563912096097804,1.6090071883519492,0.06704241851972385,0.40963333333333335,0.028254616142027726,0.5903666666666666,0.02825461614202772,37.65777715047201,0.07546803106480719
0.35,5,1.6202706746941231,0.020302375652317965,1.5361152490615844,0.05759636964791285,0.43006666666666665,0.0188173678641125,0.5699333333333333,0.01881736786411247,37.753133138020836,0.07937165627536676
0.35,6,1.5713444100621412,0.02005390917142636,1.4474990221659343,0.017135116920274262,0.46530000000000005,0.009497894503520227,0.5347,0.009497894503520227,37.85589853922526,0.08502667982380478
0.35,7,1.5288175633089824,0.021971082961155342,1.4290765717824299,0.04854140713652183,0.46903333333333336,0.022869266130187325,0.5309666666666667,0.022869266130187305,37.96421686808268,0.09199978087002642
0.35,8,1.48970572560238,0.018381285127269834,1.3627179781595864,0.037459252248229276,0.4972666666666667,0.012625899307904118,0.5027333333333334,0.01262589930790412,38.07696024576823,0.09671715322416424
0.35,9,1.4514775626799639,0.024850501168186857,1.3582992781321206,0.05431520563737707,0.49779999999999996,0.02084322431870844,0.5022000000000001,0.02084322431870844,38.195281982421875,0.10433018747372239
0.35,10,1.4197891148764763,0.026995389767166537,1.3284991779963173,0.06607465364299131,0.5120666666666667,0.019318471299078835,0.48793333333333333,0.019318471299078835,38.31793085734049,0.11266788421892407
0.35,11,1.3832780472356239,0.03070097970679929,1.2676914113362632,0.04271058903676941,0.5387333333333334,0.01376238835861472,0.46126666666666666,0.01376238835861472,38.4438591003418,0.12074178529900784
0.35,12,1.3526257962521993,0.030860842403229307,1.232928701019287,0.013809125741457394,0.5497,0.012075181158061363,0.4503,0.012075181158061365,38.57529322306315,0.12763442299816277
0.35,13,1.3235053692937202,0.03426694868737533,1.1965340507507323,0.05134208294010146,0.5646000000000001,0.023876138716299993,0.4354,0.023876138716299993,38.70708465576172,0.1333413118687513
0.35,14,1.2890278926184313,0.03478673581799376,1.1741891690889996,0.0257769149173226,0.5760000000000001,0.011174524598388948,0.42399999999999993,0.011174524598388948,38.84504826863607,0.13870749917052974
0.35,15,1.2604545829444487,0.036093164448080146,1.1667376974741617,0.0991818883684249,0.5798666666666666,0.03637709902305753,0.4201333333333333,0.03637709902305753,38.98539606730143,0.14151344714357925
0.35,16,1.2342142958673572,0.03737107568576169,1.0912345661799112,0.024295141501583732,0.6073333333333334,0.007311862507824738,0.39266666666666666,0.007311862507824738,39.127052307128906,0.14428564436406
0.35,17,1.2038701896167472,0.03224195002590055,1.0691731544176737,0.025138448349976833,0.6148000000000001,0.012340583454602141,0.3852,0.012340583454602141,39.27111689249674,0.14436510232094252
0.35,18,1.179383666517383,0.03730145190427956,1.05241097946167,0.05679618496769617,0.622,0.020096517111181263,0.37799999999999995,0.020096517111181263,39.416123708089195,0.14578660243472416
0.35,19,1.1541139849819695,0.03608910496162471,1.0297329885482789,0.038659293176307924,0.6291333333333333,0.018375345801734826,0.3708666666666667,0.018375345801734826,39.56100591023763,0.14640220991776504
0.35,20,1.129193284271725,0.030684693764181988,0.9929330346425375,0.042206861046163335,0.6419,0.017155465601376138,0.35810000000000003,0.017155465601376138,39.70667266845703,0.1455779430159054
0.35,21,1.1095715751021922,0.03272626508155776,0.9670489812533062,0.03644750699519164,0.6534666666666666,0.014151442800412053,0.34653333333333336,0.014151442800412053,39.8535270690918,0.14487976566333025
0.35,22,1.0848081412725945,0.03042976237610996,0.951978298664093,0.04047914311693151,0.6586,0.014721752613055255,0.3414,0.014721752613055254,40.00196329752604,0.14312876171717714
0.35,23,1.0635219147748047,0.02566000564454376,0.9470185022989909,0.03342507327195118,0.6599666666666667,0.009809349281850111,0.34003333333333335,0.009809349281850111,40.14905039469401,0.13930011142209983
0.35,24,1.046243410941788,0.027454676484264078,0.9154893029848735,0.056376805341346765,0.6708333333333334,0.022868610218667294,0.32916666666666666,0.022868610218667294,40.29511260986328,0.14036976340227625
0.35,25,1.0289426843833436,0.023524241770040148,0.8959756300290426,0.01450054481461677,0.6815000000000001,0.006150609725872701,0.3185,0.006150609725872701,40.43994140625,0.13789567152359528
0.35,26,1.0115037150395192,0.022339734822431057,0.886073787244161,0.01625354778756043,0.6841333333333334,0.007600877142365414,0.3158666666666667,0.007600877142365414,40.585455576578774,0.136423763770033
0.35,27,0.9919389825241239,0.018729351909668193,0.8623111236254375,0.00973125135689669,0.6920999999999999,0.0016522711641858167,0.3079,0.0016522711641858167,40.72982660929362,0.1315590119135153
0.35,28,0.97766372386147,0.018102202020865203,0.9031404898643492,0.037165878530036445,0.6809333333333334,0.012095591483401386,0.31906666666666667,0.012095591483401384,40.875736236572266,0.12978445465120347
0.35,29,0.963032737107533,0.016424859288771472,0.8351352945963542,0.034078679063401555,0.7010666666666667,0.013390419460694018,0.29893333333333333,0.013390419460694018,41.01947148640951,0.12569492011900774
0.35,30,0.9496160231892715,0.014259745541688903,0.8333674939791362,0.029215289103847887,0.7051333333333334,0.009239227961974615,0.29486666666666667,0.009239227961974615,41.163079579671226,0.12104171744536567
0.35,31,0.9340479632574376,0.01409727726448212,0.8040965384483337,0.019078918364518374,0.7141333333333333,0.007069181942299525,0.28586666666666666,0.007069181942299525,41.30543518066406,0.11857435432383369
0.35,32,0.9239311320397555,0.013729474357055354,0.8123572856903075,0.02539913383656068,0.7095666666666666,0.009733618717277407,0.2904333333333333,0.009733618717277407,41.44767506917318,0.11473582863123995
0.35,33,0.9084404112941064,0.011117488414779626,0.8035700442949931,0.02379428017548738,0.7134333333333333,0.011041889934849591,0.2865666666666667,0.011041889934849591,41.58967208862305,0.11257047513550958
0.35,34,0.9012852451888699,0.011395737796451257,0.7742080817222595,0.02245757154315798,0.7220333333333334,0.0097006872608766,0.27796666666666664,0.009700687260876598,41.728650410970054,0.10932910446227936
0.35,35,0.884908138028801,0.01076552933261139,0.7656212178866069,0.00156794838882685,0.73,0.0024515301344262613,0.26999999999999996,0.0024515301344262613,41.8697509765625,0.10881482644888191
0.35,36,0.8745112544638625,0.011964003708171128,0.7772281713167827,0.03449653588559002,0.7244666666666667,0.01416239151179395,0.27553333333333335,0.01416239151179395,42.01037089029948,0.10463788253278339
0.35,37,0.8665173176202831,0.011305142925860151,0.7591892880439759,0.010785631479706475,0.7311333333333333,0.0037859388972001857,0.26886666666666664,0.0037859388972001857,42.14914067586263,0.10379755470338484
0.35,38,0.8522412494422023,0.008013293616705703,0.7334124048868814,0.010919974788265837,0.7389000000000001,0.0033600595232822503,0.2611,0.0033600595232822503,42.28929646809896,0.10162970280283949
0.35,39,0.8421370644195406,0.004863620399659368,0.7447082809766133,0.0037198833434397027,0.7375333333333334,0.0025774664562964364,0.2624666666666667,0.0025774664562964364,42.427939097086586,0.097917864993742
0.35,40,0.8350865146794689,0.008218937119290172,0.7293384313583374,0.004001197658802712,0.7447333333333334,0.0028919428302325045,0.25526666666666664,0.0028919428302325045,42.565390268961586,0.09886100960845833
0.35,41,0.8216198913988046,0.005882799642928197,0.7064608728726706,0.012752218228693792,0.7524000000000001,0.006550572494064919,0.24760000000000001,0.006550572494064919,42.70326487223307,0.09664110568741702
0.35,42,0.8131939305368897,0.010066060701537618,0.7107307896614076,0.007095435183864396,0.7495666666666666,0.005787342510456163,0.25043333333333334,0.005787342510456163,42.84039433797201,0.09645092970752549
0.35,43,0.8059686470621178,0.006850808083715188,0.6975907170931498,0.00695996896541313,0.7555000000000001,0.0021000000000000463,0.24450000000000002,0.0021000000000000463,42.977840423583984,0.09648031330439766
0.35,44,0.796745686274965,0.007288767936193101,0.6838713749249776,0.005339859875385361,0.7608333333333334,0.005029247790011271,0.23916666666666667,0.005029247790011271,43.11530685424805,0.09584149029248586
0.35,45,0.7847549694781617,0.006570936744489976,0.6943631559371948,0.017359196921870733,0.7606333333333333,0.004631774318048479,0.2393666666666667,0.004631774318048479,43.25217946370443,0.09657804505237709
0.35,46,0.7779379415644202,0.007656973989264291,0.6678311054865519,0.004603172098429851,0.7655333333333333,0.0007505553499464949,0.23446666666666668,0.0007505553499464949,43.38727696736654,0.09749124245901145
0.35,47,0.7698601713469165,0.005353849327689404,0.6601295847256978,0.005060125829221526,0.7704333333333334,0.0014011899704655948,0.22956666666666667,0.001401189970465595,43.522613525390625,0.0966746711724014
0.35,48,0.7640981878974147,0.0038568635021141258,0.6523139811515808,0.0069002853846982974,0.7732,0.0020952326839756958,0.22679999999999997,0.0020952326839756958,43.657763163248696,0.09643540694230626
0.35,49,0.7555861405501076,0.009018695937685544,0.6569528038660685,0.024491443312649228,0.7712666666666667,0.008220300075625749,0.22873333333333334,0.008220300075625749,43.79176584879557,0.09938459333238407
0.35,50,0.7453349490553928,0.0071080281836562054,0.649259964466095,0.01701382289148278,0.7745333333333333,0.006278003929063231,0.2254666666666667,0.006278003929063231,43.9268544514974,0.09989710176074293
0.35,51,0.7346085780010402,0.0022159138793467286,0.6372703866322836,0.002582299842893215,0.7789333333333334,0.0031069813860616076,0.22106666666666666,0.0031069813860616076,44.0604616800944,0.09674026126129799
0.35,52,0.7315368586285746,0.004593676071681962,0.6374659569104513,0.0198145034850882,0.7814,0.007434379597518526,0.21860000000000002,0.007434379597518526,44.189613342285156,0.09620157382632023
0.35,53,0.7226370953385483,0.0030805780214619924,0.6351715264002482,0.011450313293806169,0.7796,0.0065107603242632334,0.22039999999999996,0.006510760324263234,44.32122294108073,0.09552769404142324
0.35,54,0.7142153944810637,0.006131452025715027,0.6188143858273824,0.01297433805126145,0.7876333333333333,0.006741167060185743,0.21236666666666668,0.006741167060185743,44.45251719156901,0.09561837820288349
0.35,55,0.7084237435691293,0.002111482191800817,0.6046608560880026,0.0012866122717516198,0.7907666666666667,0.0026407069760451024,0.2092333333333333,0.002640706976045103,44.581616719563804,0.09603880550532724
0.35,56,0.7009157821193069,0.0012327115931758355,0.6039355433622996,0.018253468296456195,0.7934999999999999,0.0045310043036836615,0.20650000000000002,0.0045310043036836615,44.71322250366211,0.09643306645993992
0.35,57,0.69441909863211,0.003719805099855666,0.6044958275000254,0.022256002656231066,0.7921333333333332,0.008277882176821174,0.20786666666666667,0.008277882176821174,44.84373092651367,0.09728801869085875
0.35,58,0.6886632848731088,0.0022033311858836793,0.5826730804761251,0.0033996996298338513,0.8002666666666666,0.0030005555041246984,0.19973333333333335,0.0030005555041246984,44.97188059488932,0.09733985387283543
0.35,59,0.6831264470950824,0.005174957731306429,0.5796846094131469,0.00670441470321423,0.8004000000000001,0.005076416058598833,0.19959999999999997,0.005076416058598833,45.09896977742513,0.09841150226685463
0.35,60,0.6777655355511621,0.0009679116572414545,0.574678948243459,0.00862096923596125,0.8023333333333333,0.004760602202803018,0.19766666666666666,0.004760602202803018,45.226698557535805,0.09877461339259842
0.35,61,0.670638646819301,0.0027432306270181233,0.5673694499651591,0.013514729398812358,0.8067333333333333,0.004021608301828198,0.19326666666666667,0.004021608301828198,45.35301717122396,0.10148115496334016
0.35,62,0.6641009663122898,0.0011839217462104963,0.5776165358225506,0.014122902894018399,0.8021333333333333,0.004045161719058105,0.19786666666666666,0.004045161719058105,45.47946039835612,0.10022522008226391
0.35,63,0.6586568737934516,0.0021244367634416913,0.5606063024997711,0.013037155643926752,0.8066,0.0017578395831246904,0.19340000000000002,0.0017578395831246904,45.6051139831543,0.10163546913113958
0.35,64,0.6553296241512282,0.003464750436654347,0.5435215169429779,0.010440757391698087,0.8126000000000001,0.00017320508075686865,0.1874,0.00017320508075686865,45.73012161254883,0.10366225772953513
0.35,65,0.6482957097473859,0.0004603360400559495,0.5517027078946432,0.013523743095787771,0.8106,0.0011532562594670634,0.1894,0.0011532562594670634,45.85469309488932,0.10528176924811354
0.35,66,0.6450901443086318,0.006389972764842303,0.5558467584133148,0.00841780942738821,0.8093,0.004288356328478302,0.1907,0.004288356328478302,45.97712834676107,0.10650187365016787
0.35,67,0.6388512223527051,0.0014577129414807815,0.5438801342169444,0.011300533847306513,0.8142999999999999,0.004150903516103439,0.18569999999999998,0.004150903516103439,46.09994761149088,0.10786601027267763
0.35,68,0.6333823815077061,0.002126102544525583,0.5373455579916636,0.009077068035820616,0.816,0.0014933184523068107,0.18400000000000002,0.0014933184523068107,46.22140121459961,0.10937819764931726
0.35,69,0.6283860452288964,0.0002458213842804444,0.5389392897129058,0.015238903499140035,0.8161666666666667,0.0044275651698572555,0.18383333333333332,0.0044275651698572555,46.34442901611328,0.11044833673475773
0.35,70,0.6253895723504687,0.0003682647227398444,0.5375433349291483,0.007914351376393052,0.8153666666666667,0.0017387735140993066,0.18463333333333334,0.0017387735140993066,46.464603424072266,0.11071376749917332
0.35,71,0.6201464317338851,0.0003481586767305996,0.5354709232648213,0.007732898874841626,0.8188999999999999,0.0031192947920964213,0.1811,0.0031192947920964213,46.584269205729164,0.11205743079001532
0.35,72,0.6153859370352363,0.005198571641814422,0.5244230624993642,0.0050574718987854705,0.8196,0.001802775637732027,0.18039999999999998,0.001802775637732027,46.70392735799154,0.11405317004307146
0.35,73,0.6146421295551795,0.0035660289797625907,0.5214523679256439,0.008154824637771806,0.8203333333333335,0.0024684678108764877,0.17966666666666667,0.0024684678108764877,46.82261530558268,0.1135619761708068
0.35,74,0.610776941997824,0.003866607924058135,0.5323878079255422,0.009774680700526091,0.8176666666666668,0.00566598035059543,0.18233333333333332,0.0056659803505954304,46.94085566202799,0.11585973668591955
0.35,75,0.604944723061995,0.0028457543346066434,0.5209569090843201,0.0073623546737774355,0.8243666666666666,0.0016502525059315272,0.17563333333333334,0.0016502525059315272,47.05828857421875,0.11617957490123225
0.35,76,0.6006087519018851,0.003896628944946125,0.5180069069544474,0.01176890514993384,0.8217666666666666,0.0010115993936995844,0.17823333333333333,0.0010115993936995844,47.17535909016927,0.11658290955736371
0.35,77,0.5952182449241632,0.0037096890912862042,0.5149000677108764,0.01170336616454362,0.8249666666666667,0.0038656607887052495,0.1750333333333333,0.0038656607887052495,47.2920888264974,0.11591564664962642
0.35,78,0.5925856159217116,0.001369802616687645,0.5097197853565216,0.018606724732638632,0.8264666666666667,0.004980294502670855,0.17353333333333334,0.004980294502670855,47.40728886922201,0.11706334539168296
0.35,79,0.5889345773599745,0.003614903700770976,0.5023494070212046,0.002911805377938811,0.8293333333333334,0.003365016097039246,0.17066666666666666,0.003365016097039246,47.523634592692055,0.11710590694338338
0.35,80,0.5874245210986614,0.004461898161093109,0.5009707751909892,0.0028386882542701898,0.8283666666666667,0.00032145502536645975,0.17163333333333333,0.00032145502536645975,47.63719940185547,0.12057217308972527
0.35,81,0.5828194304195511,0.0029371031341896337,0.5083818533261617,0.016255120043777632,0.8285,0.0041999999999999815,0.17149999999999999,0.0041999999999999815,47.752611796061196,0.11997781048169903
0.35,82,0.5836213242011709,0.005931052905450922,0.49971253202756244,0.016622847925862938,0.8297333333333334,0.00446131520219471,0.17026666666666665,0.00446131520219471,47.864583333333336,0.12127331035544411
0.35,83,0.5757343228922273,0.005946741425886574,0.4974328831354777,0.011879942484056162,0.8309000000000001,0.0028618176042508594,0.1691,0.0028618176042508594,47.97893269856771,0.12264991609394005
0.35,84,0.5741372918178155,0.007810206274588201,0.4967620497385661,0.012807172052765612,0.8317666666666668,0.004015387071420809,0.16823333333333332,0.00401538707142081,48.091172536214195,0.12413599815333384
0.35,85,0.5719078553098953,0.0022887485872337934,0.4825107326030731,0.002797936285286266,0.8373666666666667,0.0006806859285553922,0.16263333333333332,0.0006806859285553922,48.202798207600914,0.12716078425753696
0.35,86,0.5646882149925215,0.0014684340366771004,0.4898082198778788,0.0009829292896515536,0.8325999999999999,0.0007810249675906434,0.16740000000000002,0.0007810249675906434,48.314385732014976,0.12904860873248422
0.35,87,0.5639888943003876,0.005356678768921756,0.48824417398770653,0.013076026306937476,0.8350666666666666,0.0037072002014098735,0.16493333333333335,0.0037072002014098735,48.4249382019043,0.13041058672828135
0.35,88,0.5618478082888978,0.004349395573752148,0.4869201215585073,0.011414283301628709,0.8327666666666667,0.00280059517483931,0.16723333333333334,0.00280059517483931,48.53546905517578,0.1312738278893609
0.35,89,0.5569978484920427,0.005954263388586495,0.48115533121426896,0.005523852783744969,0.8379,0.0006082762530297915,0.1621,0.0006082762530297915,48.645530700683594,0.13158626314746993
0.35,90,0.5542661041046755,0.002271989795496587,0.483855955727895,0.028543019010235125,0.8381,0.007300000000000044,0.16190000000000002,0.007300000000000043,48.755516052246094,0.13443622752979217
0.35,91,0.5560486712520791,0.006986104107641234,0.4759455192248026,0.01710222089930777,0.8387666666666668,0.0031005375877956112,0.1612333333333333,0.0031005375877956117,48.86311594645182,0.13750523955766428
0.35,92,0.5517697439220148,0.0032610094577703963,0.47511540691057846,0.010154676002368353,0.84,0.0019974984355438257,0.16,0.0019974984355438257,48.97155253092448,0.13941128486601687
0.35,93,0.5478307998342994,0.0034860671516513202,0.48103525923093166,0.015743425536686978,0.8372333333333333,0.001078579312490904,0.1627666666666667,0.001078579312490904,49.080814361572266,0.13962257080461413
0.35,94,0.5440195506186131,0.0016327121952000867,0.4785993218580882,0.004142226154623606,0.8374,0.0015099668870541527,0.1626,0.0015099668870541527,49.18913904825846,0.1399495774886547
0.35,95,0.5411313466302168,0.004428260483681026,0.4773930474440256,0.0064457928817327585,0.8378666666666668,0.0027300793639257613,0.16213333333333335,0.0027300793639257613,49.296669006347656,0.1413849631777839
0.35,96,0.5419610363748067,0.00259927194749341,0.48061292352676394,0.0060215734389217545,0.8395333333333334,0.0035232560697930283,0.16046666666666665,0.0035232560697930283,49.401739756266274,0.14171909838891217
0.35,97,0.5385882017557578,0.004639313823637419,0.4717701073805491,0.01606295627809156,0.8416,0.004003748243833563,0.15839999999999999,0.004003748243833563,49.507704416910805,0.144759480554094
0.35,98,0.5365057110227486,0.005385548263127322,0.466429716428121,0.009551628928970716,0.8422000000000001,0.0014422205101856061,0.15779999999999997,0.0014422205101856061,49.61323674519857,0.144431266750877
0.35,99,0.5333972118750456,0.004004697891639216,0.4656217003186544,0.009410581609888415,0.8424333333333333,0.002739221300540272,0.15756666666666666,0.002739221300540272,49.718606313069664,0.14376606032213074
0.35,100,0.5329821231979036,0.0024994875065825965,0.4704391613960266,0.01283940949544824,0.8409333333333334,0.001069267662156373,0.15906666666666666,0.001069267662156373,49.82282511393229,0.14605095511612828
0.4,1,2.097293917683588,0.013365813456842549,1.9648272440592447,0.05642942795720739,0.25710000000000005,0.009395211546314446,0.7429,0.009395211546314446,37.40355936686198,0.07157868565716133
0.4,2,1.8825963731515338,0.010479191189318346,1.8368518173853559,0.09733649584446849,0.2992333333333334,0.040156859106923855,0.7007666666666665,0.04015685910692388,37.470497131347656,0.07285746931653643
0.4,3,1.7894436813071561,0.014780004864529954,1.737191142654419,0.08387131200866692,0.35840000000000005,0.03031237371107712,0.6416,0.030312373711077156,37.547690073649086,0.07477280001674684
0.4,4,1.7178471544717786,0.017322858928499232,1.6747299251556396,0.10245441496752149,0.3854,0.040524190306531725,0.6146,0.04052419030653175,37.632494608561196,0.07618998906027383
0.4,5,1.6649625140789321,0.020854902337270255,1.6163729382197063,0.03854341894957988,0.40293333333333337,0.012008885599144228,0.5970666666666666,0.012008885599144228,37.723306020100914,0.07751362880026154
0.4,6,1.616605323802073,0.02251093189026483,1.5249467304229736,0.05006178638266015,0.4397333333333333,0.019304489978586165,0.5602666666666667,0.019304489978586147,37.82013193766276,0.08051280929531643
0.4,7,1.5756458323528293,0.023618848081529448,1.5023712331136068,0.02255357943020946,0.44449999999999995,0.012781236246936355,0.5555,0.012781236246936363,37.92269388834635,0.08194649314166427
0.4,8,1.5372759626141395,0.019155261181767757,1.4296395448048909,0.04383108256699638,0.4718333333333333,0.011275785264598371,0.5281666666666668,0.011275785264598371,38.0300547281901,0.081061218014917
0.4,9,1.5026897677781736,0.01839132328919785,1.4416934796651206,0.0368568086425045,0.4679333333333333,0.01615992986783462,0.5320666666666667,0.0161599298678346,38.14217631022135,0.08159644017061597
0.4,10,1.4735307037982794,0.016616536287421838,1.3991566535313924,0.019330706229946648,0.4855666666666667,0.004933896364267645,0.5144333333333333,0.004933896364267645,38.256997426350914,0.08263013909666105
0.4,11,1.442367584199247,0.02030420289988964,1.3435375616073608,0.048394858411561506,0.5082,0.02026746160721662,0.4918,0.0202674616072166,38.37554677327474,0.08701814300159774
0.4,12,1.4139476974906824,0.020725967963681775,1.302040856933594,0.03054187366325239,0.5224333333333333,0.016012599206041898,0.4775666666666667,0.016012599206041898,38.49754206339518,0.09025976484292501
0.4,13,1.3865321607337684,0.021317664076726493,1.2682357725779216,0.028467086281982357,0.5359666666666666,0.01310623261404029,0.46403333333333335,0.01310623261404029,38.619744618733726,0.09432796289547855
0.4,14,1.3548466228361526,0.024081409455806384,1.2445844003041584,0.025805229214822513,0.5485,0.007206247289678594,0.4515,0.007206247289678594,38.74970372517904,0.09886648874285224
0.4,15,1.329252976590715,0.0261505184734587,1.2270451055526734,0.05916481948497271,0.5571,0.019511022525741707,0.4429,0.019511022525741707,38.88083140055338,0.10236849778636725
0.4,16,1.3042930915430888,0.0268139209490653,1.1846383168538412,0.030954632360105414,0.5704666666666667,0.011569067954391722,0.4295333333333333,0.011569067954391722,39.01380284627279,0.10952340491211474
0.4,17,1.2758512768802335,0.025362531470882008,1.1443053429603576,0.037006658397377115,0.5836,0.01695847870535559,0.41640000000000005,0.016958478705355585,39.150299072265625,0.11356824193045237
0.4,18,1.2540409751966888,0.03099359178597885,1.1366600839932761,0.06329988256320175,0.5891666666666667,0.022886750169767094,0.41083333333333333,0.022886750169767094,39.28843434651693,0.119679583569486
0.4,19,1.2305086218995713,0.030085880145360292,1.1412918807347616,0.04042664731448559,0.5863333333333333,0.019525453473180392,0.4136666666666667,0.019525453473180396,39.42690404256185,0.12407827768405782
0.4,20,1.2075493697518482,0.030946965879037378,1.073463105328878,0.044214331178072434,0.6109,0.018356742630434197,0.3891,0.018356742630434197,39.56747690836588,0.1278008715133108
0.4,21,1.1879089456385055,0.03269496110461615,1.0466285549163818,0.04330355637555974,0.6244666666666666,0.01368734208432494,0.37553333333333333,0.013687342084324938,39.70867919921875,0.13328622273008423
0.4,22,1.1650272349668993,0.02892263805249432,1.0393379910151164,0.048560445288281705,0.6260666666666667,0.016302556036810086,0.3739333333333333,0.016302556036810086,39.85167694091797,0.13567088955338508
0.4,23,1.1446759096090344,0.028510680448726216,1.0233459926605226,0.022582513170731334,0.6315999999999999,0.008679285684893647,0.3684,0.008679285684893647,39.994317372639976,0.13765526727441144
0.4,24,1.1265433509941296,0.02892444730277799,0.988716726175944,0.030703832086649143,0.6448,0.009581753492967771,0.35519999999999996,0.009581753492967771,40.13691711425781,0.14020478313388376
0.4,25,1.1061150291386772,0.025584049483646894,0.988912935479482,0.01744070584618828,0.6454666666666666,0.006963715483370422,0.35453333333333337,0.006963715483370422,40.28065745035807,0.14130136676427005
0.4,26,1.0892063404186505,0.022743680893409318,0.9903718237559,0.05074141194174362,0.6484333333333333,0.01942404008782243,0.35156666666666664,0.01942404008782243,40.424418131510414,0.14060835091629195
0.4,27,1.0699335527745253,0.022468473822766642,0.9457971415519714,0.023956166785317305,0.6620333333333334,0.004539089482851535,0.3379666666666667,0.004539089482851535,40.567248026529946,0.13776539228274742
0.4,28,1.05288570875402,0.020253719413292622,0.9688140806198119,0.04380215292457632,0.6568333333333333,0.01053960783584161,0.3431666666666667,0.01053960783584161,40.7119140625,0.1381015996101193
0.4,29,1.037928295968845,0.015636306413762385,0.9060138506571452,0.026160480840705966,0.6763333333333333,0.010012658654589857,0.32366666666666666,0.010012658654589857,40.85480499267578,0.13328780225257209
0.4,30,1.0229036599677135,0.01628008592862893,0.904729345035553,0.014641741242841752,0.6782666666666667,0.006607823645750049,0.32173333333333337,0.006607823645750049,40.9975840250651,0.12983539240063327
0.4,31,1.0075532465741255,0.013016319997228106,0.8982877185821533,0.06729407857718206,0.6814,0.01801360596882257,0.31860000000000005,0.01801360596882257,41.14080810546875,0.12709031853294767
0.4,32,0.9957971387405428,0.012467005914103945,0.896973206583659,0.054231839636881676,0.6810666666666666,0.018131280521059022,0.31893333333333335,0.018131280521059022,41.28265126546224,0.12411785323701649
0.4,33,0.9798121172855375,0.010150184227973712,0.8606952689488728,0.02212675984357726,0.6959666666666666,0.008882191921667412,0.3040333333333333,0.008882191921667414,41.425131479899086,0.12000143119263608
0.4,34,0.9701361237990987,0.010785493740821052,0.8391482875823976,0.029812692547940257,0.7009,0.00959218431849598,0.2991,0.00959218431849598,41.56421788533529,0.11805006093417811
0.4,35,0.9551992605917493,0.008008409387101829,0.8344833724975587,0.01838247527827084,0.7043333333333334,0.0072231110564169474,0.2956666666666667,0.0072231110564169474,41.70501581827799,0.11650037736259973
0.4,36,0.9455605219392215,0.01123952473668582,0.8338613698005677,0.03764150650286102,0.7043333333333334,0.013531568029365023,0.29566666666666663,0.013531568029365023,41.84552129109701,0.11470674707182632
0.4,37,0.9324524456481088,0.005644352532617376,0.8128726057688396,0.017513905528542702,0.7147,0.0037643060449437478,0.28530000000000005,0.0037643060449437478,41.98401896158854,0.11333613908846232
0.4,38,0.9214931638547731,0.0035126633463177384,0.8006900756200155,0.02707890228748127,0.7159,0.005980802621722288,0.2841,0.005980802621722288,42.12405522664388,0.10974659712479773
0.4,39,0.9092232844612075,0.0032598981916336167,0.7941431165695191,0.015941912312276665,0.7201000000000001,0.0033511192160232267,0.2799,0.0033511192160232267,42.26332473754883,0.10768007457778771
0.4,40,0.9015850259113393,0.002191683988191667,0.8035176304181416,0.01574311309248274,0.7188333333333333,0.008859646343581332,0.2811666666666667,0.008859646343581332,42.400142669677734,0.1065372071879441
0.4,41,0.8895441826753706,0.003201601362274078,0.7662414155642191,0.006555106990376425,0.7287333333333333,0.0026727015047201446,0.27126666666666666,0.0026727015047201446,42.53910700480143,0.10409434260721526
0.4,42,0.8783591495348873,0.004410826830078745,0.7647410568555196,0.011439890189378658,0.7304333333333334,0.0031134118476894928,0.2695666666666667,0.0031134118476894928,42.67723846435547,0.1050665774639932
0.4,43,0.8708859731372565,0.0032999765170361375,0.7786311186154684,0.00934262910318672,0.7277333333333335,0.0032578111260988286,0.2722666666666667,0.0032578111260988286,42.8143196105957,0.10425112917126811
0.4,44,0.8632041243844224,0.002575619486897107,0.7443347480456035,0.0037567323574114186,0.7394666666666666,0.0033080709383768183,0.26053333333333334,0.0033080709383768183,42.94953155517578,0.10493604231489326
0.4,45,0.85175484022521,0.0029115657060362174,0.7426656788190206,0.012011078787610985,0.7417333333333334,0.004214656965084287,0.25826666666666664,0.004214656965084287,43.08427302042643,0.10530869482714654
0.4,46,0.8442429653722204,0.0018205212400022395,0.735191484483083,0.00662721063945095,0.7437999999999999,0.0009000000000000119,0.2562,0.0009000000000000119,43.218308766682945,0.10277431402689138
0.4,47,0.8368869062579806,0.00094757646683695,0.7149870688756307,0.01385995936490657,0.7506666666666666,0.0038370995990895653,0.24933333333333332,0.0038370995990895658,43.35127512613932,0.1017690351792907
0.4,48,0.8290158915702645,0.0021774871302437863,0.7207637238820394,0.01159446069681548,0.7494,0.0060555759428810845,0.2506,0.0060555759428810845,43.48565546671549,0.10381635618629066
0.4,49,0.8201493231638416,0.003248585650614462,0.7053693268458048,0.017156193553879116,0.7549333333333333,0.0053528808443055334,0.24506666666666668,0.0053528808443055334,43.6186892191569,0.10200104547642022
0.4,50,0.8093371187024713,0.0039664633267122084,0.6946423437118531,0.01572443320859693,0.7577000000000002,0.005086255990411794,0.2423,0.005086255990411795,43.75273132324219,0.10183846974692892
0.4,51,0.8017916587409258,0.00501612420416219,0.6957939757347106,0.009149294785905652,0.7589666666666667,0.0028005951748393413,0.24103333333333335,0.0028005951748393413,43.88605753580729,0.10064890610777326
0.4,52,0.7926146958693417,0.0019214511685190718,0.7001839615503948,0.035769012418892576,0.7595333333333333,0.01025686761800763,0.2404666666666667,0.01025686761800763,44.017754872639976,0.10089910967447015
0.4,53,0.7889416871270051,0.0037366777725609548,0.6903192428906758,0.01512864840345274,0.7608,0.003051229260478468,0.23919999999999997,0.003051229260478468,44.148607889811196,0.10019709285149074
0.4,54,0.7779960716675207,0.001796490854475638,0.6821579923947652,0.014102692548362512,0.7631666666666667,0.0021385353243127078,0.23683333333333334,0.0021385353243127078,44.27926890055338,0.09945201513616334
0.4,55,0.7740034411223852,0.0022562544501392775,0.6632806262969971,0.0022668596357444614,0.7703666666666668,0.0016921386861996517,0.22963333333333333,0.0016921386861996517,44.40977986653646,0.09843241804756635
0.4,56,0.7681605969345275,0.003066068340599753,0.6560129431724548,0.00984872931327812,0.7711333333333333,0.001738773514099327,0.22886666666666666,0.001738773514099327,44.53959401448568,0.09894124080532911
0.4,57,0.7582310244301295,0.002374900968901324,0.6500490662574768,0.016068957048560005,0.7764666666666667,0.003295957119462141,0.22353333333333333,0.003295957119462141,44.670223236083984,0.09957609127492055
0.4,58,0.7543761152440629,0.0037458693414784273,0.6376774108250937,0.00942944192592455,0.7780666666666667,0.0026633312473917556,0.22193333333333332,0.0026633312473917556,44.79931131998698,0.09688872997340142
0.4,59,0.748242156686482,0.00559310698643335,0.6405898004531859,0.014169937963862964,0.7796,0.0036864617182333663,0.2204,0.0036864617182333667,44.927992502848305,0.09515936052096749
0.4,60,0.7410197831175821,0.006205485519861986,0.6269952595074971,0.012387957703888572,0.7829666666666667,0.0033471380810079004,0.21703333333333333,0.0033471380810079004,45.05725860595703,0.09442553452527898
0.4,61,0.7330076665016493,0.007239756451801793,0.6129928110758464,0.015803937512042645,0.7886666666666667,0.002010804150914099,0.2113333333333333,0.002010804150914099,45.18434397379557,0.09353194081032472
0.4,62,0.7249750810256903,0.005943741469456613,0.629077182674408,0.008777913624720125,0.7844000000000001,0.00045825756949559413,0.21559999999999999,0.00045825756949559413,45.313891092936196,0.09273984242226906
0.4,63,0.7180564258206328,0.006733564797589487,0.6010525761286417,0.008988643642340475,0.7926666666666667,0.0009865765724632045,0.20733333333333334,0.0009865765724632045,45.44248580932617,0.09144370318067174
0.4,64,0.7158873363986343,0.0038888892876293366,0.591494101746877,0.005964856932235579,0.7961333333333332,0.0033545988334424477,0.20386666666666664,0.0033545988334424477,45.56842549641927,0.09193380477100982
0.4,65,0.7080093053600672,0.007250346539914797,0.6064893622398376,0.023073410254606214,0.7905000000000001,0.010578752289377052,0.2095,0.010578752289377054,45.6959342956543,0.09039608747815908
0.4,66,0.7040612937696755,0.007891725597243807,0.6066394488493602,0.009513177830598499,0.7937666666666668,0.0024172987679087986,0.2062333333333333,0.0024172987679087986,45.82018152872721,0.08951558072153232
0.4,67,0.6987526034150281,0.008251329490599474,0.589514225021998,0.008694139540395126,0.7975333333333333,0.003669241520169152,0.20246666666666666,0.003669241520169152,45.94320551554362,0.08920599748415667
0.4,68,0.6940875795033886,0.007993715958835182,0.5831083484331767,0.014749751904299998,0.8011333333333334,0.004306197084822472,0.19886666666666666,0.004306197084822472,46.065330505371094,0.08871230995771832
0.4,69,0.6862936947504273,0.007658451191552266,0.5893458369890848,0.005320072214759952,0.7979666666666666,0.003036994127971498,0.20203333333333337,0.003036994127971498,46.19013468424479,0.08742557950789513
0.4,70,0.6845380797766257,0.00760710729834232,0.5836059792041778,0.016487458219001643,0.8009000000000001,0.005350700888668719,0.19910000000000003,0.005350700888668719,46.31170654296875,0.08670660715008133
0.4,71,0.6780715971702403,0.00943170989316246,0.5833803566932678,0.014696008370518248,0.8032666666666667,0.004352393977265044,0.19673333333333332,0.004352393977265044,46.433963775634766,0.08707533439399338
0.4,72,0.6736310334512544,0.008419631442038155,0.5730471636295319,0.001273538519188304,0.8066333333333334,0.0013051181300301512,0.19336666666666666,0.0013051181300301512,46.555216471354164,0.08636365141135516
0.4,73,0.6710162231633526,0.006412893809881936,0.5735598608016969,0.00725889927856835,0.8046333333333333,0.0018556220879622544,0.1953666666666667,0.0018556220879622544,46.67461140950521,0.08595387095043287
0.4,74,0.6663887093998079,0.007996075400659313,0.5744074832916259,0.018822910917202222,0.8029666666666667,0.004329357150124391,0.19703333333333337,0.004329357150124392,46.794366200764976,0.08525294807207148
0.4,75,0.662012460261253,0.007903346622707056,0.5598528266906738,0.008284529482910726,0.8105000000000001,0.0027874719729532567,0.1895,0.0027874719729532567,46.91288375854492,0.08470617765056357
0.4,76,0.6589611598242072,0.0077955042289258175,0.5602374827384948,0.021229911920016598,0.8083,0.006415605972938148,0.1917,0.006415605972938148,47.03172047932943,0.08333861148537801
0.4,77,0.6529085222006047,0.008752956576667813,0.5532473774592082,0.0006337087330268377,0.8114,0.0019000000000000215,0.18860000000000002,0.0019000000000000215,47.150115966796875,0.08232675167510906
0.4,78,0.6477237014006267,0.007713047360542762,0.5470708212852479,0.0034083694372948545,0.8137,0.0019519221295943203,0.18630000000000002,0.0019519221295943203,47.26789474487305,0.0836140614220119
0.4,79,0.6437011979272603,0.008265603778132971,0.5474001523017883,0.008960392675815856,0.8133333333333334,0.0038527046776691202,0.18666666666666668,0.0038527046776691202,47.38647969563802,0.0851478533365053
0.4,80,0.6406249057149034,0.00663001348744641,0.5373336560408274,0.0073685554618895645,0.8161666666666667,0.0003785938897200401,0.18383333333333338,0.0003785938897200401,47.50373331705729,0.08394186243201376
0.4,81,0.6381856018370883,0.010758147357298006,0.5473663337866466,0.002913346551864647,0.8129666666666666,0.00040414518843275303,0.18703333333333336,0.00040414518843275303,47.620992024739586,0.08280779518434882
0.4,82,0.6353883453901263,0.006225484079255666,0.532735478289922,0.0026280053412623323,0.8203333333333332,0.0023965252624025485,0.17966666666666667,0.0023965252624025485,47.73505147298177,0.07984699392744052
0.4,83,0.6294953569782563,0.007122574338860755,0.526907711426417,0.005698764768710299,0.8217666666666666,0.0032883633213702675,0.17823333333333333,0.0032883633213702675,47.850503285725914,0.08042569989562194
0.4,84,0.6264353922464253,0.0067808104634157155,0.540036030546824,0.005930395125119741,0.8158333333333333,0.0034947579792216576,0.1841666666666667,0.0034947579792216576,47.96499252319336,0.07992607056802754
0.4,85,0.6259178814985563,0.005750727799125483,0.5225566366513571,0.005382062866376249,0.8234,0.0027184554438136298,0.17659999999999998,0.0027184554438136298,48.07875188191732,0.08177807186259779
0.4,86,0.6182568564642623,0.008829376907188201,0.529251291735967,0.011039843595844158,0.8215666666666667,0.0026633312473917556,0.17843333333333333,0.0026633312473917556,48.1923713684082,0.0786094524838734
0.4,87,0.6189185054964828,0.007348205145572998,0.5177699532985688,0.01417379601532427,0.8251,0.003278719262150978,0.17489999999999997,0.003278719262150978,48.303122202555336,0.07855866463888751
0.4,88,0.6140321824455098,0.00670941982846421,0.5181637363115946,0.015647215537661168,0.8233666666666667,0.006439202849214589,0.17663333333333334,0.006439202849214589,48.41410700480143,0.07916105282236206
0.4,89,0.6101404183559304,0.007864378777034931,0.515299907318751,0.005256481410287463,0.8266,0.0006557438524302379,0.1734,0.0006557438524302379,48.525194803873696,0.07862843883563907
0.4,90,0.6094892871552618,0.004917181123521057,0.5247822047869364,0.012742000077280212,0.8223333333333334,0.003008875759039136,0.17766666666666664,0.003008875759039136,48.63490676879883,0.07904976685843526
0.4,91,0.6065044221162593,0.0067941392489183055,0.5130592806975046,0.005214884711773859,0.8274,0.001752141546793552,0.17259999999999998,0.001752141546793552,48.743666330973305,0.07663986713691602
0.4,92,0.6028342531058694,0.008040055001157106,0.5060688394387564,0.005428366182360907,0.8279666666666667,0.0008504900548115707,0.17203333333333334,0.0008504900548115707,48.85296503702799,0.07674012384264074
0.4,93,0.5987137466135537,0.005726254397812089,0.5166349976698558,0.01962352988602104,0.8281333333333333,0.007452739988308577,0.17186666666666664,0.007452739988308577,48.96321360270182,0.07661762834029023
0.4,94,0.5939671696502739,0.004997513977737761,0.509056792084376,0.006630477119920716,0.8297,0.0013892443989450191,0.1703,0.0013892443989450191,49.07260386149088,0.07716657841113721
0.4,95,0.5930500252828167,0.00608141156905488,0.4999398640632629,0.013898989909332006,0.8304333333333332,0.0031895663237081857,0.16956666666666667,0.0031895663237081857,49.1795539855957,0.07607722945569709
0.4,96,0.5885318918352135,0.007076694011463829,0.49827047279675796,0.007154976086224167,0.8328000000000001,0.0018248287590894566,0.16720000000000002,0.0018248287590894566,49.28751881917318,0.07636870139088754
0.4,97,0.5864608646048914,0.006311162286824814,0.5005686810970307,0.006375963081620378,0.8316333333333333,0.0029484459183327667,0.16836666666666666,0.0029484459183327667,49.39325078328451,0.07674722396128328
0.4,98,0.586924707442395,0.007900641005835487,0.4905286560853322,0.008237991102790023,0.8350333333333334,0.0010115993936995844,0.16496666666666662,0.0010115993936995844,49.49927266438802,0.07484685058935793
0.4,99,0.58175162733465,0.008803842471668042,0.4835370754241944,0.005702573558387488,0.8363333333333335,0.003690979996333446,0.16366666666666665,0.003690979996333446,49.60633850097656,0.0746512360499866
0.4,100,0.5790081961685435,0.009189067002875815,0.5010204566001892,0.0032109901067285014,0.8326333333333333,0.001484362938547494,0.1673666666666667,0.001484362938547494,49.712197621663414,0.07461168715759117
