dropout,epoch,mean_train_loss,std_train_loss,mean_test_loss,std_test_loss,mean_test_acc,std_test_acc,mean_test_error,std_test_error,mean_weight_norm,std_weight_norm
0.0,1,1.6686090295983498,0.06829839581524384,1.5841498342514038,0.01929772498108326,0.4564000000000001,0.02945980312222061,0.5436,0.029459803122220615,41.043890635172524,0.5019109691831833
0.0,2,1.17753677676096,0.07938791106988748,1.3620631370226544,0.1882087456040659,0.5478999999999999,0.06411887397638859,0.4521,0.06411887397638862,44.101993560791016,0.6970990082637144
0.0,3,0.9423941856048499,0.07117198281423008,0.946537358824412,0.04816080196230671,0.6693000000000001,0.012343824366864622,0.3307,0.012343824366864622,46.90013631184896,0.7992021043080517
0.0,4,0.8018973876244982,0.06533944143328435,0.8995476360956828,0.07339096396488128,0.7033666666666667,0.01583961278988013,0.29663333333333336,0.015839612789880126,49.51218032836914,0.7929778360961429
0.0,5,0.7048587002565184,0.04830751970582896,0.8219308040301004,0.013626023250190723,0.7275333333333333,0.009350044563173687,0.2724666666666667,0.009350044563173687,51.906453450520836,0.7884214798563128
0.0,6,0.6341399847190804,0.035695552598946294,0.789499520111084,0.16280311643923795,0.7438666666666668,0.05217991312117462,0.2561333333333333,0.05217991312117462,54.09190114339193,0.7683387275017888
0.0,7,0.5793110022205424,0.032541338150090485,0.7397949531078338,0.049013275771595644,0.7551333333333333,0.014671514350377474,0.24486666666666668,0.014671514350377474,56.09839121500651,0.7442292982218243
0.0,8,0.5413344449856702,0.027294251606246222,0.6524776463667551,0.04208753159602287,0.7848666666666667,0.01267293704447922,0.21513333333333337,0.01267293704447922,57.9701296488444,0.7135054099547817
0.0,9,0.5079547874915326,0.023846419917261455,0.6078541308085125,0.03338235942667034,0.8015666666666666,0.012651218650127471,0.19843333333333335,0.012651218650127471,59.755547841389976,0.7005259160984382
0.0,10,0.48179434216998124,0.021042599124327478,0.6560397429307302,0.03917894512287083,0.7879666666666667,0.007409678355592323,0.21203333333333332,0.007409678355592323,61.44987106323242,0.6831530859717634
0.0,11,0.4566804559080396,0.020179329396753157,0.608502185090383,0.0625960332037674,0.7995666666666668,0.019176635088913107,0.20043333333333332,0.019176635088913107,63.05526351928711,0.6902723742274017
0.0,12,0.43653819701758995,0.014393342150108705,0.5406870856444042,0.052795828593193185,0.8234333333333334,0.0155930540091841,0.17656666666666668,0.0155930540091841,64.60933430989583,0.679445228441016
0.0,13,0.4167815137524333,0.017678802736431104,0.5873459425806999,0.08290526480135733,0.8102,0.018141389141959344,0.18979999999999997,0.018141389141959344,66.11883036295573,0.6579094814340063
0.0,14,0.4001175787519006,0.014423572373513514,0.5764512352307637,0.061348303505981354,0.8139666666666666,0.016683624706080334,0.1860333333333333,0.016683624706080334,67.57799275716145,0.6628247178642391
0.0,15,0.3846419910945551,0.01632368137478131,0.5139453356266022,0.02337003278013842,0.8329666666666666,0.0031069813860616076,0.16703333333333334,0.0031069813860616076,68.97213490804036,0.6573956305551948
0.0,16,0.3676457475340478,0.01349849455472267,0.4779497294108073,0.01644500476980497,0.8467333333333333,0.004800347209664452,0.15326666666666663,0.004800347209664452,70.33027903238933,0.6630148437527371
0.0,17,0.3570594835870813,0.011917432408804956,0.5056892305294672,0.04556664504755345,0.8399,0.012299999999999978,0.16010000000000002,0.012299999999999978,71.63151550292969,0.6474133983534927
0.0,18,0.3419519698045646,0.009691607643404964,0.49356835920810704,0.04741385289859006,0.8424999999999999,0.01183680700189033,0.1575,0.01183680700189033,72.90280405680339,0.6571128844560822
0.0,19,0.3337040335854606,0.00905202712604995,0.5350684038162231,0.10636824750420526,0.8308,0.03224236343694427,0.16920000000000002,0.03224236343694427,74.16514841715495,0.6599685402929507
0.0,20,0.3250260703576902,0.00990624440207597,0.5215412261168162,0.036146869251447444,0.8354333333333334,0.01164316680861927,0.16456666666666667,0.01164316680861927,75.39421844482422,0.6488321026720184
0.0,21,0.31141067244817533,0.010334027792341874,0.4864036545276642,0.028526991583888203,0.8473,0.007049113419430823,0.15270000000000003,0.007049113419430823,76.57834116617839,0.6540810841829519
0.0,22,0.30419484015874954,0.009371015551244009,0.46536315851211546,0.020082184337991978,0.8511666666666665,0.007245918391296812,0.14883333333333335,0.007245918391296812,77.7487284342448,0.6814495762847377
0.0,23,0.29398621045821566,0.008081924944497429,0.48497906988461814,0.02005432019802716,0.8467333333333333,0.007939983207370983,0.15326666666666666,0.007939983207370983,78.90427652994792,0.6875973966719064
0.0,24,0.2855658916548492,0.006859645489819052,0.5064851271947225,0.030906429301643452,0.8448666666666668,0.003027099822162017,0.15513333333333335,0.003027099822162017,80.02907053629558,0.6951697800014048
0.0,25,0.2790900542061754,0.006647302502232687,0.47728174063364665,0.04626747959907872,0.8513000000000001,0.011937755232873567,0.14869999999999997,0.011937755232873567,81.14279174804688,0.6759447709339991
0.0,26,0.2731661528272702,0.006912238416763143,0.5417920286734899,0.0970377926484555,0.8430666666666667,0.022155435751375636,0.15693333333333334,0.022155435751375636,82.23071034749348,0.6769876252606041
0.0,27,0.26429547679444615,0.008114572082080255,0.45707868900299076,0.017724428786971835,0.856,0.003905124837953345,0.144,0.0039051248379533446,83.27590433756511,0.6704555164259091
0.0,28,0.25774434198071994,0.007681759435823085,0.4643503140926361,0.009887777420404477,0.8576,0.005220153254455311,0.1424,0.005220153254455312,84.31741333007812,0.6779637307645356
0.0,29,0.25056325117061,0.008356667421839064,0.47607329276402793,0.04536137240976595,0.8570666666666668,0.01342472842680005,0.14293333333333333,0.01342472842680005,85.35142262776692,0.670043042211213
0.0,30,0.2455929179579807,0.004135098439739043,0.43887436114947004,0.014534839779063634,0.8661,0.002605762844159069,0.1339,0.002605762844159069,86.35801442464192,0.6757572051417924
0.0,31,0.23825709535109116,0.008780477013953365,0.4737374256769817,0.01734313880872213,0.8600666666666666,0.005687119950672112,0.13993333333333335,0.005687119950672112,87.3544413248698,0.666018013740709
0.0,32,0.2315356002871236,0.005600901882759901,0.4398516616503398,0.017673801089989387,0.8663666666666666,0.003521836642056714,0.13363333333333338,0.003521836642056714,88.32400512695312,0.664897338668823
0.0,33,0.22705071068226731,0.006033320221587649,0.4740399679342906,0.025869785823391462,0.8606000000000001,0.007899999999999997,0.13939999999999997,0.007899999999999997,89.28153737386067,0.6549330981039586
0.0,34,0.2234842383381351,0.009698291986886428,0.4493444292068481,0.019294657302674066,0.8629333333333333,0.005253887449625603,0.13706666666666667,0.005253887449625603,90.23044331868489,0.6383571865831816
0.0,35,0.21751462316294565,0.008982716064787993,0.46001730446815486,0.027843615163448243,0.863,0.00564269439186635,0.137,0.00564269439186635,91.15671793619792,0.6207037264895972
0.0,36,0.21344572757287406,0.005889786949544193,0.44921302409172065,0.028923844663498465,0.8676666666666666,0.006616141876753679,0.13233333333333333,0.006616141876753679,92.08257548014323,0.6329037779917459
0.0,37,0.20689015765654561,0.0007339932210747133,0.5126218159198762,0.007097063496184453,0.8507333333333333,0.0074009008460681844,0.14926666666666666,0.0074009008460681844,92.97855631510417,0.6529593833142281
0.0,38,0.20454795112974708,0.007543258432983023,0.43695683075586955,0.024925862749532957,0.8695666666666667,0.008805869254839819,0.1304333333333333,0.008805869254839819,93.87587992350261,0.6439235706334163
0.0,39,0.1960386716572525,0.0045422197468786415,0.44752473469972615,0.0318962188048946,0.8698666666666667,0.005472050194701539,0.13013333333333332,0.005472050194701539,94.74777730305989,0.6326791533649564
0.0,40,0.1947376868494636,0.002145888773816447,0.45630754480361935,0.025193441797347164,0.8686666666666666,0.005946707772653169,0.13133333333333333,0.005946707772653169,95.61478424072266,0.6302430636375183
0.0,41,0.19061507664474786,0.003017320804091256,0.4758721355597178,0.015229402734971809,0.8658666666666667,0.003555746522649403,0.13413333333333335,0.003555746522649403,96.47544860839844,0.6198604165244435
0.0,42,0.18498091090657928,0.004741286900168699,0.4580674825867017,0.02251769681492579,0.8691999999999999,0.005230678732248844,0.1308,0.005230678732248843,97.32774861653645,0.6149343183854967
0.0,43,0.18396615003571484,0.006215029770572475,0.4778660096804301,0.036713552176409606,0.8664,0.010095543571299154,0.13360000000000002,0.010095543571299154,98.15645345052083,0.6024712146994374
0.0,44,0.1789462861413643,0.005700182652577486,0.4530860875606537,0.05896162638424278,0.8720666666666667,0.009255448845589983,0.12793333333333334,0.009255448845589983,98.98566436767578,0.6048689014185014
0.0,45,0.17548069522064258,0.0028766554492295304,0.46024352922439576,0.06387241094716553,0.8728333333333333,0.010227577099847951,0.12716666666666665,0.010227577099847951,99.78821055094402,0.610223183497859
0.0,46,0.1739858848543779,0.007872733230720508,0.4879931468645731,0.03914545803549313,0.8631666666666667,0.009645897228010125,0.13683333333333328,0.009645897228010125,100.59702809651692,0.6060022788678026
0.0,47,0.1682136511844595,0.0067793339014379115,0.4662284622192383,0.038270238359044216,0.8713333333333333,0.004631774318048479,0.12866666666666668,0.004631774318048479,101.38072967529297,0.6042644621806036
0.0,48,0.16654010960881463,0.003272824464029111,0.487977592976888,0.04765806387127261,0.8668333333333335,0.012884228084496692,0.13316666666666666,0.012884228084496692,102.16220601399739,0.6023564766445374
0.0,49,0.1625202176433441,0.0033305870903603883,0.4542662277221679,0.004902273334055774,0.8729666666666667,0.004841831609353373,0.12703333333333336,0.004841831609353373,102.93411763509114,0.6024364724016208
0.0,50,0.15976186880471863,0.004965202757075755,0.46654489455918474,0.04543867151150425,0.8735333333333334,0.0032883633213702675,0.12646666666666664,0.0032883633213702675,103.6925786336263,0.6006112063494995
0.0,51,0.1556438336153622,0.0027416897087663853,0.5035017784436543,0.026016322808660827,0.8659666666666667,0.003442867022313406,0.1340333333333333,0.003442867022313406,104.4467264811198,0.5980176157176588
0.0,52,0.15632225313277093,0.004663206459562515,0.43493677652676904,0.01711390844416811,0.8792666666666666,0.003920884254008655,0.12073333333333332,0.003920884254008655,105.20943450927734,0.5861301676069397
0.0,53,0.1516243584631908,0.0025461194945335976,0.4799357994476954,0.050557263068651756,0.8752666666666666,0.007305021104235974,0.12473333333333332,0.007305021104235974,105.94632975260417,0.5827403761729265
0.0,54,0.14987166339288585,0.007787030870461963,0.49733190058072413,0.08813081271247757,0.8702,0.013512586724976107,0.1298,0.013512586724976107,106.67268625895183,0.5608081529743422
0.0,55,0.14532994491326842,0.0012151000021599643,0.4514221728245418,0.0010183273619053534,0.8787333333333334,0.0023713568549110038,0.12126666666666668,0.0023713568549110038,107.38258870442708,0.5689463674221164
0.0,56,0.14447495420697604,0.004195389690820221,0.4579514976501465,0.018889681971882403,0.8765666666666666,0.0012858201014657124,0.12343333333333335,0.0012858201014657124,108.08992513020833,0.5594048089044867
0.0,57,0.1430520452400201,0.004300185658422861,0.46271573527654014,0.037170650715751805,0.8764666666666666,0.0034674678561355163,0.12353333333333334,0.0034674678561355163,108.79299926757812,0.5581387426898663
0.0,58,0.13842298680851323,0.006090635588296383,0.4883911865552266,0.04705540243542381,0.8733666666666666,0.007285830998131503,0.12663333333333335,0.007285830998131503,109.47362518310547,0.5479273989555291
0.0,59,0.136645315134007,0.0021107652316634273,0.47828903942108153,0.03897164696398719,0.8724333333333334,0.0076839659898605165,0.1275666666666667,0.0076839659898605165,110.15962473551433,0.5530339367639845
0.0,60,0.1345641449084291,0.006308639931455749,0.47724346154530844,0.036765440149068546,0.8774666666666667,0.004561067126598054,0.12253333333333334,0.0045610671265980535,110.84097544352214,0.5310489963863089
0.0,61,0.1325892883830109,0.0015418391895800423,0.4803767446200053,0.04993763540447044,0.8777333333333334,0.0038656607887052495,0.1222666666666667,0.0038656607887052495,111.5119120279948,0.5440938314042196
0.0,62,0.13099797582928685,0.005423442920279033,0.47677348511219025,0.04885733320231713,0.8766666666666668,0.009904712683027882,0.1233333333333333,0.009904712683027882,112.17740631103516,0.5259030512218514
0.0,63,0.12686593187313913,0.001817279418042553,0.49882089277903235,0.050696925927882955,0.8717,0.009182047701901806,0.1283,0.009182047701901808,112.82049560546875,0.5319032029629297
0.0,64,0.12544271140141003,0.006226569123408199,0.46631756345431014,0.0216022369949997,0.8812000000000001,0.0012999999999999678,0.11880000000000002,0.0012999999999999678,113.47036997477214,0.5132009885594154
0.0,65,0.12474347861564677,0.0066420342145560906,0.4732915135701497,0.03270347637956204,0.8809333333333335,0.007427202254774918,0.11906666666666665,0.007427202254774918,114.11314900716145,0.5072773387834012
0.0,66,0.12370936927931082,0.0045071541886975396,0.5001568945566813,0.04651797842098503,0.8771,0.006700000000000039,0.12290000000000001,0.006700000000000039,114.75116221110027,0.4952807763611209
0.0,67,0.12017644936090237,0.00564220819103245,0.5200850407759349,0.05665629864729359,0.8732000000000001,0.010359054010864134,0.1268,0.010359054010864134,115.38482920328777,0.47915870240898006
0.0,68,0.11839996741962351,0.0036682026759795013,0.4525658851782481,0.00633315027622245,0.8844333333333333,0.0035949038002891665,0.11556666666666666,0.0035949038002891665,116.00289154052734,0.4648319520750414
0.0,69,0.1154786405143251,0.0012192654799684456,0.48972814183235164,0.03790642219607885,0.8810333333333333,0.002950141239556701,0.11896666666666667,0.002950141239556701,116.61104329427083,0.46905196730046456
0.0,70,0.11273762428591572,0.0022786955326735124,0.4870285874843597,0.02501799029510469,0.8827333333333334,0.003971565602295042,0.11726666666666667,0.003971565602295042,117.20621236165364,0.4652728800648113
0.0,71,0.11288180379300217,0.00423547360012189,0.46826263168652854,0.015228177690460363,0.8831000000000001,0.0032449961479176334,0.1169,0.0032449961479176334,117.80499521891277,0.45612639048409437
0.0,72,0.11075232288492916,0.004082773732366796,0.5154327355623245,0.03385549704870164,0.8766333333333334,0.002750151510977748,0.12336666666666667,0.002750151510977748,118.39908091227214,0.45525597610932805
0.0,73,0.10936659051761195,0.0013718224540811043,0.49413040788571044,0.025105768241179938,0.8812666666666665,0.004619884558442286,0.11873333333333332,0.004619884558442286,118.99192301432292,0.4667778505887106
0.0,74,0.10735688272320554,0.001023761928600369,0.4878759998083115,0.05443733316668966,0.8844,0.004358898943540678,0.11560000000000004,0.004358898943540678,119.56975555419922,0.4676126398970259
0.0,75,0.1035011029656967,0.0016322302725642367,0.5174917929212253,0.0054770206177980185,0.8784666666666666,0.0014047538337137123,0.12153333333333331,0.0014047538337137126,120.14379374186198,0.47783765011949914
0.0,76,0.10415331682528528,0.0023917695293238623,0.5296045742829641,0.017896304209764954,0.8739666666666667,0.004479211240088285,0.12603333333333333,0.004479211240088285,120.71592203776042,0.4767340467942875
0.0,77,0.10389878790117386,0.0028096170936746235,0.5195040871779124,0.04021482188435432,0.8771999999999999,0.007731106001084221,0.12280000000000002,0.007731106001084221,121.28040822347005,0.4629737583017017
0.0,78,0.09943730328057376,0.002426255900286937,0.48328356887499496,0.03107421616939093,0.8845000000000001,0.0032186953878862172,0.1155,0.0032186953878862172,121.82613627115886,0.4534880698554339
0.0,79,0.10040198496438861,0.0015231420143850156,0.48500139600435893,0.025208165078364035,0.8841,0.006502307282803549,0.11589999999999996,0.006502307282803549,122.37641906738281,0.4588306908424711
0.0,80,0.09888168073275967,0.0035759729484904444,0.517469495677948,0.030675489761963205,0.8786666666666667,0.003234707611722132,0.12133333333333333,0.0032347076117221324,122.92358652750652,0.44166137654586857
0.0,81,0.09518958973076642,0.004728037622928503,0.4835613967816035,0.014698515617348924,0.8851999999999999,0.0011999999999999789,0.11480000000000001,0.0011999999999999789,123.4526138305664,0.4335916896746417
0.0,82,0.09701198571141673,0.0007947308423300988,0.5120414677063625,0.02326586236386201,0.882,0.001915724406066782,0.118,0.001915724406066782,123.99244435628255,0.4338668627699242
0.0,83,0.09312597808459074,0.0019766428799442384,0.4970972888469696,0.02341426839528345,0.8835666666666667,0.0009609023536933185,0.11643333333333332,0.0009609023536933185,124.51174418131511,0.4219200347233142
0.0,84,0.09245956142552876,0.0005301661994775548,0.5397804730256398,0.030976708840292713,0.8796333333333334,0.008467782078757903,0.12036666666666666,0.008467782078757903,125.03274281819661,0.41961725466142363
0.0,85,0.09142503937196624,0.003284270439958784,0.49337660005092615,0.022993063277774464,0.8871333333333333,0.0016653327995728917,0.11286666666666663,0.0016653327995728917,125.55317687988281,0.4122582633885809
0.0,86,0.09286041359932425,0.004246094480939444,0.541224372514089,0.061764068069132046,0.8762,0.007217340230306461,0.12379999999999998,0.007217340230306461,126.08048502604167,0.3852512288161691
0.0,87,0.0886052182279305,0.0028473256673578556,0.5144946120779962,0.03763918657647461,0.8812666666666668,0.004233595792388934,0.11873333333333332,0.004233595792388934,126.58935546875,0.38350378123323536
0.0,88,0.08997473117989907,0.0007321700048724015,0.5897911227544149,0.0060787696153973185,0.8719333333333333,0.002059935274064044,0.12806666666666666,0.002059935274064044,127.10251363118489,0.3803163285438295
0.0,89,0.0873327497646962,0.0038569389855590257,0.5167306020637353,0.030692139789589148,0.8848333333333334,0.003247049943153527,0.11516666666666668,0.003247049943153527,127.59899648030598,0.3590512583221775
0.0,90,0.08592623423305416,0.0036100980201134087,0.5326931655248006,0.03610944063904794,0.8830333333333332,0.0029263173671584494,0.11696666666666666,0.002926317367158449,128.0897216796875,0.344633344779506
0.0,91,0.0845956656810306,0.0025934998592917974,0.5038447814911603,0.025372163633069173,0.8854666666666667,0.0011930353445448812,0.11453333333333333,0.0011930353445448812,128.57620747884116,0.3479483217828627
0.0,92,0.08494775005650389,0.002353469910629041,0.5052724639892578,0.029682811182377637,0.8851,0.002455605831561756,0.1149,0.002455605831561756,129.0629679361979,0.3361837309220837
0.0,93,0.08248152959621802,0.0018444303541796762,0.5171854638670882,0.020224022732444065,0.8836333333333334,0.004052571200279315,0.11636666666666669,0.004052571200279315,129.5407511393229,0.33042870909585875
0.0,94,0.08262257551169379,0.002408257171143842,0.49783655509948727,0.027850040639360155,0.8887333333333333,0.0058943475748664135,0.11126666666666667,0.0058943475748664135,130.01268513997397,0.33718808727887933
0.0,95,0.08010617679958403,0.0013732959242944071,0.5211053141037624,0.01016424689878886,0.8836333333333334,0.002514623895005637,0.11636666666666666,0.002514623895005637,130.4712931315104,0.3436415113449359
0.0,96,0.07590499561429277,0.0012392332334427113,0.5302971504688263,0.045121983743190604,0.8863333333333333,0.003914502948438481,0.11366666666666665,0.003914502948438482,130.91238911946616,0.3346489230694511
0.0,97,0.07746265827577309,0.0013856676958874786,0.502325908668836,0.043005259809579276,0.8862,0.005583009940883146,0.11380000000000001,0.005583009940883146,131.3671875,0.3394871706592453
0.0,98,0.07793878135807297,0.0015510968188282444,0.5335633977810542,0.03692851329169535,0.8849,0.0030265491900843336,0.11510000000000002,0.0030265491900843336,131.8341267903646,0.3315576486656937
0.0,99,0.07841870619360443,0.0017895891086639876,0.5198226540168127,0.03922336647960152,0.8869333333333334,0.0034004901607464525,0.11306666666666669,0.003400490160746452,132.29171244303384,0.3222253732156034
0.0,100,0.07821415611507034,0.0027278298546959696,0.510528333162268,0.004027299082143629,0.8867666666666668,0.00030550504633040416,0.11323333333333334,0.0003055050463304041,132.74698893229166,0.3027768967873022
0.1,1,1.8219287336533228,0.03887703288112937,1.5091342869440716,0.07307820852062201,0.4445666666666667,0.030138071161461766,0.5554333333333333,0.03013807116146182,40.38955052693685,0.2438272472529125
0.1,2,1.3986109245666967,0.06825386654556787,1.2318991821924845,0.0824315733557937,0.5517333333333333,0.03526603654131455,0.44826666666666665,0.03526603654131455,42.820621490478516,0.4279737935544233
0.1,3,1.1617770858128054,0.05207122540342944,1.0493185314178468,0.06966814604434649,0.6270666666666667,0.022916006051084303,0.37293333333333334,0.022916006051084303,45.34233856201172,0.4411706810135928
0.1,4,1.0127065513038473,0.038968690394508176,0.976527147356669,0.09189511365806037,0.6593,0.02781438476759827,0.3407,0.02781438476759827,47.731283823649086,0.3833656973660835
0.1,5,0.9097309900163486,0.030084885232638695,0.8257807121912638,0.053978177212960485,0.7091666666666666,0.02219219081869417,0.29083333333333333,0.022192190818694172,50.02164967854818,0.36992220672560994
0.1,6,0.8281568334027426,0.02591860052985125,0.7529014390309651,0.07539893688950759,0.7373666666666666,0.027747852769778997,0.26263333333333333,0.027747852769778997,52.23141860961914,0.35079475694481166
0.1,7,0.7572858040899878,0.02791820476885895,0.6848679298400878,0.028132926567318337,0.7640333333333333,0.010032115097691634,0.23596666666666666,0.010032115097691634,54.332401275634766,0.32361827096103896
0.1,8,0.7007045857640076,0.01885894387229424,0.666160737991333,0.03790535956747297,0.7712,0.015636815532582032,0.2288,0.015636815532582032,56.295005798339844,0.2915997397329651
0.1,9,0.6615853531941936,0.02056004344771766,0.6383305958588917,0.02753244168116113,0.7837999999999999,0.0068088178122196535,0.21619999999999998,0.0068088178122196535,58.18687947591146,0.26386346320072707
0.1,10,0.628712517068819,0.017421848078975528,0.6116538525263469,0.021363838801529058,0.7930999999999999,0.0072794230540613744,0.2069,0.0072794230540613744,59.94325256347656,0.2523061642936798
0.1,11,0.598458318200156,0.014844600811102539,0.5672699633598328,0.030999342989057863,0.8052333333333334,0.013072617692464381,0.19476666666666664,0.013072617692464381,61.607688903808594,0.24522479909144795
0.1,12,0.5733543742648171,0.010427375439301306,0.5504940450827279,0.009224378938177784,0.8126333333333333,0.0014364307617609842,0.18736666666666665,0.0014364307617609842,63.194531758626304,0.2370498618212715
0.1,13,0.5487611793800998,0.01570007711565799,0.5318199052651723,0.01982233501491227,0.8177333333333333,0.005601190349678652,0.18226666666666666,0.005601190349678652,64.70712534586589,0.2153863217144664
0.1,14,0.5316221227223102,0.013942043065622547,0.5116610754966736,0.02375844855525748,0.8255,0.009001666512374277,0.1745,0.009001666512374277,66.17149098714192,0.20806569445514642
0.1,15,0.517877494181107,0.015117881669879766,0.4957670893828074,0.04043647319646023,0.8329666666666666,0.013328665849714028,0.16703333333333337,0.013328665849714028,67.58410390218098,0.2100762663647517
0.1,16,0.4992374277023403,0.008081264748064624,0.4831900101423264,0.014411609735817454,0.8371333333333334,0.0060119325789078065,0.16286666666666663,0.0060119325789078065,68.92505137125652,0.2049210642830443
0.1,17,0.4860644147168442,0.007854529429365329,0.4960142432530721,0.027097940767538322,0.8328333333333333,0.009174057626444973,0.16716666666666666,0.009174057626444972,70.2289326985677,0.20630399798135926
0.1,18,0.47235658640345246,0.007350252180374584,0.4754428138415019,0.048657449010339957,0.8392,0.01486068639060795,0.16080000000000003,0.01486068639060795,71.49580891927083,0.22966472530628093
0.1,19,0.46417468895489394,0.007572084354548876,0.45981541721026103,0.013425030351421759,0.8474,0.006478425734698162,0.15259999999999999,0.006478425734698162,72.7291971842448,0.23841586391683098
0.1,20,0.453123664955044,0.007377865805714258,0.4666159421284994,0.006938713816835471,0.8437,0.004956813492557494,0.15630000000000002,0.004956813492557494,73.93205006917317,0.24679126057904657
0.1,21,0.441015754234862,0.0058912357026358365,0.46196570431391404,0.018684753773246618,0.8462999999999999,0.00685492523664557,0.15369999999999998,0.00685492523664557,75.09816487630208,0.251999493416439
0.1,22,0.43466354655030437,0.006586466165562487,0.4460710195859274,0.024206456191673113,0.8508999999999999,0.009086253353280404,0.1491,0.009086253353280404,76.23725128173828,0.2512873569515443
0.1,23,0.4230587935203786,0.006834341324459568,0.44780201061566666,0.020538303478856153,0.8492333333333333,0.007504887296511054,0.1507666666666667,0.007504887296511053,77.34607187906902,0.2776655237395795
0.1,24,0.41309063031138865,0.005624142396224864,0.4252191023190816,0.017461584251557225,0.8565333333333335,0.005081666393352993,0.14346666666666666,0.005081666393352992,78.42409006754558,0.2720073711539782
0.1,25,0.40918908643600577,0.004478424486155495,0.4423937711556752,0.006633560644337304,0.8538,0.0024758836806280105,0.1462,0.0024758836806280105,79.47639973958333,0.2786281055287126
0.1,26,0.4015509442371481,0.004987704616637918,0.42466379305521645,0.01058018380437825,0.8597333333333333,0.0031659648345067548,0.14026666666666668,0.0031659648345067548,80.51563517252605,0.2838105191654364
0.1,27,0.3918982907329374,0.004139027527156016,0.42362812502384184,0.01692027840030187,0.8587666666666666,0.005822656896411932,0.14123333333333335,0.005822656896411932,81.51903279622395,0.29655204571019134
0.1,28,0.3850839219079096,0.0034904156056779416,0.4187029215812683,0.019455835169436685,0.8615333333333334,0.0037072002014098735,0.13846666666666665,0.0037072002014098735,82.50879669189453,0.2975433291742758
0.1,29,0.3786950554104818,0.0054673070455363345,0.4090493687152863,0.021108678152284042,0.8615666666666666,0.007050059101407128,0.13843333333333338,0.007050059101407128,83.47784169514973,0.2973687920675681
0.1,30,0.37293803150696525,0.002519542440740074,0.40378113365173335,0.024479762332283436,0.8659333333333333,0.005853488988059478,0.13406666666666667,0.005853488988059478,84.43041737874348,0.2951933676473264
0.1,31,0.3677244401598017,0.00479297793054741,0.41523926866054534,0.00709584570573698,0.8633000000000001,0.0023259406699226246,0.13670000000000002,0.0023259406699226246,85.3667475382487,0.2976195231158302
0.1,32,0.3644686962485008,0.0042011122475351485,0.3893136517842611,0.015634675056098737,0.8709666666666666,0.005407710544521915,0.12903333333333336,0.005407710544521915,86.29208628336589,0.2887918282281106
0.1,33,0.35786899436465314,0.0057224101014964,0.41357562400499975,0.030642653696607222,0.8620666666666666,0.007252815545244023,0.13793333333333335,0.007252815545244023,87.18353271484375,0.2892705560867492
0.1,34,0.3509020216172309,0.005963324578260793,0.4037458621660868,0.020285873820245638,0.8678,0.005708765190476792,0.13219999999999998,0.005708765190476792,88.07957204182942,0.28560866445890765
0.1,35,0.34641422098859803,0.006178229791092551,0.40042295773824055,0.026476275726166277,0.8688333333333333,0.007155650447956042,0.13116666666666665,0.007155650447956042,88.94720713297527,0.2771138206834483
0.1,36,0.3422141871768394,0.003270731126852168,0.39094083820978803,0.008427342289785944,0.8704000000000001,0.002286919325205833,0.12960000000000002,0.0022869193252058333,89.80131276448567,0.27207837384388234
0.1,37,0.33888984751670864,0.003672993307668203,0.3897166731198629,0.014018027302369384,0.8696999999999999,0.001868154169226904,0.1303,0.001868154169226904,90.63757578531902,0.26326514684552543
0.1,38,0.33449481924374896,0.005369182807929408,0.3872704365253448,0.005373076273887862,0.8704666666666667,0.0019399312702602092,0.1295333333333333,0.0019399312702602092,91.46928405761719,0.26294098026129686
0.1,39,0.32784362139858353,0.008369378413340999,0.3871237234115601,0.014910958486306096,0.8724,0.0010583005244258455,0.12759999999999996,0.0010583005244258455,92.29725392659505,0.26531943747614606
0.1,40,0.32680835063550984,0.002644544792362436,0.37292313044865927,0.01201966265575456,0.8759666666666667,0.0027574142476845024,0.12403333333333333,0.0027574142476845024,93.10692850748698,0.2697376868207885
0.1,41,0.32307237400677297,0.003970551844450921,0.3861278714815776,0.012344297316860152,0.8743333333333334,0.00338575447032609,0.12566666666666668,0.00338575447032609,93.90676371256511,0.2610537819782683
0.1,42,0.31892082970414726,0.005506110195714937,0.38521444652875264,0.02114650591555263,0.874,0.004423799272118954,0.126,0.004423799272118954,94.68548329671223,0.2578334703114017
0.1,43,0.3117907460642389,0.004551901729948474,0.39552564468383794,0.008842708688009822,0.8744666666666667,0.002059935274064054,0.1255333333333333,0.002059935274064054,95.4570821126302,0.26813326686820893
0.1,44,0.31039777304103816,0.005892112562931006,0.3651077579975128,0.006053693335481703,0.8800333333333333,0.0027428695436227525,0.11996666666666667,0.0027428695436227525,96.23284149169922,0.2509481694853979
0.1,45,0.3045602006629706,0.004909739342389782,0.3804667318979899,0.019867836588155812,0.8776,0.006355312738174298,0.1224,0.006355312738174299,96.99315643310547,0.24260687437422976
0.1,46,0.30659701421742547,0.0020036458306784046,0.3875252556165059,0.011033099068790745,0.8741333333333333,0.002750151510977804,0.12586666666666668,0.002750151510977804,97.73929087320964,0.23502489752162958
0.1,47,0.2987961516813244,0.005522820242072988,0.3681555500984192,0.009991739190807456,0.8803666666666666,0.003682843104631694,0.11963333333333333,0.003682843104631694,98.47652689615886,0.2291657355820867
0.1,48,0.29819975121983683,0.0005928260476771617,0.3741514946460724,0.017295137014945727,0.8792333333333332,0.00451811169996193,0.12076666666666665,0.00451811169996193,99.1995620727539,0.23036679580316843
0.1,49,0.29709878266619905,0.004792024002388016,0.3610245103677114,0.007180203076627961,0.882,0.0035679125549822614,0.118,0.0035679125549822614,99.91400400797527,0.22948755355140274
0.1,50,0.29036855268254813,0.0029901464806492846,0.37565834244092305,0.012227006187993156,0.8794333333333334,0.005713434460404123,0.12056666666666667,0.005713434460404123,100.62715657552083,0.22558203069564003
0.1,51,0.28634590423091905,0.004020427588274217,0.3877960142056147,0.00866973920956176,0.8761999999999999,0.0026627053911389077,0.12380000000000002,0.0026627053911389077,101.33240763346355,0.2175017419071533
0.1,52,0.2873956048757931,0.00514286931567325,0.3662584260145823,0.008315013191085317,0.8796666666666667,0.003711244175924456,0.12033333333333333,0.003711244175924456,102.04019673665364,0.2240744565523571
0.1,53,0.2848517424780288,0.0026788288563897584,0.3780049217224121,0.011261484685312167,0.8805999999999999,0.0011357816691600568,0.11939999999999999,0.0011357816691600568,102.73085276285808,0.2254930585146841
0.1,54,0.2797872546904634,0.0041653014332962285,0.36256495111783343,0.009492427847348326,0.8832999999999999,0.0029866369046136435,0.11669999999999998,0.0029866369046136435,103.41840362548828,0.22646872312838714
0.1,55,0.27832346223453525,0.003634960126594808,0.3767730068683624,0.018150327778843057,0.8779333333333333,0.003234707611722196,0.12206666666666666,0.003234707611722196,104.08903503417969,0.22804255965721568
0.1,56,0.272464826976196,0.004648033118836454,0.364635066652298,0.009745472809988017,0.8842333333333333,0.004578573285788177,0.11576666666666668,0.004578573285788177,104.74801127115886,0.22255550141304326
0.1,57,0.27159707274253003,0.004523687775669661,0.35382993407249447,0.01839034209803247,0.887,0.006954135460285446,0.11299999999999999,0.006954135460285446,105.41424560546875,0.2208470940736587
0.1,58,0.26938013238903813,0.0034059416872227657,0.3589767454465231,0.005356673614693431,0.8863333333333334,0.002386070689089784,0.11366666666666665,0.002386070689089784,106.0700200398763,0.20772994934549224
0.1,59,0.27034096416000214,0.005846155338423171,0.38485867079099023,0.017674506632759858,0.8792666666666666,0.005689756878227187,0.12073333333333332,0.005689756878227187,106.71870930989583,0.20268660533547173
0.1,60,0.2667106742012328,0.0010792285975249555,0.36769811800320945,0.006272034489203603,0.8825,0.0036055512754639926,0.11750000000000005,0.0036055512754639926,107.3602803548177,0.20331351313007603
0.1,61,0.26375539254044633,0.006222568144107507,0.3594132522424062,0.0035653103960587604,0.8840333333333333,0.0015307950004273577,0.11596666666666666,0.0015307950004273577,107.9899393717448,0.204419973726494
0.1,62,0.26292102776931475,0.00344353170376129,0.37019401764869686,0.01165275838632105,0.882,0.003469870314579512,0.118,0.003469870314579512,108.61575317382812,0.19504669236819835
0.1,63,0.2568197076074709,0.006682327691083022,0.3751572254180908,0.013428503640504486,0.8831000000000001,0.00565066367783471,0.1169,0.00565066367783471,109.23513285319011,0.1907551347768477
0.1,64,0.2566431430370911,0.0033074892268035224,0.3603483002662659,0.018958017491507155,0.8886333333333333,0.003061590000854659,0.11136666666666668,0.003061590000854659,109.85377248128255,0.17947300879010047
0.1,65,0.256538569279339,0.007050199542639855,0.36169423824946084,0.009237000684751622,0.8849999999999999,0.001969771560359235,0.11500000000000003,0.001969771560359235,110.46060180664062,0.18592012267468516
0.1,66,0.2524477025305016,0.007451362960808079,0.37439654874801637,0.014765535921745695,0.8828,0.0019287301521985687,0.11719999999999997,0.0019287301521985687,111.06263987223308,0.18946350058388978
0.1,67,0.2507725570538261,0.00440257249406502,0.36072705901463825,0.016579684869746376,0.8870333333333335,0.00468223593311286,0.11296666666666666,0.00468223593311286,111.66437276204427,0.18809184471856488
0.1,68,0.2499422288967419,0.004984774332815301,0.3576022969563802,0.010837109322192073,0.8886666666666666,0.004178915329763602,0.11133333333333333,0.004178915329763603,112.25577545166016,0.19183444824856324
0.1,69,0.2469360954672073,0.003239485432550661,0.3625890418688456,0.007051899653828257,0.8865666666666666,0.0035921210076128433,0.11343333333333332,0.003592121007612843,112.84659067789714,0.19181676712385107
0.1,70,0.24500783378510826,0.006453896671931554,0.3655747485001882,0.014720577128919048,0.8861666666666667,0.003784617990409744,0.11383333333333334,0.003784617990409744,113.42739613850911,0.18724699048082263
0.1,71,0.24408941529214837,0.0022097560772902486,0.35653276454607646,0.015285327695399658,0.8877333333333333,0.005021288015373485,0.11226666666666667,0.005021288015373485,114.00321451822917,0.18372580230775107
0.1,72,0.24146053381105417,0.003867825980462458,0.36427882345517476,0.009095476160595624,0.8863333333333333,0.0018475208614067912,0.1136666666666667,0.0018475208614067912,114.56842041015625,0.17804676694503702
0.1,73,0.24060315641956462,0.004014676839779591,0.36142428104082747,0.02361526755342445,0.8850333333333333,0.006132971003790363,0.1149666666666667,0.006132971003790363,115.13961283365886,0.1732102975067676
0.1,74,0.2384003961088814,0.0014942280952589123,0.3642155327796936,0.016344059869620706,0.8873666666666667,0.003939966158907148,0.11263333333333332,0.003939966158907148,115.70516204833984,0.16407604264523945
0.1,75,0.23657476327176394,0.0024707182478685735,0.3479572628100713,0.008274939763275686,0.8911333333333333,0.0034297716153314584,0.10886666666666667,0.0034297716153314584,116.26871999104817,0.15593779642004701
0.1,76,0.23792211619306605,0.004575184473791977,0.35969501872062687,0.01737678610083302,0.8875000000000001,0.0039127995093027595,0.1125,0.0039127995093027595,116.83189392089844,0.14764416065030023
0.1,77,0.2317166253162162,0.005459798918870901,0.36064129090309144,0.00232942822220112,0.8880666666666667,0.0012858201014656894,0.11193333333333333,0.0012858201014656894,117.38611602783203,0.15279022515655957
0.1,78,0.2310590502843324,0.0029857810825360525,0.35121357723871865,0.00810496464021354,0.8906666666666667,0.002064784088793146,0.10933333333333335,0.0020647840887931456,117.9287109375,0.1450611969387568
0.1,79,0.23084250401835713,0.003822607514194062,0.35792886500358584,0.013056318622841605,0.8903,0.004775981574503807,0.10969999999999998,0.004775981574503807,118.4771245320638,0.14183024330665278
0.1,80,0.22890927427260163,0.0032153463868465,0.3466581893444061,0.011277574053597335,0.8936333333333334,0.0041259342376404025,0.10636666666666665,0.004125934237640402,119.01397196451823,0.14774084078592345
0.1,81,0.22734127227988696,0.0033575311525878677,0.34898783082962037,0.006606599968674697,0.8912,0.002128379665379261,0.10880000000000001,0.002128379665379261,119.55320231119792,0.15368371282476392
0.1,82,0.2255027755485166,0.005309869265908104,0.3554295458634695,0.011585158984039357,0.8902666666666667,0.0018583146486355403,0.10973333333333331,0.0018583146486355403,120.08016204833984,0.1625629794743634
0.1,83,0.22479150636726633,0.0017697312694496886,0.3511881213506063,0.013208004475711686,0.8914,0.004275511665286382,0.10859999999999996,0.004275511665286381,120.60264587402344,0.16822639360614472
0.1,84,0.22416853378800786,0.006242922038095297,0.3482675479094188,0.007281895931059239,0.8913000000000001,0.0014933184523068107,0.10869999999999998,0.0014933184523068107,121.13172912597656,0.16307058715389405
0.1,85,0.22371483066985473,0.004762340164814896,0.3827009968916575,0.02204456652461856,0.8854666666666667,0.006559217432997111,0.11453333333333333,0.006559217432997111,121.64696502685547,0.1643739538697148
0.1,86,0.22112634561428735,0.0040778558398500055,0.3532543343702952,0.021775105308522096,0.8906666666666666,0.004570922591045861,0.10933333333333335,0.0045709225910458605,122.16111246744792,0.17013733205676354
0.1,87,0.21858146961362365,0.006923455355171372,0.3517101394494375,0.0036491981568246477,0.8914333333333334,0.00040414518843275764,0.10856666666666666,0.00040414518843275764,122.67075602213542,0.16864324404154468
0.1,88,0.21578369022863908,0.004480871853891477,0.3520817870457967,0.004787125112343788,0.8941666666666667,0.0021962088546705655,0.1058333333333333,0.002196208854670565,123.1802749633789,0.16812637277938094
0.1,89,0.21233249766290033,0.003908028297737896,0.35751527919769294,0.008888450090418294,0.8922666666666667,0.0007767453465154246,0.10773333333333335,0.0007767453465154246,123.6800537109375,0.17045942321213833
0.1,90,0.2166440541469329,0.001808442685104575,0.3548160741329193,0.02545049904821869,0.8932333333333333,0.008630952052545167,0.10676666666666668,0.008630952052545167,124.17406463623047,0.1669309173247585
0.1,91,0.21470340893295012,0.0005648224403699542,0.34568750720024105,0.005889938861779033,0.8950666666666667,0.002939954648176252,0.10493333333333332,0.002939954648176252,124.66793060302734,0.1634995896988484
0.1,92,0.21412222074044637,0.0028485621435088457,0.35150683579444886,0.013057683474989678,0.8933333333333334,0.003219213154380001,0.10666666666666665,0.003219213154380001,125.16117858886719,0.15740117841134887
0.1,93,0.2123122088490443,0.0021180209617710937,0.3539506385644277,0.018355084844449483,0.8922666666666667,0.0043154760262725834,0.10773333333333335,0.0043154760262725834,125.65173085530598,0.15861732905828002
0.1,94,0.21049457528681606,0.004351630065037458,0.361162740500768,0.016243277577181553,0.8913333333333333,0.0018583146486354785,0.10866666666666665,0.0018583146486354785,126.13860829671223,0.15299740243351423
0.1,95,0.2083225231951155,0.002603075727457944,0.3570220555464427,0.01582846959910358,0.8919333333333334,0.00398036849215408,0.10806666666666669,0.00398036849215408,126.62298583984375,0.15299921595825025
0.1,96,0.20625622887466064,0.003945665914146083,0.3549705359379451,0.015810969559177834,0.8934666666666667,0.006018582335843961,0.10653333333333333,0.006018582335843961,127.09571838378906,0.15558041642237716
0.1,97,0.2039323241750806,0.0018313579994604728,0.35687896424929305,0.010770101639690157,0.8931333333333334,0.0024193663082165678,0.10686666666666667,0.0024193663082165678,127.56417846679688,0.15470913319724364
0.1,98,0.20466132709742202,0.003243906119192678,0.3621909665266673,0.0059909526735521836,0.8909000000000001,0.0024979991993593774,0.10909999999999997,0.0024979991993593774,128.03424580891928,0.15137481695861904
0.1,99,0.20370985342083278,0.0020611018319464927,0.35868500603040054,0.005607586919683271,0.8932333333333333,0.0016862186493255703,0.10676666666666668,0.0016862186493255703,128.50513203938803,0.15682973921694332
0.1,100,0.20029074629452734,0.004399801817676899,0.35822878637313843,0.015867304597180647,0.8933666666666668,0.004166933324800535,0.10663333333333332,0.004166933324800535,128.96912638346353,0.15202362811993103
0.2,1,1.9220451942795076,0.029909718987998993,1.6083799199422202,0.01717692574906813,0.4013,0.007922752047110885,0.5987,0.00792275204711083,39.95915222167969,0.41241171922893005
0.2,2,1.5406926373386627,0.028179405429141838,1.4047047030131024,0.03508780899245204,0.4887333333333333,0.004041451884327384,0.5112666666666666,0.004041451884327393,41.98411560058594,0.556804095060241
0.2,3,1.321937706057881,0.02432851188945346,1.1986188883463542,0.08591745364243399,0.5628000000000001,0.032736371210016525,0.4372,0.032736371210016525,44.32780075073242,0.5964739278717563
0.2,4,1.1591846700011412,0.01697085531040053,1.0631314450581868,0.09575878210527647,0.6201666666666666,0.030765131778253987,0.3798333333333333,0.030765131778253987,46.700567881266274,0.5696649517834925
0.2,5,1.0429042664635213,0.015696543902556905,0.9033906067212424,0.03771936382399515,0.6796666666666665,0.011951708385554498,0.32033333333333336,0.011951708385554498,49.00169372558594,0.5475323779663789
0.2,6,0.9541633486341231,0.01166800344023632,0.8558924377441407,0.07906993176698043,0.6971333333333334,0.025070367634586737,0.3028666666666667,0.025070367634586737,51.190408070882164,0.5471557286388338
0.2,7,0.8842997118030361,0.01615069060693956,0.7692925546964009,0.043585964864193034,0.7280666666666665,0.017295182373520502,0.2719333333333333,0.017295182373520502,53.309487660725914,0.5070580962810826
0.2,8,0.8252021387308354,0.010222431873865194,0.7544591950734456,0.04640848334726447,0.7370666666666666,0.014142607020395277,0.26293333333333335,0.014142607020395277,55.320194244384766,0.4782136854775525
0.2,9,0.7777217668239013,0.012928304593625256,0.7049760705629984,0.006878546606691073,0.7600666666666666,0.006612362159873978,0.2399333333333333,0.006612362159873978,57.22160339355469,0.46108400616481143
0.2,10,0.7391535520096264,0.007385628260625228,0.6514508645057678,0.014546429354442236,0.7742333333333334,0.00745273998830853,0.22576666666666667,0.0074527399883085295,59.01688130696615,0.4451970489135998
0.2,11,0.7069113689259597,0.004183729001958072,0.6214486251513164,0.020014259529819806,0.7848333333333333,0.0035076107727815753,0.21516666666666664,0.0035076107727815753,60.73834228515625,0.4272508460700172
0.2,12,0.6749139879365712,0.003998102394563538,0.5939818179448446,0.027592880427050274,0.7973333333333333,0.010561407734451527,0.20266666666666666,0.010561407734451527,62.366842905680336,0.4183181792294169
0.2,13,0.6549760681233239,0.000626569061350109,0.6191858032385508,0.03347369507336617,0.7868,0.009193475947648947,0.21320000000000003,0.009193475947648947,63.900193532307945,0.4182592185846718
0.2,14,0.6325817163287323,0.007550099817090491,0.5708489738146464,0.027816683182708066,0.8030666666666667,0.0058560510015994325,0.19693333333333332,0.0058560510015994325,65.39593505859375,0.44345819708696743
0.2,15,0.6161262874967098,0.007269858544741966,0.5393565246423085,0.02017950296490612,0.8167333333333332,0.008088469158829326,0.1832666666666667,0.008088469158829326,66.81016794840495,0.44531700250251866
0.2,16,0.5957764301001264,0.007834560068208181,0.535971178515752,0.017418483774056654,0.8194333333333335,0.005943343615620216,0.18056666666666665,0.005943343615620216,68.17361958821614,0.44446836206039286
0.2,17,0.581971932097774,0.008669866045379714,0.5354603944142659,0.007063266012256525,0.8194666666666667,0.0038109491381194674,0.18053333333333332,0.0038109491381194674,69.49883270263672,0.4443136341266605
0.2,18,0.5657057356397412,0.00931488844163856,0.5101329050381979,0.015304528808305427,0.8253,0.0051097945164164825,0.1747,0.0051097945164164825,70.77836354573567,0.4449521128696766
0.2,19,0.5564161017981738,0.009843786479019899,0.5219806456406911,0.031468586428528844,0.8251666666666667,0.008458329228242025,0.17483333333333337,0.008458329228242025,72.01469167073567,0.4391718490340908
0.2,20,0.5441684917517432,0.007791481890530941,0.504782639837265,0.034293132108954995,0.8289666666666666,0.012269610154089413,0.17103333333333334,0.012269610154089413,73.23292795817058,0.4484927738380976
0.2,21,0.5338964551966716,0.009832345050654044,0.48159937036832173,0.01045648319841052,0.8375666666666666,0.005089531740085054,0.16243333333333335,0.005089531740085054,74.38825225830078,0.46040911319064554
0.2,22,0.5229642773579047,0.01077966702109769,0.48532301133473715,0.03157987513209727,0.8360666666666666,0.00975106831754003,0.16393333333333335,0.00975106831754003,75.52140045166016,0.4655761056753951
0.2,23,0.5125774911907323,0.01146205223634241,0.46844102532068893,0.022937622128082206,0.8401,0.007143528539874426,0.15990000000000001,0.007143528539874426,76.63405100504558,0.4665040304610556
0.2,24,0.5062251782071764,0.010321343525225414,0.47631625523567206,0.007442284650190389,0.8395333333333334,0.002230097157823704,0.16046666666666667,0.002230097157823704,77.70940653483073,0.47961864637718443
0.2,25,0.499195261379642,0.00985836888667393,0.4858743706226349,0.006507464211756593,0.8387333333333333,0.003208322510804236,0.16126666666666667,0.003208322510804236,78.7588399251302,0.47412282788800586
0.2,26,0.4907673472587816,0.01119878714189536,0.4797580838998159,0.011916703233893506,0.8371666666666666,0.0028884828774519934,0.1628333333333333,0.002888482877451993,79.80819702148438,0.46928293813771305
0.2,27,0.48460029342544453,0.010007505001665029,0.4644493309497833,0.012297813392144877,0.8444666666666666,0.0014153915830374486,0.15553333333333333,0.0014153915830374486,80.81764729817708,0.47460777366414475
0.2,28,0.4740787421854154,0.013719834988029854,0.45356961037317917,0.01062434220132097,0.8453666666666667,0.0021501937897160594,0.15463333333333332,0.0021501937897160594,81.79297637939453,0.4815574231586437
0.2,29,0.4684733182877836,0.01374484377498245,0.4583598203818003,0.02671080296366825,0.8448333333333333,0.007836027905344224,0.15516666666666667,0.007836027905344224,82.75814819335938,0.49828019310292476
0.2,30,0.4625629998254451,0.013701717132350922,0.44142503792444865,0.020455536437995962,0.8489333333333334,0.007212720245048563,0.15106666666666668,0.007212720245048563,83.69965362548828,0.5093844898006693
0.2,31,0.4573456557103943,0.013653197100418577,0.43420558469295495,0.01913993585318901,0.8521333333333333,0.0051393903659221534,0.1478666666666667,0.0051393903659221534,84.62535858154297,0.5146425072560852
0.2,32,0.4513008933187243,0.011764777565996629,0.42858964304924013,0.012016909527117958,0.8569,0.0033451457367355344,0.14309999999999998,0.0033451457367355344,85.54085540771484,0.5245575497653578
0.2,33,0.44684922128585497,0.011043557686169938,0.44027664910952247,0.011821905366425788,0.8524666666666666,0.0034486712417006425,0.14753333333333332,0.0034486712417006425,86.43565114339192,0.5330512292193926
0.2,34,0.44023521658658776,0.009140350604400417,0.4245746676206588,0.028412293182185515,0.8602666666666666,0.008458329228242025,0.13973333333333335,0.008458329228242025,87.31726837158203,0.5346636620112939
0.2,35,0.431632216934048,0.012145033763195295,0.43301162731647497,0.021836061933088048,0.8572333333333333,0.005896891836665596,0.14276666666666668,0.005896891836665596,88.18601481119792,0.5348374617041208
0.2,36,0.4297161324478476,0.013293687236252679,0.41787514160474143,0.013442211604529844,0.8602333333333334,0.003043572462310281,0.13976666666666668,0.003043572462310281,89.04405975341797,0.5325320966331347
0.2,37,0.4270254738266816,0.01647794732330824,0.4120686773935954,0.016064128072815643,0.8616333333333334,0.003962743157628715,0.13836666666666667,0.003962743157628715,89.88392893473308,0.5358017514418167
0.2,38,0.42233897102814094,0.010033027630010367,0.4196448360284169,0.0056311212553937185,0.8601666666666666,0.0029143323992526023,0.13983333333333334,0.0029143323992526023,90.71244557698567,0.5404924388178516
0.2,39,0.4188014623428753,0.013164957643556132,0.41078540374437966,0.008028154614519542,0.8626999999999999,0.005168171823769062,0.1373,0.005168171823769062,91.51993052164714,0.5294763184200002
0.2,40,0.4158414351132215,0.010026564267797774,0.4179312667687734,0.0041726222160860926,0.8602666666666666,0.002550163393458018,0.13973333333333335,0.002550163393458018,92.32183329264323,0.5280566110668214
0.2,41,0.4099873480691121,0.012922795814539962,0.4228943343003591,0.01616747287544969,0.8610333333333333,0.005105226080530928,0.13896666666666666,0.005105226080530928,93.11265563964844,0.5295317875144665
0.2,42,0.40507689396591134,0.01367415937425744,0.40376137577692667,0.023552494472238904,0.8645666666666667,0.006543189843901323,0.1354333333333333,0.006543189843901323,93.8923110961914,0.5327357358882946
0.2,43,0.4010135806201364,0.01155995713373612,0.403673171488444,0.007225802471021263,0.8651,0.005910160742314843,0.1349,0.005910160742314843,94.66048431396484,0.5213291762916946
0.2,44,0.3976911293169625,0.013540331652851997,0.4000095000267028,0.016998681865157766,0.8655666666666667,0.006864643714959485,0.13443333333333332,0.006864643714959485,95.42965443929036,0.5146995182002838
0.2,45,0.394275026133908,0.01228714735812923,0.38289976692199706,0.006970852482383954,0.8717333333333332,0.0028005951748393543,0.12826666666666664,0.002800595174839354,96.17310841878255,0.523217019593996
0.2,46,0.38948871140691427,0.010373264572236257,0.40616431360244754,0.018550798109878603,0.866,0.006819824044651034,0.13399999999999998,0.006819824044651034,96.9129409790039,0.5260393879950954
0.2,47,0.38709093325430777,0.011224095315484319,0.38491086014111836,0.012232043499941076,0.8723000000000001,0.00555607775323564,0.12769999999999995,0.00555607775323564,97.64097849527995,0.5232352476274135
0.2,48,0.38514539129390535,0.012477199294182577,0.40279508811632786,0.012035514914019083,0.8674,0.003417601498127026,0.13259999999999997,0.003417601498127026,98.35299936930339,0.5232943386077853
0.2,49,0.38292998772905307,0.014382716278210991,0.3851312638918558,0.013914465674843656,0.8717666666666667,0.00391066916694996,0.1282333333333333,0.00391066916694996,99.04716237386067,0.5159590790617429
0.2,50,0.3785768710108568,0.012910872767404144,0.391294257513682,0.0050978203290825514,0.8707333333333334,0.0026159765544311736,0.12926666666666667,0.0026159765544311736,99.75478108723958,0.516061895785205
0.2,51,0.374795348862248,0.009937635668811663,0.39959073162078856,0.03356559130884763,0.8689333333333334,0.00858739386154686,0.13106666666666666,0.00858739386154686,100.44515736897786,0.5113281124605608
0.2,52,0.3744622842557188,0.014432399593204259,0.38802479533354445,0.014711462856104968,0.8704666666666667,0.003412232895529435,0.12953333333333336,0.003412232895529435,101.13846842447917,0.5080537113867215
0.2,53,0.370831053618275,0.01644622058110172,0.38043250973224646,0.006622672954327407,0.8752666666666666,0.0021221058723196215,0.12473333333333332,0.0021221058723196215,101.82085673014323,0.5020856455273314
0.2,54,0.3655051620516732,0.010612869322713967,0.37513160756429037,0.024895201675757764,0.8767,0.006990708118638595,0.1233,0.006990708118638595,102.4872055053711,0.49555162762173544
0.2,55,0.3644552335892593,0.010104496214542708,0.37777599608103435,0.029846880287354854,0.8750666666666667,0.0084760446750435,0.12493333333333338,0.0084760446750435,103.13723754882812,0.494861373754284
0.2,56,0.36121188088908524,0.012734837251332556,0.38632608299255367,0.024704729330981275,0.8729666666666667,0.00886359595950391,0.12703333333333333,0.00886359595950391,103.7882080078125,0.49492243157863935
0.2,57,0.35776046263998834,0.012451565918398811,0.38293067898750305,0.013866875704340751,0.8732000000000001,0.003994996871087615,0.1268,0.003994996871087615,104.43826293945312,0.48605310723032835
0.2,58,0.3562972192848633,0.010641783192765724,0.3688643412272135,0.01841454479666746,0.8778333333333334,0.006500256405199215,0.12216666666666669,0.006500256405199215,105.07368723551433,0.4889673066270837
0.2,59,0.356395636157205,0.011662621746762296,0.3739063276926677,0.011876871726077499,0.8757,0.004938623289946267,0.12430000000000001,0.004938623289946267,105.71165974934895,0.4869925679983032
0.2,60,0.3532449378229468,0.009253783272527905,0.37214905861218767,0.021145251781268717,0.8761333333333333,0.006159816014568397,0.12386666666666668,0.006159816014568397,106.33982594807942,0.49028326079881734
0.2,61,0.3477962478703143,0.01197623494747116,0.3740280732313792,0.006733378662777098,0.8771666666666667,0.001955334583475011,0.12283333333333331,0.001955334583475011,106.96047465006511,0.4840338703077355
0.2,62,0.3482457759638475,0.01268478738543386,0.36899351133505504,0.01420102766577768,0.8776666666666667,0.004437717130837991,0.12233333333333334,0.004437717130837991,107.57141367594402,0.48124422665883193
0.2,63,0.3459153614893797,0.009413462278390041,0.3723052474657695,0.03122918564897379,0.8782666666666668,0.010071908127725028,0.12173333333333332,0.010071908127725028,108.17232767740886,0.4775503605141234
0.2,64,0.34288980108697703,0.014062584746867533,0.3655087742964427,0.0050678150155686694,0.8806333333333334,0.003353108010985252,0.11936666666666666,0.003353108010985252,108.7745844523112,0.47971243212382625
0.2,65,0.3421403627972875,0.010077409573565371,0.37119271890322364,0.009767817312428631,0.8774333333333333,0.0024785748593361308,0.12256666666666667,0.0024785748593361308,109.37489827473958,0.48424696968718306
0.2,66,0.3393233274407399,0.009145727387372531,0.3663564770936966,0.026004923330882685,0.8793000000000001,0.00747462373634952,0.12070000000000003,0.00747462373634952,109.96468098958333,0.4894866586810406
0.2,67,0.33767826926322037,0.01074964852503495,0.3636739017089208,0.002943780208202584,0.8804666666666666,0.002122105872319598,0.11953333333333334,0.002122105872319598,110.55257924397786,0.48668161582812886
0.2,68,0.3365761279831152,0.01047123557489875,0.36513252937793733,0.01166190029190437,0.8780333333333333,0.004201587001756976,0.12196666666666667,0.004201587001756976,111.13270568847656,0.4839047350762964
0.2,69,0.33440112776717673,0.013954473626367031,0.3577075200239817,0.017558102633161776,0.8811,0.007264296249465578,0.1189,0.007264296249465578,111.71080780029297,0.47786294200347473
0.2,70,0.33176827871535236,0.01143113601878302,0.3692869066397349,0.011332104363244382,0.8809333333333332,0.0013796134724382992,0.1190666666666667,0.0013796134724382992,112.27890268961589,0.4712585323167223
0.2,71,0.3319979380921025,0.013670810937298028,0.3609217781146367,0.008789440049682793,0.8829333333333333,0.0032254198693090416,0.1170666666666667,0.0032254198693090416,112.84717051188152,0.47145089939454504
0.2,72,0.32777558085457037,0.012475628716821128,0.37061380609671274,0.02016681209549261,0.8814666666666667,0.005316327052894052,0.11853333333333334,0.005316327052894051,113.40775807698567,0.4648219448531448
0.2,73,0.3279802488371133,0.011160844886474692,0.3770906256834666,0.011765675018786692,0.8785333333333334,0.0044105933085394665,0.12146666666666668,0.0044105933085394665,113.95692189534505,0.46524906997112864
0.2,74,0.3245182598211373,0.014122949508475084,0.3609663278897603,0.011948304934105565,0.8828333333333335,0.0034933269720044003,0.11716666666666664,0.0034933269720044,114.50600179036458,0.46567289053014
0.2,75,0.3219819479484591,0.011516485207846289,0.35818925638198856,0.011775926553603438,0.8818,0.0035085609585697804,0.11819999999999997,0.0035085609585697804,115.04791005452473,0.46428460315557374
0.2,76,0.3202820377581565,0.011573526176241114,0.36605882612069446,0.010806377423208592,0.8805333333333333,0.003121431295629187,0.11946666666666668,0.003121431295629187,115.59230041503906,0.4593655917438291
0.2,77,0.320874110829698,0.01432515919132696,0.3574980496565501,0.002732276223949423,0.8839,0.0009539392014169046,0.11610000000000002,0.0009539392014169046,116.12678527832031,0.45605022229892206
0.2,78,0.31713944941581257,0.011890612727738184,0.36437986024220786,0.024989543693119006,0.8821666666666667,0.005723926391327295,0.1178333333333333,0.005723926391327295,116.66018676757812,0.4596709466198114
0.2,79,0.31472348999184413,0.00982287454825017,0.35700837898254395,0.012012532660042135,0.8841333333333333,0.006656074919450145,0.11586666666666667,0.006656074919450145,117.19484456380208,0.4626932008184379
0.2,80,0.3153058938104072,0.009223204950208737,0.3572407273689906,0.005015659023846569,0.8836333333333334,0.0022744962812309114,0.11636666666666669,0.0022744962812309114,117.73082478841145,0.4601817576885341
0.2,81,0.3124804161139665,0.013713667787972322,0.3520798276424408,0.014323101798638186,0.8847333333333335,0.00409918691124634,0.11526666666666667,0.00409918691124634,118.25435892740886,0.45760230121365325
0.2,82,0.3132015295701462,0.01077172395295468,0.3559467715740204,0.003989801867354042,0.8854000000000001,0.0010816653826392008,0.1146,0.0010816653826392008,118.77251942952473,0.4527004071583459
0.2,83,0.3109959303595932,0.011095164783079262,0.3601143935521443,0.025676990904931116,0.8846666666666666,0.006035174672976209,0.11533333333333336,0.006035174672976209,119.28586069742839,0.45084357885540516
0.2,84,0.3082596919319107,0.010402969013932986,0.35659507587750755,0.019738864363664798,0.8857666666666666,0.006046762219017164,0.11423333333333334,0.006046762219017164,119.79675038655598,0.448103848141835
0.2,85,0.3052958387370203,0.010750093930932994,0.357089013115565,0.0051428946526703365,0.8854666666666667,0.0012741009902410803,0.11453333333333333,0.0012741009902410803,120.30131022135417,0.4540310185339216
0.2,86,0.3060095985400199,0.01133079043556169,0.35760090438524883,0.017296464971889563,0.8851333333333334,0.004649014232429608,0.11486666666666667,0.004649014232429608,120.80063883463542,0.46021973148546136
0.2,87,0.30694249151663605,0.009506582826977802,0.354657138355573,0.012107177104808235,0.8847999999999999,0.0034828149534536163,0.11519999999999997,0.0034828149534536163,121.30188242594402,0.4603596923609884
0.2,88,0.303293194796474,0.010865900556457928,0.35113276664415993,0.018349484416042585,0.8855666666666666,0.006178457196852083,0.11443333333333332,0.006178457196852083,121.79435475667317,0.45790736812546246
0.2,89,0.3006127926267728,0.009935352603668192,0.35040509382883706,0.01574401296040673,0.8870666666666667,0.0051471675058553734,0.11293333333333333,0.0051471675058553734,122.28434499104817,0.461917393312314
0.2,90,0.30029742520077046,0.011952910998977372,0.35217345053354904,0.005473140146204143,0.8869333333333334,0.002919474838619666,0.11306666666666669,0.002919474838619666,122.76352945963542,0.46239348418262294
0.2,91,0.2992239084987181,0.010147495228365859,0.3399335321585337,0.009515186909374805,0.8891,0.0037363083384538676,0.1109,0.0037363083384538676,123.24395751953125,0.4634715977782435
0.2,92,0.2971328630763958,0.01159262302369059,0.3516121306816737,0.008719996751298177,0.8858,0.001967231557290553,0.11420000000000001,0.001967231557290553,123.72381337483723,0.46532409165178
0.2,93,0.2957733635364286,0.00963693664617807,0.349287173406283,0.014373251412145136,0.8879999999999999,0.0047507894080878665,0.11199999999999999,0.004750789408087866,124.19980112711589,0.4640541929656185
0.2,94,0.29504955419595696,0.012345938049632535,0.3514095862229665,0.015469910684794815,0.8876,0.0024248711305964177,0.11240000000000001,0.0024248711305964177,124.67348734537761,0.46424818964119413
0.2,95,0.2952405820391875,0.010483624220948574,0.35826674478848775,0.022979841866549073,0.8850000000000001,0.005838664230798032,0.11499999999999999,0.005838664230798032,125.13926442464192,0.4695752375170003
0.2,96,0.2912002146777594,0.009775717216309437,0.3416013035138448,0.005704168822781009,0.8902666666666667,0.0033471380810079438,0.10973333333333335,0.0033471380810079438,125.60912068684895,0.47143117841974697
0.2,97,0.28870934265120257,0.010304745405954212,0.3417840688387553,0.018356565004788262,0.8893333333333334,0.006969457176375618,0.11066666666666665,0.006969457176375618,126.07591247558594,0.4677642390689666
0.2,98,0.2902616237537127,0.010505867857726055,0.3447537131309509,0.010241371895107616,0.8891333333333332,0.002631222782915453,0.11086666666666667,0.002631222782915453,126.54089609781902,0.46002566449687904
0.2,99,0.2893344243227775,0.009919123029159826,0.3387458299795787,0.014392679263567618,0.8884,0.005478138369920902,0.11159999999999999,0.005478138369920901,127.00132497151692,0.45673522071731915
0.2,100,0.28796331503151423,0.01308703105150004,0.34035648153622944,0.009026102049440501,0.8901333333333333,0.004539089482851509,0.10986666666666667,0.004539089482851509,127.46337636311848,0.46561135099718265
0.3,1,1.9530732430460507,0.031061565041720415,1.640480283355713,0.02861261180644386,0.3873333333333333,0.004578573285788209,0.6126666666666666,0.004578573285788241,39.71097946166992,0.2401808186485124
0.3,2,1.623362274934162,0.023708573012453174,1.4809387859980265,0.023157814311165585,0.45459999999999995,0.008827230596285566,0.5454,0.008827230596285594,41.4457639058431,0.30353251216034594
0.3,3,1.4567340570744145,0.02244112924007871,1.3116237571080525,0.03897757842162491,0.521,0.019257985356729273,0.47900000000000004,0.019257985356729273,43.393959045410156,0.35035148905845054
0.3,4,1.30511687031589,0.01908032641597469,1.1849133250872292,0.056971708094395265,0.5730666666666666,0.021429496805415955,0.4269333333333334,0.021429496805415955,45.516771952311196,0.33006885445918954
0.3,5,1.1824049426771492,0.016632665964123893,1.0386221670468647,0.0444250965635032,0.6283666666666666,0.017186137824809097,0.3716333333333333,0.017186137824809097,47.6306406656901,0.3425245809029315
0.3,6,1.0937233687666674,0.01925932945379589,0.9315503398895263,0.03178117214166046,0.6677,0.008506468127254701,0.3323,0.008506468127254701,49.71106847127279,0.3614290572152463
0.3,7,1.0282324863516765,0.017762909548663386,0.8977359490076702,0.02337066216083743,0.6814,0.008545759182190922,0.3186,0.008545759182190922,51.71882629394531,0.3520868707359633
0.3,8,0.9711113835844544,0.011550918008697238,0.841844459660848,0.036562402528196244,0.7040333333333333,0.013638670511942601,0.29596666666666666,0.013638670511942601,53.6307258605957,0.32178966709089424
0.3,9,0.9266447070207945,0.008300031382730553,0.7955953914642334,0.015313802666634145,0.7202999999999999,0.01038701111966286,0.2797,0.01038701111966286,55.49157206217448,0.28854392837758885
0.3,10,0.8869136025635279,0.011192297124491081,0.7570997616767884,0.00983170543405501,0.7364333333333333,0.0023965252624024843,0.26356666666666667,0.0023965252624024843,57.28558222452799,0.2878698665219335
0.3,11,0.8528084503415295,0.011986839472718804,0.7514998859405516,0.048863934692560854,0.7357333333333335,0.017611454605833486,0.26426666666666665,0.017611454605833486,59.010756174723305,0.25806033649064125
0.3,12,0.8180291231940774,0.014426794349128566,0.6936340892473857,0.01877483064820671,0.7595666666666667,0.01156301575426296,0.2404333333333333,0.01156301575426296,60.68378194173177,0.2562808370168417
0.3,13,0.7915826333656538,0.00949553375276124,0.71270767176946,0.013630139589452691,0.7534666666666666,0.007777746031681285,0.24653333333333335,0.007777746031681285,62.28889719645182,0.26170211539222776
0.3,14,0.7677675501363255,0.014383830621233289,0.6807164366881052,0.02000905054557932,0.7615,0.007884795495128548,0.23850000000000002,0.007884795495128548,63.82794698079427,0.2509744780778757
0.3,15,0.7416616438904686,0.009907946248155516,0.6243400024414063,0.03563411429143835,0.7867666666666667,0.011065411575415228,0.2132333333333333,0.011065411575415228,65.31095886230469,0.2284880647229723
0.3,16,0.7203135196713434,0.01203743515882904,0.6146281266212462,0.013784896575929016,0.7880666666666668,0.005238638499966731,0.21193333333333333,0.005238638499966731,66.74928792317708,0.21589358105203318
0.3,17,0.7009871497381882,0.011760861275897438,0.6193967803796133,0.036209812628254484,0.7885,0.015527073130503354,0.2115,0.015527073130503354,68.12847391764323,0.20233479555218933
0.3,18,0.6821629216502288,0.01280536719528597,0.6007704019387563,0.012291427234741057,0.7940999999999999,0.005256424640380602,0.2059,0.005256424640380602,69.47297922770183,0.19819027185874163
0.3,19,0.6696136139288785,0.012283322249390037,0.5861168725649515,0.02221241684314228,0.8013333333333333,0.0051013070220614345,0.19866666666666669,0.0051013070220614345,70.76269785563152,0.1637636831681397
0.3,20,0.6528939678185228,0.007010996579701892,0.5845735624949138,0.030425175460881183,0.8009333333333334,0.009338807918215992,0.19906666666666664,0.009338807918215992,72.01279703776042,0.1605297051331411
0.3,21,0.6401764078975638,0.008292540941153255,0.5498894832452138,0.0023477122009963143,0.8147333333333333,0.001755942292142151,0.1852666666666667,0.001755942292142151,73.23291015625,0.1583685155748461
0.3,22,0.6279397642419364,0.010753816667348365,0.542670749092102,0.010189488351128815,0.8144333333333332,0.006633500835406102,0.18556666666666669,0.006633500835406102,74.40207163492839,0.16962253000707075
0.3,23,0.6161080054614855,0.006721296441438595,0.5315579063415526,0.029354806839072396,0.8186333333333332,0.008298393418809016,0.18136666666666668,0.008298393418809016,75.5454839070638,0.1545051470432771
0.3,24,0.6081764787715008,0.007179299387848521,0.5277672043482463,0.012687239920002298,0.8192666666666666,0.005148138822267068,0.18073333333333333,0.005148138822267068,76.65898132324219,0.1556692433736531
0.3,25,0.5993601987987934,0.007372794400480242,0.5324303244590759,0.025455789130336595,0.8233,0.006255397669213352,0.17669999999999997,0.006255397669213352,77.74964904785156,0.15194010350096485
0.3,26,0.5865015450290199,0.009057808653815854,0.5204664189815521,0.006148689074526305,0.8234,0.0013114877048603657,0.17659999999999998,0.0013114877048603657,78.80733744303386,0.16379116342369074
0.3,27,0.5806119780914456,0.006050955890268897,0.5126153043270111,0.0168250706088539,0.8258666666666666,0.00090737717258771,0.17413333333333333,0.00090737717258771,79.83768971761067,0.15518302529465097
0.3,28,0.5706872330297289,0.006177569877504661,0.5028125637054442,0.015670039363871745,0.8289,0.0056718603649949,0.1711,0.0056718603649949,80.84775797526042,0.12903759198844794
0.3,29,0.563924974035424,0.006778216764458815,0.4910044425487518,0.01937488476771451,0.8321333333333333,0.006995951210045248,0.1678666666666667,0.006995951210045248,81.83894602457683,0.13184705094308133
0.3,30,0.5563552898163483,0.005481338989500191,0.4915394338289896,0.03131821776199697,0.8326666666666668,0.012888884099615992,0.16733333333333333,0.012888884099615992,82.81943766276042,0.12986892888013343
0.3,31,0.5504940955281156,0.0065480240600337665,0.4675502292315165,0.015563588807810115,0.8403333333333333,0.007943131204590151,0.15966666666666665,0.007943131204590151,83.76110076904297,0.12262269852186851
0.3,32,0.5422264527075329,0.005278927760236684,0.47064402558008833,0.01562569326992274,0.8391000000000001,0.004132795663954358,0.16089999999999996,0.004132795663954358,84.69921620686848,0.11450797401017088
0.3,33,0.5347138377889444,0.008327362373100007,0.47648262982368467,0.012341003371736707,0.8397333333333333,0.005481179921634862,0.16026666666666667,0.005481179921634862,85.6168696085612,0.10997800779575707
0.3,34,0.5304688606268305,0.00495019784375634,0.47528983480135595,0.02562666528079917,0.8377666666666667,0.006379132647416357,0.16223333333333334,0.006379132647416357,86.51434071858723,0.11416634856445534
0.3,35,0.5220155180364415,0.0036941517343982147,0.46985899085998534,0.005415338407969887,0.8391000000000001,0.002351595203260989,0.16090000000000002,0.002351595203260989,87.39139556884766,0.12544441128892178
0.3,36,0.5169390478351638,0.0017433819207294074,0.4587025535583496,0.020700617714671018,0.8442333333333334,0.00830802824581943,0.15576666666666664,0.00830802824581943,88.25902557373047,0.13555017018641463
0.3,37,0.5134625528627038,0.007498758676678972,0.4496021841684977,0.023556951672099483,0.8476666666666667,0.008013946177341885,0.15233333333333332,0.008013946177341885,89.10965728759766,0.1353694488097009
0.3,38,0.5099313732709828,0.003948813336504155,0.44973382870356243,0.017084083942667735,0.8472,0.006109828148156046,0.15280000000000002,0.006109828148156047,89.94586181640625,0.13158456118087894
0.3,39,0.5000543753915837,0.005118606450265615,0.44162211335500084,0.009594021766449775,0.8496,0.004327817001676466,0.1504,0.004327817001676466,90.76127624511719,0.13249325403007428
0.3,40,0.4985853935395767,0.00815698992019728,0.43586172297795617,0.009420962320687136,0.8515666666666667,0.0045357836515131054,0.14843333333333333,0.0045357836515131054,91.57733154296875,0.13144496677489254
0.3,41,0.49446337912088767,0.002316847352602024,0.4432297732512156,0.021646463918452027,0.8525333333333333,0.006987369557518299,0.14746666666666666,0.006987369557518299,92.36925506591797,0.1374550212436279
0.3,42,0.491982426281577,0.005931935936555718,0.4362862607479095,0.0003587845893664067,0.8516333333333334,0.0023180451534284678,0.14836666666666667,0.0023180451534284678,93.14944458007812,0.13790200345402565
0.3,43,0.48408425352254286,0.003634702906577317,0.43206885844866433,0.014159376344552424,0.8517999999999999,0.0070149839629181894,0.1482,0.0070149839629181894,93.92087809244792,0.14937018515593922
0.3,44,0.4825211087303698,0.0026830805489029474,0.4220622251351675,0.010368140776586968,0.8551333333333333,0.004888080741286248,0.14486666666666667,0.004888080741286248,94.68386840820312,0.14311985654599943
0.3,45,0.4795024545906145,0.00580701707838475,0.4206031639258067,0.009648537105816202,0.8578333333333333,0.0035133080327994903,0.14216666666666666,0.0035133080327994903,95.44280751546223,0.1581957052128414
0.3,46,0.47512241097870583,0.004444202410668429,0.4391703089872996,0.016099664731733875,0.8530666666666668,0.003426854728950889,0.14693333333333333,0.003426854728950889,96.18362172444661,0.16339673126569587
0.3,47,0.47149209100165534,0.0039009613426198514,0.41736155683199566,0.009226370298004754,0.8577666666666667,0.0017473789896108591,0.14223333333333335,0.0017473789896108591,96.92037200927734,0.16028378677779032
0.3,48,0.47174410495306834,0.004929569930907376,0.4149521065076192,0.014341561636262072,0.8589333333333333,0.0048880807412861995,0.14106666666666667,0.0048880807412861995,97.64205678304036,0.1677428379199059
0.3,49,0.46540554144752405,0.0024380228532738463,0.40902166425387065,0.007519234307766105,0.8624,0.0038742741255620963,0.13760000000000003,0.0038742741255620963,98.35069274902344,0.17556819985301375
0.3,50,0.46004126090731057,0.004234686927477733,0.4209907230059306,0.008146295398487893,0.8592333333333334,0.0019347695814575395,0.14076666666666668,0.0019347695814575393,99.05224863688152,0.17218836622107175
0.3,51,0.4571990392727417,0.005956372958566806,0.42391083806355795,0.02153809154476808,0.856,0.008489405161729557,0.14400000000000002,0.008489405161729557,99.74202982584636,0.18121260114661145
0.3,52,0.45349526031852677,0.006773833537906597,0.4235352151234945,0.03272140168072125,0.8568666666666668,0.012661885062396221,0.14313333333333333,0.012661885062396221,100.42398579915364,0.18147583270396622
0.3,53,0.4499516855521987,0.006338252998207613,0.42228454882303873,0.016328075999255908,0.8604333333333333,0.003924708057083172,0.1395666666666667,0.003924708057083172,101.10129038492839,0.19084822868996207
0.3,54,0.4496883418655558,0.002488741228451742,0.40250264466603597,0.008091100493565002,0.8656666666666667,0.0036855573979159904,0.1343333333333333,0.0036855573979159904,101.76109822591145,0.19492420137292213
0.3,55,0.44331614575321004,0.006100593826722454,0.39613473587036135,0.00659377562902993,0.8659666666666667,0.0019857828011475022,0.13403333333333334,0.0019857828011475022,102.42217254638672,0.1972614943843781
0.3,56,0.44249335674526136,1.936041355126205e-05,0.4119192677021027,0.0012639923556277864,0.8621,0.00017320508075686865,0.13790000000000002,0.00017320508075686865,103.0723648071289,0.2061727537813192
0.3,57,0.4408967759831787,0.0013616628148265548,0.40089039103190105,0.012683403453796316,0.8651333333333332,0.0016165807537309664,0.1348666666666667,0.0016165807537309664,103.71819305419922,0.2042225661252764
0.3,58,0.4369554550649768,0.008316031179244973,0.4035718234539032,0.013479799806795149,0.8648333333333333,0.0044545856522613765,0.13516666666666666,0.0044545856522613765,104.36205800374348,0.20722094826376825
0.3,59,0.437116595586954,0.004173452249469726,0.4027337857723236,0.012527366829403749,0.8646666666666666,0.004021608301828198,0.13533333333333333,0.004021608301828198,105.00421905517578,0.21515725721636522
0.3,60,0.43398600360672396,0.0014976773806756917,0.39714439832369486,0.00910473645664192,0.8652666666666667,0.00395769293065205,0.1347333333333333,0.00395769293065205,105.62517801920573,0.2212363749403685
0.3,61,0.4315336865816783,0.004799028740259315,0.39933858491579693,0.005701907646942705,0.8654333333333333,0.002909180869821107,0.13456666666666664,0.002909180869821107,106.23860931396484,0.2246028270751766
0.3,62,0.4295134429914364,0.002231124369362439,0.39889086160659787,0.011481406404400714,0.8654666666666667,0.0054353779384080985,0.13453333333333337,0.0054353779384080985,106.84649403889973,0.22484582880268425
0.3,63,0.42378358161815294,0.007455193134387995,0.3864887528101604,0.01101732123746831,0.8686666666666666,0.004125934237640454,0.13133333333333333,0.004125934237640454,107.44486745198567,0.2330710897133215
0.3,64,0.4231243443001262,0.004489754657911955,0.3847251580874125,0.01571769740213136,0.8717999999999999,0.0037040518354904384,0.1282,0.0037040518354904384,108.05456797281902,0.24291432344672367
0.3,65,0.4189027597887945,0.006065335024476608,0.39229218807220456,0.013603216973241026,0.8692333333333333,0.004705670338361305,0.13076666666666667,0.004705670338361305,108.6450703938802,0.2475099553830379
0.3,66,0.4176988289560503,0.004294836333612188,0.3826269780158997,0.010833182359851671,0.8702666666666667,0.002836077102854112,0.12973333333333334,0.002836077102854112,109.2275390625,0.25100151310924496
0.3,67,0.41741431705837867,0.003653910537838354,0.3882238010088603,0.0065056798772947285,0.8713333333333333,0.00032145502536645975,0.12866666666666668,0.00032145502536645975,109.81294250488281,0.24942964925302558
0.3,68,0.4147208459033787,0.0032655898051234897,0.3812400159041087,0.006575872566030962,0.872,0.0035085609585697804,0.128,0.0035085609585697804,110.39331563313802,0.2580796288738489
0.3,69,0.4116121076892201,0.003186304916071673,0.3811950465838114,0.005208878879254141,0.8731,0.002594224354214577,0.1269,0.002594224354214577,110.9654057820638,0.2639679630824747
0.3,70,0.4103802824924872,0.0025070084154006967,0.38940830486615496,0.015171461004822796,0.8693,0.0056718603649949,0.1307,0.0056718603649949,111.53486633300781,0.2638555801820701
0.3,71,0.4137753098313867,0.004401518587051624,0.38991961407661435,0.01271813665232213,0.8694333333333333,0.001619670748434164,0.1305666666666667,0.001619670748434164,112.09852854410808,0.27142211845734476
0.3,72,0.4042625777099444,0.0039296013467325225,0.3911161360899607,0.016539796848694638,0.8706999999999999,0.005350700888668719,0.1293,0.005350700888668719,112.65368906656902,0.2732793039924679
0.3,73,0.40648903533219277,0.0017013779487601935,0.3867352542718252,0.004156852425568267,0.8698333333333332,0.002150193789716012,0.13016666666666668,0.0021501937897160125,113.20522562662761,0.27903376040166444
0.3,74,0.40200056082299906,0.003623234925978523,0.38144844387372334,0.007859497167408917,0.8724333333333334,0.00333816316757184,0.12756666666666663,0.0033381631675718395,113.75030771891277,0.2849674725058273
0.3,75,0.3999558625598292,0.0008642526903870357,0.37300608757336934,0.01110588602886528,0.8742333333333333,0.0016072751268321722,0.1257666666666667,0.0016072751268321722,114.28735860188802,0.27815762587124643
0.3,76,0.4004225100931304,0.00281832217165173,0.3759587789058685,0.008439533262549637,0.8736,0.0013000000000000234,0.12639999999999998,0.0013000000000000234,114.82829030354817,0.28970981064860324
0.3,77,0.3981397380863411,0.004699020635444198,0.367898951625824,0.009765853765669227,0.8754666666666666,0.004576388678131841,0.12453333333333334,0.004576388678131841,115.35831960042317,0.28879000273168176
0.3,78,0.39403552610906695,0.002732309265892515,0.3752483482837677,0.00460824653187944,0.8744666666666667,0.002631222782915441,0.12553333333333336,0.0026312227829154407,115.88012186686198,0.29576072249375635
0.3,79,0.3922255996420967,0.0029191989932124793,0.3768291387399038,0.004002364328346423,0.8725666666666667,0.0022007574453659093,0.12743333333333332,0.0022007574453659093,116.4053471883138,0.29097165868626496
0.3,80,0.3944887178938103,0.002047990989587619,0.3770470482508341,0.011755440080999047,0.8741333333333333,0.004219399641339179,0.12586666666666665,0.004219399641339179,116.9247309366862,0.30047949955535214
0.3,81,0.39101876751642806,0.0019489869777209797,0.36595242133140565,0.004904256575691677,0.8771,0.004233202097703361,0.12290000000000001,0.004233202097703361,117.44101206461589,0.3012059410022916
0.3,82,0.3880880604492531,0.0020360787571762993,0.37064938861529034,0.0067947826416099215,0.8754666666666667,0.0013428824718988914,0.12453333333333332,0.0013428824718988912,117.95852152506511,0.3027051198511072
0.3,83,0.3894770971395374,0.004052677790667487,0.3758628804365794,0.0079863693674153,0.8740333333333333,0.0034195516275285828,0.12596666666666667,0.0034195516275285828,118.46395365397136,0.30601602945830786
0.3,84,0.3870287960091922,0.001851538279444218,0.36993416895866393,0.0027148144254397245,0.8766666666666666,0.002025668613898474,0.12333333333333336,0.002025668613898474,118.96423085530598,0.3083690602945065
0.3,85,0.38610003219134564,0.003269506774067248,0.3696313044071198,0.017268681004357845,0.8764333333333333,0.004864497233356541,0.12356666666666667,0.004864497233356542,119.46727498372395,0.3059593955051719
0.3,86,0.38376113602165884,0.0034850033794086967,0.37389278731346137,0.017560603310324267,0.8763666666666666,0.006252466180103103,0.12363333333333333,0.006252466180103103,119.96437327067058,0.3101828473847608
0.3,87,0.38291519482676434,0.00351793632037999,0.3679005473136902,0.01112559498180163,0.8784333333333333,0.0037541088600802942,0.12156666666666667,0.0037541088600802947,120.45279439290364,0.3128290067139282
0.3,88,0.38005295306926895,0.0006242951390610043,0.3618834781487783,0.00934306769619987,0.8811,0.0018330302779823522,0.1189,0.0018330302779823522,120.94265747070312,0.31489058267458303
0.3,89,0.37828759526403566,0.0026389318154557894,0.3607994726975759,0.0023924191353916126,0.8814666666666667,0.0017387735140993695,0.11853333333333334,0.0017387735140993695,121.4319076538086,0.31544087479818
0.3,90,0.3783357651667623,0.0023481021117752157,0.3728098925908407,0.016815128743853918,0.8781333333333333,0.003667878587594374,0.12186666666666668,0.003667878587594374,121.91213989257812,0.3150958203870115
0.3,91,0.37648294650126196,0.0022938854303170206,0.3539538220564524,0.005505326257674484,0.8833333333333333,0.0004932882862316341,0.11666666666666665,0.0004932882862316341,122.39103190104167,0.32609412328170445
0.3,92,0.37902130191639155,0.005797994461955425,0.3537936371485393,0.01107584418721256,0.8831666666666665,0.003412232895529464,0.11683333333333334,0.003412232895529464,122.86590830485027,0.32924663037047214
0.3,93,0.37201346871137414,0.0037366714921731846,0.3677799059549967,0.0073276987605131886,0.8785666666666666,0.0021962088546705655,0.12143333333333335,0.0021962088546705655,123.32919820149739,0.33152480010100266
0.3,94,0.37470307887769216,0.0019450017518482157,0.36363163078626,0.012791825845152573,0.8821666666666667,0.002250185177564997,0.11783333333333335,0.002250185177564997,123.78819020589192,0.3348599539500432
0.3,95,0.3708727637469413,0.0019158962193491613,0.3663157836914062,0.016683459141263113,0.8794666666666666,0.00473532821812107,0.12053333333333334,0.00473532821812107,124.25045013427734,0.348660448008172
0.3,96,0.36638933704738824,0.0009287786827640284,0.35843770895004273,0.0031525393754826057,0.8822333333333333,0.003092463958291741,0.11776666666666664,0.003092463958291741,124.70967864990234,0.35440860602348173
0.3,97,0.36622973647721285,0.004092974296615893,0.37309017766316727,0.016985552969480962,0.8772333333333333,0.007457434768962688,0.12276666666666669,0.007457434768962688,125.16954040527344,0.35079975941218067
0.3,98,0.36851204153013767,0.0022920565674825065,0.3543735310395559,0.004576226367785816,0.8822666666666666,0.0012096831541082626,0.11773333333333331,0.0012096831541082624,125.62284342447917,0.34955935932377236
0.3,99,0.3679758584204638,0.0025913236151735184,0.35772819759051006,0.013413267942857153,0.8820666666666668,0.004561067126598042,0.11793333333333329,0.004561067126598042,126.07379404703777,0.35190941134917225
0.3,100,0.36514025166922925,0.0015381670410853003,0.35867734502156573,0.009500739829262797,0.8832333333333334,0.0010066445913694327,0.11676666666666669,0.0010066445913694327,126.52478281656902,0.3513495510049239
0.4,1,2.0043747565325565,0.004472027267670005,1.7061815625508627,0.02964171956487733,0.3576,0.012876723185655579,0.6424,0.012876723185655612,39.729241689046226,0.14399112541967896
0.4,2,1.7022040164684091,0.0067498074636107444,1.5358043082555135,0.010885420561933961,0.42969999999999997,0.006579513659838382,0.5702999999999999,0.006579513659838382,41.26839828491211,0.16385203422592298
0.4,3,1.5434026681553679,0.011272703262760022,1.3969539073944093,0.04350242242628225,0.4789999999999999,0.024857393266390575,0.521,0.024857393266390575,42.998406728108726,0.21467190967734817
0.4,4,1.4193058634861249,0.015431147005658194,1.2770230525334674,0.03707604820313917,0.5303333333333332,0.012329368732150625,0.4696666666666667,0.012329368732150623,44.91611862182617,0.23949321960936476
0.4,5,1.3132594433586922,0.014361725815613157,1.1476816927274067,0.050907752696760795,0.5852333333333334,0.016489491603240307,0.4147666666666667,0.016489491603240307,46.92274856567383,0.24544120091682955
0.4,6,1.2211826858313186,0.006423957519876665,1.0669099784215292,0.024423235791631453,0.6174,0.011849472562101648,0.3826,0.011849472562101648,48.9759521484375,0.2119483943634437
0.4,7,1.1476111189483682,0.0019764757902116328,0.988588101196289,0.020950034769546905,0.6454333333333334,0.0058620246786697285,0.35456666666666664,0.0058620246786697285,51.017985026041664,0.1703441848065874
0.4,8,1.0824638303791674,0.006363522926964914,0.9303795442581176,0.01216463309992362,0.669,0.0059924953066314715,0.331,0.0059924953066314715,52.979287465413414,0.13022526841997506
0.4,9,1.034655626675865,0.010172235109559448,0.8933540687878927,0.024555116876805172,0.6846,0.006743886120034942,0.31539999999999996,0.006743886120034942,54.88764572143555,0.1206572716166581
0.4,10,0.9948059621775952,0.006112857733979956,0.846163838450114,0.006209756506731278,0.6991333333333333,0.0019731531449265105,0.30086666666666667,0.0019731531449265105,56.684200286865234,0.08010641612637398
0.4,11,0.9560790286547896,0.005661645642503216,0.8154636922518413,0.032751978410762266,0.7096,0.012813664581219556,0.29040000000000005,0.012813664581219556,58.42231369018555,0.06848173441035402
0.4,12,0.9232626151855644,0.00953403076346233,0.7727499220848083,0.014250939362350116,0.7270333333333333,0.0007023769168568825,0.2729666666666667,0.0007023769168568825,60.08920542399088,0.08533013393275422
0.4,13,0.8976404670965743,0.013232523425244554,0.7839768959045411,0.028051533325979094,0.7238333333333333,0.008693292433441607,0.2761666666666666,0.008693292433441607,61.69560877482096,0.09103465570187784
0.4,14,0.868291313538466,0.009759466125823834,0.7364743388811746,0.03278608651943254,0.7398000000000001,0.012904650324592329,0.2602,0.012904650324592329,63.25380833943685,0.11137078998141291
0.4,15,0.8449126529774906,0.016318672655070636,0.7020146518389385,0.02490226726359907,0.7557333333333333,0.01133857721821103,0.24426666666666666,0.01133857721821103,64.75591532389323,0.13123698125938363
0.4,16,0.8225232442524936,0.012399945711380105,0.6805124664306641,0.02225387276333583,0.7635,0.009643650760992963,0.23650000000000004,0.009643650760992963,66.2025655110677,0.13566134667627802
0.4,17,0.802732980261475,0.011234667814146723,0.6615705278714498,0.030977496145607436,0.7706333333333334,0.011656042781893569,0.2293666666666667,0.01165604278189357,67.60748036702473,0.129612453581903
0.4,18,0.7829922635333718,0.010621627278086528,0.6539806856791178,0.011145452656869337,0.7723333333333334,0.004954122862155663,0.22766666666666668,0.004954122862155663,68.9585189819336,0.1265494522018226
0.4,19,0.7654393900690786,0.010931601721140204,0.6344037542978923,0.014416086517109331,0.7784666666666666,0.00470567033836128,0.22153333333333333,0.00470567033836128,70.27287038167317,0.12227721616700277
0.4,20,0.7488722777071918,0.010331976921690784,0.6328071908950806,0.002831203644020401,0.7808999999999999,0.0019157244060668457,0.2191,0.0019157244060668457,71.53977457682292,0.1368005510687193
0.4,21,0.7347974406280583,0.008433400285366455,0.5984835967222849,0.012989000785192809,0.7938666666666666,0.00631215758147193,0.20613333333333336,0.00631215758147193,72.77825164794922,0.15244197372640034
0.4,22,0.7222355671754173,0.006801451461615663,0.6021738633473714,0.026625024600299193,0.7922333333333332,0.01057181788214941,0.20776666666666668,0.01057181788214941,73.96230061848958,0.16382659905837138
0.4,23,0.7109821274660636,0.005950514917735806,0.58397563829422,0.005103243479174876,0.7976000000000001,0.0036345563690772494,0.20240000000000002,0.00363455636907725,75.12944793701172,0.17688559900713097
0.4,24,0.7011293637274881,0.007740446275852931,0.5823262843290964,0.02631135029787632,0.8012,0.010232790430767153,0.1988,0.010232790430767153,76.25365956624348,0.19692735913181353
0.4,25,0.6915653243038457,0.004106216487446101,0.5693392146428425,0.0062739244920893295,0.8057666666666666,0.0030287511177601303,0.19423333333333334,0.0030287511177601303,77.34261322021484,0.21748888277714923
0.4,26,0.6772295127845888,0.00540284636365323,0.5669351377010345,0.01118760399082725,0.8057,0.004299999999999989,0.1943,0.004299999999999988,78.41610717773438,0.23813009878857172
0.4,27,0.6690951336527724,0.00282546426497358,0.5468530517419179,0.01107552456422269,0.8126333333333333,0.003781974792794512,0.18736666666666668,0.003781974792794512,79.46192932128906,0.23578722931599946
0.4,28,0.6580579281361411,0.007167430164006882,0.5478062475204468,0.010167848372880104,0.8118333333333334,0.0011590225767142378,0.18816666666666668,0.001159022576714238,80.47103627522786,0.24738440253228744
0.4,29,0.6511726507953569,0.003770762396430915,0.5570605130990346,0.009210826201413062,0.8089666666666666,0.0017672954855749087,0.1910333333333333,0.0017672954855749087,81.4750467936198,0.2598740062465001
0.4,30,0.6427539992515388,0.0028521261917577477,0.5371917766571045,0.01675978782172286,0.8165333333333334,0.009159330397650963,0.18346666666666667,0.009159330397650963,82.45993296305339,0.26744410469128377
0.4,31,0.637320022550487,0.004301889005843895,0.5171247410615286,0.012989429683638478,0.8199,0.0061024585209569476,0.1801,0.0061024585209569476,83.41935221354167,0.2704492942416302
0.4,32,0.6321844929116258,0.004416417142354623,0.522161155239741,0.014424066177225504,0.8224,0.004677606225410597,0.1776,0.004677606225410598,84.35221862792969,0.2869884428271884
0.4,33,0.624269892365528,0.004140411336089144,0.5211170564969381,0.010149365121078429,0.823,0.0050586559479766854,0.17700000000000002,0.0050586559479766854,85.27103169759114,0.3004347972515832
0.4,34,0.616149636968424,0.0029402325987435813,0.5034820988496144,0.005352488865411007,0.8289333333333334,0.002223360819420317,0.17106666666666667,0.0022233608194203174,86.17943318684895,0.3151987266899781
0.4,35,0.6107950336335565,0.003063562257589772,0.513754965432485,0.005869890580267427,0.8260000000000001,0.004250882261366436,0.17399999999999996,0.004250882261366436,87.06274922688802,0.31418110885114425
0.4,36,0.6044669558579151,0.0034051179117862156,0.5030421321551004,0.012431987352301341,0.8286666666666666,0.0044769781475157144,0.17133333333333334,0.0044769781475157144,87.93016560872395,0.32388852275171814
0.4,37,0.5983805851558285,0.0032219066668267393,0.5117171849727631,0.002638375271592334,0.8259,0.0019313207915827534,0.1741,0.0019313207915827534,88.78006998697917,0.3237106925594614
0.4,38,0.5943592404922865,0.004707516184727079,0.49303869506518055,0.0017083545617083266,0.8300333333333333,0.0023180451534284947,0.16996666666666668,0.0023180451534284947,89.62183380126953,0.3345056814227286
0.4,39,0.585621535625604,0.005777829597402237,0.48473665175437924,0.007089057747549853,0.8348999999999999,0.0022068076490713694,0.16510000000000002,0.0022068076490713694,90.43487040201823,0.3361435264956166
0.4,40,0.5842632413520228,0.00701694596699271,0.48231526749928794,0.013538521729511987,0.8337666666666667,0.005300314456080258,0.16623333333333334,0.005300314456080258,91.24325052897136,0.33761638422488516
0.4,41,0.5801977813497935,0.004390137032732112,0.4874292587916056,0.017064199633190287,0.8343333333333334,0.005234819321937811,0.16566666666666663,0.005234819321937811,92.03709920247395,0.341267822618946
0.4,42,0.5742804383174639,0.004284577877310324,0.4871142879486084,0.010184643990809284,0.8325,0.005106858133921476,0.1675,0.005106858133921476,92.82677714029948,0.33231537398727956
0.4,43,0.5693041572485433,0.007475105656984023,0.4685443556467692,0.005164021120538876,0.8394333333333334,0.002909180869821107,0.16056666666666666,0.002909180869821107,93.59719594319661,0.33948409661030815
0.4,44,0.5660299940284053,0.0018161994118186108,0.47371577010154725,0.003971201595114173,0.8405333333333335,0.001601041327803035,0.15946666666666667,0.001601041327803035,94.34965260823567,0.33902305475875716
0.4,45,0.5612898994386449,0.004715729972047761,0.46264437432289124,0.007951988526194172,0.8414,0.005650663677834694,0.1586,0.005650663677834694,95.0967534383138,0.356350668525448
0.4,46,0.5594516398301007,0.0035068805109811077,0.4681254372278849,0.01202565941756615,0.8408666666666665,0.003412232895529464,0.15913333333333335,0.003412232895529464,95.82703145345052,0.3610104026076092
0.4,47,0.5502866168918512,0.005386366844648136,0.45851094133059184,0.004594601275578232,0.8431333333333333,0.001050396750439244,0.1568666666666667,0.001050396750439244,96.5532709757487,0.35454663703258443
0.4,48,0.5523772171340432,0.005927370049147635,0.4613009308338165,0.0035354403571736985,0.8432666666666667,0.001877054430040168,0.1567333333333333,0.001877054430040168,97.28221384684245,0.3528499378730953
0.4,49,0.5483745640653478,0.005955280354933465,0.46317350090344744,0.0118700738471461,0.8418000000000001,0.006835202996254,0.1582,0.006835202996254,97.99505615234375,0.3478254431589501
0.4,50,0.5442268877891222,0.00473200794736711,0.4477699167728424,0.003523535093893862,0.8492000000000001,0.0027622454633866016,0.15079999999999996,0.0027622454633866016,98.69826253255208,0.3576279582790686
0.4,51,0.5403352071612896,0.002998454231957755,0.45974658500353494,0.002495797151816932,0.8428,0.0008185352771872633,0.1572,0.0008185352771872633,99.38038889567058,0.364835403793932
0.4,52,0.5356918783240713,0.008939779869269804,0.44958157505989077,0.008170885946870148,0.8460333333333333,0.0039004273270160346,0.1539666666666667,0.0039004273270160346,100.05874125162761,0.36875020256207813
0.4,53,0.532106691360067,0.0031083058183237833,0.4490688710053761,0.012947643066963468,0.8470333333333334,0.003901709027251192,0.1529666666666667,0.0039017090272511924,100.73538462320964,0.3692572457985948
0.4,54,0.5310805696050834,0.00160489452460556,0.43685484994252527,0.009475805360168982,0.8524666666666668,0.002010804150914099,0.14753333333333332,0.002010804150914099,101.40284729003906,0.374696603557353
0.4,55,0.5265652229668031,0.00879544168674526,0.4359455394744873,0.014227293210912399,0.8511666666666665,0.004000416644967542,0.14883333333333337,0.004000416644967542,102.06160990397136,0.37540849868738496
0.4,56,0.5237981846011407,0.004826907110166812,0.4436340849399567,0.0046631851505189465,0.8498666666666667,0.0022590558499809626,0.15013333333333334,0.0022590558499809626,102.71175638834636,0.3719781225999516
0.4,57,0.5225396076787362,0.002062648445392762,0.44410092671712237,0.00817240302483473,0.8473333333333333,0.0037753587026047703,0.1526666666666667,0.0037753587026047707,103.3568623860677,0.3628056947468617
0.4,58,0.5210132626570501,0.01102017691977716,0.4322466579914093,0.0028349833192591743,0.8530333333333333,0.002916047553338855,0.14696666666666666,0.002916047553338855,103.98721059163411,0.3664712213227949
0.4,59,0.5187597507761771,0.007556699218173194,0.4442127139091492,0.003464410457009068,0.8491666666666667,0.002324507116214794,0.1508333333333333,0.002324507116214794,104.6146011352539,0.37031499029632
0.4,60,0.5136592190487205,0.003441129557631214,0.43297523349126177,0.011834071975803297,0.8530666666666665,0.004643633634701741,0.14693333333333336,0.004643633634701741,105.23790995279948,0.3730032620048974
0.4,61,0.5146041254100897,0.005677355187906608,0.4406238430182139,0.006384958607152965,0.8495333333333334,0.003707200201409875,0.15046666666666667,0.003707200201409875,105.84654235839844,0.3765155485810397
0.4,62,0.5091565617210115,0.009690721769117425,0.42501812462806704,0.015619278308155123,0.8547000000000001,0.004635730794599677,0.14529999999999998,0.004635730794599676,106.44801076253255,0.37322395561057026
0.4,63,0.5053919174685401,0.005394684258336376,0.4210992793401082,0.0095174408704444,0.8564666666666666,0.0024006943440041243,0.14353333333333332,0.0024006943440041243,107.04606119791667,0.37559040882083605
0.4,64,0.5070206921068096,0.011131781762240061,0.4302749936103821,0.014401132652437865,0.8542666666666667,0.003803068936179481,0.14573333333333335,0.0038030689361794805,107.63468170166016,0.3805928251216246
0.4,65,0.5026859142845346,0.005297092711085293,0.42157390907605485,0.0030598350412526405,0.8564666666666666,0.0017214335111567557,0.14353333333333332,0.0017214335111567557,108.22488403320312,0.38283159589397253
0.4,66,0.4972766090028833,0.004640299559022929,0.42160872826576234,0.013384520384627178,0.8557,0.0045133136385587065,0.1443,0.0045133136385587065,108.80365244547527,0.3824062346476626
0.4,67,0.49699140578279716,0.006267656279469318,0.4265078004995982,0.006442203051163175,0.855,0.0015394804318340652,0.145,0.0015394804318340652,109.38363393147786,0.3787782956536212
0.4,68,0.49431207018943296,0.0050659802195385205,0.42363860944112147,0.012508951132817636,0.8556333333333334,0.0044747439405326325,0.14436666666666667,0.0044747439405326325,109.95943959554036,0.3853907113595849
0.4,69,0.4916737687099925,0.004784390200320414,0.4174621059417724,0.008592723477586958,0.8598666666666667,0.0018556220879622544,0.14013333333333333,0.0018556220879622544,110.5249252319336,0.3813370659373631
0.4,70,0.49335236000079735,0.0050219430322549895,0.4168936115582784,0.008191867866629954,0.8601000000000001,0.00204205778566622,0.13989999999999994,0.00204205778566622,111.08703358968098,0.3698633746916813
0.4,71,0.48788529032331596,0.008484362051588468,0.42363801722526545,0.002204671598961384,0.8563666666666666,0.001357694123627773,0.14363333333333336,0.001357694123627773,111.64683787027995,0.3723037268964388
0.4,72,0.48844210850511577,0.006492838847859422,0.41820635062853495,0.011744609095429213,0.8592333333333334,0.003962743157628744,0.14076666666666668,0.003962743157628744,112.18453725179036,0.3688413457868904
0.4,73,0.48516252730915105,0.0049377107803982405,0.41523459738095597,0.007884098014702178,0.8583666666666666,0.0030664855018951616,0.1416333333333333,0.003066485501895162,112.73080952962239,0.36800571078833344
0.4,74,0.4841212538044776,0.009671395654337427,0.4141539237817129,0.006543241885581551,0.8599,0.0008888194417315671,0.1401,0.0008888194417315671,113.27397918701172,0.3691314297652278
0.4,75,0.4822452175292009,0.0054028807981169194,0.40425886011123663,0.00668323703386903,0.8637666666666667,0.0026274195198584785,0.13623333333333332,0.0026274195198584785,113.8119125366211,0.36668066639453073
0.4,76,0.4789158279633583,0.007353224156733563,0.407170220263799,0.004375539313446477,0.8620666666666666,0.0011060440015357926,0.13793333333333335,0.0011060440015357926,114.34527333577473,0.36993783552809023
0.4,77,0.47698681569719364,0.007258193449378633,0.40306514226595563,0.0030017366016549425,0.8635,0.0010583005244258455,0.13650000000000004,0.0010583005244258455,114.87227884928386,0.3715009055897543
0.4,78,0.4748832272700743,0.0037229722968186926,0.40352635416984556,0.015096940712349594,0.8629000000000001,0.0034394767043839877,0.1371,0.0034394767043839877,115.38814544677734,0.37112039082982556
0.4,79,0.4724665885030563,0.007552100205625642,0.4110070100307464,0.01423905242147773,0.8624333333333333,0.003059956426705,0.1375666666666667,0.003059956426705,115.90870157877605,0.37841049435627483
0.4,80,0.47419555369647054,0.005888056769313166,0.40663692951202396,0.00577421450031316,0.8609,0.0014177446878757946,0.13909999999999997,0.0014177446878757946,116.41496276855469,0.37639576683899456
0.4,81,0.47129061589460547,0.005185418292430316,0.39794548575083416,0.0029873691469774408,0.8649666666666667,0.0010214368964029615,0.13503333333333334,0.0010214368964029615,116.92233784993489,0.37352161330976924
0.4,82,0.46797507414427564,0.004746720924156111,0.4061555623690287,0.0023046531998578805,0.8627000000000001,0.0031511902513177317,0.13729999999999998,0.003151190251317732,117.43008168538411,0.3670841190505383
0.4,83,0.4666891031456319,0.0060269569579401395,0.4022110730806987,0.015080425599123103,0.8641666666666667,0.004579665198825449,0.13583333333333333,0.004579665198825449,117.93358357747395,0.3685904351676947
0.4,84,0.46705179114628326,0.0034982629558663273,0.4051440098921458,0.018552334905554302,0.8647333333333332,0.005363145843004177,0.13526666666666667,0.005363145843004177,118.42716979980469,0.36198571389002415
0.4,85,0.4632879870626932,0.006909294377038698,0.3990727051734924,0.005671658225650721,0.8652000000000001,0.00036055512754640544,0.1348,0.00036055512754640544,118.9131571451823,0.3573243353279131
0.4,86,0.46214667820107297,0.007067267509888073,0.40192788114547734,0.01473337734531425,0.8646333333333334,0.003329164059239669,0.13536666666666666,0.003329164059239669,119.4036636352539,0.3622070976170098
0.4,87,0.46214235575912554,0.008083056803481923,0.39430606695810955,0.004859209520726675,0.8675333333333334,0.0007637626158259498,0.13246666666666665,0.0007637626158259498,119.89101155598958,0.3611671232697426
0.4,88,0.45966129171370645,0.0074416893072780455,0.39710973356564844,0.008917996187468141,0.8671666666666665,0.003701801363300522,0.13283333333333336,0.003701801363300522,120.37315877278645,0.3603447683410189
0.4,89,0.4557051221250166,0.007474273968454122,0.39835950304667156,0.021344911122336864,0.8669666666666668,0.00598693020949241,0.13303333333333334,0.00598693020949241,120.856689453125,0.3608317822728916
0.4,90,0.4554126107936625,0.008521062001123979,0.39485925939877825,0.0038887793297070813,0.8673333333333333,0.0013613718571107841,0.13266666666666668,0.0013613718571107844,121.33217875162761,0.36311115687340484
0.4,91,0.4566729992805946,0.007422497471190297,0.39317858025232955,0.006255596296257671,0.8654666666666667,0.004041451884327384,0.1345333333333333,0.004041451884327384,121.8014399210612,0.3664682517721884
0.4,92,0.45398828450777745,0.005996359205893549,0.39313707715670265,0.021487501842869045,0.8667000000000001,0.006496922348312327,0.13329999999999997,0.0064969223483123265,122.27023061116536,0.3653749014820139
0.4,93,0.4532702284319627,0.00824941023710374,0.38751267313957216,0.00835725188707936,0.8663666666666666,0.003089228598426023,0.13363333333333335,0.003089228598426023,122.73106129964192,0.36400952010065174
0.4,94,0.45202162123752876,0.00566332165987812,0.4032389031728108,0.011517339900681997,0.8638,0.0015588457268120102,0.1362,0.0015588457268120102,123.18784840901692,0.35665037076268175
0.4,95,0.4494352862048332,0.009117551332807233,0.39099477442105607,0.006612101653596079,0.8673333333333334,0.0006350852961085825,0.13266666666666663,0.0006350852961085825,123.65037790934245,0.3567238981596579
0.4,96,0.4479365574175338,0.0044342456002129296,0.3829494486967722,0.006399037987045286,0.8695333333333334,0.004921720566360243,0.13046666666666665,0.004921720566360242,124.10021718343098,0.354256070640092
0.4,97,0.44730093276155164,0.008500919353502518,0.3975127665201823,0.014592835233797124,0.8652000000000001,0.0030199337741082465,0.1348,0.0030199337741082465,124.54774729410808,0.35548399522576696
0.4,98,0.44486878047564654,0.005559563088838837,0.38517169528007505,0.011755327555111073,0.8693666666666667,0.0045357836515131054,0.1306333333333333,0.0045357836515131054,124.9973882039388,0.3522100222665742
0.4,99,0.445086672152603,0.005238687098488633,0.3825910293738047,0.007277377820286817,0.8694666666666667,0.0040278199231511685,0.13053333333333336,0.0040278199231511685,125.44082895914714,0.34641298898188894
0.4,100,0.4476827831473598,0.003958847789817422,0.39354105558395386,0.0015213784610486859,0.8668999999999999,0.0025514701644346665,0.1331,0.0025514701644346665,125.88375600179036,0.34623813299794765
0.5,1,2.025405291706095,0.004674287421507307,1.7811204533259073,0.01872425275740335,0.3272333333333333,0.019697800215590932,0.6727666666666666,0.019697800215590932,39.64607620239258,0.19194675809697653
0.5,2,1.7507068283620901,0.00864518000084795,1.5948080121358235,0.02881187640818425,0.4054333333333333,0.007918543637142726,0.5945666666666666,0.007918543637142702,41.01442337036133,0.21377558088744394
0.5,3,1.6122416385909173,0.012578999900600811,1.4727705523808796,0.03963061228740567,0.4485333333333334,0.021708139794402777,0.5514666666666667,0.021708139794402833,42.54873911539713,0.23492408366566328
0.5,4,1.5052034728870571,0.01713619611037643,1.3920780412038167,0.04686485635525129,0.48879999999999996,0.021960191255997737,0.5112,0.021960191255997734,44.17893981933594,0.24656364970221892
0.5,5,1.4116693253407393,0.019087287684394966,1.2600760178248087,0.03730550612691107,0.5381,0.013650274722510162,0.4619,0.013650274722510162,45.91849009195963,0.27848664002511636
0.5,6,1.3322958137271552,0.014912711797470862,1.2092348201751708,0.04354710254526052,0.5624,0.015341447128612072,0.4376,0.015341447128612072,47.73634465535482,0.30653695348700843
0.5,7,1.2627873456793166,0.015776859875025584,1.1004311176300048,0.049908671740228006,0.5972666666666667,0.022490961147388393,0.4027333333333334,0.022490961147388393,49.57531229654948,0.29954472888893496
0.5,8,1.2057637039251239,0.011461408200233218,1.0623267134984336,0.03442586647734697,0.6211000000000001,0.011258330249197685,0.37889999999999996,0.011258330249197685,51.42767206827799,0.2564624981090009
0.5,9,1.1548689020462557,0.00664762159545646,1.0061405496279399,0.012176507749411643,0.6421666666666667,0.007305705532892283,0.3578333333333334,0.007305705532892283,53.214028676350914,0.2160892376832613
0.5,10,1.116410310819224,0.007805952753696902,0.9631510630925497,0.018355847392265895,0.6552999999999999,0.0032511536414017704,0.3447,0.0032511536414017704,54.9546267191569,0.20243224886936295
0.5,11,1.0786010886193949,0.007860031829508481,0.923945371945699,0.024592290040784247,0.6706666666666666,0.0111468979242358,0.3293333333333333,0.011146897924235802,56.642564137776695,0.17416008083893397
0.5,12,1.0482796449388891,0.009458928631361755,0.8978880734443665,0.010274475625143949,0.6816,0.004257933771208785,0.31839999999999996,0.004257933771208785,58.26687749226888,0.14989355274552296
0.5,13,1.0193997073762964,0.005594089912777405,0.880445531686147,0.015702468310794557,0.6854666666666667,0.005658916268450418,0.31453333333333333,0.005658916268450418,59.84937286376953,0.11249635417263856
0.5,14,0.9920497934531678,0.006375306314860818,0.8617977107365927,0.016666503323407928,0.6927333333333333,0.009362869930386373,0.30726666666666663,0.009362869930386373,61.38188680013021,0.09832044907071502
0.5,15,0.9703319498035304,0.00798219081084726,0.8236349044164021,0.00923886367533871,0.7043333333333334,0.0033005050118630587,0.2956666666666667,0.0033005050118630587,62.862500508626304,0.10603408140277987
0.5,16,0.9445850795797069,0.006460437849405008,0.7912833282788595,0.008860391173728315,0.717,0.00430348695827003,0.283,0.00430348695827003,64.30031840006511,0.13335196162576943
0.5,17,0.9273931324634406,0.009499319741155516,0.7832567714373271,0.013975304062010184,0.7243666666666666,0.0041259342376404025,0.27563333333333334,0.0041259342376404025,65.68132781982422,0.14717448770839925
0.5,18,0.9075871102340386,0.01423525589628005,0.7606145820935568,0.015436174747236185,0.7310333333333334,0.007200925866396147,0.2689666666666667,0.007200925866396147,67.02186584472656,0.17736557081076598
0.5,19,0.89510699799197,0.01099866788618691,0.7578467546463012,0.018179484441567084,0.7346333333333334,0.003600462933198074,0.2653666666666667,0.003600462933198074,68.32980092366536,0.1922153401631728
0.5,20,0.8755751222194207,0.011980376983535882,0.7376031819025676,0.02520444033826201,0.7401333333333334,0.0115526331774766,0.25986666666666663,0.0115526331774766,69.59214528401692,0.2081696291044144
0.5,21,0.8609148390457758,0.017516740492579765,0.7116647404988606,0.02683779438265628,0.7509,0.013716048993788279,0.2491,0.013716048993788279,70.83827209472656,0.2056002216717291
0.5,22,0.8463074200090341,0.014062221884195931,0.7144582312901816,0.0075490040415362655,0.7494999999999999,0.005311308689955785,0.2505,0.005311308689955785,72.05400085449219,0.22137725768951172
0.5,23,0.8314308985521522,0.017756848044299105,0.6806547327041627,0.026024593336492097,0.7618333333333333,0.010668801869625912,0.23816666666666667,0.010668801869625913,73.2374750773112,0.24046441842083494
0.5,24,0.8213005535946071,0.016938186345759665,0.7005758310000102,0.03667064018099329,0.7554333333333334,0.012133150181767876,0.24456666666666663,0.012133150181767876,74.3939717610677,0.254550692488197
0.5,25,0.8104545294679543,0.017106217896427082,0.6614903124491374,0.010872488803472023,0.7701666666666668,0.004654388610046837,0.22983333333333333,0.004654388610046837,75.50713348388672,0.27353293709687226
0.5,26,0.7974958243983887,0.013550040979838581,0.6601969881693522,0.007461039227294481,0.7703000000000001,0.0036592348927064144,0.2297,0.003659234892706415,76.61477152506511,0.2736749291270551
0.5,27,0.7871248774922819,0.013498193098535918,0.653904439163208,0.007255814910293054,0.7701666666666666,0.007559320957158344,0.22983333333333336,0.007559320957158344,77.68306477864583,0.27615774422492784
0.5,28,0.7725949524207086,0.013024070939113832,0.6404138203144073,0.024731888802460602,0.7796333333333334,0.014670491925403647,0.22036666666666663,0.014670491925403647,78.73631286621094,0.26993462579714067
0.5,29,0.7689833336169153,0.014842069198396653,0.636516375764211,0.022715824909416902,0.7773666666666667,0.009717166939665754,0.22263333333333335,0.009717166939665754,79.76233164469402,0.27508126475659384
0.5,30,0.7533507752347379,0.016509470556872206,0.6212650734106698,0.016525081479016875,0.7887666666666666,0.0029955522584881383,0.2112333333333333,0.0029955522584881383,80.77605438232422,0.27668732249871114
0.5,31,0.7460492580036576,0.01402941328064884,0.5979241309324901,0.02441096076745266,0.7943000000000001,0.010665833300778707,0.2057,0.010665833300778705,81.75799051920573,0.2788278225613481
0.5,32,0.7397027324634237,0.01539771968185463,0.6001796840667725,0.021799222470831957,0.7936666666666667,0.005000333322222924,0.20633333333333334,0.005000333322222925,82.7233174641927,0.27606671050500226
0.5,33,0.7336625597818429,0.012457055498129485,0.598590154393514,0.00523359940964573,0.7935666666666666,0.0019295940851208591,0.20643333333333333,0.0019295940851208591,83.65756734212239,0.2721660712511553
0.5,34,0.721891541462725,0.011904155138330508,0.577765660238266,0.0106372824471361,0.8014000000000001,0.005047771785649587,0.19859999999999997,0.005047771785649587,84.58291371663411,0.2774616326241104
0.5,35,0.71345195382554,0.012614467680777505,0.5777766289869944,0.015247365547286928,0.8032333333333334,0.00551029339811715,0.19676666666666665,0.00551029339811715,85.48745473225911,0.27849512197937965
0.5,36,0.7113710464012492,0.01190972488659629,0.5946559629281362,0.021696578401659655,0.7974333333333333,0.007311178655547474,0.20256666666666664,0.007311178655547474,86.38561503092448,0.2788547354442258
0.5,37,0.7008317189397512,0.01330936985367247,0.5709729519208272,0.006818611127747533,0.8058,0.0028827070610799362,0.1942,0.0028827070610799362,87.26697540283203,0.269966501297958
0.5,38,0.6977469714045627,0.011400972537377888,0.5615248089949291,0.0025088802254407973,0.8065333333333333,0.0033291640592397133,0.19346666666666668,0.0033291640592397133,88.12926228841145,0.2645367180407382
0.5,39,0.6877929727846196,0.011253456119557885,0.5596529559771221,0.011321637693833415,0.8072666666666667,0.006628976793844843,0.19273333333333334,0.006628976793844843,88.9684346516927,0.2540613093365733
0.5,40,0.683724744647157,0.005399983924002212,0.5515130510489145,0.012269546776790709,0.8110666666666667,0.0016041612554021202,0.18893333333333331,0.0016041612554021202,89.7961654663086,0.25081057280073316
0.5,41,0.6753416078932144,0.0097420513030792,0.5519689843972523,0.013020112861627393,0.8109666666666667,0.008239741096256184,0.18903333333333336,0.008239741096256184,90.61115010579427,0.24206150246199926
0.5,42,0.6714527693855793,0.011653685118937645,0.5410218074162801,0.014451073973433539,0.8148333333333334,0.0054353779384080985,0.18516666666666662,0.0054353779384080985,91.41553751627605,0.23023536277938964
0.5,43,0.6683479279203488,0.010894184906026576,0.5404733201344808,0.008258866678007114,0.8163333333333332,0.002302896726588808,0.18366666666666667,0.002302896726588808,92.20497131347656,0.22509860100103124
0.5,44,0.6646978513155853,0.009171077024123515,0.5392404388109843,0.019555062972009294,0.8139666666666666,0.00832125791772695,0.18603333333333336,0.00832125791772695,92.98201497395833,0.22769341052498626
0.5,45,0.6575499268189923,0.00868202387298183,0.5234504048983256,0.006258990986605723,0.8217666666666666,0.001607275126832149,0.17823333333333333,0.001607275126832149,93.73726654052734,0.22610416391686122
0.5,46,0.6543684281656504,0.00933029628337884,0.5369976515769959,0.01876711603035478,0.8176666666666668,0.005704676444228291,0.18233333333333332,0.005704676444228291,94.48061879475911,0.23229895629333655
0.5,47,0.6504819182280487,0.00716092724458887,0.5222827946980795,0.013854274608241094,0.8217333333333334,0.004301550108197442,0.17826666666666668,0.004301550108197442,95.21279907226562,0.22727292368751506
0.5,48,0.6459262636311524,0.0078263965256503,0.5204437730789184,0.01756864701177751,0.8209,0.003064310689208932,0.1791,0.003064310689208932,95.94749196370442,0.21928180217124948
0.5,49,0.6406567807341882,0.011327652011980074,0.5197700076421102,0.00935930662678988,0.8249333333333334,0.003707200201409845,0.17506666666666662,0.003707200201409845,96.6667989095052,0.22650739616975532
0.5,50,0.6358096435958264,0.006839268885455375,0.5107883882522583,0.006108426660855252,0.8267666666666665,0.0008020806277010867,0.17323333333333335,0.0008020806277010867,97.37606302897136,0.22429530033096728
0.5,51,0.6314570408597119,0.007478760858254181,0.5149541123549143,0.004783844779846138,0.8228666666666666,0.004101625693957613,0.17713333333333336,0.004101625693957613,98.07088724772136,0.21913413613795188
0.5,52,0.6303081541160996,0.0075991907387762524,0.513499566634496,0.014057190449183892,0.8270666666666666,0.0017009801096230567,0.17293333333333336,0.0017009801096230567,98.7569351196289,0.22439354745401183
0.5,53,0.6250504058899273,0.007213938927451162,0.512606892379125,0.009692212461511328,0.8245999999999999,0.004299999999999989,0.17540000000000003,0.004299999999999988,99.43880971272786,0.21264713863362666
0.5,54,0.6213909681800686,0.006123449454085248,0.49740181662241617,0.004971312192809332,0.8298666666666666,0.0009609023536933089,0.17013333333333336,0.0009609023536933089,100.11031087239583,0.21095368815672044
0.5,55,0.6182821909281705,0.011739950984043616,0.4966925687472025,0.007409402522800671,0.8296333333333333,0.004123509831846337,0.1703666666666667,0.004123509831846336,100.76834869384766,0.21910191558385908
0.5,56,0.6158907352251978,0.005870200960581082,0.5019069228172303,0.009157483804578911,0.8289666666666666,0.0013316656236958542,0.17103333333333334,0.0013316656236958544,101.43019104003906,0.21262923035440048
0.5,57,0.6138272319760774,0.009201279415096943,0.5007607012589773,0.0075345279961590034,0.8290333333333333,0.0031533051443419268,0.17096666666666668,0.0031533051443419268,102.07812245686848,0.2150215715301766
0.5,58,0.6146425666559078,0.008294296456044912,0.499813909180959,0.007768438009963424,0.8315,0.0036041642581880126,0.1685,0.0036041642581880126,102.71393076578777,0.22023191543566284
0.5,59,0.6119600843133219,0.003171941070796391,0.49537976562182107,0.006753675785019034,0.8285999999999999,0.0027221315177632702,0.1714,0.0027221315177632702,103.34840901692708,0.21092964257253852
0.5,60,0.6057747840017512,0.0065012145206765435,0.4847075742562612,0.0034845564742411886,0.8349333333333334,0.001527525231651948,0.16506666666666667,0.001527525231651948,103.97539520263672,0.21669608159435394
0.5,61,0.6029390761309572,0.006560126131636233,0.4959834380626679,0.01971900998503344,0.8292999999999999,0.006828616258071578,0.1707,0.006828616258071577,104.59341430664062,0.21889331592710565
0.5,62,0.5968061887801253,0.010343276888476183,0.49393221952120464,0.02483361697936985,0.8312333333333332,0.00805253583247747,0.1687666666666667,0.00805253583247747,105.19886016845703,0.2186375797693641
0.5,63,0.5934028717969486,0.006545826043188901,0.47712469911575317,0.012476552260316706,0.8365,0.002946183972531277,0.1635,0.0029461839725312767,105.79650370279948,0.21203982302965252
0.5,64,0.5920530927811335,0.009436416542701128,0.4856698767662049,0.018157874994285693,0.8349000000000001,0.004331281565541515,0.1651,0.004331281565541515,106.38941701253255,0.21191413780693028
0.5,65,0.589877285717495,0.005078911066625883,0.4800352400779724,0.013847834949047825,0.8375,0.0019000000000000128,0.16249999999999998,0.0019000000000000128,106.98115793863933,0.21468452171317404
0.5,66,0.5889063400533193,0.005162488672675591,0.4788231453259786,0.01260480093587686,0.8370333333333333,0.004534681172181067,0.16296666666666668,0.004534681172181067,107.55880737304688,0.21646710084797496
0.5,67,0.5875383589832781,0.007194483160663558,0.4789014183044434,0.013945585810723915,0.8393333333333333,0.0069342146875715485,0.16066666666666665,0.006934214687571549,108.14233652750652,0.21332077989427795
0.5,68,0.5848690152727226,0.001602534783111362,0.47262376468976336,0.002995299897821393,0.8391000000000001,0.0033151168908501284,0.16090000000000002,0.0033151168908501284,108.70785776774089,0.21010834076430993
0.5,69,0.5790403674071606,0.0050669695979421595,0.47378675592740377,0.004632356497401481,0.8401,0.001868154169226904,0.15990000000000001,0.001868154169226904,109.28141276041667,0.20797341866261618
0.5,70,0.5812189215436921,0.005807826622418417,0.47257792167663576,0.013353259782866842,0.8407666666666667,0.0022501851775650686,0.15923333333333334,0.0022501851775650686,109.83779907226562,0.20035611809105638
0.5,71,0.5765779777052864,0.005309378030803102,0.4727502687136332,0.006065451807195146,0.8401333333333333,0.0013051181300301512,0.15986666666666668,0.0013051181300301512,110.39124043782552,0.21082583706194255
0.5,72,0.5711569460100937,0.005394346664462872,0.4785666545073191,0.013679726314727147,0.8373333333333334,0.0046371686763943916,0.16266666666666663,0.0046371686763943916,110.94107055664062,0.21043749497809175
0.5,73,0.5737293749564952,0.007340776768530178,0.4689116274197896,0.010389479640103118,0.8415,0.0022538855339169074,0.1585,0.0022538855339169074,111.49330139160156,0.2050205904998773
0.5,74,0.5702493750225858,0.0039908641921330935,0.465188338915507,0.007847083693325875,0.8435333333333332,0.0027135462651911987,0.15646666666666667,0.0027135462651911987,112.03114573160808,0.2005253898760359
0.5,75,0.5678127341207438,0.010344966024106414,0.46747114597956335,0.01685950185798636,0.8432333333333334,0.003448671241700692,0.15676666666666664,0.003448671241700692,112.56504567464192,0.1966706918011435
0.5,76,0.5677654415699324,0.0019039077830379464,0.4650744976679484,0.0015896151560563637,0.8426666666666667,0.0017616280348965348,0.15733333333333333,0.0017616280348965348,113.09367370605469,0.19829970439162747
0.5,77,0.562692917013209,0.005953681921214736,0.4580847463130951,0.0025702319052820634,0.8426999999999999,0.0012165525060596376,0.15730000000000002,0.0012165525060596376,113.61936696370442,0.2104616253239034
0.5,78,0.5615330098382653,0.002210291614864656,0.4547793432076772,0.010497717019060644,0.8455333333333334,0.0002886751345948452,0.15446666666666667,0.0002886751345948452,114.14307149251302,0.20249759717449822
0.5,79,0.5606257642626457,0.0050718389915966776,0.45874586482048035,0.002058672511450711,0.8455666666666666,0.0014468356276140795,0.1544333333333333,0.0014468356276140795,114.65728251139323,0.20931888183629715
0.5,80,0.5571717950948161,0.006039266549433633,0.45915491655667623,0.007746451440279191,0.8444666666666666,0.004657610259922295,0.15553333333333333,0.004657610259922295,115.16830190022786,0.2085925335835976
0.5,81,0.5564847853279277,0.002909432013542831,0.4566104907512665,0.00507548954962823,0.8469000000000001,0.0013892443989450191,0.1531,0.0013892443989450191,115.67611440022786,0.20564519958003752
0.5,82,0.5561016419456234,0.0031206899396150657,0.44927407153447474,0.0015565283564477515,0.8482666666666666,0.001184623709594455,0.15173333333333336,0.001184623709594455,116.18714141845703,0.19552710172534193
0.5,83,0.5554306231191396,0.004106398707148927,0.4485207654794057,0.015319577810976577,0.8479000000000001,0.007102112361825876,0.1521,0.007102112361825876,116.68269602457683,0.1970138277006222
0.5,84,0.5531906015783523,0.006525266817879751,0.44971070119539897,0.0032743738684222782,0.8475333333333332,0.002302896726588808,0.15246666666666667,0.002302896726588808,117.17330932617188,0.20004107316744532
0.5,85,0.5502094372865591,0.004810411841883475,0.44432014972368883,0.004670681400148313,0.8511333333333333,0.0028112867753634437,0.14886666666666667,0.0028112867753634432,117.66829681396484,0.20376144922572412
0.5,86,0.5474987366162908,0.0036221732328481824,0.44758785753250124,0.003640585949623162,0.8492000000000001,0.0019078784028339372,0.15080000000000002,0.0019078784028339372,118.15228271484375,0.20404995903036466
0.5,87,0.548140667080371,0.0051780112781783195,0.44067627207438154,0.0029891751974805286,0.8507666666666666,0.002458319208998981,0.14923333333333336,0.002458319208998981,118.63362375895183,0.19711054731317249
0.5,88,0.5422053449903913,0.007532885545381762,0.4528164245605469,0.007400767273890057,0.8485666666666667,0.0030746273486933684,0.15143333333333334,0.0030746273486933684,119.1157964070638,0.19782192351689598
0.5,89,0.5416321760807298,0.004488304044356292,0.44587343023618065,0.017877721886732947,0.8501333333333333,0.005468394036034131,0.14986666666666668,0.00546839403603413,119.59353892008464,0.19180401220374407
0.5,90,0.541259794919184,0.006617768408471031,0.44660534968376164,0.012581799187188002,0.8516333333333334,0.003214550253664281,0.14836666666666667,0.0032145502536642806,120.05859883626302,0.19354259856272688
0.5,91,0.5398220463583638,0.006877582863507878,0.43195584031740825,0.002311062065164379,0.8520333333333333,0.0012858201014657527,0.14796666666666666,0.0012858201014657527,120.51816304524739,0.20378859185065507
0.5,92,0.5365427191808299,0.002392905132149409,0.4389631192843119,0.00578184362070508,0.8521666666666666,0.0024006943440041256,0.14783333333333334,0.0024006943440041256,120.98646545410156,0.20494669565708462
0.5,93,0.5360355767447625,0.002195262915411172,0.4400846047401428,0.008751593651948372,0.8511000000000001,0.0011999999999999789,0.14890000000000003,0.0011999999999999789,121.4506098429362,0.20497854578742158
0.5,94,0.5364035867973972,0.0046738031036989815,0.446784148645401,0.008873666436315535,0.8505666666666666,0.001628905563049402,0.14943333333333333,0.001628905563049402,121.91105651855469,0.21158173372858188
0.5,95,0.5330932411188156,0.005345506649187977,0.43867430273691815,0.006031956918281987,0.8524666666666666,0.0016921386861995904,0.14753333333333332,0.0016921386861995904,122.37096150716145,0.2197404407162675
0.5,96,0.529944277200959,0.0036864289361119443,0.43662549567222597,0.009883828787909372,0.8546999999999999,0.0014000000000000123,0.1453,0.0014000000000000123,122.81840006510417,0.22327597573047936
0.5,97,0.5343560500726269,0.005218144460018533,0.44258921162287396,0.004231552099529824,0.8503666666666666,0.00254034118443433,0.14963333333333337,0.00254034118443433,123.26912180582683,0.2265340740376752
0.5,98,0.5286035775782609,0.00418101113216217,0.43341018977165224,0.005345736116180122,0.8532666666666667,0.0007571877794400166,0.1467333333333333,0.0007571877794400166,123.72030385335286,0.22673153228179363
0.5,99,0.528035839068412,0.002260614043279336,0.4332601349989573,0.005354838027656981,0.8529666666666667,0.0030138568866708536,0.14703333333333335,0.0030138568866708536,124.15476481119792,0.22295202724851962
0.5,100,0.528493396563095,0.0051835255175571,0.43606243000030515,0.007434873206908843,0.8550333333333334,0.003231614663497741,0.1449666666666667,0.0032316146634977414,124.59441630045573,0.22776564409960848
0.6,1,2.0899967723490334,0.020861201213241976,1.8616869345982867,0.04593727690259492,0.29456666666666664,0.02259033716732296,0.7054333333333332,0.02259033716732294,39.6038449605306,0.186400225887123
0.6,2,1.8399205476121832,0.02242024272551433,1.6893976273218791,0.03123857082877996,0.36036666666666667,0.020302052441399463,0.6396333333333333,0.020302052441399487,40.7379404703776,0.16957774879850016
0.6,3,1.7082216345339074,0.014315859056924774,1.5737706604639687,0.018020928667810424,0.4029333333333333,0.017992868957821404,0.5970666666666667,0.017992868957821432,42.09399668375651,0.10453232382164501
0.6,4,1.6049643635038422,0.013049330018642275,1.4788393442789713,0.008029566805147537,0.4534666666666667,0.007205784713224056,0.5465333333333333,0.007205784713224085,43.52353286743164,0.0600104372719859
0.6,5,1.5346642517169518,0.014360833824231468,1.4040094297409056,0.008778805212579439,0.48069999999999996,0.003011644069275127,0.5193,0.003011644069275127,44.99109903971354,0.06166624217810889
0.6,6,1.4725480704661222,0.0158626582318265,1.3661897885640464,0.01849187560125945,0.5030333333333333,0.004617719494873336,0.4969666666666667,0.004617719494873336,46.48697280883789,0.04633500893659673
0.6,7,1.4209234427917952,0.020684182856341493,1.2872442368189494,0.05014214695576935,0.5273333333333333,0.01770037664382693,0.47266666666666673,0.01770037664382693,47.98056157430013,0.06897878865119526
0.6,8,1.3678718921168687,0.020491154422418358,1.2125592308044435,0.014548201615553995,0.5622,0.006050619802962337,0.43779999999999997,0.006050619802962337,49.53887049357096,0.11077860553274468
0.6,9,1.3251033289658138,0.016967638256970865,1.1830280513763427,0.012572633789581244,0.5722666666666667,0.0023115651263447474,0.4277333333333333,0.0023115651263447474,51.11016337076823,0.08879074100053636
0.6,10,1.2851335925112803,0.015202010504717117,1.140433704694112,0.04364109579587371,0.5880666666666667,0.016421429089252024,0.4119333333333333,0.016421429089252024,52.673091888427734,0.0922755890509137
0.6,11,1.24786072379996,0.01545992261677354,1.0686546973546347,0.010151604815090224,0.6145666666666666,0.004821134029803897,0.38543333333333335,0.004821134029803897,54.24239985148112,0.10458750959641813
0.6,12,1.213293985485116,0.016926370468457682,1.0558939341862998,0.018165577953741706,0.6216666666666667,0.009106224977087558,0.37833333333333335,0.009106224977087558,55.764078776041664,0.07741457234145262
0.6,13,1.1893048091312808,0.005490645636668306,1.0448080574035645,0.026173475424742607,0.6259,0.010887148386974408,0.37410000000000004,0.010887148386974408,57.267373402913414,0.06740197378468746
0.6,14,1.1602930325478036,0.010958418423314336,1.0031283240000406,0.01976308762978265,0.6416,0.009957911427603664,0.3584,0.009957911427603664,58.7244987487793,0.07272770789186771
0.6,15,1.1369644839440465,0.005354472038317208,0.9688471362431844,0.020031571812100097,0.6506,0.008272242743053401,0.3494,0.008272242743053401,60.12807591756185,0.06902890623793628
0.6,16,1.1134684371419779,0.00773387332070799,0.9332381149291992,0.022087355167318586,0.6672333333333333,0.009157146571576394,0.3327666666666667,0.009157146571576394,61.5013313293457,0.0706901517356183
0.6,17,1.0973891362814647,0.0053361766348030675,0.9534469160715738,0.02175016588398885,0.6583333333333333,0.004864497233356547,0.3416666666666666,0.004864497233356547,62.843021392822266,0.0745011613359415
0.6,18,1.0747750819186725,0.0041899968445629305,0.922699151579539,0.02501703883515676,0.6681333333333334,0.010002666311205888,0.3318666666666667,0.010002666311205888,64.15353647867839,0.10476463673714222
0.6,19,1.063112514098282,0.004729881721179522,0.9009738969167073,0.010351694532517872,0.6785666666666668,0.006633500835406118,0.3214333333333333,0.006633500835406117,65.43600209554036,0.09951369466042825
0.6,20,1.0478399735887336,0.004260614724337259,0.8848648033777873,0.017184431019532823,0.6840666666666667,0.005153962876596395,0.31593333333333334,0.005153962876596395,66.66219329833984,0.10311306899991081
0.6,21,1.0341720795489129,0.006489682895128759,0.8578362405141194,0.020944051820028488,0.6926666666666668,0.009657294307068262,0.3073333333333333,0.009657294307068262,67.85644785563152,0.10066531817830869
0.6,22,1.0181145755429604,0.00651189617619635,0.8757626704216004,0.04267871166758534,0.6886000000000001,0.010289800775525253,0.31139999999999995,0.010289800775525255,69.02643585205078,0.09207529598306846
0.6,23,1.000293339254098,0.005854915769888885,0.8317719224929809,0.020867563415697156,0.7031333333333333,0.006123180001709327,0.29686666666666667,0.006123180001709327,70.19085947672527,0.10998405635013242
0.6,24,0.9918577889042437,0.006633289697410371,0.8457062623659771,0.050664471486075724,0.6990333333333334,0.014231771967444334,0.30096666666666666,0.014231771967444332,71.31600952148438,0.09132419767768672
0.6,25,0.9807553029629479,0.008680849275020223,0.8129242752393088,0.02569833462365164,0.7135666666666666,0.007941242556006759,0.2864333333333333,0.007941242556006759,72.40826924641927,0.09085382089933909
0.6,26,0.9705713834400779,0.006578383606725144,0.8151848887125651,0.013886935555203582,0.7126,0.005370288632839048,0.2874,0.005370288632839048,73.48199462890625,0.11310039153648678
0.6,27,0.9564872496878095,0.004941697287309773,0.8058237643241882,0.009036324210662864,0.7149000000000001,0.0009539392014169512,0.2851,0.0009539392014169512,74.54432678222656,0.11504582258125476
0.6,28,0.9481047131724573,0.00661253722567557,0.7962823183059693,0.024180757129101237,0.7205666666666666,0.006408067831517795,0.2794333333333333,0.006408067831517795,75.57958984375,0.10717851724316992
0.6,29,0.9366044679566112,0.0062732764469015136,0.7955427968978882,0.01890966539573419,0.7202666666666667,0.006672580710140071,0.27973333333333333,0.006672580710140071,76.60694885253906,0.10827959345082651
0.6,30,0.9287882224678078,0.010126650042235265,0.7713552817026775,0.01940442178670574,0.7279,0.007391210996852976,0.2721,0.007391210996852976,77.60158793131511,0.11391733695837816
0.6,31,0.9181018684119723,0.0029524484454400176,0.7455138783772787,0.010778646677596386,0.7386,0.005505451843400334,0.26139999999999997,0.005505451843400334,78.58163197835286,0.1291882819776177
0.6,32,0.9079361586416267,0.009680468441299314,0.7519618295669556,0.01733774153268927,0.7374666666666666,0.003370954365359083,0.26253333333333334,0.003370954365359083,79.56533813476562,0.1500251785907556
0.6,33,0.8959932418227297,0.0037499590153244433,0.7266162066141764,0.010778539008673186,0.7452666666666666,0.0020526405757787585,0.2547333333333333,0.0020526405757787585,80.52054087320964,0.16051776072893692
0.6,34,0.892725486381381,0.008838704056738832,0.724189551003774,0.012549167895255202,0.7472,0.003119294792096455,0.25279999999999997,0.003119294792096455,81.44881184895833,0.18079261609321717
0.6,35,0.8797809940977982,0.0035740684019095236,0.7189479804356894,0.021845531589432365,0.7502,0.006252199612936224,0.2498,0.006252199612936224,82.37146759033203,0.20170653819478
0.6,36,0.8771818259386354,0.0044754609817367055,0.7041762033462525,0.014781055421199925,0.7558333333333334,0.004562163229580177,0.24416666666666667,0.004562163229580176,83.2789815266927,0.21092518373872865
0.6,37,0.8644183548921616,0.005778437636161555,0.7018370407740274,0.014174148046309377,0.7542333333333334,0.004355838993045218,0.24576666666666666,0.004355838993045218,84.16795857747395,0.224806279623667
0.6,38,0.8592634676159293,0.003978449441487902,0.6895830013593037,0.022458071554425852,0.7589333333333333,0.007179368588764146,0.24106666666666668,0.007179368588764146,85.05651092529297,0.22992724551445418
0.6,39,0.8491724727505411,0.002497033464221461,0.6822367932001749,0.010616053872150222,0.7630333333333333,0.0037554404979088084,0.23696666666666666,0.0037554404979088084,85.92372131347656,0.24458041907427802
0.6,40,0.845453201301669,0.0038115432260221694,0.678594238503774,0.014209350864401669,0.7615,0.005538050198400196,0.23850000000000002,0.005538050198400196,86.77255757649739,0.269586419934228
0.6,41,0.8364802114189129,0.0009516021840667003,0.6776455625851949,0.0045391451521806635,0.7629999999999999,0.0032695565448543594,0.23700000000000002,0.0032695565448543594,87.60770161946614,0.2854654616214086
0.6,42,0.8336680566055188,0.0002544907525397212,0.6621984111467997,0.008301571758160672,0.7694333333333333,0.003401960219246135,0.23056666666666667,0.003401960219246135,88.43528747558594,0.29845803654186054
0.6,43,0.8244242472010398,0.005888643072443691,0.6688796877543132,0.0038291150310519285,0.7683333333333332,0.0005033222956847127,0.23166666666666666,0.0005033222956847127,89.25675455729167,0.3166563018003457
0.6,44,0.8210253788178941,0.005097094426052236,0.6699782051086426,0.021845262140387272,0.7679333333333332,0.006671081871280954,0.23206666666666667,0.006671081871280954,90.04938252766927,0.3274193667018334
0.6,45,0.8112695496608738,0.00805123105304081,0.6444876594861348,0.016699656916217227,0.7759333333333333,0.007129048557369598,0.22406666666666664,0.007129048557369598,90.84742482503255,0.33351423892905946
0.6,46,0.8061299701582542,0.005355338335706841,0.6550793265024821,0.0178648440482419,0.7728,0.005456189146281507,0.22719999999999999,0.005456189146281506,91.62761688232422,0.34716366017091754
0.6,47,0.8013065993430161,0.005228052577460429,0.6444402562300365,0.01880436578315515,0.7751999999999999,0.00459238500128199,0.2248,0.00459238500128199,92.39773050944011,0.3567057354966458
0.6,48,0.7954645865713544,0.003132081235225974,0.6371721055348715,0.01406273960378042,0.7780666666666667,0.004874764951598543,0.22193333333333334,0.004874764951598543,93.16410319010417,0.364301105137958
0.6,49,0.788898571627016,0.0015667099836753143,0.6336235456784566,0.019992756605759936,0.7814666666666668,0.00535381483928357,0.21853333333333336,0.00535381483928357,93.90807342529297,0.3859390854048839
0.6,50,0.7822884708160228,0.005839574840781492,0.6216230403582256,0.00728620602981721,0.7860333333333333,0.0015176736583776304,0.21396666666666667,0.0015176736583776304,94.65233612060547,0.40868509074370996
0.6,51,0.7798909697894448,0.0026153195848898805,0.6281826926549275,0.009971543238301862,0.7839,0.0028827070610799362,0.2161,0.0028827070610799362,95.39127858479817,0.4278118772417425
0.6,52,0.7736307477605516,0.004383223308120296,0.6137081792990365,0.012632703652235336,0.7883333333333334,0.006001111008249457,0.21166666666666667,0.006001111008249457,96.11902109781902,0.44142644267749076
0.6,53,0.7697594052995257,0.0019858210740649617,0.6128454332351684,0.009919384168888705,0.7883666666666667,0.0051868423277880125,0.21163333333333334,0.0051868423277880125,96.83584340413411,0.4482069235591707
0.6,54,0.7650652424657031,0.008736619078800219,0.602233709526062,0.0013660954116959246,0.7923333333333332,0.003538832199092436,0.20766666666666667,0.003538832199092436,97.5475565592448,0.4667159030685812
0.6,55,0.7593593537451767,0.004621277338206342,0.6044761817614237,0.004188364437590575,0.79,0.002685144316419471,0.21,0.002685144316419471,98.24372100830078,0.48034102686181773
0.6,56,0.756779184731681,0.0023083970695445075,0.6062603193283082,0.02817900830618717,0.7890666666666667,0.005980245256955066,0.21093333333333333,0.005980245256955066,98.92957814534505,0.49786137664903907
0.6,57,0.7538296478178799,0.0025537443183062287,0.6024776456514994,0.016138520526073095,0.7912333333333335,0.002874601421646695,0.20876666666666666,0.0028746014216466955,99.60909525553386,0.5061177098039162
0.6,58,0.7512595431985555,0.003220520189194657,0.5870162698109945,0.009227647600733975,0.7980333333333333,0.0012897028081435677,0.20196666666666666,0.0012897028081435675,100.28075917561848,0.5106803209887625
0.6,59,0.7466607721870208,0.004473669399675976,0.5904788866996765,0.007881361138255886,0.7959999999999999,0.002690724809414784,0.204,0.002690724809414784,100.9408696492513,0.5320101686499344
0.6,60,0.741963004974453,0.003377979404836377,0.5779145411491394,0.008400639245703586,0.8015666666666666,0.0053153864707406965,0.19843333333333335,0.0053153864707406965,101.59595743815105,0.552591174210915
0.6,61,0.7370331749535989,0.003761981319683828,0.5764342521031698,0.01170583601925205,0.8031666666666668,0.00592311854797231,0.1968333333333333,0.00592311854797231,102.24772389729817,0.5727712449600901
0.6,62,0.7331881267538664,0.006203831697024023,0.5725628586769104,0.006383168105935222,0.8042666666666666,0.0018036999011291808,0.19573333333333331,0.0018036999011291808,102.88805135091145,0.593889507953796
0.6,63,0.7268607039941445,0.0035759763091391603,0.582515114847819,0.0065969023060220705,0.8005999999999999,0.00553263047744923,0.19940000000000002,0.00553263047744923,103.51879119873047,0.6011827475576685
0.6,64,0.7249124374586806,0.0038288829865641308,0.5767334112962087,0.010151735913445805,0.8023333333333333,0.003701801363300522,0.19766666666666666,0.003701801363300522,104.1452407836914,0.6168432606913927
0.6,65,0.7190072050179972,0.0035101707682010973,0.5822435294787089,0.015815568332036893,0.8005999999999999,0.007653103945459017,0.19940000000000002,0.007653103945459017,104.77627817789714,0.627350033438102
0.6,66,0.71658677091379,0.003179307063841385,0.5763784736951192,0.019516569254559166,0.8003999999999999,0.005456189146281507,0.19960000000000003,0.005456189146281506,105.38877614339192,0.639345291805155
0.6,67,0.7178167723887818,0.006134478329907947,0.5630799237569174,0.0050127034564931006,0.8069333333333333,0.003295957119462141,0.19306666666666664,0.003295957119462141,106.00249735514323,0.6486023398102374
0.6,68,0.7142392836720743,0.0018730151611013953,0.560442223850886,0.015795409663090447,0.8081333333333333,0.0043015501081974565,0.19186666666666666,0.0043015501081974565,106.60455322265625,0.6653132158911537
0.6,69,0.7092113328203622,0.001993736666743872,0.554876627333959,0.008880642385972557,0.8096,0.004912229636326022,0.1904,0.004912229636326022,107.19511413574219,0.6832516946504505
0.6,70,0.7073020281592496,0.005450103658999711,0.5538309726079305,0.002315850037064597,0.8104999999999999,0.0015588457268120102,0.1895,0.0015588457268120102,107.77217610677083,0.6912880619180766
0.6,71,0.7069108339069444,0.00339761358682433,0.5647354474703471,0.012817788844426381,0.8058,0.004507771067833874,0.1942,0.004507771067833874,108.35460917154948,0.7013030302396073
0.6,72,0.6995976979622757,0.007090636930008527,0.5508361036141713,0.012329963373956806,0.8113666666666667,0.006568358496103374,0.18863333333333332,0.006568358496103374,108.93045806884766,0.7242368540399762
0.6,73,0.7007145792474527,0.00459754389678271,0.5493533563613892,0.00832518445386676,0.8129,0.002330236039546183,0.18709999999999996,0.002330236039546183,109.50451405843098,0.7378962168621339
0.6,74,0.6961669630457576,0.003935735580246664,0.5539775426069896,0.018895241667542636,0.8109333333333334,0.005937451754189928,0.1890666666666667,0.005937451754189928,110.06522115071614,0.7490254698187607
0.6,75,0.6920473315679204,0.007998976961354768,0.5495298756917317,0.00766529831432455,0.8124666666666668,0.0033531080109851946,0.18753333333333333,0.0033531080109851946,110.62267812093098,0.7646711522542199
0.6,76,0.6909181004849033,0.004296935594966854,0.5464530700206757,0.003822734531511657,0.8128000000000001,0.002402082429892829,0.1872,0.002402082429892829,111.17599741617839,0.7763772881848473
0.6,77,0.6857940669712203,0.006903177655831439,0.5450793915112814,0.015420012492532909,0.8125666666666667,0.003946306289853047,0.18743333333333334,0.003946306289853047,111.72090657552083,0.793435567651118
0.6,78,0.6854844975451172,0.004692928398201693,0.5420851632277172,0.012230700399568686,0.8139,0.0054671747731346665,0.18610000000000002,0.005467174773134667,112.26144917805989,0.8006360542538211
0.6,79,0.6822141723203944,0.0021003633899293202,0.5363874186674754,0.009067450480184569,0.816,0.003551056180912967,0.18400000000000002,0.0035510561809129673,112.80201212565105,0.8077132475493437
0.6,80,0.6796038201093063,0.00653836190896963,0.5436385113398234,0.006503116761911229,0.8138666666666666,0.0028219378684396284,0.18613333333333335,0.0028219378684396284,113.33811696370442,0.8149826358123791
0.6,81,0.6770483368193098,0.005667281358442208,0.52804524919192,0.011288965738526157,0.8180666666666667,0.0047374395334751854,0.18193333333333336,0.004737439533475185,113.87453969319661,0.8163219899709329
0.6,82,0.6789006920879149,0.006026820846911741,0.5310226029713948,0.011075488302967848,0.8172,0.003869108424430657,0.1828,0.0038691084244306564,114.39695231119792,0.8262980319262229
0.6,83,0.6745634207030391,0.004490221284644565,0.5251435086886088,0.0015250022712740854,0.8198,0.0012165525060596379,0.1802,0.0012165525060596376,114.92197672526042,0.8389406915285954
0.6,84,0.6764120340652173,0.005384252819661806,0.5288893521785736,0.012456013115257078,0.8178000000000001,0.002364318083507397,0.1822,0.002364318083507397,115.43660990397136,0.8483954061039652
0.6,85,0.670531714663786,0.004090551992910716,0.5247846896489462,0.003810473979501739,0.8206333333333333,0.0017897858344878123,0.17936666666666665,0.0017897858344878123,115.94775136311848,0.8575323690648967
0.6,86,0.6675273030615219,0.004431475469307899,0.5203690299193063,0.007517673256849229,0.8222333333333335,0.0017039170558842507,0.17776666666666666,0.0017039170558842507,116.45470174153645,0.8625888471464174
0.6,87,0.6650686222370731,0.005410279435051121,0.5180618629932404,0.010132831004506713,0.8206000000000001,0.0030413812651491306,0.17939999999999998,0.003041381265149131,116.95481618245442,0.8759637472193595
0.6,88,0.6645205666494491,0.005270914400382814,0.5222318137804667,0.00255936121149882,0.8214666666666667,0.0008962886439832794,0.17853333333333335,0.0008962886439832795,117.45633697509766,0.8826944425687125
0.6,89,0.6593237473277688,0.0018948785356084927,0.5142953077793121,0.01947247060325555,0.8245333333333335,0.005686240703077331,0.17546666666666663,0.005686240703077332,117.9578374226888,0.8873295950397319
0.6,90,0.6594662756769452,0.007831395073080127,0.5204604548454285,0.019236163933123208,0.8229333333333333,0.006748580097571127,0.1770666666666667,0.006748580097571127,118.45275624593098,0.9011266542272227
0.6,91,0.660380515245322,0.0063413994502593395,0.5148589116891226,0.005079937526281529,0.824,0.0012489995996796666,0.17600000000000002,0.0012489995996796666,118.93416086832683,0.9045001284993375
0.6,92,0.6541808209455836,0.006705968727588835,0.5193913404623668,0.01604417213935248,0.8217666666666666,0.005947548514584271,0.17823333333333335,0.005947548514584271,119.4207992553711,0.910304209094323
0.6,93,0.6546285341208752,0.0048949021530450615,0.520070750172933,0.010702983135109824,0.8228,0.00308058436014989,0.1772,0.00308058436014989,119.89962768554688,0.915450451991613
0.6,94,0.6522851951947501,0.007165666782388108,0.5218420204798381,0.011890915863085614,0.8213666666666667,0.0019425069712444786,0.17863333333333334,0.0019425069712444786,120.38240051269531,0.9210874260480767
0.6,95,0.648133714256994,0.004649354663006548,0.5103742606639862,0.008322287231114967,0.8254,0.004927473997901925,0.1746,0.004927473997901925,120.86044820149739,0.9323417471947465
0.6,96,0.6464595254526521,0.005099381439031827,0.5072689746220906,0.0021346295506577194,0.8256666666666667,0.002112660250332069,0.17433333333333334,0.002112660250332069,121.32973225911458,0.9417858587096142
0.6,97,0.6477277709293446,0.007875700568688266,0.5121395431836446,0.011868978840632314,0.8237,0.0049568134925575,0.1763,0.0049568134925575,121.79297892252605,0.9526076911919912
0.6,98,0.6449484840632502,0.006933101336670579,0.5099068798700969,0.008464620583084913,0.8254666666666667,0.00275922694487664,0.17453333333333332,0.00275922694487664,122.25898996988933,0.9651444622136728
0.6,99,0.6423560807772,0.004261418401311063,0.5107756171544393,0.012213164573138369,0.8240333333333334,0.0016862186493255451,0.17596666666666663,0.0016862186493255451,122.71446990966797,0.968714352191468
0.6,100,0.6411067942270131,0.009264995520824435,0.504230060036977,0.0035936168836370936,0.8271666666666667,0.0007094598884597406,0.1728333333333333,0.0007094598884597406,123.16801452636719,0.985209402521849
0.7,1,2.1223931887773806,0.022058149918578518,1.924800882275899,0.04269733823897727,0.27263333333333334,0.0062500666663110925,0.7273666666666667,0.0062500666663110925,39.63360595703125,0.14161349983089358
0.7,2,1.8910390815466567,0.01713702628396089,1.7687321144104005,0.042279758521948534,0.3436333333333333,0.01552557030621851,0.6563666666666667,0.015525570306218562,40.662610371907554,0.10511389256875331
0.7,3,1.7724007930088936,0.007318413301747015,1.6345425800323488,0.02207720446101489,0.3818,0.019645101170520866,0.6182,0.0196451011705209,41.88520431518555,0.053283855267564434
0.7,4,1.678643905699812,0.011739315901252864,1.5403760939915976,0.012570747557758674,0.42946666666666666,0.006459360133429107,0.5705333333333334,0.0064593601334291375,43.176404317220054,0.0657556560182636
0.7,5,1.6117215825265427,0.01828771598331279,1.496136206817627,0.024222558794318685,0.4506333333333333,0.013987256104516465,0.5493666666666667,0.013987256104516444,44.50613530476888,0.1137405009369079
0.7,6,1.5588936329091194,0.021485459489446787,1.4435564133961993,0.03815639533110737,0.47090000000000004,0.015235484895466918,0.5291,0.015235484895466944,45.87283706665039,0.16000912781765217
0.7,7,1.5140417669943431,0.021709791720374353,1.3701477336883545,0.022718262958165692,0.4955333333333334,0.00940283645148278,0.5044666666666667,0.00940283645148278,47.2399050394694,0.20527578597526178
0.7,8,1.4683428761904196,0.021432156258347112,1.332568362236023,0.023028841126911934,0.513,0.007186097689288658,0.48699999999999993,0.007186097689288658,48.64813359578451,0.23161731035985164
0.7,9,1.434742526528374,0.018543217593098918,1.3154628393173218,0.04367916297072393,0.5211,0.014742116537322561,0.47890000000000005,0.014742116537322561,50.04522577921549,0.26645544955259054
0.7,10,1.4067330487447218,0.022064195758739663,1.286946477508545,0.05059861799609663,0.5340333333333334,0.013187999595591972,0.46596666666666664,0.013187999595591972,51.43753306070963,0.27711131512113296
0.7,11,1.3756632533524653,0.02450771331005153,1.2213432929992676,0.03252715863440517,0.5579333333333333,0.013135575104780636,0.44206666666666666,0.013135575104780636,52.83144760131836,0.302673280010729
0.7,12,1.3434244028442655,0.02844012223602002,1.1941213060379028,0.022612845544660413,0.5670000000000001,0.005106858133921489,0.433,0.005106858133921489,54.22842280069987,0.3067678974359206
0.7,13,1.3221192914811546,0.02066243154386956,1.1800950795173646,0.04822221316204549,0.5769333333333334,0.01780037452789499,0.4230666666666667,0.01780037452789499,55.61530431111654,0.30578775513320794
0.7,14,1.2934561899759176,0.023956253126251867,1.1399081202189127,0.025314980989899764,0.5870666666666667,0.008259741723161391,0.4129333333333333,0.008259741723161391,56.979557037353516,0.323062722004352
0.7,15,1.2722133050489304,0.021732188743934858,1.138072154490153,0.030729821630271915,0.5903,0.011148542505637227,0.4097,0.01114854250563723,58.32391866048177,0.3375830169252276
0.7,16,1.2502135947943749,0.023996410857063926,1.079878715133667,0.01050905270270146,0.6112000000000001,0.0018520259177451774,0.3888,0.0018520259177451774,59.632450103759766,0.3296323109350171
0.7,17,1.229868591035012,0.027820328168016804,1.0691513639450072,0.016612127567187066,0.6142666666666666,0.006813467056743828,0.3857333333333333,0.006813467056743828,60.91762034098307,0.3281680984530888
0.7,18,1.21062817465822,0.024005195268908756,1.0673798700332642,0.007746892623796136,0.6137666666666667,0.004373023362998802,0.3862333333333334,0.004373023362998802,62.191628774007164,0.31715332063615187
0.7,19,1.1956933417182036,0.025932050357035507,1.0356851730982464,0.03967323152302291,0.6282666666666666,0.01475816158379264,0.3717333333333333,0.01475816158379264,63.43446604410807,0.31514510440642246
0.7,20,1.1791882087609145,0.02215952611477295,1.0242791619936624,0.00350849088868895,0.6338666666666667,0.0037098966742125403,0.36613333333333326,0.0037098966742125403,64.63040161132812,0.31566013590819075
0.7,21,1.16177946608593,0.026069649555445454,1.0171982294082642,0.011000120979115988,0.6342666666666666,0.007404278042681384,0.3657333333333333,0.007404278042681384,65.81594340006511,0.2937047459849171
0.7,22,1.1483856000558799,0.01769670132653663,0.9971770935376485,0.01769748400754713,0.6401666666666667,0.009250045044935356,0.3598333333333333,0.009250045044935356,66.95945994059245,0.2760163877510205
0.7,23,1.1348094103281454,0.02341470874313849,0.9636271703720093,0.009306529293417284,0.6545333333333333,0.004050102879351753,0.34546666666666664,0.004050102879351753,68.08531951904297,0.2500083971289705
0.7,24,1.12461072679066,0.02461884433148141,0.9860258987744649,0.02545461662392718,0.6441666666666667,0.003121431295629187,0.3558333333333334,0.0031214312956291865,69.18664296468098,0.23693482401739932
0.7,25,1.1114552795429669,0.022174591031256036,0.9380403776168823,0.02222404800842002,0.6639,0.006221736092120876,0.3361,0.006221736092120876,70.25484975179036,0.21423453106992862
0.7,26,1.104100811562778,0.019204351694440975,0.9340985868136088,0.008150456603594031,0.6607999999999999,0.003536947836765428,0.3392,0.003536947836765428,71.29065450032552,0.1987678170451979
0.7,27,1.092234432392413,0.02151324213327802,0.9236763376871745,0.01638107330409221,0.6703333333333333,0.010231976022906535,0.32966666666666666,0.010231976022906535,72.33026885986328,0.17738653971897247
0.7,28,1.0795537210486428,0.018727770455339666,0.9256201877593995,0.022006125834405397,0.6682,0.0071630998876184545,0.33180000000000004,0.0071630998876184545,73.3370132446289,0.16981951138480125
0.7,29,1.0710092780433549,0.017188377236323257,0.93079198290507,0.019584965685211637,0.664,0.005632051136131519,0.336,0.005632051136131519,74.33630879720052,0.15266309836587594
0.7,30,1.0604728149839273,0.012384509622078614,0.9073055257161459,0.022046754445525108,0.6752333333333334,0.0076539750021366645,0.3247666666666667,0.0076539750021366645,75.30884297688802,0.1383143188981713
0.7,31,1.0501240649389996,0.016111633352204235,0.8831216848373412,0.009378256341402337,0.6853666666666666,0.002510644007686755,0.3146333333333333,0.0025106440076867547,76.26401011149089,0.11204996306623399
0.7,32,1.043278717984527,0.014813069543704366,0.8798600852012634,0.030795752123278064,0.6862333333333334,0.00975721954930466,0.31376666666666664,0.00975721954930466,77.21265920003255,0.10087285921889959
0.7,33,1.0356677614616108,0.016769348695284233,0.8724510730743408,0.027023920788082106,0.6857000000000001,0.007626925986267345,0.31429999999999997,0.007626925986267345,78.13592529296875,0.06809892040326695
0.7,34,1.0264048144437263,0.01467250829978437,0.8456110534350078,0.015377211567674232,0.6962999999999999,0.00476969600708475,0.3037,0.00476969600708475,79.04988352457683,0.048520560375726565
0.7,35,1.0185546621947033,0.014833904327420442,0.8578482777913412,0.003512790084086325,0.6929,0.0007999999999999674,0.3071,0.0007999999999999674,79.94483439127605,0.022220658832985497
0.7,36,1.015783605723938,0.01904979315387223,0.8461717359224955,0.0055164132584484505,0.6986333333333333,0.0031134118476894867,0.30136666666666667,0.0031134118476894867,80.82493591308594,0.022797191311689023
0.7,37,1.0049016985340395,0.012838792338696807,0.8435979212125142,0.004075968543818743,0.698,0.0030999999999999917,0.30200000000000005,0.0030999999999999917,81.70094299316406,0.03757991697401653
0.7,38,1.0014102981320223,0.015905750194067123,0.813521211942037,0.004688561246712179,0.7078666666666668,0.0036226141573914915,0.2921333333333333,0.0036226141573914915,82.55410766601562,0.06805045113270791
0.7,39,0.9900810914677834,0.011611508955025527,0.815250784810384,0.010993840394629023,0.7112333333333334,0.006549300217071575,0.28876666666666667,0.006549300217071575,83.38792419433594,0.078544756762772
0.7,40,0.9839952996116567,0.013521856280410183,0.8373005480448406,0.025414883085915246,0.7021999999999999,0.009490521587352302,0.2978,0.009490521587352302,84.21921284993489,0.098636178727982
0.7,41,0.9780819580683012,0.011762944960982359,0.8116463820139567,0.014396027807859743,0.7091666666666666,0.00885117694622208,0.29083333333333333,0.00885117694622208,85.04121907552083,0.1324108466030887
0.7,42,0.9744157560442822,0.011820959732204981,0.8081172544797263,0.008058365147890151,0.7128,0.004507771067833844,0.2872,0.004507771067833844,85.84576161702473,0.15902366450241703
0.7,43,0.9658043107616524,0.009311832466721078,0.8006120423634847,0.008549144583066094,0.7157,0.0037986839826444963,0.2843,0.0037986839826444963,86.64857228597005,0.18768045010019294
0.7,44,0.9639027520112268,0.01007127620333937,0.7997390364646911,0.009844812175062792,0.7166333333333333,0.003865660788705249,0.2833666666666666,0.0038656607887052495,87.43722025553386,0.21665241304848845
0.7,45,0.9563238409372445,0.008906008501291888,0.7803010052363079,0.015984092017219533,0.7254,0.007654410493303819,0.2746,0.007654410493303819,88.20946502685547,0.24004288393723613
0.7,46,0.9478134925001621,0.011441793671158097,0.7891348063151041,0.010071656924484118,0.7172000000000001,0.005788782255362514,0.2828,0.005788782255362515,88.97739919026692,0.2677919147994491
0.7,47,0.9454003264023926,0.0123424145219102,0.783014976342519,0.020042339690742834,0.7238666666666665,0.006658328118479399,0.2761333333333334,0.006658328118479399,89.72595469156902,0.2881412839189939
0.7,48,0.9412991415712434,0.01078225716255787,0.7750736967086792,0.022604552482330474,0.7258,0.011252999600106653,0.2742,0.011252999600106653,90.48500315348308,0.31543473912235037
0.7,49,0.9346744791626015,0.006688176971554762,0.7663558782577514,0.01078039042322743,0.7275,0.006823488843692795,0.2725,0.006823488843692796,91.2256368001302,0.35514826014184026
0.7,50,0.9312164322596174,0.008462454297267058,0.7557296770413716,0.015271512738564178,0.7318666666666668,0.00920887253323302,0.2681333333333333,0.00920887253323302,91.95606994628906,0.3774660347334118
0.7,51,0.9262283545524163,0.010729607245307787,0.7681086643854776,0.032110292287965234,0.7302333333333334,0.008952280901163265,0.26976666666666665,0.008952280901163265,92.67989095052083,0.4111634505762576
0.7,52,0.9204254110247684,0.009669449162181445,0.756330553372701,0.020214682217669602,0.7322333333333333,0.010597326706926315,0.26776666666666665,0.010597326706926315,93.3938217163086,0.4262102006995322
0.7,53,0.9138781447646359,0.013049654320385917,0.7587702350298563,0.03802177105420384,0.7309,0.01250719792759352,0.2691,0.01250719792759352,94.1000467936198,0.4454048069390706
0.7,54,0.9080584961841579,0.009042658047459053,0.7366582599322001,0.01612035504756529,0.7398666666666666,0.008303212229814049,0.2601333333333334,0.00830321222981405,94.79937489827473,0.4574084766297735
0.7,55,0.9069783113903198,0.008358229618433136,0.7336402677853903,0.026538239631363734,0.7382,0.013750272724567998,0.2618,0.013750272724568,95.48575846354167,0.482182130994751
0.7,56,0.904838545802101,0.011054574677380684,0.7561247549692789,0.06327619149953613,0.7328666666666667,0.02385923999907232,0.26713333333333333,0.02385923999907232,96.16871897379558,0.5199297685527609
0.7,57,0.8993551567489027,0.014687149465388473,0.731760994720459,0.032154472207119526,0.7401333333333332,0.015067293497285226,0.25986666666666663,0.015067293497285226,96.8580093383789,0.5481313984808319
0.7,58,0.8976536777318286,0.012177132532958681,0.7183069325447082,0.019707040396714497,0.7463333333333333,0.005993607705992564,0.25366666666666665,0.005993607705992564,97.52790069580078,0.5746090042922162
0.7,59,0.8938783901121914,0.012171207556676616,0.7200551126797995,0.01593515033409915,0.7484000000000001,0.0073328030111274745,0.2516,0.0073328030111274745,98.18856557210286,0.5997178510936508
0.7,60,0.886983982437407,0.014122644851992031,0.7171362969716389,0.007351536770224657,0.7477999999999999,0.004275511665286444,0.25220000000000004,0.004275511665286444,98.8561274210612,0.624564205649728
0.7,61,0.8830381460608526,0.016079273969331575,0.7301336530685424,0.04403379806314942,0.7438666666666666,0.01803589014530008,0.2561333333333334,0.018035890145300076,99.5094502766927,0.6460528592212004
0.7,62,0.8817329866603614,0.012440646130999792,0.7053743843078614,0.022139644839778705,0.7515,0.010565509926170122,0.24850000000000003,0.010565509926170122,100.15122731526692,0.6799047643844597
0.7,63,0.8744990154910269,0.00944151301346721,0.712552071348826,0.024149156265474443,0.7510666666666667,0.009729508380865556,0.24893333333333334,0.009729508380865556,100.77699279785156,0.6986310517512463
0.7,64,0.873438548909632,0.013486586359773522,0.7230244006474814,0.04051004506841333,0.7474,0.014418044250174867,0.2526,0.014418044250174867,101.40076700846355,0.7282570024936298
0.7,65,0.866898064113334,0.013277491578430292,0.728188553651174,0.06056827820761355,0.7430333333333334,0.025289589425954183,0.2569666666666666,0.025289589425954183,102.03499857584636,0.7514935535983629
0.7,66,0.8634123803201336,0.01659693391938681,0.7015372678438823,0.02515529827075108,0.7539333333333333,0.01122155663592774,0.24606666666666666,0.01122155663592774,102.65796152750652,0.7728859991445255
0.7,67,0.8647604637540312,0.014087043203614029,0.703268558549881,0.02785624129716782,0.7515999999999999,0.01377425134081703,0.24840000000000004,0.01377425134081703,103.27264658610027,0.7954088979409227
0.7,68,0.8586204999141579,0.015669003393463825,0.6916753348350525,0.025818687462824143,0.7580999999999999,0.008612200647918053,0.24190000000000003,0.008612200647918055,103.88150278727214,0.8154783402969366
0.7,69,0.8536109487317306,0.016874869131342084,0.684799801158905,0.01417162591484905,0.759,0.005271622141238918,0.241,0.005271622141238918,104.47974141438802,0.8331885299837487
0.7,70,0.8518867571945385,0.012823126867611332,0.6785065198580424,0.026437761161348536,0.7641,0.010912378292562943,0.2359,0.010912378292562943,105.0829594930013,0.8486526381290648
0.7,71,0.8471758497238971,0.015478344482729391,0.6923124029159546,0.041219046090001904,0.7572,0.016799999999999995,0.24280000000000002,0.016799999999999995,105.67491404215495,0.8642354167691882
0.7,72,0.8457211019234686,0.014885847689200147,0.6769610987663269,0.018124675593108912,0.7629,0.007362744053680008,0.2371,0.007362744053680009,106.25925191243489,0.8836186745735357
0.7,73,0.8443392079199672,0.01717914945430892,0.689629931227366,0.052533940879560925,0.7586666666666667,0.020165647357160015,0.24133333333333332,0.020165647357160015,106.84603373209636,0.9057743830043983
0.7,74,0.8382968367009923,0.01628815635644843,0.6764545062224071,0.04002768611665399,0.7639666666666667,0.016229705275615246,0.23603333333333332,0.016229705275615246,107.42418924967448,0.9171066610515116
0.7,75,0.8361631198409065,0.018649893865831026,0.6823785360336304,0.021682957553332424,0.7607666666666667,0.007596271015000278,0.2392333333333333,0.007596271015000278,107.99804178873698,0.9268064169080983
0.7,76,0.8362682344866733,0.021126375344517133,0.6704341248989105,0.03308575455890849,0.7669666666666667,0.01248412325048631,0.23303333333333334,0.01248412325048631,108.56101735432942,0.9481334018726116
0.7,77,0.8296652736566257,0.013577704758818324,0.6706694060325623,0.029753503631012916,0.7677333333333333,0.01123936534388544,0.2322666666666667,0.011239365343885442,109.12105814615886,0.9591767886955517
0.7,78,0.8276796982213156,0.018449169112102676,0.6712814146359761,0.019523575059403612,0.7653,0.009754998718605733,0.2347,0.009754998718605733,109.67126719156902,0.9700683023383105
0.7,79,0.8239341384817775,0.018763479386158164,0.6632450143496196,0.03229667016163468,0.7691,0.010801851693112619,0.23089999999999997,0.010801851693112619,110.22652689615886,0.9880669431873237
0.7,80,0.8217535378174811,0.016175396578579165,0.6630143552621206,0.025974908892383016,0.7691666666666667,0.011893835938558014,0.23083333333333333,0.011893835938558014,110.77521514892578,1.0031342366592595
0.7,81,0.8212717186662751,0.01914540652648085,0.6687193905512493,0.05537238891607861,0.7673666666666668,0.019047659523766546,0.23263333333333333,0.019047659523766546,111.31472524007161,1.0163312803227926
0.7,82,0.8160227347619494,0.015049086659030977,0.6549401124477386,0.030669594440140318,0.7732666666666667,0.011437802819306422,0.22673333333333331,0.011437802819306422,111.85645039876302,1.0239326613803252
0.7,83,0.8136517034568852,0.02177550518420308,0.6616692942301433,0.03415084704248565,0.7702666666666667,0.013352652670287384,0.22973333333333334,0.013352652670287384,112.38547770182292,1.040784223677132
0.7,84,0.8152287053635053,0.019663093629301052,0.6449742733637492,0.026072998613807827,0.7768333333333333,0.01046438403984358,0.22316666666666665,0.01046438403984358,112.91705067952473,1.0482757421816085
0.7,85,0.8088054265715785,0.019070921581497608,0.650136023457845,0.03926622512335784,0.7729,0.014763468427168506,0.2271,0.014763468427168506,113.4424819946289,1.0704417603934568
0.7,86,0.8055714928280667,0.019122807363319807,0.6371654090086619,0.03137347362154452,0.7786333333333334,0.011164377874889967,0.22136666666666663,0.011164377874889967,113.96536509195964,1.0883569951944518
0.7,87,0.8052245743845837,0.022120749249370648,0.6381210773785909,0.035403030577132365,0.7780333333333332,0.01357399474485434,0.22196666666666667,0.013573994744854339,114.48133341471355,1.104313416998639
0.7,88,0.8013921566529856,0.020008985411709753,0.6392845430056254,0.0329986309498328,0.7775666666666666,0.012010134609292818,0.22243333333333334,0.012010134609292818,114.99593607584636,1.1133916591057598
0.7,89,0.8027124749679192,0.022328107297392073,0.6430711788495382,0.015589626838294336,0.7770999999999999,0.007992496481075202,0.22290000000000001,0.007992496481075202,115.51036834716797,1.1299964847656478
0.7,90,0.7974864630646312,0.016654412322632144,0.6440331972440084,0.03550189155740128,0.7768999999999999,0.011311940593903448,0.2231,0.011311940593903448,116.02049509684245,1.1403095799539464
0.7,91,0.7995446203919627,0.018760030086076886,0.6264859062830607,0.02734219025554999,0.7826,0.012730671624073894,0.2174,0.012730671624073892,116.52074940999348,1.149549213032339
0.7,92,0.791869712937925,0.018964437480144092,0.6265545767784119,0.023468111872029396,0.7836333333333334,0.0073568562126314,0.21636666666666662,0.0073568562126314005,117.02296702067058,1.1582792465839744
0.7,93,0.7895204936553553,0.02087472386761102,0.6229863583246867,0.025513350002149007,0.7846666666666667,0.007677456175930492,0.21533333333333335,0.007677456175930492,117.52193705240886,1.167689071464163
0.7,94,0.7901593954870058,0.017021788510625743,0.6398509211222331,0.01908258506259809,0.7769666666666667,0.00912158611938371,0.2230333333333333,0.00912158611938371,118.01818339029948,1.1669529619052215
0.7,95,0.7870032029180373,0.019125357120680968,0.6190451461791993,0.015760720425651003,0.7845333333333334,0.0058603185351423755,0.21546666666666667,0.0058603185351423755,118.50040690104167,1.1710517790829582
0.7,96,0.7862962565661901,0.018029046407281427,0.6239871546427409,0.039915049582492056,0.7851666666666667,0.012734336784196222,0.21483333333333335,0.01273433678419622,118.98228708902995,1.1792629491358866
0.7,97,0.7858777576192058,0.020085025537952095,0.623283157157898,0.02513653574515017,0.782,0.012396370436543125,0.218,0.012396370436543125,119.4604263305664,1.1921408969583787
0.7,98,0.7819993041157214,0.020642232430817913,0.628175758488973,0.044539861154961856,0.7813,0.015269905042271915,0.2187,0.015269905042271915,119.93660736083984,1.1914665522762922
0.7,99,0.7816910296551508,0.016929688204312388,0.6142809881528218,0.01540474165366946,0.7857666666666666,0.006672580710140055,0.2142333333333333,0.006672580710140054,120.41200510660808,1.2052485583787909
0.7,100,0.7787110770958057,0.018280900043700178,0.6254094853083293,0.04197244732157235,0.7846666666666667,0.013829798745221606,0.21533333333333335,0.013829798745221606,120.8771464029948,1.2119772902439083
0.8,1,2.1422865248498812,0.015976226658544503,1.947053203900655,0.027827917884599953,0.2679666666666667,0.017838815356781192,0.7320333333333333,0.017838815356781224,39.78390248616537,0.1527387587164347
0.8,2,1.9370550129622959,0.01596623627567741,1.8685593026479086,0.030058696187469137,0.3012333333333333,0.007829005896876903,0.6987666666666668,0.007829005896876882,40.63900248209635,0.14641665449645302
0.8,3,1.8558860642220967,0.018349258535597917,1.7958965316136677,0.01629862263512122,0.32706666666666667,0.013050031928441164,0.6729333333333333,0.01305003192844114,41.555014292399086,0.14670971298963137
0.8,4,1.7846363572513357,0.021763479242096113,1.6872201850891113,0.03660895201535021,0.3700666666666666,0.008438799282678407,0.6299333333333333,0.008438799282678423,42.55485280354818,0.1343295832547398
0.8,5,1.724391284602784,0.02436842791181317,1.6331186480840048,0.026060187208254804,0.3927666666666667,0.015365328936711185,0.6072333333333334,0.015365328936711194,43.64136759440104,0.17002993316510612
0.8,6,1.6733878964759912,0.023840730937437937,1.5724451214472452,0.034010350602287256,0.4144666666666666,0.009681081206834951,0.5855333333333332,0.009681081206834976,44.792657216389976,0.20977622789654377
0.8,7,1.631033560808967,0.026812937718843573,1.5319423581441243,0.028561239872393535,0.4291666666666667,0.017240746310219098,0.5708333333333334,0.017240746310219105,45.974422454833984,0.25873170722595146
0.8,8,1.5933325937032088,0.015553781333166044,1.47212758769989,0.013462563368075935,0.45679999999999993,0.007697402159170334,0.5432,0.007697402159170387,47.14910761515299,0.28837774614945977
0.8,9,1.5662142870676181,0.016973020633418736,1.459343310546875,0.019504222495634247,0.4646333333333333,0.007593637687783984,0.5353666666666667,0.007593637687784048,48.30743916829427,0.33210829896035554
0.8,10,1.5385744398918704,0.015035908870535483,1.4556237298329673,0.05290577130531932,0.4622,0.018200824157163852,0.5378,0.018200824157163824,49.4657351175944,0.383213709519501
0.8,11,1.5148756154459557,0.014478529264035462,1.3984171443303426,0.033504242052010844,0.4873,0.013735719857364603,0.5126999999999999,0.01373571985736457,50.63281122843424,0.42221003533966805
0.8,12,1.4937094044502432,0.015691416591014824,1.3723130943934123,0.027507588566912933,0.4958,0.017667201249773546,0.5042,0.017667201249773546,51.778987884521484,0.4643214936273408
0.8,13,1.47289668029938,0.018556551078315227,1.3571207732518513,0.018067616071631903,0.5038333333333332,0.007843681108595225,0.49616666666666664,0.007843681108595223,52.93766403198242,0.5018567972167732
0.8,14,1.4532080553376765,0.01750097473063717,1.3448312286376953,0.04945500339052099,0.5056333333333333,0.02476475990865515,0.4943666666666666,0.02476475990865515,54.060899098714195,0.5446518631851619
0.8,15,1.4338548181408608,0.02121530587579856,1.348240872001648,0.07746728322385078,0.5097333333333333,0.02605769240230861,0.4902666666666667,0.02605769240230863,55.19617462158203,0.6046823852240961
0.8,16,1.4184384364301286,0.020965584487042888,1.2883787501017252,0.014128486624466866,0.531,0.0115425300519427,0.46900000000000003,0.0115425300519427,56.328861236572266,0.6666391938951514
0.8,17,1.3978993161966529,0.02029529718914275,1.2500516499201455,0.02530219498393679,0.5470333333333334,0.013421003439882354,0.4529666666666666,0.013421003439882354,57.46596908569336,0.7029721297952239
0.8,18,1.3844605933268255,0.027740815710533256,1.269521087519328,0.0327683715590472,0.5393333333333333,0.01726537961741166,0.4606666666666667,0.01726537961741166,58.5785280863444,0.753107861368281
0.8,19,1.3696436550712747,0.02476730768507339,1.2337079947789509,0.005295770538475569,0.5513666666666667,0.009151138362702933,0.4486333333333334,0.009151138362702933,59.67694854736328,0.7788826862356033
0.8,20,1.3526231722250417,0.02664857414920475,1.2236871103922526,0.020060514118322714,0.5552333333333334,0.011735558501125282,0.4447666666666667,0.011735558501125282,60.759647369384766,0.824411773644926
0.8,21,1.3414664545937267,0.029216034786590232,1.1864271129608153,0.03075720892709917,0.5731333333333334,0.011050037707326316,0.42686666666666656,0.011050037707326316,61.83159510294596,0.8543309916319084
0.8,22,1.3242768519776353,0.02195789721622922,1.183117220624288,0.054048451531820495,0.5717666666666666,0.022706019759819944,0.4282333333333333,0.022706019759819944,62.880078633626304,0.8754959879365293
0.8,23,1.3119630304443868,0.02534567721218518,1.1819181398391725,0.055682332698259805,0.5764333333333334,0.01806442175474581,0.4235666666666667,0.01806442175474581,63.92595418294271,0.874288536482536
0.8,24,1.2961727883809668,0.023770171565365282,1.1716278854370117,0.050607115575948415,0.5721666666666666,0.020830826515847403,0.42783333333333334,0.020830826515847403,64.9509785970052,0.8943967813582044
0.8,25,1.2889143782909975,0.02396061163979204,1.1618773393630981,0.005473595112217068,0.5803333333333334,0.0041501004003919265,0.41966666666666663,0.0041501004003919265,65.96231079101562,0.9101200710202795
0.8,26,1.2780512921950395,0.019673763138389092,1.1328629592259725,0.02828872642741207,0.5870666666666666,0.01473578410989158,0.4129333333333333,0.01473578410989158,66.93841298421223,0.919441747500524
0.8,27,1.2653504451522437,0.02233314829268903,1.1200887137730917,0.017563082245129372,0.5967000000000001,0.004521061822182937,0.4033,0.004521061822182937,67.91300964355469,0.9292926806475096
0.8,28,1.2559408325978252,0.024374212624976504,1.1153421898523967,0.02479554342559821,0.5997333333333333,0.006568358496103374,0.4002666666666667,0.006568358496103374,68.87204233805339,0.9375766444768858
0.8,29,1.2469145234385213,0.022172546553914787,1.1129938920338949,0.07449007583121961,0.6022,0.023065125189341548,0.3978,0.02306512518934155,69.81903330485027,0.9493045916570338
0.8,30,1.2336320015780455,0.019449494855678307,1.110880490620931,0.012464643429420535,0.5986999999999999,0.003831448812133601,0.4013,0.003831448812133602,70.75402069091797,0.9561623735428271
0.8,31,1.2297947851898114,0.023666799602691475,1.062988205909729,0.02903018189038255,0.6187333333333334,0.007298173287428374,0.3812666666666667,0.007298173287428374,71.65940602620442,0.9616736002064287
0.8,32,1.223002835511145,0.020120711647896482,1.0719930139541625,0.06455963798147075,0.6176333333333334,0.022062260385856475,0.3823666666666667,0.022062260385856475,72.5635503133138,0.960775939063373
0.8,33,1.2103634498511637,0.025341778883937797,1.0743063320159913,0.03235665755032524,0.6165333333333334,0.012479716877130452,0.3834666666666666,0.012479716877130452,73.44925944010417,0.9677732780330025
0.8,34,1.2034363645523507,0.019957202996596108,1.0383543933868409,0.022609596197902326,0.6286999999999999,0.007629547824084997,0.3713,0.007629547824084997,74.3134536743164,0.9716333111940975
0.8,35,1.1958447772015492,0.021689838997566983,1.0294811641375223,0.0230118855406112,0.6325333333333333,0.008693292433441607,0.36746666666666666,0.008693292433441607,75.17967224121094,0.9733052162632828
0.8,36,1.1895721047633954,0.019274855414873657,1.0335273622512817,0.005656425370291907,0.6290666666666667,0.0016802777548171259,0.37093333333333334,0.0016802777548171259,76.0298080444336,0.9796041734419998
0.8,37,1.182827771116502,0.022813007709648826,1.0185170690536498,0.030385138200149934,0.6359666666666667,0.010136238618606692,0.3640333333333334,0.01013623861860669,76.8677241007487,0.9790088102978115
0.8,38,1.1779995498653164,0.022676115395347352,1.0132481499036154,0.006841262552954039,0.6358,0.0033060550509633317,0.3642,0.0033060550509633317,77.6878433227539,0.9766877893900926
0.8,39,1.1712233033428208,0.020021314365403102,0.992112388197581,0.02108660565745157,0.6448,0.010236698686588356,0.35519999999999996,0.010236698686588356,78.48617553710938,0.9884689824713552
0.8,40,1.163563863090847,0.020121706256468582,1.0215089177449543,0.012954258976086385,0.6354333333333333,0.0025423086620891527,0.3645666666666667,0.0025423086620891527,79.28381601969402,0.9874886981700525
0.8,41,1.156590582515476,0.02120395574061614,1.0161032917022705,0.011411800995801465,0.6364333333333333,0.011568203548232268,0.36356666666666665,0.011568203548232268,80.07873026529948,0.993611747686055
0.8,42,1.157708100142483,0.016952724652606433,1.0123753907521567,0.019394330532277123,0.6359,0.007023531875061116,0.36410000000000003,0.007023531875061116,80.84154510498047,0.991438620941976
0.8,43,1.1512852528109472,0.022064598481016287,0.9850560211181641,0.030740492493614487,0.6466,0.012704723531033633,0.3534,0.012704723531033633,81.60874430338542,0.9818498974765021
0.8,44,1.146048096287281,0.01925459775412018,0.9753970352808633,0.03100608042235943,0.6528333333333333,0.011173331344470802,0.3471666666666667,0.011173331344470802,82.36260732014973,0.9795679696556596
0.8,45,1.1367452484567453,0.01743534430529758,0.9781945220947265,0.02225614655388839,0.6528,0.009754998718605763,0.34719999999999995,0.009754998718605763,83.10663350423177,0.9673471282418352
0.8,46,1.1325838434726687,0.01973907960961879,0.993803879737854,0.011097586174157714,0.6448,0.006364746656387793,0.35519999999999996,0.006364746656387793,83.83960978190105,0.963159817118809
0.8,47,1.1255888510034924,0.019874434016575418,0.9588094296773275,0.019376361464306522,0.6561666666666667,0.009950041875958795,0.34383333333333327,0.009950041875958795,84.55516560872395,0.9696178723011231
0.8,48,1.1275430271895848,0.018973498334105415,0.9643362564404806,0.0119190554242847,0.6541,0.004200000000000021,0.34590000000000004,0.004200000000000021,85.28447977701823,0.9777309382424519
0.8,49,1.1189973732394634,0.019044278318104,0.9787969385782876,0.003430897219359392,0.6486333333333334,0.003085989846602454,0.35136666666666666,0.003085989846602454,85.98850758870442,0.9724034974558637
0.8,50,1.1148476592516758,0.018930513049070456,0.9707437028249104,0.03233391505688098,0.6554333333333333,0.014103309304320492,0.3445666666666667,0.014103309304320492,86.69183603922527,0.9707997856190832
0.8,51,1.1145080908281826,0.01981772948507228,0.9446797660509745,0.03945046965498141,0.6625666666666666,0.012108812218105182,0.3374333333333333,0.012108812218105182,87.38018544514973,0.9736647185866864
0.8,52,1.108199052341149,0.0188019036564615,0.946147134590149,0.03551374468710626,0.6633333333333332,0.012009301950293942,0.33666666666666667,0.012009301950293942,88.06239573160808,0.9662284073975826
0.8,53,1.1040468090432176,0.018257855572053016,0.9270436693827312,0.018870657649575746,0.6690333333333335,0.007437965671696369,0.33096666666666663,0.007437965671696369,88.74507904052734,0.9650638797418702
0.8,54,1.0977942164596695,0.019747271901969784,0.9288595738728841,0.0038226666125025888,0.6683333333333333,0.0031895663237082143,0.33166666666666667,0.0031895663237082143,89.42368062337239,0.9777711482183984
0.8,55,1.0956624398247767,0.023108387973399064,0.9696985000610351,0.042066900988118563,0.6542666666666667,0.016059369020398454,0.3457333333333333,0.016059369020398454,90.09292093912761,0.9737502952639936
0.8,56,1.0945780653782817,0.016795027029427742,0.9272095865249633,0.024656334107635184,0.6702666666666666,0.005394750534856369,0.3297333333333334,0.005394750534856368,90.75539652506511,0.968384344470738
0.8,57,1.0891500108280654,0.016229709497477856,0.9322155718167622,0.04700017301116298,0.6667,0.019874355335456798,0.3333,0.0198743553354568,91.40367635091145,0.9533074208896266
0.8,58,1.0865365854208022,0.016349876545262397,0.9097855242093403,0.015445525116251371,0.6749,0.004582575694955783,0.3251,0.004582575694955784,92.05769602457683,0.9462631268144861
0.8,59,1.0826581354234734,0.020308001524269797,0.918090352598826,0.012903568671479564,0.6702333333333333,0.0061403040098462,0.32976666666666665,0.0061403040098462,92.69136047363281,0.9467626647551507
0.8,60,1.079302453374822,0.020128823617760597,0.9147232392311097,0.0034372781560618676,0.6727,0.004978955713801816,0.3273,0.004978955713801816,93.323974609375,0.9376609772073319
0.8,61,1.0728285242529476,0.018353317654811966,0.9113473291397094,0.019581042225101604,0.6752666666666668,0.006200268811376901,0.3247333333333333,0.006200268811376901,93.95181783040364,0.9328404530168191
0.8,62,1.073424934172163,0.017843177383309042,0.9078345873196919,0.021797684482447177,0.6785666666666667,0.007801495583113115,0.32143333333333335,0.007801495583113115,94.56750233968098,0.920779280053375
0.8,63,1.0656758612887227,0.01648999611642224,0.9400613375027974,0.0240204465684067,0.6662666666666667,0.006877014856268197,0.33373333333333327,0.006877014856268197,95.18679809570312,0.9091944672830633
0.8,64,1.0680180248397084,0.018320532528488642,0.91793543176651,0.012514019371523463,0.6725333333333333,0.0037220066272554675,0.32746666666666663,0.0037220066272554675,95.7855453491211,0.903138793189333
0.8,65,1.0651411987834776,0.020936452362873812,0.9183201902071635,0.0019948469013542406,0.6713999999999999,0.0042999999999999705,0.3286,0.0042999999999999705,96.38584645589192,0.9101694921222104
0.8,66,1.0589685992918154,0.021060561062799056,0.9107787552197774,0.027439012275386074,0.6752666666666666,0.011509271624795927,0.3247333333333334,0.011509271624795927,96.97591908772786,0.9126439990506476
0.8,67,1.0585494383420075,0.01646507826804692,0.9050686491648356,0.018286618605109453,0.6757,0.0024758836806279476,0.3243,0.0024758836806279476,97.57038116455078,0.9111341108006757
0.8,68,1.058364538432997,0.018072762698409964,0.8911348988215129,0.03130943623687745,0.6838000000000001,0.012560652849274998,0.3162,0.012560652849274998,98.14847819010417,0.9014267299384979
0.8,69,1.0506321055098466,0.018002258059214835,0.8891991007169088,0.015601606647587937,0.6832333333333334,0.0075745186865788915,0.31676666666666664,0.0075745186865788915,98.72930653889973,0.8967653327972905
0.8,70,1.0483820416026914,0.018403227417480753,0.8771720015525818,0.02333537850461326,0.6878000000000001,0.007014983962918216,0.3122,0.007014983962918216,99.29994201660156,0.8969986383073419
0.8,71,1.0454964957375457,0.014334574116615156,0.898015309937795,0.01151523733293216,0.6798000000000001,0.0053450912059570775,0.3202,0.005345091205957077,99.86892445882161,0.8866965962369286
0.8,72,1.0438841657057238,0.01950424541200059,0.8785231408437094,0.009197234936634227,0.6874333333333333,0.007755213300311803,0.31256666666666666,0.007755213300311803,100.42708841959636,0.8823460875891797
0.8,73,1.0422448789270538,0.01671599675790542,0.8890277305920918,0.01677518809481931,0.6799666666666667,0.005601190349678652,0.32003333333333334,0.005601190349678652,100.98633066813152,0.8895631149317935
0.8,74,1.0407185884286274,0.01672192086398301,0.8773195374806723,0.024731674701307195,0.6880000000000001,0.009214662229295208,0.312,0.009214662229295208,101.53770955403645,0.8810337162121451
0.8,75,1.0360861527340492,0.01355134342639303,0.8651829369544983,0.014841339566789569,0.6931666666666666,0.005200320502943371,0.30683333333333335,0.005200320502943371,102.08548736572266,0.8740949038105623
0.8,76,1.035063536016736,0.01548571909557807,0.8728250848770142,0.023459950418673416,0.6900333333333334,0.00839900787791828,0.30996666666666667,0.00839900787791828,102.62578582763672,0.8646751904282972
0.8,77,1.0321628482851937,0.015568407169531213,0.8783345304489135,0.017280289156549902,0.6873,0.005597320787662613,0.3127,0.005597320787662613,103.1708755493164,0.8583400450679837
0.8,78,1.0252697851956654,0.015393107072538336,0.8697692783673604,0.01435532333465655,0.6906666666666667,0.0014640127503997987,0.30933333333333335,0.0014640127503997987,103.70462290445964,0.8405092050019282
0.8,79,1.02439905102194,0.01726677951613035,0.8516580711364746,0.014364487463439653,0.6968666666666666,0.004361574639202396,0.3031333333333333,0.004361574639202396,104.24159240722656,0.8344209336843877
0.8,80,1.0223434678733805,0.019321271222923094,0.8522451494852703,0.006038043378261991,0.6955333333333332,0.0045003703551300496,0.3044666666666667,0.0045003703551300496,104.76664733886719,0.8140249409984464
0.8,81,1.0225620559922468,0.015598027866550405,0.8580477932612102,0.025748381872161656,0.6946666666666667,0.008461875284671468,0.30533333333333335,0.008461875284671468,105.29506429036458,0.8042948429571763
0.8,82,1.022622292964558,0.015291636434447269,0.8443493263244629,0.011089583688808975,0.6987666666666668,0.003677408507812709,0.30123333333333335,0.003677408507812709,105.80585225423177,0.7977316564609869
0.8,83,1.0150871486208526,0.012453739724219145,0.8600750979741414,0.005992517957339665,0.6948,0.0014730919862656535,0.3052,0.0014730919862656535,106.3248062133789,0.7799894040985055
0.8,84,1.0171354767713197,0.011236218645809218,0.8619978455225626,0.011020927037092662,0.6929666666666666,0.003931072796748139,0.3070333333333333,0.003931072796748139,106.83579508463542,0.7684895465695605
0.8,85,1.0166301489994247,0.01615973613458509,0.8574186461766561,0.01732272830223622,0.6936,0.004357751713900206,0.30639999999999995,0.004357751713900205,107.33727264404297,0.7596413354337048
0.8,86,1.0107564478477453,0.016831226809018326,0.8463399790445963,0.010904192818194746,0.7004,0.003100000000000015,0.29960000000000003,0.003100000000000015,107.84259796142578,0.754186220366077
0.8,87,1.0107448607149638,0.015426307287196149,0.8514551625887553,0.014501665740059672,0.6972999999999999,0.007107742257566764,0.3027,0.007107742257566765,108.33922576904297,0.7418856290400784
0.8,88,1.0063679541468316,0.014541243700808748,0.8532037255287171,0.020674112218474646,0.6982666666666666,0.0052386384999666795,0.30173333333333335,0.0052386384999666795,108.8345464070638,0.7361103606018935
0.8,89,1.0067800122860244,0.014086118916422917,0.8464664248784383,0.02426681186022034,0.7002999999999999,0.009153687781435414,0.2997,0.009153687781435414,109.33027648925781,0.7272626540977052
0.8,90,1.0042415252630261,0.013084749660111998,0.8305389907519022,0.018413640494085507,0.7057666666666668,0.005459242926755819,0.2942333333333333,0.005459242926755819,109.82093048095703,0.7277728765920194
0.8,91,1.0007855220930453,0.012264055183453734,0.8445664706548056,0.010209388653969757,0.7012,0.00262868788561901,0.2988,0.00262868788561901,110.30629984537761,0.7205702202863614
0.8,92,0.9972732624536077,0.010174104701251678,0.8291426392237345,0.01810775285613752,0.7037333333333332,0.010622774276681827,0.2962666666666667,0.010622774276681827,110.79715728759766,0.7076455220710555
0.8,93,0.9965342937731275,0.013350995149369048,0.8345649693171183,0.005273444814668633,0.7021666666666667,0.0022744962812309114,0.29783333333333334,0.0022744962812309114,111.28418223063152,0.6903276593334117
0.8,94,0.9959549927243998,0.015010440612954944,0.8364839679082235,0.004473295916414782,0.7040000000000001,0.0034394767043839777,0.296,0.0034394767043839777,111.75934600830078,0.6785903018576671
0.8,95,0.9915609213905464,0.013010428671749877,0.8318910712560018,0.005974561765289545,0.7053333333333333,0.0021197484127446144,0.2946666666666667,0.0021197484127446144,112.2388687133789,0.6795747933017608
0.8,96,0.9887048516736922,0.015134188734515172,0.837680847899119,0.020098804523458382,0.7020333333333334,0.006908207678792889,0.29796666666666666,0.006908207678792889,112.70714823404948,0.6783919015247327
0.8,97,0.99342315941922,0.012993124304136737,0.8385921099662781,0.010999087560524824,0.7039333333333332,0.003970306453327427,0.29606666666666664,0.003970306453327427,113.16759236653645,0.670652800414137
0.8,98,0.9888718224750659,0.01027083313678603,0.8268634641011556,0.017751114869899037,0.7072333333333334,0.007345973954033122,0.2927666666666667,0.007345973954033122,113.63098907470703,0.661523015813282
0.8,99,0.986418317701709,0.01139629673266202,0.8098208393414815,0.0035911598621346835,0.7119666666666667,0.0024542480178933374,0.2880333333333333,0.0024542480178933374,114.0898208618164,0.6534527167264383
0.8,100,0.9871420802362739,0.010531736196772312,0.8259881760279337,0.0344202639010355,0.7073666666666667,0.011026483271348713,0.2926333333333333,0.011026483271348713,114.55469004313152,0.644162401964786
0.9,1,2.1918035479356157,0.0046966218588459325,1.997273647562663,0.016644334657045585,0.23403333333333334,0.010969655114602883,0.7659666666666666,0.0109696551146029,40.055642445882164,0.1672513318263623
0.9,2,1.9999975457927253,0.005850452666553844,1.9356594123204547,0.04113605497582898,0.26466666666666666,0.016943828768413965,0.7353333333333333,0.016943828768414004,40.71253204345703,0.2015539923851067
0.9,3,1.9381087864959536,0.005860312790017684,1.9277084358851113,0.039868373173422296,0.27526666666666666,0.008639637338067685,0.7247333333333333,0.008639637338067668,41.33375549316406,0.2287464128724918
0.9,4,1.8936557629529167,0.011340835892659216,1.8919659523646037,0.0470385534412273,0.29283333333333333,0.021256842035761905,0.7071666666666667,0.021256842035761923,41.94896952311198,0.2678574158865971
0.9,5,1.8614504281415558,0.01437620557401286,1.806268475659688,0.0026468950257671543,0.31366666666666665,0.011085726558657917,0.6863333333333334,0.011085726558657949,42.595499674479164,0.290533051723552
0.9,6,1.8299728014076864,0.017055654490083602,1.7994686922073366,0.04096835320018815,0.32746666666666674,0.0197000846021872,0.6725333333333333,0.019700084602187244,43.3243662516276,0.30703558456205293
0.9,7,1.8029038521944714,0.012323976079603631,1.7694595498402912,0.03660154642350835,0.33663333333333334,0.00670099495100042,0.6633666666666667,0.0067009949510003644,44.089942932128906,0.2616623033462038
0.9,8,1.7810686850080302,0.015520966330524013,1.693463291613261,0.01775852154293563,0.3700333333333334,0.002324507116214825,0.6299666666666667,0.0023245071162148563,44.884955088297524,0.2205908925770256
0.9,9,1.7612049421081153,0.013096416790447355,1.6898000710805257,0.050894214623962444,0.3751,0.018603225526773574,0.6249,0.018603225526773605,45.69677225748698,0.1420229600119663
0.9,10,1.7415910686881544,0.008906253379707511,1.704013867632548,0.028718937633558084,0.3711333333333333,0.017646907188891028,0.6288666666666667,0.01764690718889104,46.52179972330729,0.06578754223509035
0.9,11,1.7240708897689012,0.006791855584985867,1.640608800760905,0.024434979251852503,0.3904666666666667,0.01446835627614045,0.6095333333333334,0.01446835627614042,47.351706186930336,0.028260071975350933
0.9,12,1.7092511921180993,0.004612059091021496,1.6273050907135012,0.02348314609101372,0.3920333333333333,0.006132971003790347,0.6079666666666667,0.006132971003790378,48.183450063069664,0.026593875283841238
0.9,13,1.693397562725363,0.01173612803340271,1.629631505203247,0.03623805635008927,0.3912333333333333,0.013370240586217323,0.6087666666666666,0.013370240586217339,49.00791041056315,0.0461269086410843
0.9,14,1.6804323030757986,0.008183628098332138,1.5981663447062175,0.016710786329864273,0.4034,0.0057375953151124,0.5966,0.0057375953151123735,49.81534194946289,0.07335843288842592
0.9,15,1.6667661702439813,0.012512639786646873,1.6537417698542276,0.05616136082800888,0.3872333333333334,0.01642599565729071,0.6127666666666666,0.016425995657290682,50.63250223795573,0.09768038617822913
0.9,16,1.6577894837045302,0.008833133797417844,1.5983555134455365,0.01997564473531826,0.4095,0.007422263805605394,0.5905,0.0074222638056053855,51.419403076171875,0.10687007824924115
0.9,17,1.6438246024335843,0.011832169363322,1.5976336734771728,0.05924544189759149,0.40609999999999996,0.02439938523815713,0.5939,0.02439938523815713,52.2140998840332,0.1225220078382473
0.9,18,1.6401002130646638,0.009905251275067594,1.6502921098709107,0.1034344694423384,0.39619999999999994,0.028692681993846433,0.6038,0.028692681993846378,52.985154469807945,0.1227936893826725
0.9,19,1.6289276871433243,0.01253084895476106,1.5804406744003294,0.045981974803438436,0.41176666666666667,0.016623577633389664,0.5882333333333333,0.016623577633389636,53.75033950805664,0.11553774020906898
0.9,20,1.6190034542343907,0.013519066534919551,1.6010028450012206,0.023777880817599305,0.4002333333333333,0.009885511283354706,0.5997666666666667,0.009885511283354673,54.52881622314453,0.10923806287799348
0.9,21,1.6143613316925387,0.013802653408945383,1.5674296359380087,0.0688853610809794,0.4223333333333333,0.02265950867369663,0.5776666666666667,0.022659508673696656,55.28026326497396,0.09667265663065054
0.9,22,1.6058096436486728,0.019519820074081536,1.5473558205286662,0.04175115722807078,0.42806666666666665,0.00872372244705968,0.5719333333333333,0.008723722447059665,56.02489217122396,0.09454340911151483
0.9,23,1.597484690860511,0.015923302412189026,1.5686587965647378,0.0639575548973093,0.42543333333333333,0.017482658074026772,0.5745666666666667,0.017482658074026814,56.760091145833336,0.09339794984465107
0.9,24,1.591062929929065,0.01692699348726283,1.5236952042261762,0.06367156340813698,0.43733333333333335,0.02545826650291283,0.5626666666666668,0.025458266502912847,57.48369852701823,0.08912071628738462
0.9,25,1.5851230030880965,0.012751520533780992,1.5710720597585042,0.10296364498721135,0.42019999999999996,0.028735866091002017,0.5798,0.02873586609100202,58.19317118326823,0.08152211216043431
0.9,26,1.5776908540969614,0.02053512687799361,1.5176547217051188,0.036881239899211396,0.4392666666666667,0.017000098038932977,0.5607333333333333,0.01700009803893295,58.90270105997721,0.08739222888362207
0.9,27,1.5691856169233134,0.022267229729944386,1.5122659845352173,0.07084233740994998,0.4410666666666667,0.02368382007475427,0.5589333333333334,0.0236838200747543,59.603816986083984,0.0715841625071664
0.9,28,1.5619313227042924,0.021931454483674836,1.5287785183588662,0.061100602799107215,0.43743333333333334,0.0206942826242741,0.5625666666666667,0.020694282624274075,60.305501302083336,0.10712276441116143
0.9,29,1.5547170842293483,0.02610739728257003,1.4928574937820436,0.0564102077222767,0.44553333333333334,0.02645171702051367,0.5544666666666668,0.026451717020513674,60.988426208496094,0.12607012651076957
0.9,30,1.5513052777764333,0.022390398679594015,1.55582657623291,0.04962917911465493,0.43019999999999997,0.008665448632355964,0.5698,0.00866544863235598,61.676472981770836,0.14743081006384287
0.9,31,1.5457174709894062,0.02551323618082948,1.5071067084630332,0.03332154370980951,0.44399999999999995,0.01426744546160946,0.556,0.014267445461609494,62.33653259277344,0.17857760725846508
0.9,32,1.540204876320848,0.027801868716429333,1.5169042908986412,0.046482597536589614,0.4450333333333334,0.011201041618230568,0.5549666666666666,0.011201041618230573,63.00376892089844,0.1976460776946731
0.9,33,1.53306443703449,0.026235907828069484,1.485605253728231,0.0715205686852564,0.4507999999999999,0.02472104366728881,0.5492,0.02472104366728881,63.66210683186849,0.21599040831447308
0.9,34,1.5250946906318241,0.027589382129556597,1.4487042066574096,0.06087152274110912,0.4691000000000001,0.02435384979833785,0.5308999999999999,0.024353849798337823,64.3310063680013,0.23482621852849553
0.9,35,1.5239312284946036,0.02881859551369832,1.447844840113322,0.058275252135840706,0.47303333333333336,0.021543521841456963,0.5269666666666667,0.021543521841456966,64.9831771850586,0.2578077581133922
0.9,36,1.5144276917742951,0.03044858802845319,1.45865744972229,0.04715091978866114,0.4634666666666667,0.013221321164442449,0.5365333333333333,0.013221321164442513,65.63073476155598,0.2749059706457706
0.9,37,1.511750101026875,0.028149385462579238,1.466198614438375,0.09451728615661467,0.4656666666666667,0.033923787131352745,0.5343333333333333,0.033923787131352745,66.27803802490234,0.30191879999192034
0.9,38,1.5069048927059974,0.030580357631966204,1.4448929219563802,0.04381950586659542,0.472,0.01549225613007993,0.528,0.015492256130079898,66.9111836751302,0.3323734327939085
0.9,39,1.5014453448501286,0.029268304375832565,1.4397658515294394,0.07710175661171834,0.4735,0.024640819791557272,0.5265000000000001,0.02464081979155722,67.5436299641927,0.35289486907449646
0.9,40,1.4926616904680685,0.03020441199049401,1.4704699193318687,0.09163306548189103,0.46246666666666664,0.034331520987764784,0.5375333333333333,0.03433152098776478,68.17139180501302,0.3755475972414875
0.9,41,1.4894438726924364,0.029297430414417503,1.451593746248881,0.047800279381384855,0.4700666666666667,0.01798175000753078,0.5299333333333333,0.017981750007530804,68.79233805338542,0.39797686383794445
0.9,42,1.482709246624868,0.027904899907903274,1.425004642041524,0.11192518551987474,0.48069999999999996,0.03495868990680287,0.5193,0.0349586899068029,69.41668192545573,0.4208007299513633
0.9,43,1.4807288759504742,0.028278694885467952,1.4067944548924765,0.03992042905113101,0.4858,0.018542653531789893,0.5142,0.018542653531789924,70.0302225748698,0.4339636335964179
0.9,44,1.477838890123652,0.028831015374872315,1.4459094365437826,0.07938552589911246,0.48069999999999996,0.026749018673588792,0.5193,0.026749018673588768,70.63678487141927,0.43526659008426904
0.9,45,1.4735440038150938,0.027251374823731203,1.382538114039103,0.05900235186360028,0.49289999999999995,0.022979773715160898,0.5071,0.022979773715160898,71.23864237467448,0.441412531937604
0.9,46,1.4633216024563034,0.027985868977983382,1.412964459546407,0.06479089737516273,0.48383333333333334,0.022412124694756914,0.5161666666666667,0.02241212469475693,71.84405771891277,0.4637572208569534
0.9,47,1.4611980221968681,0.026051330067940172,1.3937044386545816,0.05909815623268134,0.4924666666666666,0.019957287724872153,0.5075333333333334,0.019957287724872153,72.43660990397136,0.47125959362114217
0.9,48,1.4600385993541254,0.031864774601364484,1.3814429925282798,0.07266593327879892,0.4950666666666667,0.028105218969674186,0.5049333333333333,0.02810521896967416,73.02142588297527,0.47392246495616186
0.9,49,1.454986028760697,0.03271454858533962,1.4046763208389283,0.06711735368052997,0.49193333333333333,0.024675156196736287,0.5080666666666667,0.024675156196736287,73.61193339029948,0.48845601175018843
0.9,50,1.450940621884989,0.02856965801885238,1.4106774358113607,0.10763599879283751,0.49310000000000004,0.036071595473446974,0.5069,0.03607159547344698,74.18343098958333,0.4886186240255498
0.9,51,1.4453122985739029,0.027878361667702443,1.3573812473297118,0.03972678292663664,0.5047,0.014412841496387895,0.4953,0.014412841496387895,74.76218668619792,0.4927181652605558
0.9,52,1.4420652837704513,0.028048598643610964,1.3626885616938271,0.10543887549966825,0.5088666666666667,0.027728024331591567,0.49113333333333326,0.02772802433159157,75.3361587524414,0.49608648422272705
0.9,53,1.4361479279330318,0.023407357172198173,1.3695469715118407,0.08573290755450391,0.5005000000000001,0.029655185044103156,0.4995,0.02965518504410315,75.91197713216145,0.5042590046426767
0.9,54,1.433042276444236,0.02847479300474538,1.3491278125762942,0.05563086542193002,0.5066333333333334,0.022805774122649992,0.4933666666666667,0.022805774122649967,76.47856903076172,0.5250870222302901
0.9,55,1.42679921714851,0.026647137706895394,1.3589666894276935,0.03982074941990305,0.5033333333333333,0.01139312658287148,0.49666666666666676,0.011393126582871511,77.04528299967448,0.5321733212599387
0.9,56,1.426342127878038,0.024045673170436384,1.3420450642903647,0.0645093846128927,0.5105000000000001,0.021982947936980628,0.48950000000000005,0.02198294793698065,77.6179707845052,0.539454953571874
0.9,57,1.4205096257820358,0.027951158630992595,1.3353470245997112,0.0978040801632381,0.5151,0.03702148025133516,0.48490000000000005,0.03702148025133516,78.1723124186198,0.5450028057064732
0.9,58,1.4180663258015143,0.027554405182319785,1.3209762283960977,0.04025607045672422,0.5203,0.012052800504447092,0.4797,0.012052800504447092,78.7293472290039,0.552818112761653
0.9,59,1.4164858162149037,0.02477738032207567,1.32377246316274,0.019208500961244716,0.5217,0.01250119994240554,0.47829999999999995,0.01250119994240554,79.2719497680664,0.5629280859221161
0.9,60,1.4094368657390988,0.029386744496908215,1.3422759718577069,0.11365887294509502,0.5168,0.033702670517334374,0.4832,0.033702670517334346,79.83038838704427,0.5717726527451085
0.9,61,1.4060745193525348,0.027435271683818853,1.3313781842549641,0.01819786728547312,0.5183,0.013517026300188938,0.4817,0.013517026300188938,80.37725067138672,0.5780232054347475
0.9,62,1.4037505368950625,0.02541552118081292,1.3150139996210735,0.0917106723758742,0.527,0.02834660473495898,0.47300000000000003,0.02834660473495898,80.90966542561848,0.5704879303811753
0.9,63,1.3994667772950011,0.025116934435061408,1.3570248456954956,0.06167642552296598,0.5053333333333333,0.020686307870988806,0.49466666666666664,0.02068630787098882,81.450439453125,0.5818476533382498
0.9,64,1.3989373064406998,0.029331447009111156,1.3007892323811852,0.06812155837642017,0.5271666666666667,0.026542858424316945,0.47283333333333327,0.026542858424316945,81.99703725179036,0.5933833262690179
0.9,65,1.394455625882844,0.02786728817854907,1.3070051324208578,0.08270508470322936,0.5276666666666666,0.025792699225426815,0.4723333333333333,0.025792699225426815,82.54126485188802,0.597508047140949
0.9,66,1.3890873135813058,0.028001340868423666,1.3061195773442587,0.06323425228475019,0.5287666666666667,0.01741962494812482,0.47123333333333334,0.01741962494812482,83.07467651367188,0.6011507903953717
0.9,67,1.385523010092928,0.025856297197747145,1.2995071175257367,0.07789510541348706,0.5285666666666666,0.026495345503188564,0.47143333333333337,0.026495345503188564,83.61504618326823,0.6067939724555416
0.9,68,1.3841953410720176,0.02759436298352233,1.2688440610249836,0.08617547694523314,0.5444,0.02977532535506539,0.4556,0.02977532535506539,84.14424896240234,0.618287004910802
0.9,69,1.3794580089263395,0.02722378499190871,1.316690725135803,0.09701383476375912,0.5290666666666667,0.029861402065766013,0.47093333333333326,0.029861402065766013,84.67458852132161,0.6299095150612873
0.9,70,1.3780974763535274,0.024567559088112065,1.2679029117584228,0.07547485037409665,0.5429,0.02470647688360284,0.45710000000000006,0.02470647688360284,85.19789632161458,0.6357771919657477
0.9,71,1.3736690124282447,0.027283477870185317,1.2875718477884928,0.060745669068388075,0.5324333333333334,0.02223428283829576,0.4675666666666667,0.02223428283829576,85.71212768554688,0.6438467286770222
0.9,72,1.3698366078574333,0.025274751450396492,1.2402238100051879,0.06038731338990836,0.5546666666666668,0.02257528146742213,0.4453333333333333,0.02257528146742213,86.23325602213542,0.6415957814735899
0.9,73,1.3656718329497106,0.023902733013461505,1.272287006632487,0.007303505623739858,0.5400999999999999,0.004253234063627361,0.4599,0.004253234063627361,86.75343577067058,0.654716614714285
0.9,74,1.3652130088944368,0.027688555071162184,1.2511779905954998,0.06485886923466139,0.5498,0.019253311403496287,0.4502,0.019253311403496287,87.26093292236328,0.6574198662106133
0.9,75,1.3646245667391728,0.023450431195723834,1.2526337578455609,0.07381380658433719,0.5504333333333333,0.0243175519601241,0.44956666666666667,0.0243175519601241,87.76777903238933,0.6602372946599833
0.9,76,1.357531262277439,0.0234081571212168,1.2418033357620242,0.08509142593074347,0.5537,0.030267474291721146,0.4463,0.030267474291721146,88.27047983805339,0.6600491590271691
0.9,77,1.353957846849674,0.029363287569443033,1.2868808795928954,0.10995595837710814,0.5385333333333333,0.03662326218857812,0.46146666666666664,0.03662326218857812,88.77436828613281,0.6599498073209309
0.9,78,1.3512278509668478,0.025809314144281306,1.249803351910909,0.09414518217245989,0.5501,0.030826125283596705,0.4499,0.0308261252835967,89.27335357666016,0.6642960360832669
0.9,79,1.3504558832139308,0.025198019372723122,1.239232977549235,0.08413713658839353,0.5568666666666666,0.02816173526850455,0.4431333333333334,0.02816173526850455,89.76977284749348,0.6634252451665392
0.9,80,1.3493502189842737,0.02459115596895016,1.207567964363098,0.05719829218516109,0.5633333333333334,0.021776210261047098,0.4366666666666667,0.021776210261047098,90.26020050048828,0.6589804077919381
0.9,81,1.346075240100233,0.02523920844209995,1.2515528947194419,0.07636686965065939,0.5487666666666667,0.028673041926752938,0.4512333333333333,0.028673041926752935,90.75988515218098,0.6550765713754277
0.9,82,1.3432094978656102,0.024169735711173358,1.2484048400878907,0.06749142007564995,0.5511333333333334,0.023692263153471272,0.4488666666666667,0.023692263153471272,91.25982666015625,0.6571805768819888
0.9,83,1.3420098470198427,0.02538169286542351,1.2419288051605226,0.046124238214395506,0.5534,0.01975753021002371,0.44659999999999994,0.019757530210023713,91.74668884277344,0.6539275289196537
0.9,84,1.3391781444744684,0.02071906060182469,1.2161728860219319,0.03936299464197256,0.5610666666666666,0.013639770281545569,0.43893333333333334,0.013639770281545569,92.23858133951823,0.6666227806864352
0.9,85,1.3335869837701573,0.023344469398485015,1.232435367012024,0.07223999687874313,0.5589000000000001,0.024416592718886902,0.44110000000000005,0.024416592718886902,92.72449239095052,0.6528812200061074
0.9,86,1.3340219839556238,0.027498906652006973,1.2057568678538004,0.059834163807748295,0.5676666666666667,0.018258240148857005,0.4323333333333334,0.018258240148857005,93.20595804850261,0.6487064777362503
0.9,87,1.3316738121751428,0.025546516342413336,1.2224973212560017,0.042588144937616736,0.5638,0.01301499135612472,0.4362,0.01301499135612472,93.68179575602214,0.6564191378856206
0.9,88,1.3275005522693006,0.022765738305825987,1.2067263551712035,0.06427729838311089,0.5702666666666667,0.021427163445807133,0.4297333333333333,0.021427163445807133,94.15486653645833,0.6454063825088847
0.9,89,1.3268951802607387,0.024281552834763506,1.2746686485290528,0.09041712415846496,0.5452666666666667,0.02688611785537909,0.45473333333333327,0.02688611785537909,94.62899780273438,0.6425905819329678
0.9,90,1.32356785549024,0.02160195800401506,1.217275814374288,0.05068904730889417,0.5645999999999999,0.015101986624282257,0.4354,0.015101986624282257,95.09693654378255,0.636905327543608
0.9,91,1.3239824715985868,0.026310957971646832,1.1963591858545939,0.04960816887337157,0.5729,0.017915635629248507,0.4271,0.017915635629248507,95.56490325927734,0.6446770874663198
0.9,92,1.3196886685396603,0.024198823054100527,1.191363391304016,0.06961949150496667,0.5743333333333334,0.02126154588296282,0.42566666666666664,0.02126154588296282,96.02683766682942,0.6504567211490325
0.9,93,1.3178511126267027,0.022418127975977448,1.2278810021718343,0.05697080272883044,0.5626666666666666,0.01354117178582909,0.4373333333333333,0.013541171785829089,96.48637135823567,0.6466238845764546
0.9,94,1.3159852118341717,0.029668270130276578,1.1965060461680095,0.08080312472549527,0.5691,0.02774869366294566,0.4309,0.02774869366294566,96.94374338785808,0.6493168199366419
0.9,95,1.3121314730688942,0.030983147284549317,1.197988939666748,0.06819828698403153,0.5713666666666666,0.025142063028584856,0.42863333333333337,0.025142063028584856,97.4009501139323,0.651029353760474
0.9,96,1.3116612648821648,0.026182607999017404,1.2110374939600625,0.04185868990881921,0.5649666666666667,0.013821842617152498,0.4350333333333333,0.0138218426171525,97.84772237141927,0.6459384270537275
0.9,97,1.3049928063728418,0.023966706183947688,1.1881563903808594,0.04933184463068708,0.5752333333333333,0.017501238051444674,0.4247666666666667,0.017501238051444674,98.3006362915039,0.6398772469717585
0.9,98,1.3057080076377003,0.02198280976914151,1.1760910226186116,0.06924268763637889,0.5760333333333333,0.02663500203366486,0.42396666666666666,0.026635002033664864,98.74840545654297,0.6420754131900243
0.9,99,1.3026039578014221,0.02702436953382777,1.1933363238652548,0.037499812980434935,0.5736,0.014292655456562301,0.42639999999999995,0.014292655456562303,99.19753011067708,0.6497181786372794
0.9,100,1.3004276099005827,0.02524460577436306,1.2025361117045084,0.051184386291933594,0.5744666666666666,0.01310737705772337,0.4255333333333334,0.01310737705772337,99.64925130208333,0.6461496077635863
