dropout,epoch,mean_train_loss,std_train_loss,mean_test_loss,std_test_loss,mean_test_acc,std_test_acc,mean_test_error,std_test_error,mean_weight_norm,std_weight_norm
0.0,1,1.6757762846739397,0.016070088797199743,1.948280719502767,0.32269913217448104,0.3736333333333333,0.048906577608061386,0.6263666666666666,0.04890657760806143,37.626365661621094,0.07101818948796239
0.0,2,1.2899599036190719,0.02299410140125301,1.2917196955362957,0.09227453714842174,0.5532666666666667,0.01775678274162672,0.44673333333333326,0.017756782741626724,37.883836110432945,0.07129203902986128
0.0,3,1.0941266377360417,0.0259348871331434,1.3336662033081055,0.26243919025508655,0.5664999999999999,0.04536066577994637,0.4335,0.04536066577994638,38.134254455566406,0.06850975081901908
0.0,4,0.9696142106409879,0.020543225465459097,1.1645405955632528,0.154551981125583,0.6120333333333333,0.04146339751314809,0.3879666666666666,0.04146339751314809,38.373251597086586,0.06870121785712267
0.0,5,0.8762677095938421,0.015078077270346843,1.1821989627838134,0.4211750086172911,0.6180333333333333,0.0928444038880822,0.38196666666666673,0.0928444038880822,38.606658935546875,0.06564026534670928
0.0,6,0.8035362663679618,0.007498503318715,1.0456934181213378,0.05635308303615334,0.6581,0.013509996299037257,0.34190000000000004,0.013509996299037257,38.83410517374674,0.06338134032439535
0.0,7,0.743966891510509,0.009817691368008379,0.8596192679405212,0.08000680540516304,0.7071333333333333,0.01959727872265262,0.29286666666666666,0.01959727872265262,39.054290771484375,0.06082031621543264
0.0,8,0.6946797814007407,0.0074675831224773215,0.8858517410596213,0.05229736752293419,0.7052,0.013952419145080145,0.2948,0.013952419145080145,39.26883316040039,0.05761653626506303
0.0,9,0.65608542120975,0.00587378365564445,0.801468246046702,0.05232907052544529,0.7359333333333334,0.015301089285842845,0.26406666666666667,0.015301089285842846,39.47780990600586,0.055451392463174314
0.0,10,0.6232582942248407,0.00922998585516654,0.780473667271932,0.027552959162810503,0.7392666666666666,0.005084617324178178,0.2607333333333333,0.005084617324178178,39.6814931233724,0.05153466853452585
0.0,11,0.595839976400569,0.009955465945645735,0.8794028999964397,0.17169933264923973,0.7082666666666667,0.052616759053873065,0.29173333333333334,0.052616759053873065,39.88227844238281,0.05049695675041565
0.0,12,0.5682561598521263,0.005289241210260728,0.7265951635360718,0.048056054681175284,0.7623666666666665,0.009089737803332594,0.23763333333333336,0.009089737803332592,40.08098602294922,0.04818025484377535
0.0,13,0.5472858468386624,0.008198525936785203,0.8077718900998434,0.02246508533169839,0.7426666666666667,0.004499259198282918,0.2573333333333333,0.004499259198282918,40.275211334228516,0.04532221111876069
0.0,14,0.525198511150487,0.009250600317491304,0.7637740537961323,0.13430496186707513,0.7543000000000001,0.03329999999999999,0.24569999999999995,0.033299999999999996,40.46712112426758,0.04475229830930908
0.0,15,0.5105854893279503,0.0057100830180694786,0.7401852814038595,0.1413556380487371,0.7684666666666667,0.02859830997337664,0.23153333333333329,0.02859830997337664,40.65864817301432,0.043958885251459155
0.0,16,0.49226339068660757,0.006853409146722829,0.757402669620514,0.1007010894605408,0.7585666666666667,0.02348581131946122,0.2414333333333333,0.02348581131946122,40.84614817301432,0.040640686206021875
0.0,17,0.47592143179612184,0.007778682020005743,0.7047928268432617,0.026265088514426233,0.7709333333333334,0.0033291640592396855,0.22906666666666667,0.0033291640592396855,41.03289286295573,0.041085397521805005
0.0,18,0.46353140574993484,0.007113296761715787,0.6696557061195373,0.11913197230098461,0.7877666666666667,0.021716660271168173,0.21223333333333336,0.021716660271168177,41.215771993001304,0.039037226408433746
0.0,19,0.45092459440942717,0.0109006615619791,0.6466599362055461,0.0858471864943824,0.7877333333333333,0.02422897714170644,0.21226666666666671,0.02422897714170644,41.398295084635414,0.039489060004856684
0.0,20,0.4378783254164056,0.008628635920757391,0.6913417663097382,0.04987210769304811,0.7793333333333333,0.00854068693568225,0.22066666666666668,0.00854068693568225,41.57992172241211,0.03942287109518339
0.0,21,0.4247117292545641,0.008925826255920798,0.6247362359364828,0.05986642393734229,0.8038333333333334,0.014759516703921317,0.19616666666666668,0.014759516703921317,41.76124699910482,0.03828358190241606
0.0,22,0.4149213703849432,0.004548145502691455,0.7041057458082834,0.17333927385949346,0.7807666666666667,0.04152858453322642,0.2192333333333333,0.04152858453322642,41.93895594278971,0.037819234661795556
0.0,23,0.40345256702572696,0.006769341839298843,0.615810510635376,0.1332995789561288,0.8043666666666667,0.03329404351131496,0.19563333333333333,0.03329404351131496,42.115552266438804,0.03795270996056909
0.0,24,0.39134749056229917,0.005568887591611968,0.7155660459518433,0.09735550733146027,0.7812666666666667,0.023958575361096388,0.21873333333333334,0.023958575361096388,42.291342417399086,0.03784134240287728
0.0,25,0.3843056748209097,0.005833520879598853,0.6171807221412658,0.03194554965268104,0.8069333333333333,0.009402836451482804,0.19306666666666664,0.009402836451482804,42.46467208862305,0.03843491732060052
0.0,26,0.37478703964193555,0.0030102667336732065,0.5748733636538188,0.042323113339585994,0.8164000000000001,0.009516827202382117,0.18359999999999999,0.009516827202382115,42.63778559366862,0.038678079664364866
0.0,27,0.36764344249082653,0.0051027528870579725,0.6346429095904033,0.03306013239974298,0.7935666666666666,0.009623062575569876,0.20643333333333336,0.009623062575569876,42.8106320699056,0.037627606943237565
0.0,28,0.35864753932243526,0.002664465831662529,0.6651264313538869,0.02622179709379708,0.7951999999999999,0.004869291529575904,0.2048,0.004869291529575904,42.982496897379555,0.03781483007245485
0.0,29,0.35170196299103723,0.0040641158473344935,0.5938912522315979,0.057246411595088115,0.8108333333333334,0.01559241268480708,0.18916666666666668,0.015592412684807083,43.15194574991862,0.03749716754188012
0.0,30,0.3440189944661182,0.0017094255528303853,0.6436090222676595,0.16267940179091292,0.8065333333333333,0.033285181888241686,0.19346666666666668,0.033285181888241686,43.321417490641274,0.03778034618510716
0.0,31,0.33452153284633046,0.007087145046647299,0.5378917556126913,0.009984120975867103,0.8311333333333333,0.005081666393352993,0.16886666666666664,0.005081666393352992,43.49030303955078,0.039418000576492966
0.0,32,0.32944363335311055,0.0055964654643460105,0.5837085351308188,0.05724229676115713,0.8153333333333332,0.011402338941345912,0.18466666666666665,0.011402338941345912,43.658957163492836,0.04088279246819106
0.0,33,0.32274556209516647,0.003584694220940148,0.6159000501155854,0.07446773659613183,0.8102999999999999,0.01268345378830232,0.1897,0.01268345378830232,43.82667668660482,0.04329945717248144
0.0,34,0.31650484801100953,0.006803174714523835,0.6694792461077372,0.0866676569801714,0.7958999999999999,0.022194819215303356,0.20410000000000003,0.022194819215303356,43.99391174316406,0.04615679274709973
0.0,35,0.3090008161993791,0.004295197814405217,0.5387195841948191,0.06792998284826843,0.8279,0.018421997720117104,0.1721,0.018421997720117104,44.159566243489586,0.04691522167376698
0.0,36,0.3024689033818062,0.0018512900201410095,0.6593623030662537,0.025624230638790105,0.8063666666666666,0.007489548272982391,0.19363333333333332,0.007489548272982391,44.324503580729164,0.04746238831333916
0.0,37,0.2982188248776617,0.004725114992334499,0.5946880368073781,0.06260816895926553,0.8174,0.015950235107985086,0.1826,0.015950235107985086,44.48838424682617,0.04692505282010564
0.0,38,0.2937791068281563,0.003031336596311239,0.5674931958715121,0.014059123541550212,0.8253666666666666,0.004675824347998267,0.17463333333333333,0.004675824347998267,44.65228017171224,0.04766854744298993
0.0,39,0.2874220623003552,0.006758572149419402,0.5531321891307831,0.06968158202402834,0.8302,0.016839536810732074,0.16979999999999998,0.016839536810732074,44.81533686319987,0.04890507540408527
0.0,40,0.2828370115615726,0.006567077488836657,0.5801439699729284,0.11932036955374552,0.8266333333333332,0.02790292696713612,0.1733666666666667,0.027902926967136123,44.9777577718099,0.049929787259034415
0.0,41,0.2758006251147946,0.0016821949189396463,0.4970519595464071,0.0324095522825838,0.8468666666666667,0.00903677671149026,0.15313333333333334,0.00903677671149026,45.138955434163414,0.05067333063049689
0.0,42,0.27324545647685383,0.005533118724973769,0.7910696796576181,0.30182508899603216,0.7897333333333334,0.051363443550187834,0.21026666666666669,0.051363443550187834,45.30011240641276,0.05131647344220204
0.0,43,0.26827715358872345,0.0027050487798768973,0.6989239372571309,0.12438212695813673,0.8000333333333334,0.031050013419213394,0.19996666666666665,0.031050013419213398,45.459921518961586,0.0537347857586168
0.0,44,0.26232417767513333,0.004014945277809493,0.5220132120768229,0.04801576363792917,0.8461,0.00835942581760255,0.1539,0.00835942581760255,45.620262145996094,0.052074608422802565
0.0,45,0.25882648194537444,0.006952988960920098,0.5517597566922505,0.04758112842181714,0.8362999999999999,0.010289800775525255,0.16370000000000004,0.010289800775525253,45.77878952026367,0.054308863488484495
0.0,46,0.2537944290313778,0.0031206310171482832,0.5516780757904053,0.034935757934367324,0.8348,0.01062261737991159,0.1652,0.01062261737991159,45.93626912434896,0.05584986963320958
0.0,47,0.2488574891875975,0.0072545652589102415,0.5584483663717906,0.05398980657599668,0.8358666666666666,0.012133150181767876,0.16413333333333333,0.012133150181767876,46.09419631958008,0.05669594590657841
0.0,48,0.2472193333219486,0.003824611756728748,0.6464472683588663,0.07973810008566408,0.8180666666666667,0.017737061011715908,0.1819333333333333,0.017737061011715908,46.250665028889976,0.05898515170228861
0.0,49,0.24442815536098003,0.0018470777216757282,0.6361112459659576,0.048573967187338245,0.8227333333333334,0.011168855506869694,0.17726666666666666,0.011168855506869694,46.40666198730469,0.06060913260937532
0.0,50,0.23707376012716755,0.0034877024074329173,0.5197506587664286,0.06307411503419723,0.8441,0.01172049487009832,0.1559,0.011720494870098318,46.5613899230957,0.06218745889468398
0.0,51,0.23480996160505171,0.004555344280168951,0.5488867542743683,0.055457662532136486,0.8409333333333334,0.013747848316494213,0.1590666666666667,0.013747848316494213,46.71533075968424,0.06270021092534703
0.0,52,0.229130513813642,0.005297139789575809,0.5508309884230296,0.06971692323720499,0.8372666666666667,0.013476028099307792,0.1627333333333333,0.013476028099307792,46.86828486124674,0.0625004686087187
0.0,53,0.2256102735162391,0.003807631704414491,0.5602808933417003,0.0993228512628407,0.8435333333333334,0.02011624550788081,0.15646666666666664,0.02011624550788081,47.02047220865885,0.06261705871299532
0.0,54,0.2221663190593398,0.0029367884199342385,0.5671830452442169,0.08450690599542467,0.8382666666666667,0.018744154644404036,0.16173333333333337,0.018744154644404036,47.174065907796226,0.0637227247789526
0.0,55,0.2192217065728026,0.0023378517088862585,0.5283502616405488,0.05582776709687191,0.8461,0.011624543001769986,0.1539,0.011624543001769986,47.32429758707682,0.06444748221758154
0.0,56,0.2150424096514197,0.003830419436915313,0.5923159080664316,0.09457530439791027,0.8347666666666665,0.021338775347552946,0.16523333333333334,0.021338775347552942,47.47610600789388,0.064568887766381
0.0,57,0.2136421215173432,0.003770672778894631,0.605576742998759,0.08748352912610391,0.8331666666666666,0.018422088191443777,0.16683333333333336,0.018422088191443777,47.62647374471029,0.06502298293951361
0.0,58,0.21092059441666675,0.002409192752199219,0.529986388305823,0.02836099094267293,0.8489999999999999,0.007402026749478782,0.15100000000000002,0.007402026749478783,47.77597173055013,0.06840900832469714
0.0,59,0.20722486818080665,0.003918986219094203,0.5452887525399527,0.1059650938939,0.8481000000000001,0.019755252466116462,0.15189999999999995,0.019755252466116462,47.9245974222819,0.06955508845094345
0.0,60,0.2058361328928672,0.003160701245149428,0.5535665758689244,0.020959413736617173,0.8443999999999999,0.003950949253027691,0.15559999999999996,0.003950949253027691,48.07408014933268,0.06985285992405511
0.0,61,0.20169906847286914,0.003096006938499708,0.5470160243670145,0.026874287330374426,0.8456999999999999,0.006533758489567827,0.1543,0.006533758489567827,48.22248840332031,0.07010621492061887
0.0,62,0.19741946572512514,0.0034034279112806357,0.5444848905563354,0.03995706528248006,0.8438666666666667,0.01257033545031052,0.15613333333333335,0.01257033545031052,48.369588216145836,0.0702078294265217
0.0,63,0.19493052922348028,0.0013859241053852912,0.5535683571497599,0.07210014270716704,0.8479666666666668,0.011184960139997535,0.15203333333333333,0.011184960139997535,48.51440938313802,0.07153211531500925
0.0,64,0.19257130222958777,0.005118104253701755,0.5407871596256891,0.05649757647805844,0.8480333333333334,0.009332916657365636,0.15196666666666667,0.009332916657365636,48.65939203898112,0.07161185656083192
0.0,65,0.18833916706095774,0.004589245311604614,0.5589105295976003,0.07001059659485963,0.8450333333333333,0.017273196963310904,0.15496666666666667,0.017273196963310904,48.80379104614258,0.07081083203780988
0.0,66,0.18796376766476586,0.0019664255249845167,0.5543594048500061,0.07494412730229892,0.8461666666666666,0.012023865157815648,0.1538333333333333,0.012023865157815648,48.946852366129555,0.0716184431606372
0.0,67,0.183964940872542,0.0040203964709280655,0.5429185963948568,0.0231850782860285,0.8505333333333333,0.0028867513459481316,0.14946666666666672,0.002886751345948131,49.090555826822914,0.07315762340172093
0.0,68,0.1800883976490144,0.001533912769912022,0.534118736743927,0.012042046393288245,0.8512666666666666,0.005923118547972275,0.14873333333333336,0.005923118547972275,49.23271942138672,0.07373629033477087
0.0,69,0.17931931341687837,0.0024854138795541007,0.5466616648832957,0.010664986614805527,0.851,0.005737595315112465,0.14900000000000002,0.005737595315112465,49.37549336751302,0.07329031399568503
0.0,70,0.17607165888294843,0.0036895515803924707,0.5594183481375377,0.03771630906988701,0.8483999999999999,0.004699999999999982,0.15159999999999998,0.004699999999999982,49.516387939453125,0.07455661778708486
0.0,71,0.17422969098133811,0.0022162466552369826,0.5871055737495422,0.01586992297843933,0.8412333333333333,0.0051675268101223325,0.1587666666666667,0.0051675268101223325,49.65613810221354,0.07653230837842724
0.0,72,0.17130735748386341,0.0045591367798842545,0.5551690103371937,0.03850966782296238,0.8506333333333332,0.008173942337289472,0.14936666666666668,0.008173942337289472,49.79696909586588,0.07516323355275191
0.0,73,0.17023334965960957,0.0002345471739641087,0.6099424874623617,0.09781243537848977,0.8388,0.023047559523732677,0.16119999999999998,0.023047559523732677,49.93622716267904,0.07802933598308695
0.0,74,0.16957112284216835,0.003204276156499546,0.6130901952743532,0.06416732713152724,0.8388666666666666,0.008974593769822266,0.16113333333333335,0.008974593769822266,50.07597732543945,0.0787593497253796
0.0,75,0.16408108516841594,0.001460346655253923,0.5345889290332795,0.046778427805126845,0.8519333333333333,0.013273030299571161,0.14806666666666665,0.013273030299571161,50.214561462402344,0.08080542998738426
0.0,76,0.16289679539681293,0.003580121375554855,0.572903749358654,0.0505728706326972,0.8497666666666666,0.009523829761883268,0.15023333333333333,0.009523829761883268,50.35174051920573,0.08319001277203482
0.0,77,0.16214670405071308,0.003179783348982146,0.5717809847195943,0.004639739039520374,0.8464,0.005550675634551166,0.1536,0.005550675634551166,50.48962529500326,0.08461162140172873
0.0,78,0.15742644841345274,0.004619945257031639,0.5207676049550375,0.023987478113283067,0.8588999999999999,0.00443057558337514,0.1411,0.00443057558337514,50.624603271484375,0.08522048726491208
0.0,79,0.1544531135734898,0.004246762574837499,0.5935865034302076,0.04615319203440761,0.8447,0.009534673565466213,0.1553,0.009534673565466213,50.75889333089193,0.08725929319316995
0.0,80,0.15495030773773422,0.004411496291989659,0.569406906414032,0.026741578330680884,0.8519,0.00476969600708475,0.14809999999999998,0.00476969600708475,50.895975748697914,0.08791301828898541
0.0,81,0.15216840469204557,0.00038394771130910693,0.6362349619468053,0.07293254791261979,0.8429666666666668,0.011913997370040562,0.15703333333333333,0.011913997370040562,51.02960713704427,0.0908819945651605
0.0,82,0.15065889910676494,0.002907589829645079,0.5351951237519582,0.04826272013998973,0.858,0.007830708780180775,0.14200000000000002,0.007830708780180775,51.16339365641276,0.0904189827293659
0.0,83,0.1503732832178842,0.001059872404776923,0.6407345191637676,0.11264443696299277,0.8385333333333334,0.021774373316661346,0.16146666666666665,0.021774373316661346,51.29677708943685,0.09309430860337756
0.0,84,0.14868431202972027,0.0025778062271330903,0.5388672127405804,0.01381626415280899,0.8579666666666667,0.0029737742572921366,0.14203333333333332,0.0029737742572921366,51.429500579833984,0.09370923343380089
0.0,85,0.14545020903798114,0.0012886781714324849,0.5618926391243935,0.08159538801052954,0.8565,0.011688883607941344,0.14349999999999996,0.011688883607941344,51.56077448527018,0.09618425140945618
0.0,86,0.14292819150751304,0.004707813183570103,0.5200308445135752,0.04476218321575619,0.8642666666666666,0.007757147241952618,0.1357333333333333,0.007757147241952618,51.69077173868815,0.0975878886273626
0.0,87,0.140620602121718,0.002990190738676797,0.5669491878668467,0.04267294858726163,0.8561333333333333,0.01057654638023838,0.14386666666666667,0.01057654638023838,51.82020060221354,0.09771808226429249
0.0,88,0.13719680897084852,0.002240394799075902,0.5619664394537608,0.03450052124929312,0.8560666666666666,0.0063437633415295,0.14393333333333333,0.0063437633415295,51.94836552937826,0.09873972279030785
0.0,89,0.13552423357607865,0.003715725830757526,0.5251711782932281,0.04686745096985273,0.8661666666666666,0.006423654204059665,0.13383333333333333,0.006423654204059665,52.076080322265625,0.09799246251798265
0.0,90,0.13716531247662767,0.0026348374664359074,0.6043229754765828,0.1488242790112553,0.8501333333333333,0.027308850824107073,0.14986666666666668,0.027308850824107073,52.20506286621094,0.09637909388203578
0.0,91,0.13499281544933844,0.003308775214652259,0.5502544230937958,0.060973598884890304,0.8597666666666667,0.00871569465581104,0.14023333333333332,0.00871569465581104,52.33275477091471,0.09588029033348201
0.0,92,0.13094699765473783,0.00444281233061218,0.6073813522497813,0.08782607051494366,0.8485,0.01848864516399186,0.15149999999999997,0.01848864516399186,52.45789464314779,0.09393104274067982
0.0,93,0.1295625191048512,0.004512495171880023,0.580030529387792,0.07925806462097407,0.8579666666666667,0.008130395644329547,0.14203333333333334,0.008130395644329547,52.58418655395508,0.09442877362989051
0.0,94,0.1278504242728332,0.0032921232303822546,0.613701954682668,0.061047085363487505,0.8530666666666668,0.010980588933811,0.14693333333333333,0.010980588933811,52.70949172973633,0.09596917768813368
0.0,95,0.12691728625595822,0.002506720325366574,0.5640972850322723,0.020937335501775112,0.8615,0.0023811761799581,0.13849999999999998,0.0023811761799581,52.83398691813151,0.09605956378787212
0.0,96,0.1252307705279481,0.0029308229842777275,0.5901042795976003,0.07889217972468064,0.8571,0.013550276749941307,0.1429,0.013550276749941307,52.957967122395836,0.09563739745726721
0.0,97,0.12512209626249748,0.00439804502645373,0.5848434452851614,0.01534893654851402,0.8605,0.004229657196511316,0.13950000000000004,0.004229657196511316,53.08183670043945,0.09455389292459539
0.0,98,0.12169102883920746,0.005236049188344591,0.6138521367708841,0.05529150375005454,0.8505333333333334,0.010920317455703111,0.14946666666666664,0.010920317455703111,53.204115549723305,0.09493141510350837
0.0,99,0.12057215750585838,0.001972416242161772,0.5643312292893728,0.031358166505045096,0.8647,0.006937578828380992,0.13529999999999998,0.006937578828380992,53.32589848836263,0.09678358671215155
0.0,100,0.12121540074572539,0.004027171168170708,0.5664336344877879,0.045899619773671345,0.8635666666666667,0.005810622456616302,0.13643333333333332,0.005810622456616302,53.449517567952476,0.09911041024062088
0.1,1,1.8777937020182305,0.007405081190586749,1.6298545029958087,0.02446961657067036,0.3908333333333333,0.020199092388850894,0.6091666666666667,0.020199092388850894,37.48619842529297,0.0715531594549956
0.1,2,1.608221574512589,0.011526912966406191,1.4828550919850667,0.045997075940889115,0.45116666666666666,0.024613275550672525,0.5488333333333334,0.02461327555067258,37.61010996500651,0.07195361486864055
0.1,3,1.4818532863236449,0.013201887360383087,1.3529075942993165,0.03181121296398264,0.5010666666666667,0.00996309858093018,0.4989333333333333,0.00996309858093015,37.745147705078125,0.07378237313242038
0.1,4,1.3802794015824233,0.01520022393694236,1.30075540822347,0.050999697256390995,0.5301666666666667,0.011405408073950397,0.4698333333333333,0.011405408073950397,37.8880869547526,0.0757651021199486
0.1,5,1.2906450980866149,0.02207667653647981,1.1607570458094278,0.02380292945997377,0.5778,0.012416521251944923,0.42219999999999996,0.012416521251944923,38.03721618652344,0.08081240765296253
0.1,6,1.21503906202235,0.020070683022920494,1.0763058811823527,0.037369323120927236,0.6102,0.016336462285329718,0.3898,0.016336462285329714,38.18905258178711,0.08463024717179692
0.1,7,1.1452835127520746,0.021303615785428998,1.0562481345494588,0.03817870983167415,0.614,0.01148956047897396,0.38599999999999995,0.01148956047897396,38.34462356567383,0.08722905209896673
0.1,8,1.0905148096808184,0.021557029760960418,0.976588175646464,0.012672213934774768,0.6508333333333334,0.007670940837559196,0.3491666666666667,0.007670940837559196,38.500467936197914,0.08969520072155739
0.1,9,1.0379384566044463,0.01743998836791326,0.9761219887415568,0.07741415580130684,0.6484666666666666,0.02277242484526698,0.3515333333333334,0.02277242484526698,38.657213846842446,0.08770944098918747
0.1,10,0.9972911226576654,0.01583530563387005,0.9242982256571451,0.017383325932378423,0.6655333333333333,0.00750355471315655,0.3344666666666667,0.00750355471315655,38.81224568684896,0.08633201625390229
0.1,11,0.9576059898960213,0.011057750426224967,0.8652474561055502,0.02553011895389621,0.6917,0.009090104509850264,0.30829999999999996,0.009090104509850264,38.96812311808268,0.08516330691918252
0.1,12,0.9198882946171318,0.011123437074176663,0.8216120577176412,0.0349621944109121,0.7081333333333334,0.013771468089253688,0.29186666666666666,0.013771468089253688,39.12291590372721,0.08156648316929586
0.1,13,0.8889546921287758,0.01480503773910946,0.7928855084737142,0.02175455569082826,0.7207,0.007758221445666519,0.27929999999999994,0.007758221445666519,39.276564280192055,0.08052841778620172
0.1,14,0.8551862582322989,0.017642791269634136,0.7639969559987386,0.024042133453174224,0.7293333333333333,0.009626179581398468,0.27066666666666667,0.009626179581398468,39.431845347086586,0.08089208813764158
0.1,15,0.8277560807859806,0.015306654669610578,0.7714666567802428,0.030947829726923917,0.7312333333333333,0.011729592206608576,0.26876666666666665,0.011729592206608576,39.58789189656576,0.0797360876413699
0.1,16,0.8041993465214231,0.016623833314921906,0.7441209363937378,0.042254537685893795,0.7388333333333333,0.012600132274437969,0.2611666666666667,0.012600132274437969,39.7391726175944,0.07722043690212563
0.1,17,0.7779886933950309,0.016976900447345584,0.7292315775871278,0.02752299857444379,0.7431666666666666,0.01071556500299136,0.25683333333333336,0.01071556500299136,39.892950693766274,0.0782384579747262
0.1,18,0.7571641413299629,0.018582910991933224,0.6808611482302348,0.03965527047459049,0.7618333333333333,0.01636744736766649,0.23816666666666664,0.01636744736766649,40.043434143066406,0.07566513318986016
0.1,19,0.735659055545202,0.017659032506948107,0.6603802700042725,0.023869198966847985,0.7695,0.01264752940300994,0.2305,0.01264752940300994,40.19399897257487,0.0741485808219481
0.1,20,0.7142733272485823,0.015963485610805475,0.6473527550697327,0.03552141358293884,0.7767666666666666,0.012406584273414366,0.22323333333333337,0.012406584273414364,40.3460578918457,0.07409191076967056
0.1,21,0.6981910559883101,0.017959703519336036,0.6254327247619629,0.03414070567323902,0.7841666666666667,0.015280815859545323,0.21583333333333332,0.015280815859545323,40.494799296061196,0.07442355928141793
0.1,22,0.6803973829095828,0.017353781411069188,0.6299566957791646,0.04474783011034185,0.7833,0.013329291053915818,0.21670000000000003,0.013329291053915818,40.64240646362305,0.07439855635919648
0.1,23,0.6632541145459262,0.016162728072614967,0.6053532333374023,0.021847768221181667,0.7911,0.008788060081724522,0.20889999999999997,0.008788060081724522,40.790114084879555,0.07180122870262513
0.1,24,0.6492126406966777,0.015472360349666281,0.6124367362817128,0.03553638176977089,0.7910666666666667,0.011550036074979746,0.2089333333333333,0.011550036074979746,40.93545405069987,0.07328070723706737
0.1,25,0.637316759894876,0.013318273687616296,0.5750210340499877,0.01907105795344191,0.8009333333333334,0.0068339837088870654,0.1990666666666667,0.0068339837088870654,41.07798512776693,0.07205347126037953
0.1,26,0.623400707251987,0.011796534582935172,0.5832490360260011,0.02902926806303588,0.8008000000000001,0.010037429949942354,0.19920000000000002,0.010037429949942354,41.221911112467446,0.07185723098035204
0.1,27,0.6083103830704604,0.012697050086390781,0.571832907183965,0.017190116171473153,0.8033666666666667,0.005488472768752113,0.19663333333333333,0.005488472768752113,41.363477071126304,0.07168220869288579
0.1,28,0.5954118270906544,0.011825225762088191,0.5633327320098876,0.02520081663699433,0.8095666666666667,0.006908207678792918,0.19043333333333334,0.006908207678792918,41.50592803955078,0.07314326082445433
0.1,29,0.5870899929008419,0.009262811897777097,0.5614090096632639,0.01422531308511704,0.809,0.004503332099679098,0.19099999999999998,0.004503332099679098,41.64691034952799,0.07308389867769727
0.1,30,0.5750540184446207,0.01162243086826211,0.5462711575190227,0.007828628058156883,0.8137,0.006055575942881072,0.18630000000000002,0.006055575942881072,41.786705017089844,0.07428789966256787
0.1,31,0.5649817109311227,0.011886900399606187,0.5145877330144246,0.020245503175482328,0.8243999999999999,0.008143095234614442,0.1756,0.008143095234614442,41.925158182779946,0.07433562516369688
0.1,32,0.5560892928591774,0.011219567967427497,0.5349074156125386,0.0064323676417656584,0.8189333333333334,0.002818391976523775,0.18106666666666668,0.002818391976523775,42.06375503540039,0.07313426301643776
0.1,33,0.5461569500599573,0.008858664781906923,0.5140816656271617,0.012490053923108384,0.8263666666666666,0.004833563212924096,0.1736333333333333,0.004833563212924096,42.20025126139323,0.07368147860736321
0.1,34,0.5412376569258486,0.011081206800981866,0.49893478738466895,0.016877229468837223,0.8295666666666667,0.004508140784551149,0.17043333333333333,0.004508140784551149,42.3352419535319,0.07518037795692505
0.1,35,0.5269642041619781,0.008799831363480346,0.500814242219925,0.018192807151699394,0.8320666666666666,0.0060500688701314335,0.16793333333333338,0.0060500688701314335,42.47148513793945,0.0785765855638305
0.1,36,0.5208687264240409,0.00899099844610991,0.5029153736273447,0.013627208422866004,0.8299,0.0060621778264911075,0.1701,0.0060621778264911075,42.60823059082031,0.07684470916533165
0.1,37,0.51363888578545,0.008501446359513562,0.490248052517573,0.024262105594783742,0.8344333333333335,0.007170309151866014,0.16556666666666667,0.007170309151866015,42.742401123046875,0.07550797458113623
0.1,38,0.5070652481540084,0.008610983632644856,0.4949088233629862,0.018322009974565595,0.8328333333333333,0.007058564537732417,0.16716666666666669,0.007058564537732417,42.876060485839844,0.07672672699385892
0.1,39,0.4990903722457365,0.008115640897173043,0.49574847056865695,0.007913644563716054,0.8320666666666666,0.0035641735835019754,0.16793333333333335,0.0035641735835019754,43.00824228922526,0.07656985226511565
0.1,40,0.49568633919380106,0.007795454893502361,0.4986358373165131,0.036668406010055145,0.8327666666666667,0.015706792585799746,0.16723333333333334,0.015706792585799746,43.13962046305338,0.07691630450743879
0.1,41,0.4849699583962141,0.007131707245802268,0.47988219591776526,0.010910721108926724,0.8397333333333333,0.000850490054811549,0.16026666666666667,0.000850490054811549,43.27391815185547,0.07910541748363725
0.1,42,0.48118036442959505,0.007274289534841788,0.49344142192204793,0.02424688895584085,0.8355333333333332,0.006585843403341254,0.16446666666666668,0.006585843403341254,43.40415573120117,0.07868907487069243
0.1,43,0.47455779612318433,0.008708642261802518,0.49359312885602313,0.04800014108543919,0.8358666666666666,0.016438471137345284,0.16413333333333335,0.016438471137345284,43.53445561726888,0.0786755863895611
0.1,44,0.4672026972382473,0.00716652355264316,0.45811319108009335,0.012506947153794268,0.8465000000000001,0.004303486958270029,0.1535,0.004303486958270029,43.66498565673828,0.07991445338174193
0.1,45,0.46128268642803594,0.005104207010296438,0.4518883576869965,0.006896096553093802,0.8481,0.0023515952032609655,0.1519,0.0023515952032609655,43.794881184895836,0.08027878053898986
0.1,46,0.45690228816086886,0.006680750680819774,0.465090252161026,0.008141041723648112,0.8437666666666667,0.0012741009902410803,0.1562333333333333,0.0012741009902410803,43.92363993326823,0.07857215923990368
0.1,47,0.45043321028796407,0.008363829145191482,0.44061307094891866,0.009575081459624053,0.8516333333333334,0.004747982027486327,0.14836666666666665,0.004747982027486327,44.0519905090332,0.0767414551629485
0.1,48,0.44805751442401104,0.007134818649034202,0.45948173758188876,0.019342916368188027,0.8464,0.007689603370785821,0.1536,0.007689603370785821,44.17969512939453,0.07640599596052877
0.1,49,0.4412908407352159,0.007956088191458842,0.44419252781867985,0.017742682509145846,0.8513000000000001,0.007629547824084997,0.14869999999999997,0.007629547824084997,44.307212829589844,0.07414884896910166
0.1,50,0.4383334290086969,0.00829716063628128,0.4359220284779866,0.010556411721056919,0.8562333333333333,0.0019604421270043013,0.14376666666666668,0.0019604421270043013,44.43449910481771,0.07337687201972137
0.1,51,0.4301054794515999,0.005403718354625389,0.4507465901374817,0.012273597054011738,0.8517999999999999,0.0027784887978899464,0.1482,0.002778488797889947,44.561902364095054,0.07264877934470011
0.1,52,0.42479992137693073,0.010617477028491187,0.4445065093358358,0.016020772362201487,0.8507333333333333,0.002311565126344741,0.14926666666666666,0.002311565126344741,44.68755340576172,0.0725464740987255
0.1,53,0.42381800750535664,0.005627601231480178,0.440079052011172,0.010352770047191245,0.8559,0.003296968304366928,0.1441,0.003296968304366928,44.8120231628418,0.07282285045811872
0.1,54,0.4175251404368156,0.007447184031372211,0.43376149733861286,0.009398902366112582,0.8555666666666667,0.0054848275573014275,0.1444333333333333,0.0054848275573014275,44.937432607014976,0.07208805617458205
0.1,55,0.41387910814439755,0.008201528124040458,0.44126472614606227,0.006979161929760337,0.8544333333333333,0.0029569128044860254,0.1455666666666667,0.0029569128044860254,45.06176884969076,0.07252923389554024
0.1,56,0.41024667438745294,0.003983721142335282,0.42910815192858376,0.01230846219170683,0.8585333333333334,0.00542432791535815,0.14146666666666666,0.00542432791535815,45.18613306681315,0.07170284493188053
0.1,57,0.40712122924035166,0.005428905840836452,0.4190210029443105,0.011194777420676979,0.8597333333333332,0.003607399802258308,0.14026666666666668,0.003607399802258308,45.309295654296875,0.06952064039674145
0.1,58,0.40517045892870335,0.005238105383758447,0.41687422809600827,0.01537911082983773,0.8611333333333334,0.0037287173844813147,0.13886666666666667,0.0037287173844813147,45.43207041422526,0.0690824062235945
0.1,59,0.4007496176015996,0.008092896075113832,0.4300186962286631,0.0021513848605821217,0.8589666666666668,0.0019139836293273708,0.14103333333333332,0.0019139836293273708,45.555643717447914,0.06968555970520697
0.1,60,0.39694567706883715,0.00503251178430828,0.4204890743096669,0.014973441369941309,0.8614666666666667,0.004158525379666813,0.13853333333333331,0.004158525379666813,45.6774787902832,0.06934797617336708
0.1,61,0.3894687355174433,0.00503366874875016,0.42474930187861126,0.013215451939020448,0.8580666666666666,0.0038630730427126354,0.14193333333333333,0.0038630730427126354,45.7987314860026,0.06900951224694488
0.1,62,0.3891653997056624,0.009146481697158745,0.4148357209682465,0.009540531667731243,0.8622333333333333,0.005159780357082373,0.13776666666666668,0.005159780357082373,45.92127990722656,0.0689302150884705
0.1,63,0.3839047815133035,0.006274142718723387,0.41683313024838764,0.020923494882103356,0.8623666666666666,0.006898067362191621,0.13763333333333336,0.006898067362191621,46.043463389078774,0.06834275577250354
0.1,64,0.38283722708597206,0.005669011835377209,0.41136255221366885,0.019708223284576307,0.8648333333333333,0.005350077881053039,0.13516666666666666,0.005350077881053039,46.16342035929362,0.06772712204591609
0.1,65,0.37748963392807294,0.002101811544948073,0.40462797300020853,0.0022653453873179128,0.8663,0.0017691806012954474,0.1337,0.0017691806012954474,46.28269831339518,0.06857117050043311
0.1,66,0.3754283808813274,0.002608244923313159,0.40980259777704875,0.01689358627570056,0.8630666666666666,0.004012895878705724,0.13693333333333332,0.004012895878705724,46.401373545328774,0.06824091300113584
0.1,67,0.37015581979572726,0.003147233674031376,0.3960056830088297,0.01796173454308002,0.8699666666666667,0.0034933269720044,0.13003333333333333,0.0034933269720044,46.52229309082031,0.06841097112827287
0.1,68,0.36857338607921014,0.005017114165647971,0.3989123989423116,0.017939436593688574,0.8696,0.0037986839826445167,0.1304,0.0037986839826445167,46.63923772176107,0.06717838850178644
0.1,69,0.36803143722372794,0.005232532150003081,0.40016316952705383,0.0030900367609070604,0.8689,0.0011532562594670634,0.1311,0.0011532562594670634,46.75762176513672,0.06735897690036206
0.1,70,0.3629309327960116,0.006370618088617609,0.4133205144405365,0.024329258085468302,0.8629666666666668,0.010775125675987898,0.13703333333333334,0.010775125675987898,46.87545394897461,0.06628178799425821
0.1,71,0.36005747614258493,0.005975470681951489,0.39215205939610803,0.0029798721083036843,0.8704666666666667,0.0014294521094927832,0.1295333333333333,0.0014294521094927832,46.99330393473307,0.06674632352564847
0.1,72,0.3554118264209279,0.005588288992831633,0.40363200632731117,0.008697408255931315,0.8657,0.0015620499351813508,0.13429999999999997,0.0015620499351813508,47.10999298095703,0.06749084710020477
0.1,73,0.3537665598812209,0.004717709566731287,0.39834262266159054,0.002053288502028261,0.8705999999999999,0.002553429066960738,0.1294,0.002553429066960738,47.227481842041016,0.06658088517010433
0.1,74,0.3521618433518991,0.0038744756752383818,0.40410038194656367,0.010586007387962578,0.8678666666666667,0.0038656607887052495,0.13213333333333335,0.0038656607887052495,47.34346262613932,0.06497036119149423
0.1,75,0.3490657286189706,0.0065327439766458065,0.39439664217631026,0.011921030467857266,0.8709000000000001,0.004167733196834966,0.1291,0.004167733196834966,47.46033604939779,0.06444884431114897
0.1,76,0.34659423421868274,0.005310588530209631,0.3890636493047079,0.009885047156952452,0.8721,0.0024515301344262613,0.12789999999999999,0.0024515301344262613,47.57630920410156,0.06510886370334902
0.1,77,0.34337587848953577,0.005974998074813172,0.39445802901585897,0.014317936504882455,0.8708666666666667,0.005961822987420326,0.12913333333333332,0.005961822987420326,47.691717783610024,0.06599422480558215
0.1,78,0.3427292874427504,0.007219634370867524,0.39698627603848774,0.008079783049758949,0.8691333333333334,0.0018876793513023307,0.13086666666666666,0.0018876793513023307,47.80512237548828,0.06636158935001908
0.1,79,0.3373512806337508,0.0038304363078373108,0.3863450300852458,0.007940407912124808,0.8723000000000001,0.00434050688284211,0.1277,0.004340506882842111,47.91994603474935,0.06655513113096219
0.1,80,0.3394372405171496,0.004808096640419548,0.3805200081030528,0.008365234745588973,0.8749666666666668,0.0015821925715074378,0.1250333333333333,0.0015821925715074378,48.03262201944987,0.06599639606151401
0.1,81,0.3360039360967337,0.004635384059775556,0.39797206492424014,0.031527616385263156,0.8733,0.009600520819205583,0.1267,0.009600520819205583,48.14599736531576,0.06690472072912179
0.1,82,0.33130869564091353,0.004251527049718817,0.38768745064735416,0.020881135965923992,0.8753666666666667,0.0056163451935697,0.1246333333333333,0.0056163451935697,48.25865809122721,0.06669104107758013
0.1,83,0.3341748736551045,0.008677103253456733,0.3811918819745381,0.01633197618454437,0.8750333333333334,0.006281984824347584,0.12496666666666667,0.006281984824347584,48.369808197021484,0.06819700015127109
0.1,84,0.3276849457801964,0.004366327279127388,0.38175323368708286,0.022264677541284996,0.8742666666666666,0.007322112627741617,0.12573333333333336,0.007322112627741617,48.482200622558594,0.0685201475398935
0.1,85,0.32652769482298377,0.004519747020744777,0.3782044759591421,0.005401072981809056,0.8762666666666666,0.0032036437588054702,0.12373333333333332,0.0032036437588054702,48.59455871582031,0.06946243119526968
0.1,86,0.32441682023617924,0.0018488736261089538,0.37664184794425964,0.016710514238267766,0.8768333333333334,0.006528654787422402,0.12316666666666665,0.006528654787422402,48.70539347330729,0.06977650084061661
0.1,87,0.3217466988323696,0.002877742729820089,0.3741866333961487,0.010810036513682442,0.8788999999999999,0.0027874719729532567,0.12109999999999999,0.0027874719729532567,48.81662114461263,0.06824845499871661
0.1,88,0.31919900846222177,0.003922102241928378,0.3792101448059082,0.00717845872824006,0.8762333333333334,0.001457166199626295,0.12376666666666665,0.001457166199626295,48.92668024698893,0.06651717465914891
0.1,89,0.31730443471685393,0.0033969812242366257,0.37602313923835756,0.01263024334889413,0.8778,0.0039000000000000146,0.12219999999999998,0.0039000000000000146,49.03557332356771,0.06482997200576346
0.1,90,0.31796061949453497,0.005049332632902805,0.3814234942913055,0.011712665448872547,0.8761,0.004570557952810572,0.12389999999999997,0.004570557952810572,49.1450449625651,0.06455259300889701
0.1,91,0.3140654009905821,0.005836759708308365,0.376080459801356,0.019889393836655476,0.8778666666666667,0.004785742714912025,0.12213333333333336,0.004785742714912025,49.25454330444336,0.06428625247324976
0.1,92,0.31147027107150965,0.0035121998392661723,0.3747864072640737,0.018664845115638613,0.8764,0.0048692915295759625,0.1236,0.0048692915295759625,49.36367416381836,0.06384739952485786
0.1,93,0.3116513939363166,0.005944454794866092,0.36899725658098853,0.00977146987727274,0.8817,0.0037322915213042936,0.11829999999999996,0.0037322915213042936,49.472049713134766,0.06444985354765534
0.1,94,0.3068276899600781,0.005614483077386504,0.3745717160542806,0.0008639397131202604,0.8779666666666667,0.0007637626158259982,0.12203333333333333,0.0007637626158259982,49.57960891723633,0.06468697378332831
0.1,95,0.3055464892004254,0.006837622169523506,0.36709684886932376,0.008787279387981727,0.8804333333333333,0.003435597958628654,0.11956666666666671,0.003435597958628654,49.687703450520836,0.06429050003914707
0.1,96,0.30551895865089146,0.005484435192947025,0.3769935969988505,0.018207820212219502,0.8808666666666668,0.004554484969053379,0.11913333333333331,0.004554484969053379,49.79497400919596,0.06541255652083809
0.1,97,0.3034243399733066,0.004034961062622187,0.3691594682057699,0.006003552750761388,0.8816,0.002605762844159069,0.11839999999999999,0.002605762844159069,49.90122095743815,0.0655486814228694
0.1,98,0.30057084302514,0.004987214682043601,0.3693009815533956,0.011742484271333549,0.8812333333333333,0.003082747692130096,0.11876666666666665,0.003082747692130096,50.00866826375326,0.06457597516339537
0.1,99,0.29860222243083817,0.004850036554481399,0.36553168037732436,0.007578580225912825,0.8812000000000001,0.0024248711305964177,0.11879999999999998,0.0024248711305964172,50.114359537760414,0.0643820373242516
0.1,100,0.2957941558647135,0.003023903225093168,0.37170799398422244,0.005267848936120965,0.8801666666666667,0.0026083200212652885,0.11983333333333335,0.0026083200212652885,50.22149785359701,0.06496267494039247
0.2,1,1.9757741088046037,0.0070093226391685255,1.7635250626246135,0.032703547282385226,0.33503333333333335,0.01618404564172176,0.6649666666666666,0.01618404564172174,37.44673156738281,0.07021475536263942
0.2,2,1.7282973490306077,0.010510158004436646,1.6035102263132732,0.050207315785125245,0.3993333333333333,0.022423722557446468,0.6006666666666667,0.022423722557446468,37.541422526041664,0.07425381124187466
0.2,3,1.6233282639039244,0.018722703979566508,1.510185169537862,0.062098082689140494,0.43693333333333334,0.0199635501184868,0.5630666666666666,0.019963550118486773,37.645347595214844,0.07746466551414981
0.2,4,1.5402345650234694,0.022592566166623466,1.4269793597539266,0.038389207769245176,0.47846666666666665,0.013063052221182226,0.5215333333333333,0.013063052221182278,37.757059733072914,0.0804921331950439
0.2,5,1.4763812004554404,0.02658825629682286,1.3361846894582114,0.043450883755738884,0.5094,0.014701020372749632,0.4906,0.014701020372749632,37.87207794189453,0.08532199746862347
0.2,6,1.4194897956961967,0.02686289959003684,1.2642130042394004,0.03811768918646792,0.5372333333333333,0.01309669169421553,0.4627666666666667,0.01309669169421553,37.993394215901695,0.09121855322085387
0.2,7,1.3618804695051345,0.0331970697908823,1.222024905649821,0.052103439130605604,0.5517333333333333,0.022265743493836736,0.44826666666666665,0.022265743493836736,38.12432734171549,0.09770649283095209
0.2,8,1.306839894150834,0.033635879741878864,1.1703525999069215,0.03955302560655729,0.5725000000000001,0.017560466964178335,0.4275,0.017560466964178335,38.26091512044271,0.10176882484134868
0.2,9,1.259915828704834,0.03312248133609836,1.145819551340739,0.0735483802598658,0.5830333333333334,0.028597960300226523,0.41696666666666665,0.028597960300226526,38.40194193522135,0.10390843688858264
0.2,10,1.2144486843167668,0.0361464480574413,1.119049168586731,0.03142490655040183,0.5953333333333334,0.009672814137226721,0.4046666666666667,0.009672814137226721,38.54760487874349,0.10904717179011383
0.2,11,1.170171528978421,0.02947280188685844,1.1026112869898477,0.057222736610885484,0.6083,0.011471268456452383,0.3917,0.011471268456452383,38.69433848063151,0.11106294746722668
0.2,12,1.1276680343392966,0.02413497188852887,0.9963039542516072,0.025503986344663745,0.6392000000000001,0.008883130078975506,0.36079999999999995,0.008883130078975506,38.8434689839681,0.1100140068365699
0.2,13,1.0940872554787182,0.024007442331463718,0.9695388269106546,0.019284219610129622,0.6495000000000001,0.009204890004774629,0.3505,0.009204890004774629,38.99238840738932,0.11010833069890762
0.2,14,1.0569745152807601,0.017865402223643526,0.9239620960553488,0.011437610308393733,0.6666,0.0054671747731346145,0.3334,0.0054671747731346145,39.14375559488932,0.10918817321448518
0.2,15,1.0267610435595598,0.018547922894396423,0.9194981584231058,0.024125528436994313,0.6708333333333334,0.0075883682918881515,0.32916666666666666,0.0075883682918881515,39.29471206665039,0.10839674888994598
0.2,16,1.0003395366140237,0.01837875242725818,0.9011371451695759,0.033131014265238304,0.6825666666666668,0.01035680130799721,0.3174333333333333,0.010356801307997212,39.443522135416664,0.10663369841603051
0.2,17,0.972671226467318,0.013838310748594563,0.8772929924011231,0.01132479703629943,0.6900000000000001,0.002835489375751609,0.31,0.0028354893757516087,39.59435272216797,0.1042982341891209
0.2,18,0.9488924609120849,0.011280255718925148,0.8459064357757567,0.01320562519932331,0.7005,0.005480875842417873,0.2995,0.005480875842417873,39.7455202738444,0.09954932752423727
0.2,19,0.9283635172189451,0.011912737087087105,0.8125682864507039,0.015513047125451977,0.7095666666666668,0.005868844292817274,0.2904333333333333,0.005868844292817274,39.89519373575846,0.09600249143248155
0.2,20,0.9076034734621072,0.01272543312913738,0.7993945313135784,0.016959726660070236,0.7157,0.004497777228809791,0.2843,0.004497777228809791,40.04289627075195,0.09378596877167023
0.2,21,0.8869112788970309,0.006113335613214759,0.7831571190198262,0.023179518729588795,0.7251333333333334,0.007071303510197632,0.27486666666666665,0.007071303510197632,40.19422403971354,0.0882270481541703
0.2,22,0.8666431687372115,0.005719335527563568,0.7847566323598226,0.032958557059262594,0.7245666666666667,0.008845526176171388,0.2754333333333333,0.008845526176171388,40.3438835144043,0.08269043996124947
0.2,23,0.8506921549587299,0.002411275252057352,0.7545107134501139,0.02691074810053745,0.7313333333333333,0.004202776859807492,0.26866666666666666,0.004202776859807492,40.491224924723305,0.07446149960896678
0.2,24,0.8298381516187495,0.0048081809772011356,0.736047131729126,0.026519765035378326,0.7434,0.008296384754819445,0.2566,0.008296384754819445,40.640438079833984,0.06881562504087037
0.2,25,0.8148994776598938,0.004339159352071568,0.7167766715049743,0.016027811358290334,0.7475333333333335,0.004826316746063576,0.2524666666666667,0.004826316746063576,40.78854497273763,0.06340082185934541
0.2,26,0.798519609173647,0.007296485648777528,0.7015205610275269,0.024497642778077523,0.7537333333333334,0.009555277773740172,0.24626666666666666,0.009555277773740172,40.9366455078125,0.05754861499142307
0.2,27,0.7835517587665808,0.008914329533191722,0.6864879458427429,0.008738610250563331,0.7580666666666667,0.002386070689089801,0.24193333333333333,0.002386070689089801,41.0841433207194,0.053929621385770246
0.2,28,0.7690761593652402,0.006941791613977339,0.6989716283162434,0.004730879141306543,0.7564000000000001,0.0032186953878862515,0.2436,0.0032186953878862515,41.230882008870445,0.04902799489044024
0.2,29,0.7544570332496265,0.008860459364049595,0.65263913230896,0.007332979967739041,0.7717666666666667,0.003731398308052052,0.22823333333333332,0.003731398308052052,41.376712799072266,0.04357241948640408
0.2,30,0.7414746768486774,0.01047100949727016,0.6607946125030518,0.03568103167588966,0.7702333333333334,0.012141389267021033,0.22976666666666667,0.012141389267021033,41.52235666910807,0.039886863763025256
0.2,31,0.7254654712282687,0.013552013542833828,0.6354922793388367,0.026561143589978065,0.7797000000000001,0.008889881888979169,0.22030000000000002,0.008889881888979169,41.66666158040365,0.036290259940872316
0.2,32,0.7149456867476558,0.013274081570577557,0.6369622927029929,0.023297363648939754,0.7781333333333333,0.008334466589610443,0.22186666666666666,0.008334466589610443,41.80951690673828,0.0342359618159819
0.2,33,0.699876187732864,0.011490830654914333,0.6149925834655762,0.02815579839522967,0.7889,0.011326517558367178,0.21109999999999998,0.011326517558367178,41.95435078938802,0.03172590063169183
0.2,34,0.691062679274511,0.012896709436374859,0.602404796632131,0.03066903700381908,0.793,0.00833726573883789,0.207,0.00833726573883789,42.096763610839844,0.027244011577651578
0.2,35,0.6796461019318834,0.0119423370859607,0.6039893706639609,0.020468895951619773,0.7947000000000001,0.006144102863722291,0.2053,0.006144102863722291,42.238807678222656,0.02453037124332809
0.2,36,0.6701341982540266,0.011107949286923545,0.599500884660085,0.024169964342458758,0.7937666666666666,0.010889138319138621,0.2062333333333333,0.010889138319138621,42.37906265258789,0.020475424796267374
0.2,37,0.6593130298994183,0.012610622489354375,0.5781100912412008,0.01775552694025546,0.7989666666666667,0.005839805932848575,0.20103333333333337,0.005839805932848575,42.51786677042643,0.01639647871084193
0.2,38,0.6491248341879068,0.009907514801816064,0.5885533976078033,0.013262408435221935,0.8004000000000001,0.003051229260478468,0.1996,0.003051229260478468,42.657918294270836,0.013784362163353861
0.2,39,0.6365437767034093,0.013648337659311865,0.5820023680528005,0.01687795477219309,0.8008000000000001,0.004355456348076495,0.19920000000000002,0.004355456348076495,42.79699834187826,0.012234636524662
0.2,40,0.6330839532466394,0.008222942551746115,0.5746775641282399,0.03435544698545114,0.8053666666666667,0.009029027263959993,0.19463333333333335,0.009029027263959995,42.933146158854164,0.010611962150684905
0.2,41,0.6222066850816705,0.008322482496652326,0.5568874257405598,0.023422938230764665,0.8099,0.005755866572463242,0.19009999999999996,0.005755866572463241,43.06874338785807,0.010422751470550613
0.2,42,0.6162042352803629,0.012514364044761393,0.5575894940217337,0.004970262587669656,0.8084333333333333,0.00050332229568472,0.1915666666666667,0.00050332229568472,43.20357131958008,0.008334217852691722
0.2,43,0.6077984334918443,0.011178890973022083,0.5487418969631196,0.01656051744611977,0.8109666666666667,0.007844955916595904,0.18903333333333336,0.007844955916595904,43.34019470214844,0.007209963518607514
0.2,44,0.5993843998852085,0.010836151853355257,0.5364024608771006,0.005421232690278673,0.8172666666666667,0.0020502032419576015,0.18273333333333333,0.002050203241957601,43.47471364339193,0.008263884907923064
0.2,45,0.5914828255200936,0.011068050302274124,0.5289529886245727,0.013481258391639366,0.8210333333333333,0.003043572462310281,0.1789666666666667,0.003043572462310281,43.60786056518555,0.008636563068112108
0.2,46,0.5862177577114268,0.009807441686916663,0.5428148561795553,0.005143657662685555,0.8159666666666667,0.004446721638840635,0.1840333333333333,0.004446721638840635,43.7392323811849,0.009636232104920265
0.2,47,0.5798974567412923,0.008238391326707157,0.5281850800673167,0.0076777562408554805,0.8220333333333333,0.0021197484127446144,0.17796666666666663,0.0021197484127446144,43.86999257405599,0.010552776756512759
0.2,48,0.5728909615157307,0.010717896543516495,0.5124423591454824,0.010143716213709164,0.8253333333333334,0.0027319101986216904,0.17466666666666666,0.0027319101986216904,44.001669565836586,0.011986871649708464
0.2,49,0.5663485308284955,0.012010024460962833,0.5144931685288747,0.021732755249147386,0.8250333333333333,0.006836909633257763,0.1749666666666667,0.006836909633257763,44.13100051879883,0.014961261642265068
0.2,50,0.5601690946891585,0.008713505450894716,0.5091205577850342,0.016334020348709503,0.8296666666666667,0.005253887449625634,0.17033333333333334,0.005253887449625634,44.26083628336588,0.01833234773973555
0.2,51,0.5542159860752022,0.011889111979011331,0.5077456729571025,0.007550933502587553,0.8271666666666667,0.0009291573243177821,0.17283333333333337,0.0009291573243177821,44.38922627766927,0.02144825176152593
0.2,52,0.5485140303211749,0.012010964224853234,0.5055009378274281,0.0061350049189950705,0.8282999999999999,0.003207802986469074,0.17170000000000005,0.003207802986469074,44.515463511149086,0.02298297369562947
0.2,53,0.5450794634814965,0.008212173635289415,0.4910703042109807,0.005821425779250832,0.8366000000000001,0.0019078784028339023,0.1634,0.0019078784028339023,44.6413828531901,0.02389636905999207
0.2,54,0.5396288693815038,0.010801862225349533,0.48747246054808296,0.00601358893837526,0.8357666666666667,0.006384616929255268,0.16423333333333334,0.006384616929255268,44.7684580485026,0.025179411262290414
0.2,55,0.5339624891653085,0.011089621271427453,0.4933746439456939,0.01806827680420112,0.8333,0.003174901573277516,0.1667,0.003174901573277516,44.89331817626953,0.025353479035573483
0.2,56,0.5276728145149358,0.010118053510421611,0.4773434284210205,0.01582426785388216,0.839,0.0036428011200173795,0.16100000000000003,0.0036428011200173795,45.01843134562174,0.02864627356330943
0.2,57,0.5223741436096104,0.008717396339815517,0.492534961271286,0.02164818259999394,0.8336666666666667,0.008064944719793991,0.16633333333333333,0.008064944719793991,45.144493103027344,0.030216641562164227
0.2,58,0.5202383386814381,0.008920876331295664,0.46541110976537065,0.012662194250237737,0.8430333333333334,0.0033171272711991565,0.15696666666666667,0.0033171272711991565,45.267818450927734,0.031404097838657476
0.2,59,0.5183749975603255,0.00963919970137827,0.48558548466364543,0.01751644802325709,0.8357666666666667,0.00561990510002912,0.16423333333333334,0.00561990510002912,45.39046096801758,0.03454374312528295
0.2,60,0.5094106886520003,0.00904613131604657,0.4605295057455699,0.007626091030147369,0.8442333333333334,0.004854207796678362,0.1557666666666667,0.004854207796678362,45.51465606689453,0.035982304999053964
0.2,61,0.5078506935562522,0.009560113442808528,0.46755514562924705,0.018326531364921628,0.8424333333333333,0.004576388678131864,0.15756666666666666,0.004576388678131864,45.63625462849935,0.03693001986865993
0.2,62,0.5035940023029551,0.011721816408374615,0.4663228422959646,0.017732334501291972,0.8440333333333333,0.005934082349726267,0.15596666666666667,0.005934082349726267,45.757162729899086,0.036821455479093095
0.2,63,0.4981040731262978,0.009355491917542272,0.4623310527642568,0.014073745292145442,0.8450666666666667,0.004561067126598042,0.15493333333333334,0.004561067126598042,45.878317515055336,0.0378290526659775
0.2,64,0.4941916947982703,0.0070110965318440945,0.4545893906275431,0.01604655037955474,0.8456,0.004750789408087858,0.1544,0.004750789408087858,45.998854319254555,0.03920056362312797
0.2,65,0.4905001061499272,0.007280213373427894,0.46075047015349063,0.010692050710397057,0.8473999999999999,0.0032046840717923804,0.15259999999999999,0.0032046840717923804,46.11969757080078,0.04047311230103996
0.2,66,0.48765896765065825,0.009371837174342717,0.4526716294288635,0.01090394436187184,0.8497333333333333,0.004647938611183816,0.1502666666666667,0.004647938611183816,46.23730595906576,0.0417189863513734
0.2,67,0.4841860606186632,0.009316062019630995,0.44209646557172144,0.004905289331505982,0.8542,0.001153256259467121,0.1458,0.001153256259467121,46.35546620686849,0.042345037732812695
0.2,68,0.4796174541306313,0.006455397027268997,0.4493344793955485,0.021763252178854463,0.8504333333333335,0.0050202921561731334,0.14956666666666665,0.0050202921561731334,46.472572326660156,0.04323679473663465
0.2,69,0.47596011239041247,0.008956179369610701,0.4572140932877858,0.009099329059734793,0.8479000000000001,0.004092676385936235,0.15209999999999999,0.004092676385936235,46.59147644042969,0.04451272296342886
0.2,70,0.4736412388843445,0.009266838929727166,0.4628824283043544,0.022269544401129514,0.8473666666666667,0.009629295578251523,0.15263333333333332,0.009629295578251523,46.70819218953451,0.04501195441814466
0.2,71,0.46929309596541796,0.008955973568675614,0.439747474972407,0.004614920164631319,0.8552666666666667,0.002010804150914099,0.1447333333333333,0.002010804150914099,46.824893951416016,0.04434962463770285
0.2,72,0.4680216612210156,0.008239595485909362,0.4330341773589452,0.012994840214558106,0.8548333333333334,0.004188476254359494,0.14516666666666664,0.004188476254359494,46.9407704671224,0.04644968319778029
0.2,73,0.4633453970573341,0.009251788171127168,0.44019627143541973,0.01744447055079728,0.8532333333333333,0.005635896852616557,0.14676666666666668,0.005635896852616557,47.05687459309896,0.047790844066913384
0.2,74,0.4588089195816109,0.010488734615197224,0.4421065987110138,0.027391030945193382,0.8521666666666667,0.008925431828955553,0.14783333333333334,0.008925431828955553,47.17342758178711,0.05000496008860217
0.2,75,0.4587730569201256,0.008525929119004245,0.43687149459520974,0.004396058572785541,0.8533666666666666,0.000737111479583181,0.14663333333333337,0.000737111479583181,47.28742980957031,0.05155753083853613
0.2,76,0.45503085078028455,0.007297844299853127,0.42501483654975897,0.01617315167814033,0.8581333333333333,0.004901360355384358,0.1418666666666667,0.004901360355384358,47.401161193847656,0.05133628983402835
0.2,77,0.45024041850548574,0.007857796590702924,0.4274139800071716,0.009463703488483672,0.8584666666666667,0.0026558112382722428,0.14153333333333332,0.0026558112382722423,47.516797383626304,0.05179571059991264
0.2,78,0.4482562717904622,0.0080224166150757,0.4279400953292847,0.01846643972586141,0.8578,0.006527633568147055,0.14220000000000002,0.006527633568147055,47.629713694254555,0.05234232155037813
0.2,79,0.4434662528863242,0.007623805722164395,0.42263289442062374,0.009320025392094413,0.8590666666666666,0.004158525379666855,0.14093333333333333,0.004158525379666855,47.74403635660807,0.05310164296168748
0.2,80,0.44145317820281127,0.0098258773450534,0.4177010363976161,0.007616602523766706,0.8609666666666667,0.004046397574798308,0.13903333333333334,0.004046397574798308,47.85614013671875,0.05398579746228044
0.2,81,0.44128454602994377,0.009171722106447282,0.4160127816518148,0.015127472710336938,0.8616333333333334,0.00473849483837782,0.13836666666666667,0.00473849483837782,47.968072255452476,0.05539560484706046
0.2,82,0.4366010759543478,0.010334445788073764,0.4209585735797882,0.01659553786121925,0.8605,0.003903844259188587,0.13949999999999999,0.0039038442591885865,48.080867767333984,0.056224057801682686
0.2,83,0.4349975671177731,0.010123606750224052,0.41844997080167134,0.009415288466168056,0.8608333333333333,0.0014571661996263011,0.1391666666666667,0.0014571661996263014,48.19213104248047,0.05659932434843754
0.2,84,0.4330559515688832,0.007029699180180245,0.41382988014221195,0.012986751297300604,0.8627333333333334,0.0032624121954978654,0.13726666666666668,0.0032624121954978654,48.302714029947914,0.056439378289587956
0.2,85,0.4300909819683252,0.008358790257089858,0.4098417615493139,0.004573895939250732,0.8642666666666665,0.0017097758137642914,0.13573333333333337,0.0017097758137642914,48.413387298583984,0.05542099671749939
0.2,86,0.4284598911586015,0.005461331802784747,0.4044578406492869,0.01360499481805333,0.8646333333333334,0.0051013070220614345,0.13536666666666666,0.0051013070220614345,48.521244049072266,0.056437977553289574
0.2,87,0.427468981647837,0.008955197921675274,0.4151674700101217,0.014148551048434573,0.8613333333333334,0.0038397048497682126,0.13866666666666663,0.0038397048497682126,48.6302744547526,0.05573363702663468
0.2,88,0.42139125972960817,0.008042665215137254,0.4234000169912974,0.005055800160087058,0.8615333333333334,0.0022052966542697333,0.1384666666666667,0.0022052966542697333,48.74107869466146,0.05727150691450191
0.2,89,0.4204615839429117,0.007769706889084891,0.41199722854296367,0.00739804597713515,0.8615333333333334,0.0023713568549110064,0.13846666666666665,0.0023713568549110064,48.849283854166664,0.05904401765275866
0.2,90,0.4193881299133902,0.007370277687236496,0.403746302096049,0.009475340349394347,0.8661333333333333,0.003501904243884084,0.13386666666666666,0.003501904243884084,48.95656077067057,0.05832143231088084
0.2,91,0.4159985088123182,0.005556354314052691,0.40739937030474344,0.01697007896141807,0.8663333333333334,0.0016258331197676159,0.13366666666666663,0.0016258331197676159,49.065755208333336,0.05876067944305008
0.2,92,0.41448757057502955,0.007095787387539991,0.40244209890365606,0.01051120325702852,0.8671666666666665,0.007277591176572997,0.13283333333333333,0.007277591176572996,49.172959645589195,0.05942491693728187
0.2,93,0.41265942567907027,0.009746136595881931,0.4051226350943247,0.023336864848400203,0.8654000000000001,0.007143528539874426,0.13459999999999997,0.007143528539874426,49.2800178527832,0.059434163053702437
0.2,94,0.40902917083267054,0.0063188627871794065,0.4001022696654002,0.008752285687779925,0.8680333333333333,0.004437717130838051,0.13196666666666668,0.004437717130838051,49.388144175211586,0.05901924211728936
0.2,95,0.4056331497908452,0.007670849114002187,0.39518008178075154,0.007955634657197404,0.8689666666666667,0.001628905563049427,0.13103333333333333,0.001628905563049427,49.495487213134766,0.0613386130210694
0.2,96,0.4053642368555475,0.00910229063623594,0.3978691683928172,0.007029271624105351,0.8702,0.0038431757701151243,0.1298,0.0038431757701151243,49.60273234049479,0.06247261012667176
0.2,97,0.4055026231265333,0.009965796202682977,0.39489144624074296,0.009123899416116629,0.8689333333333332,0.0035118845842842493,0.13106666666666664,0.0035118845842842497,49.70736312866211,0.06270822237247266
0.2,98,0.4034605335701457,0.00922913574527152,0.40417931434313453,0.00973910265977719,0.8688666666666668,0.0013012814197295099,0.13113333333333332,0.0013012814197295099,49.81186548868815,0.06315902106721431
0.2,99,0.4002234374775606,0.006413180348947166,0.39653165772755944,0.008460295847316099,0.8674333333333334,0.00595343038368078,0.13256666666666664,0.00595343038368078,49.91672388712565,0.06312413387187074
0.2,100,0.3982047892897331,0.008867835649895317,0.40510228104591367,0.01507354069888941,0.8696333333333334,0.002928025500799657,0.13036666666666666,0.002928025500799657,50.021742502848305,0.06331826567289413
0.3,1,2.0411201953278173,0.014758066112452011,1.8667473559061687,0.026604137927539573,0.3020333333333334,0.01248612563341141,0.6979666666666665,0.01248612563341138,37.42244974772135,0.07102587915510664
0.3,2,1.8100784506842507,0.009155275952706286,1.7140881815592446,0.08343974623132361,0.3532,0.03912019938599495,0.6468,0.03912019938599501,37.501495361328125,0.07196439191502021
0.3,3,1.7142974398426796,0.016584904182431935,1.6388421267191566,0.07563248351192524,0.3894666666666667,0.021693393771683882,0.6105333333333333,0.021693393771683896,37.58977381388346,0.07489965559574764
0.3,4,1.6389395223147627,0.018082197986145264,1.5418165648142497,0.06206105452054054,0.4339,0.026927309557399165,0.5660999999999999,0.026927309557399137,37.686787923177086,0.07950662857797942
0.3,5,1.5800889661346655,0.021480957424995912,1.473857646115621,0.05078520705257777,0.4566666666666667,0.016833399339804603,0.5433333333333333,0.016833399339804555,37.78901672363281,0.0844319546462055
0.3,6,1.528385855454415,0.020193623357678027,1.3963327554066975,0.012204314801993188,0.4899,0.006062177826491076,0.5101,0.006062177826491071,37.895973205566406,0.09027492217720554
0.3,7,1.485181986625034,0.02345420938049503,1.354652834701538,0.026739933466100676,0.5010666666666667,0.014759855464513668,0.4989333333333333,0.014759855464513638,38.00862375895182,0.09799201525865023
0.3,8,1.440684899141518,0.021936681196920504,1.317843929163615,0.023124015087272177,0.5175,0.012095040305844343,0.4825,0.012095040305844343,38.127549489339195,0.10523189626301634
0.3,9,1.4021412317100388,0.02358056783633206,1.298269864018758,0.07635075805686528,0.5248333333333334,0.031056453972295853,0.4751666666666667,0.031056453972295853,38.251817067464195,0.11095849853482995
0.3,10,1.3675575054108535,0.03205467317657074,1.2793690012613934,0.07442236148259723,0.5359333333333334,0.025400262465835512,0.4640666666666666,0.025400262465835512,38.37946319580078,0.11844520205864334
0.3,11,1.3281168813697313,0.032318678393093624,1.2070181862513223,0.03308411019625975,0.5631666666666666,0.011216654284292275,0.43683333333333335,0.011216654284292275,38.51216252644857,0.12485632275620247
0.3,12,1.2904122166926293,0.0318272068605686,1.1584586647669475,0.03699731555663186,0.5806666666666667,0.019606206500323638,0.41933333333333334,0.019606206500323638,38.65046310424805,0.1301270304544552
0.3,13,1.2575921052963634,0.03239111518420911,1.125752236843109,0.038236989339355335,0.5913666666666667,0.016313900003779972,0.40863333333333335,0.016313900003779972,38.7904307047526,0.13331765077146268
0.3,14,1.221097432642235,0.028862017641858237,1.0841189262390138,0.007930114556417572,0.6123333333333334,0.006296295206971569,0.3876666666666666,0.006296295206971569,38.93602498372396,0.1335828726186772
0.3,15,1.189158725667386,0.02838329580809303,1.0800178731282553,0.057166192737495417,0.6135666666666667,0.018565110646945618,0.38643333333333335,0.018565110646945618,39.08198165893555,0.13450312040166673
0.3,16,1.1581447947665555,0.02809797799318946,1.0229511583328248,0.015955035379945318,0.6354000000000001,0.0036097091295559684,0.3646,0.0036097091295559684,39.22953414916992,0.13572095088006386
0.3,17,1.1247733655081584,0.025585432461323308,1.0018874994595846,0.029694507425056544,0.6394333333333333,0.015841822285751497,0.3605666666666667,0.015841822285751497,39.37833913167318,0.13651170531026596
0.3,18,1.10127090696382,0.025756593343256737,0.9707963450113932,0.037190006498303375,0.6505333333333333,0.015916134371553068,0.34946666666666665,0.015916134371553068,39.52628835042318,0.1335614626287718
0.3,19,1.0755553060582024,0.02621507487380685,0.9564263153076172,0.02080245413385519,0.6571333333333332,0.013458206913750955,0.34286666666666665,0.013458206913750954,39.67502466837565,0.13312802752949154
0.3,20,1.050142957731281,0.022941785196796197,0.9119694952011108,0.03994076355706942,0.6727,0.013620939761998796,0.32730000000000004,0.013620939761998796,39.82366689046224,0.13047824132488886
0.3,21,1.0304298691534124,0.019914346340527536,0.900723256556193,0.013295139654439656,0.6773000000000001,0.007767238891652581,0.3227,0.00776723889165258,39.97177251180013,0.1299962832475131
0.3,22,1.0083348349130572,0.022073934046040498,0.890318423684438,0.039663237037574565,0.6836000000000001,0.010409610943738495,0.3164,0.010409610943738495,40.120646158854164,0.12876269628746181
0.3,23,0.9872293240578888,0.02042845503740724,0.8753223540941875,0.01810444403408476,0.6881666666666666,0.011082117727823202,0.31183333333333335,0.0110821177278232,40.269090016682945,0.12633707437546196
0.3,24,0.9714335350530939,0.017850235569798423,0.8413199048042297,0.013192119237820023,0.7045,0.006555150646628954,0.29550000000000004,0.006555150646628954,40.41595967610677,0.12600956115056977
0.3,25,0.953916335857941,0.016459427907631455,0.8440032352129618,0.039059159565508796,0.7024333333333334,0.014677988054680156,0.2975666666666667,0.014677988054680156,40.563419342041016,0.12368835692132728
0.3,26,0.9373109826448119,0.02040551659110756,0.8098942311922709,0.011839782797882696,0.7130666666666666,0.0044736264186153556,0.2869333333333334,0.0044736264186153556,40.71027628580729,0.1259278999050865
0.3,27,0.9220825256390747,0.019120001564808687,0.8171193553288778,0.026480126625363247,0.7120666666666667,0.008528970238741244,0.2879333333333333,0.008528970238741242,40.85545857747396,0.12422285056865337
0.3,28,0.9082372284098152,0.01726894958770928,0.807040947786967,0.02730613671209712,0.7162333333333333,0.00752684086010415,0.28376666666666667,0.007526840860104151,41.00137074788412,0.12534951276720893
0.3,29,0.8943815683058359,0.0159579761928308,0.7740256717999777,0.026353274348270388,0.7276333333333334,0.008914220848359812,0.27236666666666665,0.008914220848359812,41.14478302001953,0.12481845426867355
0.3,30,0.8794450568319485,0.015624369204308477,0.771259645430247,0.016063379444156794,0.7280000000000001,0.0059757844673314475,0.27199999999999996,0.0059757844673314475,41.2892214457194,0.12370894583149393
0.3,31,0.8638289060129228,0.01381670120433376,0.7444806323051453,0.031459216711179266,0.7383333333333333,0.0071500582748208405,0.26166666666666666,0.007150058274820841,41.434182484944664,0.12405042756693148
0.3,32,0.8554642787369926,0.017583815398091337,0.7603144616444905,0.013651171240102674,0.7345333333333333,0.0024006943440041005,0.2654666666666667,0.0024006943440041,41.577789306640625,0.12413944826932279
0.3,33,0.8412751257673655,0.015907848812399646,0.7330428733189901,0.02214197401147712,0.7421666666666665,0.00480138868800825,0.25783333333333336,0.00480138868800825,41.72015253702799,0.12438942858059178
0.3,34,0.8302922168554452,0.016481750996022584,0.7126983168919881,0.01895518807666659,0.7515333333333333,0.005947548514584238,0.2484666666666667,0.005947548514584238,41.86219914754232,0.12421717893049423
0.3,35,0.8171928334419074,0.014503019262612831,0.705187419986725,0.001367931612407244,0.7545000000000001,0.0017435595774163066,0.24550000000000002,0.0017435595774163068,42.00350824991862,0.12711045835260362
0.3,36,0.8080389065205899,0.016744895568781965,0.7067957701365154,0.006854369464009404,0.7527333333333334,0.0014047538337137071,0.24726666666666666,0.0014047538337137071,42.14440790812174,0.12679038691913266
0.3,37,0.7975253971946209,0.014982321310537512,0.6926391824404399,0.007768008013353423,0.7601,0.004484417464955748,0.2399,0.004484417464955748,42.28451156616211,0.12736424283226389
0.3,38,0.7875261845897632,0.013159889261833634,0.6792500630060831,0.022025878971143185,0.7619666666666666,0.007392789279651704,0.23803333333333335,0.007392789279651704,42.425665537516274,0.12673435264636151
0.3,39,0.7739840645314482,0.012994762759546764,0.6828378126780192,0.019240053295579606,0.7636,0.006165225056719365,0.23640000000000003,0.006165225056719365,42.56616083780924,0.12642289107745777
0.3,40,0.7687430591636099,0.015918583248749306,0.6746927197774251,0.01144409208109133,0.7657333333333334,0.004454585652261434,0.2342666666666667,0.004454585652261434,42.70398839314779,0.1274412513196973
0.3,41,0.7574524104290301,0.013986665238088444,0.6490692099571228,0.012985584500622892,0.7760333333333334,0.004082074635933722,0.22396666666666668,0.004082074635933722,42.84209696451823,0.13065674282306958
0.3,42,0.7474117295567235,0.013777020373563735,0.6625040507157643,0.01741148290773786,0.7726333333333333,0.005707305260219848,0.2273666666666667,0.005707305260219847,42.980533599853516,0.129509911119431
0.3,43,0.7383782998781782,0.014838064262120275,0.659189154656728,0.019375797013046123,0.7747333333333333,0.0084689629432023,0.22526666666666664,0.0084689629432023,43.118526458740234,0.1301918717188303
0.3,44,0.7308025602997619,0.012779074786103217,0.6275029832839966,0.012645169015293438,0.7828333333333334,0.0019425069712444786,0.2171666666666667,0.0019425069712444786,43.256324768066406,0.12917964767068146
0.3,45,0.722036643177652,0.013682615207997165,0.63016311917305,0.021236722400141336,0.7826333333333334,0.006612362159873978,0.21736666666666662,0.006612362159873978,43.393609364827476,0.1305412097386597
0.3,46,0.7147382925386014,0.01407306851641187,0.6148713147958119,0.01362165366453998,0.7888666666666667,0.003647373484212074,0.21113333333333328,0.003647373484212074,43.529005686442055,0.1306611943565693
0.3,47,0.7048145929718261,0.011442906091469899,0.6040993021647135,0.0014723609118831521,0.7920333333333334,0.0015011106998930293,0.20796666666666666,0.0015011106998930293,43.66387939453125,0.12951169377699076
0.3,48,0.6979229075473694,0.011784601255054239,0.5916105937957764,0.004635382119015511,0.7971,0.001044030650891004,0.2029,0.0010440306508910037,43.79865519205729,0.13092275910467366
0.3,49,0.6908797956844324,0.009719606283315052,0.5969657395998637,0.023245723323937553,0.7968999999999999,0.007566372975210763,0.20310000000000003,0.007566372975210763,43.93297322591146,0.13068462106014986
0.3,50,0.6810996415568332,0.011747988216920954,0.5911017203807831,0.009859082052516784,0.7972,0.0008544003745317695,0.20279999999999998,0.0008544003745317695,44.06713358561198,0.13272328276767423
0.3,51,0.6723112253073639,0.010462309560128974,0.57765144516627,0.0035568187010387078,0.8009333333333334,0.0017387735140993066,0.1990666666666667,0.0017387735140993068,44.198710123697914,0.1309494373365921
0.3,52,0.6665998946522812,0.006749266029881088,0.5886989488442739,0.007540424081288333,0.8001999999999999,0.00268886593194971,0.1998,0.00268886593194971,44.32960637410482,0.12971761155430273
0.3,53,0.6589218974367533,0.00850172838323454,0.5719232953071595,0.019502704739509314,0.8041666666666667,0.008140229316999203,0.19583333333333333,0.008140229316999203,44.46124394734701,0.13028648442033067
0.3,54,0.6523728847046337,0.009206245249984191,0.576200461101532,0.012225509340254218,0.8032,0.0066022723360976195,0.1968,0.0066022723360976195,44.592062632242836,0.13090786319874334
0.3,55,0.6493101466291499,0.009108331791830251,0.5553197169621785,0.004802267131957476,0.8112333333333334,0.0006658328118479938,0.18876666666666667,0.0006658328118479938,44.72076924641927,0.12912837493541615
0.3,56,0.6423192212496267,0.00774708912431089,0.5525086345354716,0.01485951334900827,0.8119000000000001,0.004327817001676466,0.18809999999999996,0.004327817001676466,44.85057576497396,0.12785375983688105
0.3,57,0.6366864346533073,0.0077865604916304895,0.5447344699700672,0.016521501192714262,0.8144,0.004026164427839484,0.18560000000000001,0.004026164427839484,44.97842788696289,0.12890612068720675
0.3,58,0.6330804776555946,0.0064838871242525525,0.539159382947286,0.005606218420965628,0.8164666666666666,0.004452340208624327,0.18353333333333333,0.004452340208624328,45.104390462239586,0.1312163383160384
0.3,59,0.6250236497307474,0.008535223585051327,0.539725149790446,0.012642014158436276,0.8161333333333333,0.0033605555096342518,0.18386666666666665,0.0033605555096342518,45.231327056884766,0.13226461717808308
0.3,60,0.6197897320055901,0.008047073254906669,0.5288179376125336,0.010653879428395028,0.8205999999999999,0.0032046840717923925,0.1794,0.0032046840717923925,45.357687632242836,0.13288300444630963
0.3,61,0.6133417794060118,0.006706218245490825,0.5327939357598623,0.007647237577225644,0.8193666666666667,0.0007767453465153793,0.18063333333333334,0.0007767453465153793,45.48273595174154,0.13441323298581184
0.3,62,0.6097567488978485,0.007523786674757257,0.533711828660965,0.018689691061379122,0.8205333333333334,0.004324735059322524,0.17946666666666666,0.004324735059322524,45.607199350992836,0.13600663393995374
0.3,63,0.6040278420627168,0.006864062644045635,0.5189744172732035,0.009471995798175968,0.8241333333333335,0.0041016256939575895,0.17586666666666664,0.0041016256939575895,45.73023986816406,0.13567116386783598
0.3,64,0.5999547664619164,0.006609565920221814,0.5111138501962026,0.012150044665659351,0.8263666666666666,0.003126233090051556,0.17363333333333333,0.0031262330900515556,45.85288111368815,0.13829549430149418
0.3,65,0.5937698296980277,0.009667019637039094,0.5152803343931834,0.012409936721694274,0.8251,0.003400000000000014,0.17490000000000003,0.003400000000000014,45.975152333577476,0.13800641462897767
0.3,66,0.5916163389335204,0.0103271095746474,0.5143207571188609,0.007022130608052922,0.8254666666666667,0.0007371114795832236,0.17453333333333332,0.0007371114795832236,46.095306396484375,0.1375660515215939
0.3,67,0.5845163565157624,0.007498725672042647,0.5045105762799581,0.011220270814727287,0.8288666666666668,0.004123509831846337,0.17113333333333333,0.004123509831846336,46.216819763183594,0.13695014122494195
0.3,68,0.5811358953477578,0.010004449645695874,0.5035538467407227,0.016378588526184852,0.8289333333333334,0.0018610033136276785,0.17106666666666667,0.0018610033136276787,46.336344401041664,0.13774386715822393
0.3,69,0.5749906196059676,0.008595300197455103,0.4942367232004801,0.008989712466285176,0.8322666666666666,0.0008504900548115076,0.16773333333333332,0.0008504900548115077,46.45720545450846,0.1386714463460984
0.3,70,0.5760574962527755,0.009076771484020769,0.5059621823628744,0.009196563177742872,0.8292,0.00276224546338666,0.17079999999999998,0.00276224546338666,46.57512919108073,0.1382948600136846
0.3,71,0.5684509071801731,0.005573127423463095,0.5015303064982096,0.0224323904391753,0.8315,0.005726255320888183,0.1685,0.005726255320888183,46.694043477376304,0.14071598129043364
0.3,72,0.564988626619739,0.006723553921305061,0.4893215953350067,0.004407332237836058,0.8347333333333333,0.001401189970465595,0.16526666666666665,0.0014011899704655948,46.81139882405599,0.1406236989018508
0.3,73,0.5640966563984967,0.007910200839973751,0.4880984023094177,0.011259478534320112,0.8355,0.0036428011200173795,0.16449999999999998,0.0036428011200173795,46.92875417073568,0.140439894760889
0.3,74,0.558225793200279,0.0070501452521510325,0.5004903783162434,0.016378888256348156,0.8312333333333334,0.003496188400720579,0.16876666666666665,0.003496188400720579,47.04686737060547,0.14297102619735877
0.3,75,0.5543930312556684,0.0065739901258656365,0.49452767279942833,0.007966458692314412,0.8333,0.0030049958402633492,0.1667,0.0030049958402633492,47.1634635925293,0.1433535196965079
0.3,76,0.5537864049834669,0.00687707392548831,0.48292607541084287,0.017148139408169574,0.8365333333333332,0.004994330118577757,0.16346666666666665,0.004994330118577757,47.279215494791664,0.1438748877393925
0.3,77,0.5498820495270098,0.005890301618603528,0.47317177680333455,0.0036711163921895242,0.8399666666666666,0.0011590225767142298,0.16003333333333336,0.0011590225767142298,47.394402821858726,0.14442897827447895
0.3,78,0.5435181291359464,0.008143024982742006,0.47757847658793134,0.014439706131110145,0.8386333333333335,0.0044230457078051205,0.16136666666666666,0.0044230457078051205,47.508995056152344,0.14700215758831048
0.3,79,0.5374276890067696,0.007949760734512272,0.4638818734804789,0.004126329845855717,0.8440333333333333,0.003156474826975998,0.15596666666666667,0.003156474826975998,47.62477111816406,0.14677098210317988
0.3,80,0.5399737446763427,0.0051176030206198705,0.4680748869101206,0.010473263631674508,0.842,0.0033511192160232284,0.158,0.0033511192160232284,47.73826471964518,0.14782632511016217
0.3,81,0.5339389301880954,0.006359491794844733,0.4662112727483114,0.0030575647282532425,0.8437333333333333,0.0016862186493255705,0.15626666666666666,0.0016862186493255705,47.852237701416016,0.1488634911406462
0.3,82,0.531511190500609,0.007131352381423938,0.4652541858990988,0.0050501250764000945,0.8441333333333333,0.0013203534880225816,0.15586666666666663,0.0013203534880225814,47.96446863810221,0.14947898090479908
0.3,83,0.5292235232273534,0.004749235580928052,0.463821869134903,0.009160063343111244,0.8450000000000001,0.0033451457367355978,0.155,0.0033451457367355978,48.07690175374349,0.15159158514449622
0.3,84,0.5252561195732078,0.006371805173599435,0.4664492624123891,0.013519374417335887,0.8432333333333334,0.005980245256955066,0.1567666666666667,0.005980245256955066,48.18814468383789,0.15430447534813155
0.3,85,0.5232845705132757,0.003978312337242949,0.4539012802600861,0.007831238267917642,0.8469000000000001,0.0022999999999999687,0.1531,0.0022999999999999687,48.298779805501304,0.15523048816285115
0.3,86,0.5184563989834408,0.00528958252581724,0.45490533820788065,0.006863547997537405,0.8472333333333334,0.0029838453936712737,0.1527666666666667,0.0029838453936712737,48.40912882486979,0.15519742195557742
0.3,87,0.5169167274709249,0.005862059000821316,0.4552808074951172,0.01143005292701519,0.8485999999999999,0.0026627053911388557,0.1514,0.0026627053911388557,48.518995920817055,0.15723638420261632
0.3,88,0.5153126128951607,0.005303485591761638,0.45920830524762474,0.015198825251722252,0.8456333333333333,0.005965176722724401,0.15436666666666668,0.005965176722724401,48.62832514444987,0.15756701724766192
0.3,89,0.5126648299580238,0.007290884406533432,0.4420969698111216,0.003849191609204909,0.8509333333333333,0.0009018499505645904,0.14906666666666668,0.0009018499505645904,48.736367543538414,0.15735486821029182
0.3,90,0.510273551188873,0.00581387394873538,0.4556484341621399,0.023704230026008938,0.8467333333333333,0.0074144004028197106,0.15326666666666666,0.0074144004028197106,48.844807942708336,0.15921654309914018
0.3,91,0.5077048705260365,0.0037826003742865216,0.4481766448656718,0.008700604958576705,0.8508,0.002107130750570537,0.1492,0.002107130750570537,48.95245107014974,0.16195195794176226
0.3,92,0.505693796625121,0.00453859434028686,0.4366042217731476,0.00800433950837309,0.8526666666666666,0.0032868424564212358,0.14733333333333334,0.0032868424564212358,49.05935414632162,0.1633055484965172
0.3,93,0.5007551000449562,0.005459181276641506,0.4523251518567403,0.012062288033699815,0.8495333333333334,0.0033501243758006153,0.15046666666666667,0.0033501243758006153,49.16670608520508,0.16423519516879728
0.3,94,0.49889780285006796,0.004834376023445944,0.44589076329867045,0.008219150606597126,0.8527,0.0018193405398660171,0.1473,0.0018193405398660171,49.27184041341146,0.16529249803338006
0.3,95,0.4945334876234066,0.00551578500335663,0.4446009099960327,0.013965258566838413,0.852,0.003214031735997605,0.148,0.003214031735997605,49.37865702311198,0.1659815987142894
0.3,96,0.4930142929740981,0.0058079788604359925,0.44050822154680885,0.003584162325577174,0.854,0.001769180601295438,0.14600000000000002,0.001769180601295438,49.484092712402344,0.16633284013378014
0.3,97,0.49099813301341716,0.0025063943258108044,0.43578332443237305,0.006935097846287406,0.8551666666666667,0.0009237604307034277,0.14483333333333334,0.0009237604307034277,49.59001032511393,0.16876107961946055
0.3,98,0.49012999115900824,0.006135947056598653,0.4338058949788412,0.00908542742971624,0.8548666666666667,0.0022810816147900885,0.1451333333333333,0.0022810816147900885,49.69601313273112,0.1680021123936862
0.3,99,0.48884481819186165,0.0037134353457940854,0.4363760566711426,0.008533386021415701,0.8548999999999999,0.00468614980554396,0.1451,0.004686149805543959,49.801387786865234,0.16876490747729733
0.3,100,0.4858324092519863,0.004778903690624262,0.4365777749379476,0.010418848208968897,0.8543666666666666,0.0023501772982763287,0.1456333333333333,0.0023501772982763287,49.90468088785807,0.1700814995512729
0.4,1,2.097293917683588,0.013365813456842549,1.9648272440592447,0.05642942795720739,0.25710000000000005,0.009395211546314446,0.7429,0.009395211546314446,37.40355936686198,0.07157868565716133
0.4,2,1.8825963731515338,0.010479191189318346,1.8368518173853559,0.09733649584446849,0.2992333333333334,0.040156859106923855,0.7007666666666665,0.04015685910692388,37.470497131347656,0.07285746931653643
0.4,3,1.7894436813071561,0.014780004864529954,1.737191142654419,0.08387131200866692,0.35840000000000005,0.03031237371107712,0.6416,0.030312373711077156,37.547690073649086,0.07477280001674684
0.4,4,1.7178471544717786,0.017322858928499232,1.6747299251556396,0.10245441496752149,0.3854,0.040524190306531725,0.6146,0.04052419030653175,37.632494608561196,0.07618998906027383
0.4,5,1.6649625140789321,0.020854902337270255,1.6163729382197063,0.03854341894957988,0.40293333333333337,0.012008885599144228,0.5970666666666666,0.012008885599144228,37.723306020100914,0.07751362880026154
0.4,6,1.616605323802073,0.02251093189026483,1.5249467304229736,0.05006178638266015,0.4397333333333333,0.019304489978586165,0.5602666666666667,0.019304489978586147,37.82013193766276,0.08051280929531643
0.4,7,1.5756458323528293,0.023618848081529448,1.5023712331136068,0.02255357943020946,0.44449999999999995,0.012781236246936355,0.5555,0.012781236246936363,37.92269388834635,0.08194649314166427
0.4,8,1.5372759626141395,0.019155261181767757,1.4296395448048909,0.04383108256699638,0.4718333333333333,0.011275785264598371,0.5281666666666668,0.011275785264598371,38.0300547281901,0.081061218014917
0.4,9,1.5026897677781736,0.01839132328919785,1.4416934796651206,0.0368568086425045,0.4679333333333333,0.01615992986783462,0.5320666666666667,0.0161599298678346,38.14217631022135,0.08159644017061597
0.4,10,1.4735307037982794,0.016616536287421838,1.3991566535313924,0.019330706229946648,0.4855666666666667,0.004933896364267645,0.5144333333333333,0.004933896364267645,38.256997426350914,0.08263013909666105
0.4,11,1.442367584199247,0.02030420289988964,1.3435375616073608,0.048394858411561506,0.5082,0.02026746160721662,0.4918,0.0202674616072166,38.37554677327474,0.08701814300159774
0.4,12,1.4139476974906824,0.020725967963681775,1.302040856933594,0.03054187366325239,0.5224333333333333,0.016012599206041898,0.4775666666666667,0.016012599206041898,38.49754206339518,0.09025976484292501
0.4,13,1.3865321607337684,0.021317664076726493,1.2682357725779216,0.028467086281982357,0.5359666666666666,0.01310623261404029,0.46403333333333335,0.01310623261404029,38.619744618733726,0.09432796289547855
0.4,14,1.3548466228361526,0.024081409455806384,1.2445844003041584,0.025805229214822513,0.5485,0.007206247289678594,0.4515,0.007206247289678594,38.74970372517904,0.09886648874285224
0.4,15,1.329252976590715,0.0261505184734587,1.2270451055526734,0.05916481948497271,0.5571,0.019511022525741707,0.4429,0.019511022525741707,38.88083140055338,0.10236849778636725
0.4,16,1.3042930915430888,0.0268139209490653,1.1846383168538412,0.030954632360105414,0.5704666666666667,0.011569067954391722,0.4295333333333333,0.011569067954391722,39.01380284627279,0.10952340491211474
0.4,17,1.2758512768802335,0.025362531470882008,1.1443053429603576,0.037006658397377115,0.5836,0.01695847870535559,0.41640000000000005,0.016958478705355585,39.150299072265625,0.11356824193045237
0.4,18,1.2540409751966888,0.03099359178597885,1.1366600839932761,0.06329988256320175,0.5891666666666667,0.022886750169767094,0.41083333333333333,0.022886750169767094,39.28843434651693,0.119679583569486
0.4,19,1.2305086218995713,0.030085880145360292,1.1412918807347616,0.04042664731448559,0.5863333333333333,0.019525453473180392,0.4136666666666667,0.019525453473180396,39.42690404256185,0.12407827768405782
0.4,20,1.2075493697518482,0.030946965879037378,1.073463105328878,0.044214331178072434,0.6109,0.018356742630434197,0.3891,0.018356742630434197,39.56747690836588,0.1278008715133108
0.4,21,1.1879089456385055,0.03269496110461615,1.0466285549163818,0.04330355637555974,0.6244666666666666,0.01368734208432494,0.37553333333333333,0.013687342084324938,39.70867919921875,0.13328622273008423
0.4,22,1.1650272349668993,0.02892263805249432,1.0393379910151164,0.048560445288281705,0.6260666666666667,0.016302556036810086,0.3739333333333333,0.016302556036810086,39.85167694091797,0.13567088955338508
0.4,23,1.1446759096090344,0.028510680448726216,1.0233459926605226,0.022582513170731334,0.6315999999999999,0.008679285684893647,0.3684,0.008679285684893647,39.994317372639976,0.13765526727441144
0.4,24,1.1265433509941296,0.02892444730277799,0.988716726175944,0.030703832086649143,0.6448,0.009581753492967771,0.35519999999999996,0.009581753492967771,40.13691711425781,0.14020478313388376
0.4,25,1.1061150291386772,0.025584049483646894,0.988912935479482,0.01744070584618828,0.6454666666666666,0.006963715483370422,0.35453333333333337,0.006963715483370422,40.28065745035807,0.14130136676427005
0.4,26,1.0892063404186505,0.022743680893409318,0.9903718237559,0.05074141194174362,0.6484333333333333,0.01942404008782243,0.35156666666666664,0.01942404008782243,40.424418131510414,0.14060835091629195
0.4,27,1.0699335527745253,0.022468473822766642,0.9457971415519714,0.023956166785317305,0.6620333333333334,0.004539089482851535,0.3379666666666667,0.004539089482851535,40.567248026529946,0.13776539228274742
0.4,28,1.05288570875402,0.020253719413292622,0.9688140806198119,0.04380215292457632,0.6568333333333333,0.01053960783584161,0.3431666666666667,0.01053960783584161,40.7119140625,0.1381015996101193
0.4,29,1.037928295968845,0.015636306413762385,0.9060138506571452,0.026160480840705966,0.6763333333333333,0.010012658654589857,0.32366666666666666,0.010012658654589857,40.85480499267578,0.13328780225257209
0.4,30,1.0229036599677135,0.01628008592862893,0.904729345035553,0.014641741242841752,0.6782666666666667,0.006607823645750049,0.32173333333333337,0.006607823645750049,40.9975840250651,0.12983539240063327
0.4,31,1.0075532465741255,0.013016319997228106,0.8982877185821533,0.06729407857718206,0.6814,0.01801360596882257,0.31860000000000005,0.01801360596882257,41.14080810546875,0.12709031853294767
0.4,32,0.9957971387405428,0.012467005914103945,0.896973206583659,0.054231839636881676,0.6810666666666666,0.018131280521059022,0.31893333333333335,0.018131280521059022,41.28265126546224,0.12411785323701649
0.4,33,0.9798121172855375,0.010150184227973712,0.8606952689488728,0.02212675984357726,0.6959666666666666,0.008882191921667412,0.3040333333333333,0.008882191921667414,41.425131479899086,0.12000143119263608
0.4,34,0.9701361237990987,0.010785493740821052,0.8391482875823976,0.029812692547940257,0.7009,0.00959218431849598,0.2991,0.00959218431849598,41.56421788533529,0.11805006093417811
0.4,35,0.9551992605917493,0.008008409387101829,0.8344833724975587,0.01838247527827084,0.7043333333333334,0.0072231110564169474,0.2956666666666667,0.0072231110564169474,41.70501581827799,0.11650037736259973
0.4,36,0.9455605219392215,0.01123952473668582,0.8338613698005677,0.03764150650286102,0.7043333333333334,0.013531568029365023,0.29566666666666663,0.013531568029365023,41.84552129109701,0.11470674707182632
0.4,37,0.9324524456481088,0.005644352532617376,0.8128726057688396,0.017513905528542702,0.7147,0.0037643060449437478,0.28530000000000005,0.0037643060449437478,41.98401896158854,0.11333613908846232
0.4,38,0.9214931638547731,0.0035126633463177384,0.8006900756200155,0.02707890228748127,0.7159,0.005980802621722288,0.2841,0.005980802621722288,42.12405522664388,0.10974659712479773
0.4,39,0.9092232844612075,0.0032598981916336167,0.7941431165695191,0.015941912312276665,0.7201000000000001,0.0033511192160232267,0.2799,0.0033511192160232267,42.26332473754883,0.10768007457778771
0.4,40,0.9015850259113393,0.002191683988191667,0.8035176304181416,0.01574311309248274,0.7188333333333333,0.008859646343581332,0.2811666666666667,0.008859646343581332,42.400142669677734,0.1065372071879441
0.4,41,0.8895441826753706,0.003201601362274078,0.7662414155642191,0.006555106990376425,0.7287333333333333,0.0026727015047201446,0.27126666666666666,0.0026727015047201446,42.53910700480143,0.10409434260721526
0.4,42,0.8783591495348873,0.004410826830078745,0.7647410568555196,0.011439890189378658,0.7304333333333334,0.0031134118476894928,0.2695666666666667,0.0031134118476894928,42.67723846435547,0.1050665774639932
0.4,43,0.8708859731372565,0.0032999765170361375,0.7786311186154684,0.00934262910318672,0.7277333333333335,0.0032578111260988286,0.2722666666666667,0.0032578111260988286,42.8143196105957,0.10425112917126811
0.4,44,0.8632041243844224,0.002575619486897107,0.7443347480456035,0.0037567323574114186,0.7394666666666666,0.0033080709383768183,0.26053333333333334,0.0033080709383768183,42.94953155517578,0.10493604231489326
0.4,45,0.85175484022521,0.0029115657060362174,0.7426656788190206,0.012011078787610985,0.7417333333333334,0.004214656965084287,0.25826666666666664,0.004214656965084287,43.08427302042643,0.10530869482714654
0.4,46,0.8442429653722204,0.0018205212400022395,0.735191484483083,0.00662721063945095,0.7437999999999999,0.0009000000000000119,0.2562,0.0009000000000000119,43.218308766682945,0.10277431402689138
0.4,47,0.8368869062579806,0.00094757646683695,0.7149870688756307,0.01385995936490657,0.7506666666666666,0.0038370995990895653,0.24933333333333332,0.0038370995990895658,43.35127512613932,0.1017690351792907
0.4,48,0.8290158915702645,0.0021774871302437863,0.7207637238820394,0.01159446069681548,0.7494,0.0060555759428810845,0.2506,0.0060555759428810845,43.48565546671549,0.10381635618629066
0.4,49,0.8201493231638416,0.003248585650614462,0.7053693268458048,0.017156193553879116,0.7549333333333333,0.0053528808443055334,0.24506666666666668,0.0053528808443055334,43.6186892191569,0.10200104547642022
0.4,50,0.8093371187024713,0.0039664633267122084,0.6946423437118531,0.01572443320859693,0.7577000000000002,0.005086255990411794,0.2423,0.005086255990411795,43.75273132324219,0.10183846974692892
0.4,51,0.8017916587409258,0.00501612420416219,0.6957939757347106,0.009149294785905652,0.7589666666666667,0.0028005951748393413,0.24103333333333335,0.0028005951748393413,43.88605753580729,0.10064890610777326
0.4,52,0.7926146958693417,0.0019214511685190718,0.7001839615503948,0.035769012418892576,0.7595333333333333,0.01025686761800763,0.2404666666666667,0.01025686761800763,44.017754872639976,0.10089910967447015
0.4,53,0.7889416871270051,0.0037366777725609548,0.6903192428906758,0.01512864840345274,0.7608,0.003051229260478468,0.23919999999999997,0.003051229260478468,44.148607889811196,0.10019709285149074
0.4,54,0.7779960716675207,0.001796490854475638,0.6821579923947652,0.014102692548362512,0.7631666666666667,0.0021385353243127078,0.23683333333333334,0.0021385353243127078,44.27926890055338,0.09945201513616334
0.4,55,0.7740034411223852,0.0022562544501392775,0.6632806262969971,0.0022668596357444614,0.7703666666666668,0.0016921386861996517,0.22963333333333333,0.0016921386861996517,44.40977986653646,0.09843241804756635
0.4,56,0.7681605969345275,0.003066068340599753,0.6560129431724548,0.00984872931327812,0.7711333333333333,0.001738773514099327,0.22886666666666666,0.001738773514099327,44.53959401448568,0.09894124080532911
0.4,57,0.7582310244301295,0.002374900968901324,0.6500490662574768,0.016068957048560005,0.7764666666666667,0.003295957119462141,0.22353333333333333,0.003295957119462141,44.670223236083984,0.09957609127492055
0.4,58,0.7543761152440629,0.0037458693414784273,0.6376774108250937,0.00942944192592455,0.7780666666666667,0.0026633312473917556,0.22193333333333332,0.0026633312473917556,44.79931131998698,0.09688872997340142
0.4,59,0.748242156686482,0.00559310698643335,0.6405898004531859,0.014169937963862964,0.7796,0.0036864617182333663,0.2204,0.0036864617182333667,44.927992502848305,0.09515936052096749
0.4,60,0.7410197831175821,0.006205485519861986,0.6269952595074971,0.012387957703888572,0.7829666666666667,0.0033471380810079004,0.21703333333333333,0.0033471380810079004,45.05725860595703,0.09442553452527898
0.4,61,0.7330076665016493,0.007239756451801793,0.6129928110758464,0.015803937512042645,0.7886666666666667,0.002010804150914099,0.2113333333333333,0.002010804150914099,45.18434397379557,0.09353194081032472
0.4,62,0.7249750810256903,0.005943741469456613,0.629077182674408,0.008777913624720125,0.7844000000000001,0.00045825756949559413,0.21559999999999999,0.00045825756949559413,45.313891092936196,0.09273984242226906
0.4,63,0.7180564258206328,0.006733564797589487,0.6010525761286417,0.008988643642340475,0.7926666666666667,0.0009865765724632045,0.20733333333333334,0.0009865765724632045,45.44248580932617,0.09144370318067174
0.4,64,0.7158873363986343,0.0038888892876293366,0.591494101746877,0.005964856932235579,0.7961333333333332,0.0033545988334424477,0.20386666666666664,0.0033545988334424477,45.56842549641927,0.09193380477100982
0.4,65,0.7080093053600672,0.007250346539914797,0.6064893622398376,0.023073410254606214,0.7905000000000001,0.010578752289377052,0.2095,0.010578752289377054,45.6959342956543,0.09039608747815908
0.4,66,0.7040612937696755,0.007891725597243807,0.6066394488493602,0.009513177830598499,0.7937666666666668,0.0024172987679087986,0.2062333333333333,0.0024172987679087986,45.82018152872721,0.08951558072153232
0.4,67,0.6987526034150281,0.008251329490599474,0.589514225021998,0.008694139540395126,0.7975333333333333,0.003669241520169152,0.20246666666666666,0.003669241520169152,45.94320551554362,0.08920599748415667
0.4,68,0.6940875795033886,0.007993715958835182,0.5831083484331767,0.014749751904299998,0.8011333333333334,0.004306197084822472,0.19886666666666666,0.004306197084822472,46.065330505371094,0.08871230995771832
0.4,69,0.6862936947504273,0.007658451191552266,0.5893458369890848,0.005320072214759952,0.7979666666666666,0.003036994127971498,0.20203333333333337,0.003036994127971498,46.19013468424479,0.08742557950789513
0.4,70,0.6845380797766257,0.00760710729834232,0.5836059792041778,0.016487458219001643,0.8009000000000001,0.005350700888668719,0.19910000000000003,0.005350700888668719,46.31170654296875,0.08670660715008133
0.4,71,0.6780715971702403,0.00943170989316246,0.5833803566932678,0.014696008370518248,0.8032666666666667,0.004352393977265044,0.19673333333333332,0.004352393977265044,46.433963775634766,0.08707533439399338
0.4,72,0.6736310334512544,0.008419631442038155,0.5730471636295319,0.001273538519188304,0.8066333333333334,0.0013051181300301512,0.19336666666666666,0.0013051181300301512,46.555216471354164,0.08636365141135516
0.4,73,0.6710162231633526,0.006412893809881936,0.5735598608016969,0.00725889927856835,0.8046333333333333,0.0018556220879622544,0.1953666666666667,0.0018556220879622544,46.67461140950521,0.08595387095043287
0.4,74,0.6663887093998079,0.007996075400659313,0.5744074832916259,0.018822910917202222,0.8029666666666667,0.004329357150124391,0.19703333333333337,0.004329357150124392,46.794366200764976,0.08525294807207148
0.4,75,0.662012460261253,0.007903346622707056,0.5598528266906738,0.008284529482910726,0.8105000000000001,0.0027874719729532567,0.1895,0.0027874719729532567,46.91288375854492,0.08470617765056357
0.4,76,0.6589611598242072,0.0077955042289258175,0.5602374827384948,0.021229911920016598,0.8083,0.006415605972938148,0.1917,0.006415605972938148,47.03172047932943,0.08333861148537801
0.4,77,0.6529085222006047,0.008752956576667813,0.5532473774592082,0.0006337087330268377,0.8114,0.0019000000000000215,0.18860000000000002,0.0019000000000000215,47.150115966796875,0.08232675167510906
0.4,78,0.6477237014006267,0.007713047360542762,0.5470708212852479,0.0034083694372948545,0.8137,0.0019519221295943203,0.18630000000000002,0.0019519221295943203,47.26789474487305,0.0836140614220119
0.4,79,0.6437011979272603,0.008265603778132971,0.5474001523017883,0.008960392675815856,0.8133333333333334,0.0038527046776691202,0.18666666666666668,0.0038527046776691202,47.38647969563802,0.0851478533365053
0.4,80,0.6406249057149034,0.00663001348744641,0.5373336560408274,0.0073685554618895645,0.8161666666666667,0.0003785938897200401,0.18383333333333338,0.0003785938897200401,47.50373331705729,0.08394186243201376
0.4,81,0.6381856018370883,0.010758147357298006,0.5473663337866466,0.002913346551864647,0.8129666666666666,0.00040414518843275303,0.18703333333333336,0.00040414518843275303,47.620992024739586,0.08280779518434882
0.4,82,0.6353883453901263,0.006225484079255666,0.532735478289922,0.0026280053412623323,0.8203333333333332,0.0023965252624025485,0.17966666666666667,0.0023965252624025485,47.73505147298177,0.07984699392744052
0.4,83,0.6294953569782563,0.007122574338860755,0.526907711426417,0.005698764768710299,0.8217666666666666,0.0032883633213702675,0.17823333333333333,0.0032883633213702675,47.850503285725914,0.08042569989562194
0.4,84,0.6264353922464253,0.0067808104634157155,0.540036030546824,0.005930395125119741,0.8158333333333333,0.0034947579792216576,0.1841666666666667,0.0034947579792216576,47.96499252319336,0.07992607056802754
0.4,85,0.6259178814985563,0.005750727799125483,0.5225566366513571,0.005382062866376249,0.8234,0.0027184554438136298,0.17659999999999998,0.0027184554438136298,48.07875188191732,0.08177807186259779
0.4,86,0.6182568564642623,0.008829376907188201,0.529251291735967,0.011039843595844158,0.8215666666666667,0.0026633312473917556,0.17843333333333333,0.0026633312473917556,48.1923713684082,0.0786094524838734
0.4,87,0.6189185054964828,0.007348205145572998,0.5177699532985688,0.01417379601532427,0.8251,0.003278719262150978,0.17489999999999997,0.003278719262150978,48.303122202555336,0.07855866463888751
0.4,88,0.6140321824455098,0.00670941982846421,0.5181637363115946,0.015647215537661168,0.8233666666666667,0.006439202849214589,0.17663333333333334,0.006439202849214589,48.41410700480143,0.07916105282236206
0.4,89,0.6101404183559304,0.007864378777034931,0.515299907318751,0.005256481410287463,0.8266,0.0006557438524302379,0.1734,0.0006557438524302379,48.525194803873696,0.07862843883563907
0.4,90,0.6094892871552618,0.004917181123521057,0.5247822047869364,0.012742000077280212,0.8223333333333334,0.003008875759039136,0.17766666666666664,0.003008875759039136,48.63490676879883,0.07904976685843526
0.4,91,0.6065044221162593,0.0067941392489183055,0.5130592806975046,0.005214884711773859,0.8274,0.001752141546793552,0.17259999999999998,0.001752141546793552,48.743666330973305,0.07663986713691602
0.4,92,0.6028342531058694,0.008040055001157106,0.5060688394387564,0.005428366182360907,0.8279666666666667,0.0008504900548115707,0.17203333333333334,0.0008504900548115707,48.85296503702799,0.07674012384264074
0.4,93,0.5987137466135537,0.005726254397812089,0.5166349976698558,0.01962352988602104,0.8281333333333333,0.007452739988308577,0.17186666666666664,0.007452739988308577,48.96321360270182,0.07661762834029023
0.4,94,0.5939671696502739,0.004997513977737761,0.509056792084376,0.006630477119920716,0.8297,0.0013892443989450191,0.1703,0.0013892443989450191,49.07260386149088,0.07716657841113721
0.4,95,0.5930500252828167,0.00608141156905488,0.4999398640632629,0.013898989909332006,0.8304333333333332,0.0031895663237081857,0.16956666666666667,0.0031895663237081857,49.1795539855957,0.07607722945569709
0.4,96,0.5885318918352135,0.007076694011463829,0.49827047279675796,0.007154976086224167,0.8328000000000001,0.0018248287590894566,0.16720000000000002,0.0018248287590894566,49.28751881917318,0.07636870139088754
0.4,97,0.5864608646048914,0.006311162286824814,0.5005686810970307,0.006375963081620378,0.8316333333333333,0.0029484459183327667,0.16836666666666666,0.0029484459183327667,49.39325078328451,0.07674722396128328
0.4,98,0.586924707442395,0.007900641005835487,0.4905286560853322,0.008237991102790023,0.8350333333333334,0.0010115993936995844,0.16496666666666662,0.0010115993936995844,49.49927266438802,0.07484685058935793
0.4,99,0.58175162733465,0.008803842471668042,0.4835370754241944,0.005702573558387488,0.8363333333333335,0.003690979996333446,0.16366666666666665,0.003690979996333446,49.60633850097656,0.0746512360499866
0.4,100,0.5790081961685435,0.009189067002875815,0.5010204566001892,0.0032109901067285014,0.8326333333333333,0.001484362938547494,0.1673666666666667,0.001484362938547494,49.712197621663414,0.07461168715759117
0.5,1,2.1427939050947615,0.00899775534113381,2.033947784233093,0.02228079996814001,0.22856666666666667,0.007588368291888132,0.7714333333333333,0.007588368291888142,37.389044443766274,0.070846203642851
0.5,2,1.9458095205206192,0.010744512614148738,1.9364164309819538,0.0577806959867911,0.2642333333333333,0.024257026473443393,0.7357666666666667,0.02425702647344341,37.44500732421875,0.07009307526347734
0.5,3,1.8625465322536783,0.014281917491027715,1.8629565961201984,0.04455153983074856,0.3189666666666667,0.008974593769822294,0.6810333333333333,0.008974593769822273,37.51183573404948,0.07014559654634521
0.5,4,1.793396556367248,0.012978496685712283,1.7932283831278484,0.034206070704585284,0.3431666666666667,0.010080839912097263,0.6568333333333334,0.010080839912097317,37.58582433064779,0.06973870315267042
0.5,5,1.7426486845618114,0.012328044217570163,1.752246204630534,0.06912449704162345,0.35700000000000004,0.014404513181638602,0.6429999999999999,0.014404513181638632,37.66417439778646,0.0694085904830571
0.5,6,1.6978958234356085,0.015248060746340258,1.6661118885040285,0.022408071739302548,0.38706666666666667,0.009485427419643944,0.6129333333333333,0.009485427419643923,37.748470306396484,0.07050971482427036
0.5,7,1.658761024678353,0.018081069932717637,1.638850481923421,0.06096867691324507,0.39316666666666666,0.027212925850289102,0.6068333333333332,0.027212925850289074,37.83868535359701,0.07282460824158804
0.5,8,1.6259989514883422,0.013789471845590687,1.5673365528106686,0.04452685559854534,0.4233,0.009733961166965902,0.5767000000000001,0.009733961166965933,37.93281936645508,0.07268574831503641
0.5,9,1.5913351967308325,0.01591235954521558,1.5730832052866617,0.08375677999578905,0.4230333333333333,0.034073058761040706,0.5769666666666667,0.03407305876104068,38.03215408325195,0.07330593920794991
0.5,10,1.5660707938396718,0.01734966966659761,1.5414938477834064,0.010202693461939907,0.4347666666666667,0.0036295086903509804,0.5652333333333334,0.0036295086903509253,38.1322873433431,0.07443491538553033
0.5,11,1.5370982508321962,0.016887809519460433,1.4788669174194335,0.06461822500146837,0.45916666666666667,0.022244175267546625,0.5408333333333333,0.0222441752675466,38.23692067464193,0.07641572239370625
0.5,12,1.5134592767668298,0.01871607007530608,1.425999890136719,0.02844977879635528,0.4748333333333334,0.007295432360959375,0.5251666666666667,0.007295432360959376,38.342594146728516,0.07637918507545897
0.5,13,1.4871660264658297,0.01818498085874944,1.3993275847117108,0.0114020015202407,0.48310000000000003,0.00588982172905088,0.5169,0.00588982172905088,38.450923919677734,0.07778518532273551
0.5,14,1.461735290537913,0.017752528243549188,1.3805512669881186,0.02467511078641284,0.49803333333333333,0.007769384359994892,0.5019666666666667,0.007769384359994876,38.56534067789713,0.07891441748774475
0.5,15,1.4403090783905392,0.018482011893876132,1.3528253540674846,0.04112927024091369,0.5079,0.013077079184588598,0.4921,0.013077079184588598,38.67957560221354,0.08088792692711118
0.5,16,1.416928397826628,0.019444536588147807,1.3092201860427857,0.010748912440626797,0.5196000000000001,0.004014971979976952,0.4804,0.004014971979976952,38.7974739074707,0.08538210319223132
0.5,17,1.3933938006915705,0.018949070112985456,1.2830505551656088,0.0138040619912317,0.5284999999999999,0.0016462077633154436,0.47150000000000003,0.0016462077633154436,38.9170176188151,0.08818611008732527
0.5,18,1.3704573023756244,0.023134211131682562,1.3012163212458292,0.04025853061383539,0.5274333333333333,0.014384134778753008,0.47256666666666663,0.014384134778753008,39.04284795125326,0.09270102774039764
0.5,19,1.35087561424431,0.024432016255253222,1.2573744023640951,0.028766298303171157,0.5392666666666667,0.01080755908303693,0.4607333333333334,0.01080755908303693,39.16662470499674,0.09813921430741392
0.5,20,1.3304783305040508,0.02219743363082366,1.2132299908955892,0.03550971594021977,0.5586000000000001,0.01352811886405496,0.44139999999999996,0.01352811886405496,39.2940788269043,0.10054562011513556
0.5,21,1.3100735079195391,0.02626389879750131,1.1933166871388752,0.03588444816848338,0.5660666666666666,0.012973177457097175,0.43393333333333334,0.012973177457097175,39.42350387573242,0.10630021950514666
0.5,22,1.289060696260805,0.020965934886787538,1.1654534746170044,0.041375145098718216,0.5781,0.015291500907366798,0.4219,0.015291500907366798,39.554561614990234,0.1105461019903459
0.5,23,1.2701547520341574,0.026392518983479916,1.1596342253367107,0.03809408811800131,0.5806,0.014035312607847385,0.4194,0.014035312607847385,39.68555577596029,0.11576971990904457
0.5,24,1.2519739455680814,0.02630936553123613,1.1225609565734862,0.028296187121419035,0.594,0.009657639463140015,0.40599999999999997,0.009657639463140015,39.81859461466471,0.12140038027770278
0.5,25,1.2317656196799933,0.022953143116717114,1.1172575277964274,0.007487029333601343,0.5997666666666667,0.0033545988334424477,0.4002333333333333,0.0033545988334424477,39.952982584635414,0.12346034840187689
0.5,26,1.215439735217066,0.022370397526716237,1.0913713061014811,0.026131647605968044,0.6101333333333333,0.012020537980195969,0.38986666666666664,0.012020537980195969,40.087233225504555,0.12625275046476273
0.5,27,1.1975805216229887,0.019609213172207648,1.0723719672520955,0.011812170438644276,0.6134666666666667,0.006208327740489672,0.3865333333333334,0.006208327740489672,40.2220458984375,0.12733576038665878
0.5,28,1.181298807555554,0.021910423317560452,1.1230735511779786,0.04605225842706645,0.6040666666666668,0.01340758491799826,0.3959333333333333,0.01340758491799826,40.35758972167969,0.1309656831850995
0.5,29,1.1643132906334073,0.018944512089613272,1.0441097988128663,0.0359450213977325,0.6231333333333332,0.014544529326634614,0.3768666666666667,0.014544529326634614,40.493367513020836,0.13287565387411593
0.5,30,1.1513348949433186,0.01937652591432801,1.036659293746948,0.024520525597243027,0.6299333333333333,0.006642539674953645,0.3700666666666666,0.006642539674953645,40.62928899129232,0.13564102561122854
0.5,31,1.135449080363564,0.018039724297845585,1.0130549784342449,0.03117011547999317,0.6398666666666667,0.008648892029233165,0.36013333333333336,0.008648892029233165,40.76504643758138,0.13696285334995711
0.5,32,1.1227227251243104,0.0167235870849673,1.0366554825464884,0.025003191272807902,0.6304,0.009295697929687697,0.3696,0.009295697929687697,40.901442209879555,0.13678990327998491
0.5,33,1.1073423783594183,0.013065789577752842,0.9716779415130615,0.017866178017617324,0.6515,0.00812834546509928,0.34850000000000003,0.00812834546509928,41.0384635925293,0.13752284227914102
0.5,34,1.0945756169637857,0.015084003998939163,0.9648970996538798,0.02806099836468993,0.6576000000000001,0.010958558299338426,0.34240000000000004,0.010958558299338427,41.17359288533529,0.13753654285030972
0.5,35,1.082034225455737,0.00984814731298272,0.9673023725509643,0.050931346122206914,0.6567999999999999,0.018000833314044094,0.3432,0.018000833314044094,41.30961990356445,0.1356771439459142
0.5,36,1.0710541566822738,0.011831185308936476,0.9635324609120687,0.047604440498547756,0.6565666666666666,0.01377836468284,0.3434333333333333,0.01377836468284,41.4450569152832,0.13390201766436485
0.5,37,1.0577051266583233,0.013576672409837067,0.9289436114629109,0.015836424583336117,0.6691333333333334,0.00469183688264345,0.3308666666666667,0.00469183688264345,41.57969538370768,0.13253801358842998
0.5,38,1.0474172220815479,0.009695992915684536,0.9086042686144511,0.023647403295819536,0.6765333333333333,0.005464735431229327,0.3234666666666667,0.005464735431229327,41.71460215250651,0.13027520419009614
0.5,39,1.034398620390831,0.009031728827551735,0.9119743925412496,0.007496173190946627,0.6774333333333332,0.0010214368964029615,0.32256666666666667,0.0010214368964029615,41.84905115763346,0.12938060468127355
0.5,40,1.025634426239303,0.009549013257239536,0.9064027432123819,0.0180295884571846,0.6783333333333333,0.0033381631675718395,0.3216666666666667,0.00333816316757184,41.98110326131185,0.1274744632622646
0.5,41,1.01170856548189,0.00919159927878017,0.8684722480138142,0.014104403832225344,0.6938666666666666,0.0030730007050655444,0.3061333333333333,0.0030730007050655444,42.11557261149088,0.12473542149220446
0.5,42,1.0053645679814533,0.010551613289621516,0.8755382654190064,0.012679619478120994,0.6903,0.0028513154858766697,0.3097,0.0028513154858766697,42.24822489420573,0.12272194162805979
0.5,43,0.9936446351874922,0.011291387244110497,0.898987948735555,0.023201135462061224,0.6838666666666667,0.010366452302178083,0.3161333333333333,0.010366452302178083,42.38107554117838,0.12129184037657252
0.5,44,0.9863922137636867,0.00975760105045828,0.8500402529398601,0.018229324566260183,0.7003666666666666,0.006143560314128393,0.29963333333333336,0.006143560314128393,42.511905670166016,0.1217420026008468
0.5,45,0.9775374865592897,0.010748970067987081,0.8566416626930238,0.006117397232211329,0.7006333333333333,0.002579405616287089,0.29936666666666667,0.002579405616287089,42.64309946695963,0.12010721453433666
0.5,46,0.9684437444752745,0.009393389894842655,0.833307824643453,0.01345634207822282,0.7056666666666667,0.004742713709821962,0.29433333333333334,0.004742713709821962,42.77454630533854,0.12081890633329471
0.5,47,0.961598737160568,0.009236311981702697,0.834543693224589,0.020417087771904888,0.7057333333333333,0.00861181359141811,0.2942666666666666,0.00861181359141811,42.903621673583984,0.12021999955257673
0.5,48,0.9545002510582191,0.008645617072114285,0.8153346687952677,0.004326910031099637,0.7131333333333334,0.0004163331998932429,0.28686666666666666,0.0004163331998932429,43.03376770019531,0.12078800226580198
0.5,49,0.9458772152382801,0.010284256760064723,0.8263429377873738,0.022767923285868765,0.7108,0.007450503338701309,0.2892,0.007450503338701309,43.16282399495443,0.12073035336535515
0.5,50,0.9359295640048672,0.010000462860798087,0.8060378220876059,0.015097760797607883,0.7158333333333333,0.007650054466037034,0.2841666666666666,0.007650054466037035,43.29273986816406,0.1240363770755092
0.5,51,0.928239835599296,0.006775601084772544,0.8078317596435548,0.022634729863841678,0.7158666666666668,0.01024808925279896,0.2841333333333333,0.01024808925279896,43.420937856038414,0.12520709087760487
0.5,52,0.92075245998298,0.007721152550665691,0.8214331810951232,0.03652482228984301,0.7162333333333333,0.011692020070686362,0.28376666666666667,0.011692020070686364,43.54681650797526,0.12610839792168185
0.5,53,0.9131076660607477,0.008490810415393723,0.7947495883305867,0.01730382091858445,0.7231333333333333,0.005404936015655829,0.27686666666666665,0.005404936015655829,43.67534637451172,0.12612740057186733
0.5,54,0.9064772979682668,0.007489335302449393,0.7875403694470724,0.001231711893069051,0.7270666666666666,0.0015885003409925312,0.27293333333333336,0.0015885003409925312,43.801883697509766,0.12575232784551718
0.5,55,0.9029795962424737,0.008276101108012548,0.7902001490592956,0.01907466314539283,0.7225,0.004966890375275058,0.2775,0.004966890375275058,43.92680740356445,0.1239839941314625
0.5,56,0.8949736189049528,0.0057027708771774785,0.767226714515686,0.008425872841542968,0.7317,0.0035171010790138037,0.2683,0.0035171010790138037,44.053114573160805,0.1238893495057337
0.5,57,0.887674044465165,0.010642453975872677,0.771534057076772,0.026858612002238418,0.7300999999999999,0.009566085928947133,0.26990000000000003,0.009566085928947133,44.17894617716471,0.12324656953794667
0.5,58,0.8826938034221848,0.006169140367414774,0.7631693703015645,0.017490784661868798,0.7331,0.006352952069707476,0.26689999999999997,0.006352952069707476,44.30453872680664,0.1202434978971953
0.5,59,0.8781419887262231,0.008141971862105158,0.7494920362790426,0.010089256385272478,0.7381666666666667,0.004206344414492666,0.2618333333333333,0.004206344414492666,44.42646026611328,0.12022197406737203
0.5,60,0.870582541236487,0.007257563583416514,0.7486591427485147,0.024025964961668592,0.7395999999999999,0.007143528539874363,0.2604,0.007143528539874364,44.55142593383789,0.11611592836536834
0.5,61,0.8644311838645967,0.009407510711204997,0.7486159199078877,0.017135752950769377,0.7390333333333334,0.004965212315030811,0.2609666666666667,0.004965212315030811,44.67589823404948,0.11552903043409028
0.5,62,0.859827679492222,0.005306917099840536,0.7527350120862325,0.011599337677297641,0.7401666666666668,0.004110150037812889,0.2598333333333333,0.004110150037812888,44.801202138264976,0.11701321384146345
0.5,63,0.8519090517199355,0.006347449105329631,0.7281191219011943,0.0019126742077783076,0.7476666666666668,0.0024337899115028697,0.25233333333333335,0.0024337899115028697,44.92558797200521,0.1176748607338652
0.5,64,0.8484094073806984,0.005035631228082702,0.7137688343048095,0.006739274231903855,0.7513333333333333,0.0029501412395567645,0.24866666666666667,0.0029501412395567645,45.048824310302734,0.11640145483757357
0.5,65,0.8391522366270893,0.011251278509007331,0.7227901067733765,0.024573723577761893,0.7494666666666667,0.007396170180122491,0.25053333333333333,0.007396170180122491,45.17303593953451,0.11431373556587286
0.5,66,0.8348974699864303,0.010700280973001923,0.7088506530761719,0.012116496081082215,0.7535,0.0051468436929831005,0.24649999999999997,0.0051468436929831005,45.29458745320638,0.11262004628785979
0.5,67,0.831288072865739,0.009650656111767615,0.7038965767542521,0.014262152132000858,0.7570333333333333,0.005603867711976513,0.24296666666666666,0.005603867711976513,45.416439056396484,0.11230545503675396
0.5,68,0.8246072082060175,0.009560370506023722,0.703602255010605,0.009737998939014255,0.7578666666666667,0.0029280255007997163,0.24213333333333334,0.0029280255007997163,45.5394401550293,0.11174303430218838
0.5,69,0.819120307610976,0.011505386738624078,0.7046345052401225,0.012357970293951387,0.7568333333333334,0.005326662494783559,0.24316666666666667,0.005326662494783559,45.66177876790365,0.10929125037409729
0.5,70,0.8196292366619712,0.00859243779709712,0.7053084222475686,0.012126696043201038,0.7562000000000001,0.0027495454169735403,0.2438,0.0027495454169735403,45.77996063232422,0.10801116527928982
0.5,71,0.8116305380017962,0.008657856505438896,0.6895092518170675,0.020668231268486256,0.7629,0.007498666548127035,0.2371,0.007498666548127035,45.899121602376304,0.10997862524940212
0.5,72,0.806728018824097,0.010095729367811933,0.6837884123484294,0.01326060142194996,0.7636,0.0037509998667021862,0.23639999999999997,0.0037509998667021867,46.01885986328125,0.10875493251333718
0.5,73,0.8010607517792034,0.009542193573240081,0.6794935418446858,0.009147875724319542,0.7652,0.0048280430818293,0.2348,0.0048280430818293,46.13909784952799,0.1068127404779398
0.5,74,0.7992494579369658,0.01129480946519854,0.7124164612134298,0.029465493938225538,0.7559999999999999,0.008425556361451786,0.244,0.008425556361451786,46.257415771484375,0.10634748688017456
0.5,75,0.7922026765011156,0.007303274549587069,0.6709443522135415,0.026477009558699048,0.7724666666666667,0.008974593769822273,0.22753333333333334,0.008974593769822273,46.37587865193685,0.10586286518023331
0.5,76,0.7892954938450331,0.015154433893365297,0.6589869521458943,0.017489043818016713,0.7721,0.00623858958419287,0.22790000000000002,0.00623858958419287,46.493770599365234,0.1046945417961811
0.5,77,0.7833346203160102,0.010154229108295254,0.6511276496569315,0.014934717203494463,0.7757333333333333,0.007086842268128503,0.2242666666666667,0.007086842268128503,46.61046473185221,0.10355812987209478
0.5,78,0.778047551838435,0.011225056271275197,0.6547664195219676,0.02559708306359252,0.7755,0.009132907532653564,0.22450000000000003,0.009132907532653564,46.72696304321289,0.10337486845577616
0.5,79,0.7759420514513261,0.012478708398176558,0.6421302335739135,0.010252910370022178,0.7785666666666667,0.0031085902485425173,0.22143333333333334,0.0031085902485425173,46.84512074788412,0.10431742769622838
0.5,80,0.7727607070942364,0.011739246477951567,0.6451303263346354,0.007114165380730508,0.7798666666666666,0.0026950572040929967,0.22013333333333332,0.002695057204092997,46.961804707845054,0.10404522884835804
0.5,81,0.7678070820404339,0.01352045466340718,0.6452704469680786,0.023048316577301557,0.7803,0.008722958213817132,0.2197,0.008722958213817132,47.07888158162435,0.10310234262182713
0.5,82,0.7634875996948204,0.010809386927874903,0.645237065633138,0.021189565910547235,0.7779666666666666,0.010416013312843479,0.22203333333333333,0.010416013312843479,47.19307072957357,0.10224013532454762
0.5,83,0.7580401743464457,0.014783563499664905,0.6395032831827799,0.01695904672915552,0.7814,0.005940538696111673,0.2186,0.005940538696111673,47.310011545817055,0.1031900338131056
0.5,84,0.7567301090720976,0.015621041651558773,0.6327209468364715,0.011986373404540018,0.7830333333333334,0.005940819247657099,0.21696666666666667,0.005940819247657098,47.42350641886393,0.10282368103138038
0.5,85,0.7507875760650391,0.012607814102102379,0.6332257953325907,0.025480087128265973,0.7863666666666668,0.008696167738339304,0.21363333333333331,0.008696167738339304,47.53911590576172,0.10401736119818562
0.5,86,0.7447330546958367,0.011270470906812928,0.6232706164677938,0.005153917793735745,0.7857,0.0028160255680657912,0.21430000000000002,0.0028160255680657912,47.65355555216471,0.10499209685669222
0.5,87,0.7414206840091552,0.011981762008848668,0.6195246411959331,0.01324405263039517,0.7871333333333332,0.004932882862316188,0.21286666666666665,0.004932882862316188,47.76943588256836,0.10789909565024479
0.5,88,0.737686935643914,0.01602916464330474,0.6276062890688578,0.02184203244597406,0.7862333333333332,0.00854068693568225,0.21376666666666666,0.00854068693568225,47.88377253214518,0.10512571664479609
0.5,89,0.7347404155483229,0.013739516265823355,0.6182940456708272,0.01566946425666235,0.7884666666666665,0.006542425645991934,0.21153333333333335,0.006542425645991935,47.99602127075195,0.1054900011230937
0.5,90,0.7353130694850326,0.014345585234385448,0.6083564765453339,0.03204354486685121,0.7920666666666666,0.010991966763656666,0.20793333333333333,0.010991966763656666,48.108351389567055,0.10688291516204515
0.5,91,0.7294058040330681,0.012601388936652896,0.6147106406529744,0.014824401377291711,0.7894666666666666,0.007899578047803156,0.21053333333333335,0.007899578047803156,48.21910858154297,0.10803893123716127
0.5,92,0.7253651009699471,0.012232813390785191,0.6059173544565837,0.017973068747145417,0.7945666666666665,0.0033842773723992423,0.20543333333333336,0.0033842773723992423,48.33104960123698,0.1109943332260994
0.5,93,0.7219543780461398,0.0167945336148779,0.6034855229695638,0.019394252151645818,0.7954333333333333,0.005643875736879129,0.20456666666666667,0.005643875736879129,48.44231033325195,0.10925247689105351
0.5,94,0.7184282548388964,0.017111523693272228,0.5984953962961833,0.017495933421341585,0.7970666666666667,0.004375309512861135,0.20293333333333333,0.0043753095128611355,48.55255381266276,0.10996122930122694
0.5,95,0.7126731857822577,0.01591840031665598,0.5957885516484578,0.01879398702708493,0.7985333333333333,0.004196824196143257,0.20146666666666668,0.004196824196143257,48.66431681315104,0.1098406938230472
0.5,96,0.7096535891218259,0.014752145803166368,0.5907669765154521,0.015849770609419524,0.8001333333333335,0.007155650447956042,0.19986666666666664,0.007155650447956042,48.77499008178711,0.10951744768964383
0.5,97,0.7115957685138868,0.013388190211045375,0.5868145405451456,0.026245905922786358,0.8027666666666665,0.005918051481132411,0.19723333333333334,0.005918051481132411,48.88233947753906,0.11072389178052276
0.5,98,0.7049067235104771,0.013057106164086759,0.5860378529548645,0.017782457587505216,0.8019333333333334,0.006505638579980725,0.19806666666666664,0.006505638579980725,48.9926389058431,0.11054960046337863
0.5,99,0.7036060101439174,0.011318665408044812,0.5730160058339436,0.012935897028469234,0.8041666666666667,0.0050332229568471705,0.19583333333333333,0.0050332229568471705,49.10024897257487,0.11281122811828524
0.5,100,0.7025761121831587,0.01439179415075223,0.5862180984497071,0.024345443299416274,0.8039666666666667,0.00562168420789831,0.1960333333333333,0.00562168420789831,49.20697021484375,0.11408521252789194
0.6,1,2.187127780324866,0.008171644768803289,2.1247797428131103,0.07633080931364478,0.19776666666666665,0.010510153820631422,0.8022333333333332,0.010510153820631378,37.37891515096029,0.07146960500790572
0.6,2,1.999006746268537,0.013455691844352927,1.9948424154281614,0.07485629862130776,0.24106666666666668,0.030413209849230537,0.7589333333333332,0.0304132098492305,37.426804860432945,0.07011702569284958
0.6,3,1.9286459902871498,0.013319899010433437,1.9403809556325278,0.059899356947079464,0.28576666666666667,0.009821574890684973,0.7142333333333334,0.009821574890685,37.484335581461586,0.07055947728845602
0.6,4,1.8687680330626089,0.013905143211798079,1.8887536224365233,0.05813633637812101,0.30316666666666664,0.02497725632116812,0.6968333333333333,0.024977256321168064,37.55046844482422,0.07045145334491092
0.6,5,1.81989326785999,0.010619920315719636,1.8368696276982626,0.04829514102678747,0.31793333333333335,0.00860310021639485,0.6820666666666666,0.00860310021639482,37.62048467000326,0.07143783481065766
0.6,6,1.776794554632338,0.013136078910683219,1.7759194618860878,0.052834004548280605,0.3478333333333334,0.018071616788027926,0.6521666666666667,0.018071616788027964,37.69488652547201,0.07254255244041488
0.6,7,1.7400204350779631,0.014699512838393623,1.738692578125,0.024033982713853555,0.35000000000000003,0.010068266980965496,0.65,0.0100682669809655,37.77313741048177,0.07399037168167191
0.6,8,1.7102682140273917,0.012858270691809448,1.689803664779663,0.051112039657390654,0.3761666666666667,0.01226757243032758,0.6238333333333334,0.012267572430327587,37.85294850667318,0.0731805989812165
0.6,9,1.6826497835678011,0.01353379207586489,1.673161414909363,0.056979383533155105,0.3849,0.024668400839940957,0.6151000000000001,0.024668400839940957,37.93738047281901,0.0768081890771822
0.6,10,1.6563306086508514,0.016573226688121483,1.6652204851786294,0.02243191067214988,0.39376666666666665,0.012643707262244454,0.6062333333333333,0.012643707262244496,38.02489725748698,0.0798241902328597
0.6,11,1.6318378979999189,0.01881689234497303,1.6148815574010211,0.08410398177724002,0.4104666666666667,0.0252399154779356,0.5895333333333334,0.025239915477935585,38.11637624104818,0.08450937130718159
0.6,12,1.6074588567094727,0.020760314024620738,1.5584916036605836,0.03603239790600191,0.42500000000000004,0.008650433515148227,0.575,0.008650433515148258,38.211655934651695,0.08787546195367066
0.6,13,1.586118544459038,0.020659538575219058,1.5329537957509356,0.013672134801707968,0.43450000000000005,0.008432674546073762,0.5655,0.008432674546073738,38.307167053222656,0.09087188863942111
0.6,14,1.5622973018290136,0.02034993783539472,1.5020928637186686,0.04055243635154866,0.4502333333333333,0.013998690414940026,0.5497666666666666,0.013998690414940044,38.408041636149086,0.09316391626649119
0.6,15,1.542546553481672,0.02042927444797344,1.4921569431304933,0.03776291381754843,0.4547333333333334,0.0074379656716963395,0.5452666666666667,0.007437965671696349,38.51055908203125,0.09485643985584075
0.6,16,1.5216278008487827,0.02049465072707811,1.4555543660481771,0.03392104009753247,0.4652,0.010013490899781144,0.5348,0.010013490899781118,38.61499150594076,0.10015489307878785
0.6,17,1.5005691839097812,0.02087491426329354,1.4156878311157228,0.011703403906168483,0.47880000000000006,0.00398497176903425,0.5212,0.003984971769034298,38.721317291259766,0.10481122500934806
0.6,18,1.4838496316526044,0.024510549948908052,1.434228239695231,0.032195735974713834,0.47866666666666663,0.005437217425607799,0.5213333333333333,0.005437217425607791,38.82820510864258,0.10972480530630857
0.6,19,1.465434702054517,0.024951097965896597,1.405858052444458,0.02749424054009594,0.4854333333333334,0.010473458518241888,0.5145666666666666,0.010473458518241857,38.93657938639323,0.11731588397599245
0.6,20,1.448345030563465,0.027542299814369342,1.3500019426345826,0.021900051819154574,0.5036,0.008466404195406702,0.49639999999999995,0.008466404195406702,39.0476926167806,0.12235710056635057
0.6,21,1.4291109681027827,0.030805821034714326,1.3281691776275635,0.05796501135736721,0.5163,0.021117054718875917,0.4837,0.021117054718875917,39.15977478027344,0.13256438858142908
0.6,22,1.4130732118829334,0.028080753924493954,1.299605839284261,0.05055312681742956,0.5238,0.019937652820730956,0.47619999999999996,0.019937652820730956,39.27416483561198,0.14084849226590765
0.6,23,1.3958084981663046,0.03385165342718305,1.2981995370229085,0.03351347563067045,0.5257333333333334,0.012332207155790647,0.47426666666666667,0.012332207155790647,39.390296936035156,0.14893990292392045
0.6,24,1.3787853614143704,0.03414630596346429,1.2615231486320495,0.03674354978895538,0.5429666666666667,0.01717158505593859,0.45703333333333335,0.01717158505593859,39.50751622517904,0.1553998289877174
0.6,25,1.3593898741282262,0.031858231324714104,1.2470395788828534,0.04287852379716801,0.5459999999999999,0.017563314038073815,0.454,0.017563314038073815,39.629522959391274,0.16185269229568064
0.6,26,1.3472991650265094,0.03562810762529681,1.2301673493067422,0.05065135560975401,0.5535666666666667,0.017653422708736488,0.4464333333333333,0.01765342270873649,39.748881022135414,0.1717203052818153
0.6,27,1.3295304936826076,0.03619361032266606,1.2194427918116253,0.04407395750736575,0.5564,0.016314717282257765,0.4436,0.016314717282257765,39.871838887532554,0.17851333805218966
0.6,28,1.3138482554895898,0.03701427447412443,1.2361295139312745,0.0453673778846386,0.5532333333333334,0.013444081721461457,0.4467666666666667,0.013444081721461457,39.99502690633138,0.18523055198338684
0.6,29,1.3026202707745942,0.040313914762077914,1.1778933604558308,0.04963287335117363,0.5736,0.01857444481000712,0.42639999999999995,0.01857444481000712,40.11711502075195,0.19346357651908686
0.6,30,1.2859894339080966,0.03715374444155516,1.1822671567281087,0.03229547379077571,0.5725,0.010657860948614387,0.4275,0.010657860948614387,40.241943359375,0.19988058533307407
0.6,31,1.2724813600940168,0.040511682768855306,1.153216742261251,0.06389747158489309,0.584,0.025329034723020952,0.416,0.025329034723020952,40.365257263183594,0.20713673336523553
0.6,32,1.2602433318372273,0.03852386991172701,1.151059722963969,0.049096371622407535,0.5817,0.019960961900670038,0.41830000000000006,0.019960961900670038,40.490212758382164,0.21394908800327272
0.6,33,1.2441055618690207,0.035959449878723924,1.1122228678385417,0.050974357795514215,0.6004,0.019870581269806877,0.39959999999999996,0.019870581269806877,40.61564509073893,0.21886331527996197
0.6,34,1.2331984256031365,0.03908972998685656,1.086135521697998,0.06570589724720384,0.6103333333333333,0.022404761398714664,0.38966666666666666,0.022404761398714664,40.74185434977213,0.22354005944555774
0.6,35,1.219938086223521,0.038548375415171594,1.1095846228599548,0.030967700594703062,0.6029666666666667,0.010103629710818464,0.39703333333333335,0.010103629710818464,40.8684196472168,0.22863693524859072
0.6,36,1.2111038453337075,0.035206979844103335,1.1027198338826498,0.08180556789862982,0.6069333333333333,0.025158762555684874,0.3930666666666667,0.025158762555684874,40.99595387776693,0.2322248722990405
0.6,37,1.1953347199814806,0.03685740965794984,1.0619400527000427,0.04420354662004041,0.6185666666666667,0.016183427737452065,0.3814333333333333,0.016183427737452065,41.122947692871094,0.2362677948435418
0.6,38,1.1854389355615582,0.03426171096895964,1.0391198276519775,0.038484979061320625,0.6277333333333334,0.014458330931796153,0.3722666666666667,0.014458330931796153,41.24943542480469,0.23858853842033417
0.6,39,1.17278678876563,0.031685413899501864,1.0268952000935871,0.04737211739313777,0.6338333333333334,0.018351112591157313,0.3661666666666667,0.018351112591157313,41.377488454182945,0.2414837987541184
0.6,40,1.161141468029396,0.03600271350336664,1.0453500713030497,0.055715075169887204,0.6265666666666666,0.021354234552737644,0.37343333333333334,0.021354234552737644,41.50409189860026,0.2438226479634214
0.6,41,1.1489527127931796,0.034849902358601234,0.9981341470082601,0.04708196994845986,0.6427333333333335,0.021062130313273954,0.3572666666666666,0.021062130313273954,41.63185501098633,0.24677892819652814
0.6,42,1.1425545182577688,0.03245799321380467,1.0116731184323629,0.04748743691510322,0.6403333333333333,0.01640650277583048,0.35966666666666663,0.01640650277583048,41.75866572062174,0.24767524436739966
0.6,43,1.1316392514711755,0.02984933907901856,1.0265056334813434,0.06508350154260502,0.6345666666666666,0.022202777604014623,0.36543333333333333,0.022202777604014623,41.88615926106771,0.24829293285149792
0.6,44,1.1208474181802073,0.030149594242402027,0.982285420290629,0.03622283690750002,0.6523666666666667,0.013678572050230048,0.3476333333333333,0.013678572050230048,42.01252110799154,0.24887435573623987
0.6,45,1.1125752505134134,0.028432285185237733,0.9768948379516602,0.012074677871611634,0.6532,0.0022605309110914694,0.3468,0.0022605309110914694,42.137168884277344,0.24930176476556962
0.6,46,1.1015675493721666,0.02591937348646266,0.9745632411956787,0.044620919090998024,0.6556666666666666,0.011815385450053402,0.3443333333333333,0.011815385450053404,42.26619084676107,0.2489108998115046
0.6,47,1.0928224798256987,0.02936974863926585,0.9495283521652222,0.043079740626965006,0.6639333333333334,0.011754289996989733,0.3360666666666667,0.011754289996989735,42.39381790161133,0.2490968750502196
0.6,48,1.0885386291164063,0.03047802049398799,0.9661754006703696,0.047308860202697624,0.6605666666666666,0.014414344707038663,0.3394333333333333,0.014414344707038663,42.51997502644857,0.2522855930211412
0.6,49,1.079248048104695,0.029194081291219934,0.9575629405339559,0.026183164051432083,0.6611999999999999,0.007654410493303835,0.3388,0.007654410493303835,42.64630254109701,0.2519848214243906
0.6,50,1.068107749495055,0.027150022297958255,0.9358404723803201,0.03846868466055181,0.6678000000000001,0.015032963779641088,0.3322,0.01503296377964109,42.77295176188151,0.25399974354337773
0.6,51,1.0603521290439268,0.022749411608160925,0.9267075729370117,0.04278773291778115,0.6725333333333333,0.013082176169633733,0.3274666666666667,0.013082176169633733,42.9001096089681,0.2517169509309797
0.6,52,1.0532687198170616,0.02233212432225183,0.9354840420087179,0.04718598431619298,0.6710333333333334,0.01550043010155956,0.3289666666666667,0.015500430101559562,43.026065826416016,0.25134654552344315
0.6,53,1.0478711380779693,0.0222151170867889,0.9022752886136374,0.017077580158882312,0.6819333333333333,0.005853488988059425,0.31806666666666666,0.005853488988059424,43.15089543660482,0.2500845868387859
0.6,54,1.0391057679923499,0.025971742223971608,0.8931384766578674,0.021828012748295694,0.6843666666666666,0.004705670338361305,0.3156333333333334,0.004705670338361305,43.27615737915039,0.24981498169976346
0.6,55,1.031928242624873,0.022978387802975227,0.9030191851933798,0.01834473182571641,0.6798000000000001,0.007152621896899058,0.3202,0.007152621896899058,43.401196797688804,0.24845852557341858
0.6,56,1.0271188179753523,0.022976240728201817,0.8953409010887147,0.03353866121440573,0.6849333333333333,0.008503136676152741,0.31506666666666666,0.008503136676152743,43.52623748779297,0.24903342855737307
0.6,57,1.0184504538139316,0.022240793999157456,0.8777119181632996,0.04428492459381751,0.6887666666666666,0.015805484280253277,0.31123333333333336,0.015805484280253277,43.6487922668457,0.24946279705770674
0.6,58,1.0115931053905536,0.02141945154299657,0.8717554315567017,0.018944505065166907,0.6901999999999999,0.00407308237088326,0.3098,0.00407308237088326,43.77476119995117,0.24789934870497382
0.6,59,1.0068180941153264,0.021086324844453188,0.8658960001309713,0.03294277732296232,0.6937666666666665,0.009914299437344674,0.30623333333333336,0.009914299437344674,43.89757537841797,0.24711251301900308
0.6,60,1.0004102208120438,0.02142289261686222,0.8571747898101806,0.025668500004287876,0.6974666666666667,0.008558231904624552,0.3025333333333334,0.008558231904624552,44.020928700764976,0.2450865557544493
0.6,61,0.9921637453894685,0.020379399850244655,0.8592817740122477,0.03283886950015156,0.6976666666666667,0.010900611603636458,0.30233333333333334,0.010900611603636458,44.145041147867836,0.24336801280508388
0.6,62,0.9880681614640018,0.021079212975109327,0.8572672256469726,0.011326862552724148,0.6991666666666667,0.0007505553499464876,0.30083333333333334,0.0007505553499464875,44.26905822753906,0.24346303839283434
0.6,63,0.9828128074847625,0.018136626145297045,0.8423796516100565,0.026348514848015866,0.7040000000000001,0.006321392251711669,0.296,0.006321392251711669,44.38973617553711,0.24155948927602808
0.6,64,0.9779072120874638,0.020597314981011264,0.829036143652598,0.00907740138757987,0.7099666666666667,0.004215843134336616,0.2900333333333333,0.004215843134336617,44.51108423868815,0.2401104616433975
0.6,65,0.971452617584287,0.019719897131899134,0.8383687961260478,0.016206548745725472,0.703,0.005302829433425126,0.297,0.005302829433425126,44.63258743286133,0.23776254594561294
0.6,66,0.9658528635467308,0.022075151785151362,0.8212816322008769,0.019390335589804755,0.7103999999999999,0.005521775076911452,0.2896,0.005521775076911452,44.75388844807943,0.2379320233436446
0.6,67,0.9620897898995157,0.01817662372654538,0.8190983358065287,0.01128803337230772,0.7128666666666666,0.005000333322222967,0.28713333333333335,0.005000333322222967,44.87434005737305,0.23792159728738313
0.6,68,0.9560874885000535,0.016031647490965438,0.8135160000483195,0.024439732615400358,0.7140333333333332,0.009887534239300158,0.2859666666666667,0.009887534239300158,44.994134267171226,0.23538976944886048
0.6,69,0.949985171421308,0.017915000032047695,0.8179803780555726,0.020276842763267702,0.7140666666666666,0.00802080627701065,0.2859333333333333,0.00802080627701065,45.11514155069987,0.23250828183323527
0.6,70,0.9475006917959995,0.016417736824343495,0.8112392190933227,0.01960234705340458,0.7137666666666668,0.008455964364478657,0.28623333333333334,0.008455964364478657,45.23403549194336,0.23155572662190463
0.6,71,0.9405091869861574,0.015794559917596984,0.8100049467722575,0.023346209069900946,0.7149,0.009469424480928067,0.28509999999999996,0.009469424480928065,45.353371938069664,0.22796674394927696
0.6,72,0.9363717926127831,0.01664223996754165,0.8045362637837727,0.017178377143889662,0.7149000000000001,0.0055749439459065395,0.28509999999999996,0.0055749439459065395,45.47262191772461,0.22638703726365844
0.6,73,0.9314115957022729,0.01494478658232659,0.7989954938252767,0.02857060185521193,0.7198333333333333,0.008328465244769542,0.2801666666666667,0.008328465244769542,45.59087880452474,0.2238838654129279
0.6,74,0.9280638120566692,0.015351797263000759,0.8196462488174437,0.03419669881572193,0.7142333333333334,0.012401747188736526,0.28576666666666667,0.012401747188736526,45.70785268147787,0.22102741137804416
0.6,75,0.92306636905223,0.014978979968594739,0.7896441247940064,0.016384052444907447,0.7256333333333332,0.007686568371733464,0.2743666666666667,0.007686568371733464,45.82360967000326,0.2182316950232903
0.6,76,0.9149328294922324,0.015885717844806718,0.7873618344624838,0.0038192739601495165,0.7250333333333333,0.004338586559391558,0.27496666666666664,0.004338586559391558,45.94251378377279,0.21718970993593092
0.6,77,0.9150566681774884,0.014180462335890879,0.7699759835561116,0.015811182865638644,0.731,0.007016409338115896,0.269,0.007016409338115896,46.058125813802086,0.21297760681729405
0.6,78,0.908474173133229,0.013027535824759013,0.7694568523724873,0.014570699379673216,0.7303333333333333,0.00575007246331152,0.26966666666666667,0.00575007246331152,46.174276987711586,0.21205019318611024
0.6,79,0.9074459724312446,0.014795654691134173,0.7735140995979309,0.020584536523227625,0.7306666666666667,0.008780850376434723,0.26933333333333337,0.008780850376434723,46.28988138834635,0.2103727966058815
0.6,80,0.9011379858925114,0.010592190675743017,0.7674189122835795,0.02486566432955961,0.7331333333333333,0.008623417729261068,0.26686666666666664,0.008623417729261068,46.40551884969076,0.2076189667293387
0.6,81,0.8997560222232229,0.015162801431884022,0.7616198941866558,0.0169366565178345,0.7344333333333334,0.0066530694670455075,0.2655666666666667,0.0066530694670455075,46.52029291788737,0.20546640845662106
0.6,82,0.8932474272330398,0.013958709713746355,0.7558158041954041,0.008183655737947902,0.7378666666666667,0.0031643851430148756,0.2621333333333333,0.0031643851430148756,46.634657541910805,0.2037951792108736
0.6,83,0.8887313408213401,0.015145452494056898,0.7532516300519307,0.008023940072012854,0.7367666666666667,0.005547371750057279,0.2632333333333334,0.005547371750057279,46.74996821085612,0.20193184957844607
0.6,84,0.8841778069912422,0.012208595003583908,0.7482857584635417,0.011485972730770658,0.7380666666666666,0.0025813433195399204,0.26193333333333335,0.0025813433195399204,46.863730112711586,0.20064093318549403
0.6,85,0.880185373044888,0.014255911261596248,0.7535004389127096,0.03157858591369615,0.7384333333333334,0.012846919215645953,0.26156666666666667,0.012846919215645953,46.978468577067055,0.1982678447706215
0.6,86,0.8774165180841269,0.01152387979378081,0.7367759150822958,0.013872560297188682,0.7452,0.004200000000000021,0.2548,0.004200000000000021,47.0921999613444,0.19330598799534315
0.6,87,0.8777431046363134,0.010688834564945494,0.7366569382031759,0.01941157969283087,0.7456,0.006950539547402069,0.25439999999999996,0.006950539547402069,47.20475514729818,0.19336094098277815
0.6,88,0.871894637387935,0.01312718925695877,0.7377461745580037,0.021185332989664112,0.743,0.0078102496759066605,0.257,0.0078102496759066605,47.317090352376304,0.18998834325823807
0.6,89,0.8677649210379453,0.016878233996729237,0.7306249976158142,0.013967446101276695,0.7451333333333334,0.007683965989860523,0.2548666666666667,0.0076839659898605235,47.42970657348633,0.18794299488200417
0.6,90,0.8668710094990124,0.012934759974782932,0.7176685162544251,0.018835705653418546,0.7505000000000001,0.006345864795282083,0.24949999999999997,0.006345864795282083,47.5408566792806,0.18661132480351772
0.6,91,0.8600969748017326,0.01215497587102745,0.7340759801864625,0.012594510237387283,0.7450333333333333,0.006206716791777536,0.2549666666666667,0.006206716791777536,47.65136210123698,0.18456088295149448
0.6,92,0.8554965160082064,0.010583751163536877,0.7124926090240479,0.005542639731216535,0.7526333333333334,0.0028536526301099745,0.24736666666666665,0.0028536526301099745,47.76247024536133,0.1820724614527329
0.6,93,0.8541492502707655,0.01439427499050914,0.7248229317347209,0.02137553613345156,0.7488333333333334,0.008578072821638517,0.25116666666666665,0.008578072821638517,47.873338063557945,0.1800628975906122
0.6,94,0.8479536657443133,0.01394700473394163,0.7143401480992635,0.028761288152973977,0.7524666666666667,0.009064399226277152,0.2475333333333333,0.009064399226277152,47.98719151814779,0.1778507345613016
0.6,95,0.847404894900952,0.014406703169787349,0.7103828970273337,0.014377594632828049,0.7540333333333334,0.00514328040586293,0.24596666666666667,0.00514328040586293,48.09753545125326,0.1738602463126701
0.6,96,0.8436610427862137,0.012839267189595834,0.7108461382865906,0.019325365014247996,0.7538,0.008281907992727275,0.24619999999999997,0.008281907992727275,48.20815658569336,0.1726500411004146
0.6,97,0.8431317073000056,0.011886631625989194,0.6974776240348817,0.019985829799479018,0.7605666666666666,0.00892711226171899,0.23943333333333336,0.00892711226171899,48.31543223063151,0.16852989704161978
0.6,98,0.8397990229896064,0.011164137140286306,0.6967640056610108,0.010421597605649225,0.7603333333333334,0.005153962876596395,0.23966666666666667,0.005153962876596395,48.424933115641274,0.1653001404680006
0.6,99,0.8354270110654709,0.01437829108765558,0.6833865245819091,0.01579802337386698,0.7634,0.00878407650239909,0.2366,0.00878407650239909,48.533093770345054,0.163254035248067
0.6,100,0.8324850434842318,0.011703886967623912,0.706147548421224,0.028676246309298402,0.7585666666666667,0.009500701728468982,0.2414333333333333,0.009500701728468982,48.6413942972819,0.16048484170759067
0.7,1,2.2249174182067444,0.008705669965390347,2.1749300257364905,0.11310504228675063,0.18003333333333335,0.023628443311681232,0.8199666666666667,0.023628443311681218,37.37092971801758,0.06861979276186901
0.7,2,2.040328820241585,0.018942422086458955,2.0440004114151002,0.0608640028400297,0.2212333333333333,0.022818705776913226,0.7787666666666667,0.022818705776913258,37.413421630859375,0.0660380357211049
0.7,3,1.976900328354051,0.01889886976867341,2.004648293685913,0.031788595308990995,0.26056666666666667,0.011773841061154732,0.7394333333333334,0.011773841061154738,37.465511322021484,0.06457912357853704
0.7,4,1.9258766034070183,0.017171222890694875,1.9814269183476767,0.03370631577991288,0.2720666666666667,0.02206588618962159,0.7279333333333334,0.022065886189621617,37.52494557698568,0.06376473292904007
0.7,5,1.8854910041771682,0.01279828338842002,1.9521489907582599,0.017943575660636223,0.2771666666666667,0.008655826554023204,0.7228333333333333,0.008655826554023182,37.587518056233726,0.0636071505962491
0.7,6,1.847390758920102,0.01229658707438955,1.8913378402074177,0.04884805261655554,0.3062333333333333,0.020520802453445446,0.6937666666666665,0.020520802453445446,37.65573247273763,0.06464260963327383
0.7,7,1.8095967098879997,0.011067269683285058,1.8693105274836224,0.02302807670894858,0.30606666666666665,0.02257107293270156,0.6939333333333334,0.022571072932701598,37.7288932800293,0.0640455512124985
0.7,8,1.7786508166474961,0.007690589795639566,1.8072908992131553,0.03735621256235813,0.33193333333333336,0.007824534064935313,0.6680666666666667,0.007824534064935362,37.80403391520182,0.064720810386178
0.7,9,1.7508700175460137,0.008393282641431115,1.794039154688517,0.05432595794422847,0.34003333333333335,0.021625525041795702,0.6599666666666667,0.021625525041795702,37.881465911865234,0.06681530532885417
0.7,10,1.726788751304607,0.010225097757885174,1.7929548093159993,0.010066039728291246,0.34736666666666666,0.012881899445863307,0.6526333333333333,0.012881899445863314,37.95972188313802,0.06923828263432977
0.7,11,1.7043465351509621,0.011184810859668036,1.750572773106893,0.04620754193200341,0.3615333333333333,0.016857144874899015,0.6384666666666666,0.016857144874899022,38.0404307047526,0.07080303122107837
0.7,12,1.6842013385086514,0.013363825981433717,1.706341188367208,0.011873427994536775,0.37779999999999997,0.0077826730626437135,0.6222,0.007782673062643776,38.122362772623696,0.07048928805664606
0.7,13,1.6658195634225648,0.011868067422039552,1.6920212798436483,0.0315834500593421,0.3823666666666667,0.0069959512100452185,0.6176333333333334,0.0069959512100452375,38.20572026570638,0.07179443226643675
0.7,14,1.6448696915755796,0.013071776421925325,1.6722827788670858,0.0358003808497668,0.3891,0.015159485479395425,0.6109,0.015159485479395393,38.29384104410807,0.07216221935187804
0.7,15,1.628510470890328,0.01260575700090121,1.6556527309417726,0.0359092340942199,0.3996,0.01154296322440645,0.6003999999999999,0.01154296322440649,38.38255182902018,0.07320977142679526
0.7,16,1.6092752091211837,0.011642103985501669,1.6159642248789468,0.03815501576916107,0.4096333333333333,0.009704294581953552,0.5903666666666666,0.009704294581953552,38.474822998046875,0.0723382611567976
0.7,17,1.5915996128945704,0.01146841392641867,1.5724293669382732,0.003989849467721465,0.42523333333333335,0.004843896503160782,0.5747666666666666,0.004843896503160844,38.569079081217446,0.07316723070855327
0.7,18,1.5787364309502785,0.013895079565337498,1.5979644901911418,0.03893028421460656,0.42606666666666665,0.00964797042560421,0.5739333333333333,0.009647970425604233,38.662410736083984,0.07224969521183748
0.7,19,1.562150603771616,0.011037602392857566,1.6102992064158121,0.02224772703941439,0.41723333333333334,0.010335053620244712,0.5827666666666667,0.010335053620244727,38.757406870524086,0.07115282034297676
0.7,20,1.5478213340526754,0.01332718163366364,1.536979534594218,0.029232406762969343,0.4357333333333333,0.014647297816776072,0.5642666666666667,0.014647297816776102,38.85516611735026,0.06983040749415435
0.7,21,1.5339191540224573,0.010438111196133398,1.5000457817077635,0.04117143168957305,0.4526333333333333,0.012413030787576934,0.5473666666666667,0.012413030787576895,38.951333363850914,0.06941529264650981
0.7,22,1.5218463466397127,0.008474142284763347,1.4716544976552328,0.033734244875483224,0.4588666666666666,0.015007109426313026,0.5411333333333332,0.015007109426313,39.048805236816406,0.06983429777236833
0.7,23,1.5079705128787626,0.013413231949068051,1.479331775601705,0.01615682445262069,0.45566666666666666,0.008151278018405043,0.5443333333333333,0.008151278018405012,39.14907455444336,0.06992807398704078
0.7,24,1.4964356524052012,0.011239791589031344,1.439661936632792,0.017598234104391538,0.4753,0.005699999999999983,0.5247,0.005699999999999983,39.24664433797201,0.07228803350982282
0.7,25,1.484629035300916,0.011388181847807622,1.440346149635315,0.012801864608003009,0.4727666666666666,0.0037527767497325705,0.5272333333333333,0.0037527767497325436,39.346343994140625,0.07011713170986426
0.7,26,1.4735482707556151,0.01159152478346452,1.4098786091486613,0.01416500763175122,0.48456666666666665,0.003821430796617064,0.5154333333333333,0.0038214307966171037,39.44725036621094,0.07233592378467961
0.7,27,1.461241079311745,0.012488459099628247,1.411954182624817,0.04565848435485166,0.4850666666666667,0.013961494666880523,0.5149333333333334,0.013961494666880554,39.54833730061849,0.07178936142586476
0.7,28,1.4480328648291587,0.014532895315535773,1.4168774177551269,0.033999568728098783,0.4862333333333333,0.00982869947314157,0.5137666666666667,0.009828699473141597,39.650307973225914,0.07322339873255651
0.7,29,1.4385894157900736,0.016210275686833173,1.3700489718119304,0.026953111952488742,0.4992666666666667,0.005981081284628511,0.5007333333333334,0.005981081284628512,39.75279871622721,0.07793168913096926
0.7,30,1.4270755652169944,0.017922990027634533,1.374306799697876,0.04317436978532512,0.49543333333333334,0.011953799953710707,0.5045666666666667,0.011953799953710683,39.85803349812826,0.07978967638039147
0.7,31,1.4161685483636557,0.015469076566249759,1.339406237157186,0.016759681669439964,0.5136666666666666,0.008271839779234921,0.48633333333333334,0.008271839779234921,39.96268971761068,0.08163535842585318
0.7,32,1.406428356914569,0.01535500711529126,1.3529532939275104,0.032047376154635,0.5047333333333334,0.009852072539995524,0.49526666666666674,0.009852072539995524,40.06993865966797,0.08525490268977587
0.7,33,1.3927491073006761,0.01614181430065642,1.3059062448501588,0.05987216111734936,0.5261666666666667,0.01534611785870725,0.47383333333333333,0.01534611785870725,40.17584101359049,0.08858327741185398
0.7,34,1.3834751954164044,0.019489858980068973,1.2721014510472617,0.03947600820106702,0.5384,0.009600520819205592,0.4616,0.009600520819205592,40.28292973836263,0.09117348259924096
0.7,35,1.3707995327334068,0.021389562288538715,1.2839651648839314,0.05766569179135398,0.5325333333333333,0.019540300236519703,0.4674666666666667,0.019540300236519703,40.3938840230306,0.09648740288151515
0.7,36,1.3623811744363106,0.017060593749552513,1.2866373601277667,0.07655691742320887,0.5332,0.020450183373260954,0.46679999999999994,0.020450183373260954,40.50415166219076,0.0971758799960514
0.7,37,1.353037850732795,0.0186459587841108,1.2539646574020387,0.06046334625423752,0.5419999999999999,0.017415797426474616,0.458,0.017415797426474616,40.61293156941732,0.09931801754720608
0.7,38,1.343278614354764,0.01755164083817712,1.2263295599619548,0.038694358097162276,0.5547666666666666,0.01286247772916763,0.44523333333333337,0.01286247772916763,40.72345479329427,0.098797101382656
0.7,39,1.332933189212412,0.018770073638061175,1.220274624888102,0.03051916873606011,0.5565,0.009073588044428699,0.4435,0.009073588044428699,40.83433151245117,0.09934453659332225
0.7,40,1.322526143233388,0.01690736612531402,1.2440959164301555,0.03112155822267423,0.5499999999999999,0.009525229656024,0.45,0.009525229656024,40.94492975870768,0.09961577369884299
0.7,41,1.3096209543948485,0.021634862097086073,1.2043870780944825,0.048472074078528694,0.5627333333333333,0.015989475705392397,0.43726666666666664,0.015989475705392397,41.056644439697266,0.09982468460172003
0.7,42,1.303868619377351,0.021802045393505623,1.2014303515752156,0.060801403060282554,0.5692666666666667,0.018485760285509894,0.43073333333333336,0.018485760285509894,41.1690788269043,0.10179854572083641
0.7,43,1.2941229727567005,0.023197414721746946,1.1948937059402465,0.021248444278425347,0.5680333333333333,0.006903863652574045,0.43196666666666667,0.006903863652574045,41.2828483581543,0.1018149122558782
0.7,44,1.286127948293499,0.022411686889310597,1.184336600112915,0.029752213391281816,0.5724666666666667,0.012254522974532018,0.4275333333333333,0.012254522974532018,41.39679972330729,0.10279499484766781
0.7,45,1.27510634290796,0.020669690586220625,1.174052970123291,0.02928839978246388,0.5763333333333334,0.01750466604461033,0.42366666666666664,0.01750466604461033,41.51055908203125,0.10316954781623426
0.7,46,1.2692706007685095,0.02136332149790661,1.1659349670410155,0.005816005352436334,0.5794666666666667,0.006400260411368653,0.42053333333333337,0.006400260411368653,41.62409591674805,0.10391413362241478
0.7,47,1.2607752783930617,0.023366120558525046,1.1549618630727132,0.05283661532826791,0.5827333333333334,0.016426300050021395,0.4172666666666666,0.016426300050021395,41.737467447916664,0.10259528267462559
0.7,48,1.254979671064037,0.02383032453171887,1.1367417459487916,0.045967887812253735,0.5921666666666666,0.016854178512562826,0.4078333333333333,0.016854178512562826,41.85137685139974,0.10214076885330778
0.7,49,1.244842185642815,0.021245602544596,1.135042019526164,0.039192267074251136,0.5925333333333332,0.017402969095339234,0.40746666666666664,0.01740296909533923,41.966574350992836,0.10369620159655046
0.7,50,1.2373925595332291,0.024719244176007498,1.11225739847819,0.052454416562438655,0.5991,0.020065143906785213,0.40090000000000003,0.020065143906785213,42.08090591430664,0.10344446633468718
0.7,51,1.2276001240286376,0.024592659847977795,1.1098683718999227,0.028718579412582393,0.6,0.011220071301021246,0.39999999999999997,0.011220071301021246,42.19740422566732,0.10079188136674468
0.7,52,1.2203336093330222,0.027292725406529113,1.0976144088109334,0.04533591515914124,0.6092,0.015066187308008596,0.39080000000000004,0.015066187308008596,42.311422983805336,0.10097355492627275
0.7,53,1.212630598847925,0.029601580077548876,1.0973764952977498,0.05348380259919303,0.6059333333333333,0.02030771610332714,0.3940666666666666,0.02030771610332714,42.42456944783529,0.10021997647577613
0.7,54,1.206539281290612,0.02615383004924909,1.0880399890899657,0.03987595508792346,0.6091333333333333,0.018028958187686107,0.3908666666666667,0.018028958187686107,42.54009119669596,0.09979260604551075
0.7,55,1.2013215620296183,0.02875155300154017,1.088603335316976,0.047494447405812615,0.6102666666666666,0.021382313563628564,0.3897333333333333,0.021382313563628564,42.655206044514976,0.09923527997811445
0.7,56,1.1944582990266681,0.02752152823013934,1.0778657054265341,0.0476592410577325,0.6140333333333333,0.020920404712465115,0.3859666666666666,0.020920404712465115,42.77089309692383,0.09989079763687274
0.7,57,1.1853577953470331,0.0276962040160807,1.0683940499623616,0.055316347562651705,0.6194000000000001,0.018457789683491377,0.3806,0.01845778968349138,42.8864631652832,0.09887061900878423
0.7,58,1.1808902518117115,0.03150667940969497,1.0462285174369812,0.03819771385824456,0.6255999999999999,0.01780477464052831,0.37440000000000007,0.01780477464052831,43.0010871887207,0.10293566696437731
0.7,59,1.1724194024529908,0.028997038682033828,1.0516390817006431,0.028277136602404336,0.6234000000000001,0.014508273501695526,0.3766,0.014508273501695526,43.11470031738281,0.104288364552185
0.7,60,1.1671365043188096,0.0291788978381966,1.0616066023508708,0.015010242475268987,0.6198666666666667,0.008381129597693467,0.3801333333333334,0.008381129597693467,43.22839609781901,0.10591096918774409
0.7,61,1.1596572751279377,0.02872828041455997,1.0315418948809307,0.03701871981003572,0.6318333333333334,0.01605033748347161,0.3681666666666667,0.01605033748347161,43.34248606363932,0.10423302935460343
0.7,62,1.153974535011981,0.03013067828480561,1.0448642874399823,0.036567613532506586,0.6252666666666666,0.013344786747390643,0.37473333333333336,0.013344786747390643,43.457818349202476,0.10563359402541
0.7,63,1.1513772187127278,0.03428002680014971,1.0299286622683208,0.03726006266540329,0.6326333333333334,0.013641969554772227,0.3673666666666667,0.013641969554772227,43.57085164388021,0.10910011400407961
0.7,64,1.1461693327953342,0.02871214100340817,1.0076480617205303,0.04551678295656793,0.6412666666666667,0.018692868515381277,0.35873333333333335,0.018692868515381277,43.683816274007164,0.1105493371981566
0.7,65,1.1406811414269027,0.03223676003877682,1.0191029015858968,0.05013098248024306,0.6358333333333334,0.02266811269897283,0.3641666666666667,0.02266811269897283,43.79774729410807,0.11322957925122872
0.7,66,1.1349240610056825,0.029983396123342883,0.9952031087239582,0.042356554042078456,0.6456000000000001,0.017460526910720666,0.3544,0.017460526910720666,43.91114044189453,0.1135934820345823
0.7,67,1.12851218824598,0.031317562462070195,0.9932762407302856,0.04040205394864024,0.6466333333333333,0.016321866723305052,0.35336666666666666,0.016321866723305056,44.02356084187826,0.1154562120299514
0.7,68,1.1219662870490845,0.03384142466082748,0.9804871515274048,0.03501808613467502,0.6503666666666666,0.012593781534286386,0.3496333333333334,0.012593781534286386,44.13584009806315,0.11782656306951089
0.7,69,1.1185147593088467,0.0322675805616475,1.0068533924102783,0.06398072469049153,0.6415000000000001,0.026463559851236988,0.3585,0.026463559851236988,44.24943923950195,0.12164898904372884
0.7,70,1.1147212954738255,0.03305877043199582,1.0025017188390095,0.025767631709109753,0.6452333333333333,0.007823255929172518,0.3547666666666667,0.007823255929172518,44.36066691080729,0.12374230309868328
0.7,71,1.1092525827813533,0.02944011808290575,0.9807215115229289,0.040509151662416594,0.6501666666666667,0.017731704185817376,0.3498333333333333,0.017731704185817376,44.47403335571289,0.12644586388466553
0.7,72,1.1039175481645855,0.03125516830378526,0.9683652924219768,0.03974216704739403,0.6556000000000001,0.0162861904692288,0.3444,0.0162861904692288,44.585357666015625,0.12853545712141404
0.7,73,1.1019507363019392,0.036469916450920147,0.9651254368464152,0.03275436925686276,0.6560666666666667,0.011717223789504624,0.34393333333333337,0.011717223789504624,44.69725036621094,0.1325468792711825
0.7,74,1.095746591979382,0.03095731090655253,0.9906347294489541,0.02890792259820341,0.6491000000000001,0.010607073111843772,0.3509,0.010607073111843772,44.808058420817055,0.13276756234695622
0.7,75,1.0888714523063392,0.03170117702410811,0.9538673158645629,0.026056347755824674,0.6622666666666667,0.009846996157881491,0.3377333333333333,0.009846996157881491,44.91981887817383,0.13292739824077235
0.7,76,1.0863986017352378,0.03078516485598932,0.9566672522544861,0.046656714522663935,0.6618999999999999,0.017506855799943037,0.3381,0.017506855799943037,45.031121571858726,0.13604797073563507
0.7,77,1.0848528850515582,0.03137103554187502,0.9546670229593913,0.03580223076088037,0.6609999999999999,0.013427955912945171,0.33899999999999997,0.013427955912945171,45.13961919148763,0.13673575938021934
0.7,78,1.0769950858772257,0.030152265301795704,0.9502108726501465,0.01755088935384615,0.6628666666666667,0.0071905029958503775,0.33713333333333334,0.007190502995850378,45.24982706705729,0.13824586732645114
0.7,79,1.0767753838679777,0.03085064257786341,0.9278963624636333,0.03137431053968944,0.6709,0.010551303237041398,0.3291,0.010551303237041398,45.35843149820963,0.14122925322828966
0.7,80,1.0702902577112399,0.03320362083646994,0.9330934403101603,0.035517279401898416,0.6686,0.014896979559628883,0.3314,0.014896979559628884,45.468424479166664,0.1431459974211392
0.7,81,1.0646197195248226,0.029261497334232275,0.9284231774012248,0.024855837880501896,0.6678666666666667,0.010599213807322407,0.33213333333333334,0.010599213807322407,45.579132080078125,0.14292257654999407
0.7,82,1.0620206540096344,0.02877137825098044,0.9324919737180074,0.03432302532188431,0.6706666666666666,0.011918193375395984,0.3293333333333333,0.011918193375395984,45.68688837687174,0.14165380878446165
0.7,83,1.0590331036111582,0.03180438243935525,0.9335997342427572,0.038199543250554295,0.6699666666666667,0.014779828596209531,0.33003333333333335,0.014779828596209531,45.79632059733073,0.14178362635044997
0.7,84,1.054657235678098,0.03143193321729315,0.9098667806943258,0.024132752031880606,0.6750666666666666,0.011372481406154664,0.32493333333333335,0.011372481406154664,45.90422693888346,0.14206826837123387
0.7,85,1.0501521647433796,0.028068621542525853,0.8979657155036925,0.02856378425272586,0.6808333333333333,0.011819616463038623,0.31916666666666665,0.011819616463038625,46.01500574747721,0.14312663079773078
0.7,86,1.0437843590746148,0.028152810643669098,0.9030519837061565,0.03299474345167858,0.6798666666666667,0.013705959774249016,0.3201333333333333,0.013705959774249018,46.12505976359049,0.1450261944413144
0.7,87,1.0450330291257794,0.03251744044435308,0.9051023332595826,0.03248352443941808,0.6820666666666666,0.012302980668656397,0.31793333333333335,0.012302980668656397,46.23089726765951,0.14779174594642472
0.7,88,1.0412200668482117,0.029952041157640892,0.8970001220703124,0.025924319442991724,0.6810999999999999,0.009001666512374202,0.3189,0.009001666512374202,46.33712641398112,0.1482096312534181
0.7,89,1.0371053290489078,0.025667686738455757,0.9012504109064738,0.03114994037303829,0.6814,0.013342788314291731,0.3186,0.013342788314291731,46.44491322835287,0.149092019642798
0.7,90,1.0337952770235592,0.030737950524378284,0.897510904598236,0.020125894183344182,0.6828666666666666,0.008334466589610507,0.3171333333333333,0.008334466589610505,46.55209604899088,0.14928037718011522
0.7,91,1.028422953121091,0.029963288960725084,0.9197102635701496,0.02993699057130769,0.6774999999999999,0.008923564310296622,0.3225,0.008923564310296622,46.657979329427086,0.14921003481372128
0.7,92,1.0237095177122801,0.02897284413097523,0.8808044518152873,0.0323573722315307,0.6869333333333333,0.010507774899251199,0.31306666666666666,0.010507774899251199,46.7654177347819,0.15178677315307004
0.7,93,1.0207964897359016,0.026766653609180777,0.8895486691792805,0.026731911486002288,0.6861,0.009920181449953425,0.31389999999999996,0.009920181449953425,46.87274297078451,0.15266869752940804
0.7,94,1.0179943445901634,0.027850528010772167,0.8814565483093263,0.016102643708455273,0.6891666666666666,0.008102674455593834,0.31083333333333335,0.008102674455593834,46.97809346516927,0.1536579229663959
0.7,95,1.0152932269290686,0.027093696979917467,0.8789062009175619,0.015998784230809766,0.6899666666666667,0.0060583276020146565,0.3100333333333333,0.0060583276020146565,47.08392333984375,0.15308194063083957
0.7,96,1.0108499724135274,0.025734034166955407,0.8661653942108155,0.03225636126399146,0.6945,0.010014489502715544,0.30549999999999994,0.010014489502715546,47.19000244140625,0.15350570842899733
0.7,97,1.0096165323907862,0.028993687182690787,0.8619907821655274,0.02509027906898851,0.6945333333333332,0.009053360333783978,0.30546666666666666,0.009053360333783978,47.29403177897135,0.15537561672387967
0.7,98,1.005093688143692,0.02654971175738472,0.8654299287160239,0.0179621174391149,0.6971666666666666,0.008778572397225723,0.30283333333333334,0.008778572397225725,47.3991953531901,0.15570890799194437
0.7,99,1.003331693592787,0.025170547238013128,0.8475322283744813,0.028949103975277113,0.7004,0.01060377291344924,0.2996,0.01060377291344924,47.50478871663412,0.15682152963163798
0.7,100,1.0001672970770976,0.026874016948917955,0.8672668407440186,0.022228245430961777,0.6943,0.009417536832951608,0.3057,0.009417536832951608,47.608985900878906,0.1571546072545707
0.8,1,2.2676908306250287,0.005951313853216158,2.178838326263428,0.09309568847641388,0.16990000000000002,0.025913895886184306,0.8301,0.025913895886184295,37.36208979288737,0.06567722498488723
0.8,2,2.07713675163591,0.015045679273461801,2.116905245717367,0.05587305371865758,0.19176666666666664,0.012722159145889247,0.8082333333333334,0.012722159145889235,37.39977264404297,0.06425749907210619
0.8,3,2.0244921305600334,0.017244839829957503,2.0743793371200563,0.018642892614934882,0.21789999999999998,0.013596690773861123,0.7821000000000001,0.01359669077386112,37.44580968221029,0.06353260880164717
0.8,4,1.9796343642427487,0.017264894609862663,2.0725426989237463,0.006355898461180785,0.2338,0.012908524315350686,0.7662,0.012908524315350712,37.50094731648763,0.06086022417937111
0.8,5,1.9435864729649577,0.014449051270765945,2.0647519523620605,0.042720731801921916,0.2429,0.00530282943342514,0.7571,0.005302829433425112,37.5586903889974,0.05929103229752504
0.8,6,1.9128712383174327,0.010780999432356556,2.030691501490275,0.053513753503009034,0.25839999999999996,0.02582092174962002,0.7416,0.02582092174962,37.61912282307943,0.058544320045614565
0.8,7,1.8831817100724908,0.012871502057010398,2.024666068585714,0.014822592868589213,0.2586333333333333,0.01676613650586603,0.7413666666666666,0.016766136505866024,37.68234888712565,0.05589364706860028
0.8,8,1.8587965095337904,0.012088215349085326,1.96666252600352,0.014602220031262348,0.2811333333333333,0.006741167060185743,0.7188666666666667,0.006741167060185714,37.747249603271484,0.05226274377126646
0.8,9,1.835560378109606,0.011497244861393007,1.9461490044911702,0.045675914739106545,0.2966666666666667,0.017297495001685464,0.7033333333333333,0.017297495001685464,37.81535212198893,0.04850090673802566
0.8,10,1.8147097234530827,0.011271215697199816,1.9401696255366006,0.009924510608252973,0.2998,0.0015716233645501766,0.7002,0.0015716233645501254,37.884955088297524,0.048264735073941044
0.8,11,1.7921266601518597,0.012447151601448861,1.911804115931193,0.05627533710219613,0.3031,0.012850291825480097,0.6969,0.01285029182548011,37.9581667582194,0.0459910701982667
0.8,12,1.7716264798919663,0.016837787014717314,1.864199057197571,0.04651658717724352,0.32106666666666667,0.0113676441417443,0.6789333333333333,0.01136764414174434,38.033790588378906,0.04246469799614502
0.8,13,1.7534020335269807,0.013915245793918844,1.8501306803385418,0.04489134343209493,0.332,0.01149478142462918,0.6679999999999998,0.01149478142462921,38.11119588216146,0.03943807058535501
0.8,14,1.7338023003816403,0.01789941743520659,1.8186494904200237,0.07409178147704935,0.33830000000000005,0.030481305746309483,0.6617,0.03048130574630954,38.1912473042806,0.037331496386533984
0.8,15,1.7175279990892989,0.01913220361761763,1.8233532835006716,0.05725282647326084,0.33993333333333337,0.012590604962960815,0.6600666666666667,0.012590604962960812,38.272439320882164,0.03861207370864965
0.8,16,1.702590868601104,0.021427556566723207,1.7904576519648234,0.09585309630509424,0.35126666666666667,0.02430027434687383,0.6487333333333333,0.024300274346873763,38.35475285847982,0.04057890296211275
0.8,17,1.6843560465563083,0.02180888289485228,1.7542009784698485,0.06121355173970434,0.3542,0.015954936540143294,0.6458,0.01595493654014331,38.438411712646484,0.045836824071870876
0.8,18,1.672862764717876,0.02560028087767044,1.8022427331288655,0.04634825446983204,0.3612666666666666,0.00910457760323527,0.6387333333333334,0.009104577603235268,38.521436055501304,0.054787198783061465
0.8,19,1.659483030933858,0.0254582596983729,1.767844591840108,0.09053735132596183,0.3608,0.027622997664989206,0.6392,0.027622997664989168,38.6049919128418,0.061245845620831615
0.8,20,1.6447367901895562,0.02739341268032995,1.7170340590794881,0.05406897806034951,0.3737,0.009201630290334412,0.6263,0.00920163029033441,38.691237131754555,0.07001599471126095
0.8,21,1.6309599580667207,0.02959551683994109,1.6875819685618083,0.09642610524615693,0.39189999999999997,0.03059624159925529,0.6081,0.030596241599255322,38.777740478515625,0.07527961191539824
0.8,22,1.6206336902535476,0.02790684553466502,1.6476879450480144,0.08758869085627673,0.39493333333333336,0.029292376710218216,0.6050666666666666,0.02929237671021817,38.864803314208984,0.08155958390423915
0.8,23,1.6122127468527025,0.031013323693994805,1.6746166807810468,0.09203904889204172,0.3859666666666666,0.03230206391754764,0.6140333333333333,0.0323020639175477,38.95172119140625,0.08955406187960636
0.8,24,1.5970110081244207,0.032055653334364415,1.6158403181076049,0.06837441397054356,0.4123666666666666,0.022321364952290288,0.5876333333333333,0.022321364952290288,39.04100672403971,0.09622422558969065
0.8,25,1.5892049925813083,0.031939495052837746,1.6307326365788777,0.06375984326771558,0.4075333333333333,0.015488813167358359,0.5924666666666667,0.015488813167358376,39.12894058227539,0.10188613554922406
0.8,26,1.5787740989515948,0.03261986021878829,1.6099663838704423,0.08058047266913353,0.4182666666666666,0.020937128106149925,0.5817333333333333,0.020937128106149935,39.21703592936198,0.10697493969973926
0.8,27,1.5680685637856993,0.03317627829050475,1.6047720410664876,0.10515965798067481,0.4158666666666666,0.03628971387781025,0.5841333333333334,0.036289713877810256,39.307699839274086,0.11280673054123627
0.8,28,1.5566829479563875,0.033732095228324634,1.6415473066329955,0.06489672650138428,0.4078333333333333,0.02234554392565403,0.5921666666666666,0.022345543925654056,39.3990592956543,0.11818188620801325
0.8,29,1.548729840751804,0.033514645917912304,1.5609173139572146,0.06363902939432484,0.43163333333333337,0.016326154885132428,0.5683666666666666,0.016326154885132425,39.48996353149414,0.12404113459293453
0.8,30,1.5410284122034514,0.034259345929591165,1.5870147624969482,0.06520252037386176,0.42186666666666667,0.016337788508036615,0.5781333333333333,0.016337788508036615,39.582391103108726,0.1287413544735007
0.8,31,1.530127357542261,0.03162118493349619,1.5707183507919311,0.03603017719075194,0.4323333333333333,0.010802931700854768,0.5676666666666667,0.010802931700854739,39.674381256103516,0.13028422625577576
0.8,32,1.5232977693343102,0.033452324321084456,1.562550223414103,0.07338544069109673,0.42383333333333334,0.030710964382990872,0.5761666666666666,0.03071096438299092,39.76589330037435,0.13531933252416165
0.8,33,1.514447307850902,0.033535110083603825,1.518464736175537,0.0692713009506028,0.44849999999999995,0.015303921066184313,0.5515,0.015303921066184322,39.85651397705078,0.14000418283224478
0.8,34,1.504839431802533,0.0352608414841103,1.4934157133102417,0.06007861138229267,0.45646666666666663,0.015822241729076605,0.5435333333333333,0.015822241729076668,39.95011520385742,0.14476339783456849
0.8,35,1.4967957842787005,0.03550364459928192,1.492854926109314,0.058709793223449706,0.4542333333333333,0.015577012978531318,0.5457666666666666,0.015577012978531332,40.04403813680013,0.1476582372266403
0.8,36,1.488299522050303,0.03267525162599784,1.497940991083781,0.11274300143201482,0.4575,0.027813485937580703,0.5425,0.027813485937580703,40.14018630981445,0.1514384040173544
0.8,37,1.4811563063968682,0.03324955712144629,1.4866762627919516,0.06992618671603285,0.4599333333333333,0.023328594756935803,0.5400666666666666,0.023328594756935803,40.234291076660156,0.15638231169294778
0.8,38,1.4726166551375328,0.03284598207517045,1.442796713066101,0.07838831808992362,0.47733333333333333,0.02931933378051644,0.5226666666666667,0.02931933378051646,40.32852681477865,0.1609443972404529
0.8,39,1.4672866069853867,0.03259374803373237,1.4307830326080324,0.0767611306846411,0.47753333333333337,0.023810571881694352,0.5224666666666666,0.023810571881694338,40.42172876993815,0.16393650498015724
0.8,40,1.4587075623913088,0.03251902815526887,1.4491741247812906,0.06420017243383426,0.46903333333333336,0.017801778937323452,0.5309666666666667,0.017801778937323452,40.51689783732096,0.16800042880179855
0.8,41,1.4466102316353124,0.029396726642872455,1.4198589054107666,0.06137076036657438,0.4816666666666667,0.01795392250549537,0.5183333333333333,0.017953922505495396,40.61328125,0.17044582423195212
0.8,42,1.4430500089055132,0.03293921855055173,1.4258075960795085,0.08807585340648444,0.48636666666666667,0.02405292774972175,0.5136333333333333,0.02405292774972175,40.70737965901693,0.17378587177990498
0.8,43,1.4335951808163578,0.03118796966556433,1.3981236444473266,0.04952981524942751,0.48903333333333326,0.016224775293770113,0.5109666666666667,0.01622477529377013,40.805276234944664,0.1769187346996894
0.8,44,1.4288298653824556,0.031649007225581616,1.4081155398686727,0.044966921567445944,0.48879999999999996,0.010142484902626155,0.5112,0.010142484902626156,40.901878356933594,0.17894937099090344
0.8,45,1.4217603861116894,0.028380328008729968,1.3950528123219808,0.05483722103016829,0.48856666666666665,0.018509547086121098,0.5114333333333333,0.018509547086121125,40.99597676595052,0.18161186149199657
0.8,46,1.4134623196423817,0.02997403474786786,1.3987235815048218,0.0645063059419209,0.4897666666666667,0.02375212271215637,0.5102333333333333,0.023752122712156393,41.0931282043457,0.18417416942253712
0.8,47,1.405828902585224,0.027077428167900597,1.3674525369644164,0.0965214321571442,0.5029333333333333,0.03236639203453687,0.4970666666666667,0.03236639203453684,41.19187927246094,0.18515009480801514
0.8,48,1.4030781620502066,0.028817078850318596,1.3783894924163818,0.08352930241931535,0.5048666666666667,0.025292159522929913,0.49513333333333326,0.02529215952292988,41.28699239095052,0.1876653884780254
0.8,49,1.3951395021375184,0.02953193380378708,1.369227068456014,0.06692883420061592,0.5014,0.018665208276362717,0.4986,0.018665208276362717,41.38392639160156,0.1923147203345586
0.8,50,1.3894440432643647,0.02880455762943502,1.3547115844090782,0.08643100414378886,0.5078666666666667,0.02615823643392902,0.4921333333333333,0.02615823643392901,41.4817148844401,0.19561205483681104
0.8,51,1.3786773278178666,0.028319685249104394,1.3387129575093588,0.054565413300715127,0.5129666666666667,0.018250570767330346,0.4870333333333334,0.018250570767330346,41.58335494995117,0.19828870229374418
0.8,52,1.3752170519653995,0.02863347498575581,1.3185201123555501,0.0849054463846617,0.5208,0.024157607497432333,0.47920000000000007,0.02415760749743236,41.6808827718099,0.19950391520621202
0.8,53,1.370277428362782,0.025061268454284292,1.326867940711975,0.03930481812229468,0.5185666666666666,0.010319560714164767,0.4814333333333334,0.010319560714164767,41.779833475748696,0.19907719833337406
0.8,54,1.3655056685133056,0.02708762753542443,1.323428817176819,0.07230565829847277,0.5214333333333334,0.02009087686820396,0.47856666666666664,0.02009087686820396,41.87708536783854,0.20105460905880917
0.8,55,1.358479412925213,0.027187597395328462,1.335089385795593,0.08941407503684869,0.5174666666666666,0.026926257321308746,0.4825333333333333,0.02692625732130875,41.97541173299154,0.20192217035406457
0.8,56,1.3534855740962637,0.024051548349275927,1.3285022212346396,0.041664056895082825,0.5185000000000001,0.014231303524273526,0.48150000000000004,0.014231303524273526,42.07519785563151,0.20245597791445658
0.8,57,1.3484710186643671,0.02224529806484622,1.3169405443191529,0.08212475139976752,0.5231333333333333,0.02325517863473282,0.4768666666666667,0.023255178634732792,42.174373626708984,0.20174135249492905
0.8,58,1.340510557679569,0.027512488949318594,1.2943326018651327,0.019165224502120794,0.5341333333333332,0.005006329327294905,0.4658666666666667,0.005006329327294905,42.27684020996094,0.20544516349479608
0.8,59,1.33620531032559,0.02585937777425425,1.3039404256184894,0.06337733137098743,0.5295,0.0168911219283978,0.4705,0.0168911219283978,42.375657399495445,0.20703127587787973
0.8,60,1.3316980886439025,0.024313585962863114,1.279677340888977,0.0401836729271713,0.5379999999999999,0.0059808026217222825,0.462,0.0059808026217222825,42.47545623779297,0.20839305251247667
0.8,61,1.324039540225791,0.020303170972327804,1.2704400130589801,0.06892049856531104,0.5421,0.022326889617678505,0.4579,0.022326889617678505,42.57630920410156,0.2075659290153828
0.8,62,1.320193260476209,0.02356602793738864,1.2992499766031902,0.11467160190308007,0.5322,0.029921898335500047,0.4678,0.029921898335500047,42.676798502604164,0.20882843679568525
0.8,63,1.313217395305227,0.023249197673314802,1.2743096735636392,0.039284356333579566,0.5396333333333333,0.009317903913076856,0.46036666666666665,0.009317903913076856,42.778944651285805,0.21115047165327788
0.8,64,1.3106601673217277,0.021349501217233235,1.2454056915283205,0.042653109485684654,0.5522666666666667,0.014753417683144966,0.4477333333333333,0.014753417683144966,42.879191080729164,0.21116606822830034
0.8,65,1.3044992348930313,0.021899778299297075,1.2571761327107749,0.07431914820794723,0.5469,0.022510664139469526,0.45310000000000006,0.022510664139469526,42.98187255859375,0.21119104385802406
0.8,66,1.2990396799232242,0.021793030418883128,1.2331767932891846,0.011022448173733476,0.5542666666666667,0.003493326972004386,0.4457333333333333,0.003493326972004386,43.084774017333984,0.2124384885280223
0.8,67,1.2942466795800185,0.020767616090588404,1.2432092544555664,0.030627190305660634,0.5504333333333333,0.008254897536210464,0.44956666666666667,0.008254897536210464,43.186492919921875,0.2115637193884958
0.8,68,1.2894398648822196,0.021075417102105237,1.2284575686772665,0.025199413042409052,0.5557333333333333,0.00597020379328323,0.44426666666666664,0.00597020379328323,43.28759765625,0.2121183795407862
0.8,69,1.2836891355823474,0.02013639857915923,1.2484492596308392,0.04724249726280455,0.5494,0.021077238908357977,0.45060000000000006,0.02107723890835798,43.39065678914388,0.21014956233600124
0.8,70,1.2817291848088368,0.022698903593873884,1.231878312301636,0.04644289266333055,0.5588333333333334,0.005002332789142822,0.44116666666666665,0.005002332789142822,43.49270248413086,0.21260938545932706
0.8,71,1.2757057592793601,0.022730986458395164,1.2328958679199218,0.013412883468884992,0.5563333333333333,0.0027061657993059677,0.44366666666666665,0.0027061657993059677,43.594608306884766,0.21284539626500457
0.8,72,1.2705064455058366,0.01985723423433773,1.2155278853098552,0.01573608973553466,0.5630333333333333,0.008082903768654767,0.4369666666666667,0.008082903768654767,43.697827657063804,0.2113408769096572
0.8,73,1.270313085751562,0.020418167866972533,1.2192127171198528,0.04166530456150467,0.5647666666666668,0.013315529780423102,0.4352333333333333,0.013315529780423102,43.798787434895836,0.20959059288002896
0.8,74,1.2648738306095126,0.020233815169035087,1.2384464242299398,0.06506777535564429,0.5590333333333334,0.012614409749700255,0.4409666666666667,0.012614409749700255,43.900733947753906,0.21006430487110217
0.8,75,1.2568049254014975,0.018147035176275864,1.1898786314646403,0.033286982686629746,0.5696333333333333,0.01108166654133455,0.43036666666666673,0.01108166654133455,44.00397237141927,0.20835498680443562
0.8,76,1.2547225283946324,0.019693073562729927,1.1940981101353962,0.06275091685104675,0.5728333333333334,0.015040057624003098,0.42716666666666664,0.015040057624003098,44.106642405192055,0.21042198970890696
0.8,77,1.251649170377167,0.018721006648969526,1.1674711115519205,0.040050382337065774,0.5814333333333334,0.011088883322198524,0.4185666666666667,0.011088883322198524,44.20987447102865,0.2089593158836502
0.8,78,1.2437718711342451,0.018660904886980658,1.1923900955200195,0.030126723131257457,0.5741333333333333,0.009171877306927588,0.42586666666666667,0.00917187730692759,44.313916524251304,0.20694953433264127
0.8,79,1.2407612163900616,0.017264113743306084,1.1706797990163167,0.05468780440367126,0.5832,0.013329291053915818,0.4168,0.013329291053915818,44.41728719075521,0.20788319927376872
0.8,80,1.235744418543013,0.018433192261948093,1.172338329188029,0.03920602980208629,0.5799,0.012211060560000512,0.4201,0.012211060560000512,44.52025349934896,0.20852384667080728
0.8,81,1.2316149702868906,0.01763650611049104,1.1628800932566323,0.021317863799436773,0.5853,0.00513906606301182,0.4147,0.005139066063011821,44.625282287597656,0.20758510707032388
0.8,82,1.2286578724756267,0.018960735730203845,1.172494499206543,0.028180265723971257,0.5829333333333334,0.010048051220676254,0.41706666666666664,0.010048051220676254,44.72814687093099,0.2086993762489637
0.8,83,1.2228804494413879,0.0187151918495434,1.1651944040934246,0.0453640582311606,0.585,0.011656757696718254,0.41500000000000004,0.011656757696718254,44.83192698160807,0.2087034179867277
0.8,84,1.219843028349848,0.02063292132330877,1.1469028465270996,0.05730638544435299,0.5887666666666668,0.015829824172533737,0.41123333333333334,0.015829824172533737,44.9361203511556,0.20926170555803522
0.8,85,1.2166875211072599,0.017920920697686398,1.1432670468012491,0.006934024703335015,0.5921666666666666,0.001789785834487835,0.4078333333333333,0.001789785834487835,45.039496103922524,0.20983720360220937
0.8,86,1.214136058971197,0.015364079288322743,1.1305274940490724,0.04107634771289914,0.5992333333333333,0.012919881320404348,0.4007666666666667,0.012919881320404348,45.140054066975914,0.2093597856804248
0.8,87,1.2100115619148848,0.021651805172139348,1.1574993681589765,0.01032428666332685,0.5876666666666667,0.005198397188877884,0.4123333333333334,0.005198397188877884,45.24322509765625,0.2103189091015078
0.8,88,1.2035761454221232,0.017487646392537262,1.129715931447347,0.04491752307991854,0.5977333333333333,0.01303124450439534,0.4022666666666666,0.01303124450439534,45.34489313761393,0.20874151563855364
0.8,89,1.2019121952780474,0.01636529762808865,1.1190810930252075,0.04115579925466545,0.6004333333333333,0.01525986020032074,0.3995666666666667,0.01525986020032074,45.44731775919596,0.210115808806043
0.8,90,1.199125943840414,0.019437987596609807,1.125904183578491,0.015167032829208456,0.5959,0.007825599018605545,0.40409999999999996,0.007825599018605545,45.550559997558594,0.2103263642699977
0.8,91,1.1943642993513988,0.017545867740019556,1.153108482869466,0.003041973063678982,0.5898333333333334,0.004652239604033034,0.4101666666666666,0.004652239604033034,45.65197881062826,0.21074675113121993
0.8,92,1.189956637599584,0.013963583666859205,1.093878446261088,0.027044014685144224,0.6109333333333334,0.011906860767361525,0.3890666666666666,0.011906860767361525,45.75489934285482,0.20801999290986897
0.8,93,1.1869181839198204,0.01734266383259386,1.1308358577728272,0.027863622602088474,0.5999333333333333,0.010507774899251206,0.40006666666666674,0.010507774899251206,45.857313791910805,0.2075068012124327
0.8,94,1.1835428931117566,0.01786807755373975,1.1295105602900186,0.07331534506356199,0.6014666666666667,0.01888712083228498,0.39853333333333324,0.01888712083228498,45.95981216430664,0.20901862467105795
0.8,95,1.1781166067818547,0.018768786718693434,1.1069794158299764,0.022507437118892845,0.6082666666666666,0.0017009801096230567,0.3917333333333333,0.0017009801096230567,46.06218338012695,0.20947093503723938
0.8,96,1.1771161555735759,0.013571630492455924,1.0918609746932983,0.012840639584450636,0.6112333333333333,0.0023713568549109556,0.3887666666666667,0.0023713568549109556,46.16317876180013,0.20862217686854204
0.8,97,1.1761942022596783,0.01690914246748634,1.087669111061096,0.01884762746327807,0.6126333333333334,0.004215843134336616,0.3873666666666667,0.004215843134336616,46.26134490966797,0.20952763560489385
0.8,98,1.1711019609895204,0.016660726467343123,1.0964174759546916,0.012737737209950448,0.6095666666666667,0.008401388774085689,0.39043333333333335,0.008401388774085689,46.36201477050781,0.2096559619277931
0.8,99,1.1695572278078863,0.015096801277175846,1.0769817682266236,0.02908175173745802,0.6178666666666667,0.013401989902000875,0.38213333333333327,0.013401989902000875,46.462023417154946,0.20875323410341706
0.8,100,1.1655984052408483,0.014285172877682334,1.097827245140076,0.01215555525611109,0.6116666666666667,0.003544479275342585,0.38833333333333336,0.0035444792753425844,46.56197865804037,0.20759479004193993
0.9,1,2.3219948066978096,0.00795151105051885,2.1479985973993934,0.04654455776121187,0.17096666666666668,0.006363437226321424,0.8290333333333333,0.00636343722632143,37.358673095703125,0.07149208027238817
0.9,2,2.1340400357583804,0.009090004014807343,2.100730528004964,0.049626438062338414,0.1886,0.01138595626199222,0.8114,0.011385956261992253,37.39700571695963,0.06873505367197927
0.9,3,2.080863731901359,0.013760716570414912,2.0713587275822958,0.03812387005757204,0.19976666666666665,0.02003804714370473,0.8002333333333334,0.02003804714370474,37.438742319742836,0.06669048946834988
0.9,4,2.040917090544412,0.013358614173875958,2.0614115151723227,0.03305839017505119,0.20936666666666667,0.02393999443052009,0.7906333333333334,0.02393999443052009,37.48681767781576,0.06455243250447665
0.9,5,2.0109028018445714,0.013033932685507786,2.0805171087900796,0.03186186027175666,0.21080000000000002,0.024093775129688594,0.7892000000000001,0.024093775129688553,37.53886413574219,0.06169491466357204
0.9,6,1.9840690252217896,0.011510669319824307,2.08324258257548,0.041161576941612266,0.21983333333333333,0.026594986996299384,0.7801666666666667,0.026594986996299343,37.594244639078774,0.05960700646362861
0.9,7,1.959084692716802,0.013141395920663648,2.083659004020691,0.050247591190692276,0.2212333333333333,0.014948355539434199,0.7787666666666667,0.014948355539434256,37.651650746663414,0.055825111371149094
0.9,8,1.9360545545384504,0.013565928883247558,2.054317431386312,0.022274688352735723,0.2459,0.011889911690168254,0.7541000000000001,0.011889911690168281,37.71214930216471,0.05193308323098094
0.9,9,1.9165047458980393,0.012953672534261116,2.0695817354202273,0.027663558597064153,0.25283333333333335,0.0069615611276015715,0.7471666666666668,0.0069615611276015645,37.77232233683268,0.04844536461700392
0.9,10,1.8994241689680382,0.01041953030762456,2.0555633724848428,0.011310845540077467,0.2594666666666667,0.015307950004273378,0.7405333333333334,0.015307950004273358,37.83252080281576,0.047426200141545444
0.9,11,1.880514952736031,0.00992235516448619,2.0316804454803465,0.026312523121505293,0.26,0.01312745215188384,0.7399999999999999,0.013127452151883824,37.894631703694664,0.0447435279460675
0.9,12,1.8655299961516112,0.009070301639314814,1.994605438931783,0.032847969522477025,0.27180000000000004,0.009637945839233587,0.7281999999999998,0.009637945839233603,37.95672098795573,0.04175454437944701
0.9,13,1.8523821728105538,0.010942530787989352,1.988391685740153,0.0364940024237058,0.27993333333333337,0.012426316161008184,0.7200666666666665,0.012426316161008154,38.0184440612793,0.03958597887175406
0.9,14,1.837691529429274,0.011244922768850573,1.969242886988322,0.04288689164684969,0.2753333333333334,0.018707306950315784,0.7246666666666667,0.018707306950315743,38.0838991800944,0.03661867458247372
0.9,15,1.8235535346232004,0.01497050025355199,1.981503119913737,0.03528260387156921,0.27540000000000003,0.010410091258005388,0.7246,0.010410091258005358,38.15054829915365,0.03651507156651779
0.9,16,1.8112248209736233,0.013021807043252334,1.932585101254781,0.025387715470997756,0.29033333333333333,0.022494517850652703,0.7096666666666667,0.022494517850652734,38.21863301595052,0.03656298026551637
0.9,17,1.796111026281794,0.014977470888238488,1.9168828842163086,0.03464496665750668,0.29216666666666663,0.00955213763161594,0.7078333333333333,0.00955213763161594,38.28950754801432,0.037609862835005115
0.9,18,1.7863985881374518,0.013227431148656854,1.9213977436065672,0.01750686886387581,0.30173333333333335,0.0038734136537856875,0.6982666666666666,0.0038734136537856728,38.359901428222656,0.03541557791923331
0.9,19,1.7727191875047998,0.014652648124242329,1.9329322982788086,0.06653019977439756,0.29116666666666663,0.017511520017786397,0.7088333333333333,0.017511520017786372,38.430886586507164,0.036170147871486966
0.9,20,1.7615836408538688,0.011317265416840624,1.8920130928039551,0.015365971909232338,0.2972333333333333,0.0037287173844813455,0.7027666666666668,0.0037287173844813455,38.50372568766276,0.03497490585789565
0.9,21,1.7487372130485854,0.013230977961477342,1.8555190534591677,0.006375600646703241,0.3108666666666667,0.013927430966740898,0.6891333333333334,0.013927430966740952,38.57646052042643,0.03339884995752841
0.9,22,1.739286995503197,0.01128043583938885,1.841225430615743,0.01960917925937122,0.3115,0.020648728774430625,0.6885,0.020648728774430646,38.65003458658854,0.03251849783879705
0.9,23,1.7307313679632526,0.011301771881076866,1.877937249883016,0.030297513831695193,0.301,0.013331541546272868,0.6990000000000002,0.013331541546272864,38.72442754109701,0.03178723171840998
0.9,24,1.7199530849473046,0.01067718305646727,1.8155989016850789,0.013870997730904989,0.3217666666666667,0.021126602503321115,0.6782333333333334,0.021126602503321143,38.79850641886393,0.030020082990170265
0.9,25,1.7115296262609379,0.013456194067027662,1.841957005182902,0.03126936018191844,0.31606666666666666,0.012625899307904087,0.6839333333333334,0.012625899307904058,38.87239074707031,0.031130486504881785
0.9,26,1.7022080985481474,0.010522162104951327,1.8322800938924153,0.03621859965160995,0.31973333333333337,0.014875931343392679,0.6802666666666667,0.014875931343392696,38.94704945882162,0.030926766462606
0.9,27,1.6940075130617123,0.012556315700506599,1.8142560300827026,0.027832164593151524,0.32060000000000005,0.021661948204166684,0.6793999999999999,0.021661948204166698,39.022528330485024,0.03244504289635525
0.9,28,1.686770055198507,0.010897702123991297,1.851249556159973,0.04237284923824983,0.3136333333333334,0.010630772941481428,0.6863666666666667,0.01063077294148146,39.0956662495931,0.03316280039583924
0.9,29,1.678906266646617,0.012336195006811483,1.7776306363423664,0.024349348351334836,0.33336666666666664,0.011229128787814914,0.6666333333333333,0.011229128787814926,39.170492808024086,0.03305375732779517
0.9,30,1.6730455019894768,0.010718976268189285,1.821070061302185,0.030053994806532387,0.3189666666666667,0.016199176933823934,0.6810333333333333,0.01619917693382394,39.24357350667318,0.03415320731640453
0.9,31,1.663754785355603,0.01115742867070165,1.8161487666447957,0.015419814012824804,0.32753333333333334,0.014458676749043584,0.6724666666666667,0.01445867674904356,39.31864802042643,0.03505088293608504
0.9,32,1.6610655662653695,0.013307697529833644,1.819284834798177,0.02066485837321911,0.31883333333333336,0.014059279260806136,0.6811666666666666,0.014059279260806136,39.39201736450195,0.03482874925206055
0.9,33,1.653263448449352,0.013617838925285768,1.7644812395731606,0.003120466119997168,0.34249999999999997,0.00420356991139675,0.6575,0.004203569911396721,39.46727498372396,0.03475452717387833
0.9,34,1.6470126757129888,0.015407940535994915,1.7411479423522949,0.009082616847800543,0.3519333333333334,0.008866979944340304,0.6480666666666667,0.008866979944340304,39.543158213297524,0.036273188323285306
0.9,35,1.6415667059273165,0.016191561741810172,1.749999116007487,0.03832705476760477,0.3484,0.02104495188875469,0.6516000000000001,0.02104495188875469,39.618420918782554,0.039345606512493296
0.9,36,1.6352903277876025,0.013550340137133576,1.7304494908650716,0.025458251644853033,0.3596,0.015591343752223537,0.6404,0.015591343752223489,39.69403966267904,0.040562938363324336
0.9,37,1.6302384633034188,0.01569825026002706,1.7576825534820557,0.028315643677573856,0.3469666666666667,0.013537109489596846,0.6530333333333332,0.013537109489596846,39.767782847086586,0.04297633441679127
0.9,38,1.623988712230302,0.016057202463099714,1.7229696917851767,0.01614855932171393,0.3620333333333334,0.021249078411388414,0.6379666666666667,0.021249078411388414,39.842156728108726,0.046612113118762885
0.9,39,1.6195228017504562,0.020133840923200096,1.7014367741902667,0.03580620257275467,0.36789999999999995,0.015384407690905755,0.6321,0.015384407690905693,39.91661071777344,0.050787003098415794
0.9,40,1.6154460984219472,0.01846280184129157,1.7383947834650677,0.02159651726114748,0.3582666666666667,0.01732349079525642,0.6417333333333334,0.017323490795256358,39.991372426350914,0.05517467793765338
0.9,41,1.6082693527421685,0.01875323523395156,1.7216160740534463,0.023100979755562905,0.36083333333333334,0.007579797710581291,0.6391666666666667,0.007579797710581291,40.06746927897135,0.0586418344882371
0.9,42,1.604685404823056,0.01831247224877766,1.7019007800420125,0.03010706820922108,0.3715333333333333,0.015413089675121377,0.6284666666666666,0.01541308967512135,40.14391199747721,0.06267966053128342
0.9,43,1.60071199050035,0.021462179257357793,1.700320459810893,0.07944133602074567,0.37623333333333336,0.016257408567583363,0.6237666666666666,0.016257408567583363,40.219181060791016,0.06807928467611517
0.9,44,1.5960767506943334,0.019960951640508623,1.732920915031433,0.03871328237381344,0.36343333333333333,0.004986314604327877,0.6365666666666666,0.004986314604327883,40.29437383015951,0.07026470404396559
0.9,45,1.5895893570712154,0.021475495920004133,1.7440650858561195,0.06618505788628797,0.35613333333333336,0.003419551627528569,0.6438666666666666,0.0034195516275285554,40.369022369384766,0.07509130468019823
0.9,46,1.5852789461155377,0.020421066525894326,1.7345133895874023,0.06482435899454267,0.3616,0.022788813045000807,0.6384,0.022788813045000834,40.44459915161133,0.07789543078695581
0.9,47,1.5804118123302475,0.02020573603525483,1.6852128021876016,0.05535515848757329,0.37653333333333333,0.019525453473180396,0.6234666666666667,0.019525453473180333,40.52178192138672,0.08007607779052127
0.9,48,1.5818234331467573,0.02048814016658367,1.7113021133422854,0.03867618519868083,0.3726333333333333,0.01152403285891418,0.6273666666666667,0.011524032858914157,40.596439361572266,0.0827685172039726
0.9,49,1.5749649864328488,0.02092685758703279,1.6934762367248535,0.02095720044653185,0.3774666666666667,0.00788310429547479,0.6225333333333333,0.007883104295474777,40.67283376057943,0.08766553498188387
0.9,50,1.5683072785079124,0.020873642861342384,1.667967055575053,0.024762852926051317,0.38260000000000005,0.013432423459673989,0.6174,0.013432423459673996,40.750868479410805,0.09023015556444762
0.9,51,1.561883151988544,0.020887856969778573,1.713562623723348,0.04244907103248441,0.36976666666666663,0.01505799898171512,0.6302333333333333,0.01505799898171512,40.82882308959961,0.09276711503557768
0.9,52,1.5616080866648616,0.019887948165167126,1.6561413011550903,0.0786894094730033,0.3904666666666666,0.023931638751521662,0.6095333333333334,0.02393163875152169,40.90414174397787,0.09077983419556633
0.9,53,1.5559790886474894,0.021495536276332262,1.6620931995391846,0.05032674433022713,0.38730000000000003,0.015478695035435005,0.6126999999999999,0.015478695035434973,40.98181915283203,0.09298643589905427
0.9,54,1.5528076904407444,0.018952597746687134,1.6573772429784137,0.034334420889434655,0.38916666666666666,0.017651156713749196,0.6108333333333333,0.017651156713749252,41.058939615885414,0.09127635679450499
0.9,55,1.5477875426398926,0.0201411920118649,1.677356141726176,0.044901967031442606,0.38196666666666673,0.024500068027116437,0.6180333333333333,0.024500068027116437,41.13647206624349,0.09341331785904797
0.9,56,1.5455996842843696,0.01702627214037369,1.662409242693583,0.06137288394795045,0.3913333333333333,0.023322163993363326,0.6086666666666666,0.023322163993363326,41.213645935058594,0.09342340730666703
0.9,57,1.542038271087718,0.019339442381629202,1.647890476036072,0.03824737065874673,0.39333333333333337,0.013041600106326432,0.6066666666666666,0.013041600106326413,41.28969065348307,0.09569736114344518
0.9,58,1.5382692574031924,0.020798819288161425,1.636294816080729,0.07103510289998226,0.4027333333333334,0.01687315422004238,0.5972666666666666,0.016873154220042392,41.36588668823242,0.09762215764285033
0.9,59,1.534430425388632,0.020929326008717358,1.6424066160202024,0.043849651402640286,0.4009333333333333,0.01806110000341432,0.5990666666666666,0.01806110000341432,41.44228744506836,0.10102565830971003
0.9,60,1.5314692439732143,0.01851255858207103,1.6145293668111165,0.05364667551146766,0.4051666666666667,0.016918727296499965,0.5948333333333333,0.016918727296499927,41.51961771647135,0.10201499652740321
0.9,61,1.5261465005151045,0.018205895205234038,1.626919804763794,0.05512203001945212,0.40696666666666664,0.011020586796234282,0.5930333333333334,0.011020586796234253,41.596319834391274,0.1028748541925519
0.9,62,1.5237563796665359,0.018817771135318413,1.620372365061442,0.03191146520946779,0.4055,0.012993844696624625,0.5944999999999999,0.012993844696624608,41.672298431396484,0.10390908331353575
0.9,63,1.5211711274388502,0.01784771325295855,1.6608629072825114,0.07186239225579205,0.3893,0.030813633346296547,0.6107,0.030813633346296596,41.746935526529946,0.10601199234623042
0.9,64,1.5191457414870981,0.022614466590196735,1.6096171333948772,0.01923709412744462,0.40616666666666673,0.0088556949661409,0.5938333333333333,0.008855694966140928,41.82155990600586,0.11079516093097018
0.9,65,1.5143975786744075,0.018791581494688864,1.5938745445887248,0.03872952873942072,0.4114,0.013398880550254927,0.5886,0.013398880550254927,41.897674560546875,0.11283667467705497
0.9,66,1.5101371537084163,0.021798214470870967,1.5978769762039182,0.01720886406449347,0.4082666666666667,0.005965176722724432,0.5917333333333333,0.005965176722724463,41.97329457600912,0.11628196104788911
0.9,67,1.5089229533332897,0.018066357610566765,1.614302623875936,0.04746471278175301,0.40376666666666666,0.020710947185808126,0.5962333333333334,0.020710947185808123,42.049817403157554,0.11697590031090134
0.9,68,1.505784951207583,0.019202216631265884,1.6017827527364095,0.056130571809274804,0.41009999999999996,0.01780224704917893,0.5899,0.017802247049178987,42.125831604003906,0.11794308007785144
0.9,69,1.5019767282360756,0.018647686062295533,1.6366027448654175,0.041305724222837216,0.4003666666666667,0.01359754879871124,0.5996333333333334,0.013597548798711216,42.20166015625,0.12133769951820675
0.9,70,1.5019020558623097,0.021852399667611697,1.6033931286493937,0.04898423253494654,0.414,0.0123842642090679,0.586,0.012384264209067884,42.27625020345052,0.12428427973082073
0.9,71,1.498881876214589,0.01891368482415432,1.614558309618632,0.05583762039766776,0.40693333333333337,0.02596792893808309,0.5930666666666666,0.02596792893808307,42.35216522216797,0.12578069254493612
0.9,72,1.494730863729706,0.017846799898618662,1.5928297732671102,0.051030624833355825,0.4178,0.021306337085477654,0.5822,0.021306337085477637,42.42695871988932,0.12596946174255436
0.9,73,1.4934950870829369,0.02072813876619547,1.607449933942159,0.06778809900671508,0.41306666666666664,0.02948734191705541,0.5869333333333334,0.02948734191705538,42.500448862711586,0.12841364962584295
0.9,74,1.488919979166192,0.02087083263644291,1.6277227255503337,0.0462744984598998,0.4003333333333334,0.01978644317034603,0.5996666666666667,0.01978644317034602,42.57523727416992,0.13133034067946678
0.9,75,1.486484363764042,0.01757427639579237,1.6063105131785076,0.08949139271400526,0.40499999999999997,0.0381689664518179,0.5950000000000001,0.038168966451817915,42.65054829915365,0.13163071241931767
0.9,76,1.4829473572720449,0.022022161557249755,1.603278177134196,0.10291408717162906,0.41333333333333333,0.033589631336668965,0.5866666666666667,0.03358963133666896,42.726523081461586,0.1350307333168253
0.9,77,1.4821405766463542,0.02057694325949103,1.5838493426005045,0.04791533487300242,0.41686666666666666,0.022105730780350424,0.5831333333333334,0.022105730780350462,42.80093002319336,0.1370171644564702
0.9,78,1.4779290603148256,0.020178323516637463,1.6132397303899129,0.058557704986485194,0.40713333333333335,0.02322871785814562,0.5928666666666667,0.023228717858145623,42.876539866129555,0.13904997461089574
0.9,79,1.477884371668888,0.015037896582441016,1.5768906051635743,0.08211770341014346,0.42040000000000005,0.03756647441536138,0.5796,0.03756647441536138,42.952081044514976,0.1397989761173475
0.9,80,1.47693964811034,0.017119446352567347,1.5846854979832967,0.08926757175733921,0.41386666666666666,0.03208135491735554,0.5861333333333334,0.03208135491735553,43.02490234375,0.13864026771400975
0.9,81,1.4698512862100628,0.019394173663704627,1.580927558263143,0.10396997497556382,0.41996666666666665,0.03870947343136218,0.5800333333333333,0.03870947343136214,43.101723988850914,0.13974349999572636
0.9,82,1.4700121035051466,0.0208495060664007,1.6039250789642334,0.050833218578248525,0.41346666666666665,0.016127099346545052,0.5865333333333334,0.01612709934654505,43.175682067871094,0.14177045697555948
0.9,83,1.4656011874311925,0.017254157881301267,1.5923130982716878,0.08487640703253917,0.4176666666666667,0.031119179509320853,0.5823333333333333,0.031119179509320832,43.25088246663412,0.14217587853178987
0.9,84,1.4645408672444962,0.018656283855727082,1.5923392947514852,0.09736828424017473,0.41566666666666663,0.031876375787302604,0.5843333333333334,0.03187637578730264,43.327189127604164,0.14520471794736914
0.9,85,1.46022453911774,0.01795257099066444,1.574528288650513,0.09223270056557498,0.42123333333333335,0.03322443879636395,0.5787666666666667,0.03322443879636395,43.403733571370445,0.1468090715203682
0.9,86,1.4586164329362952,0.018177958602585444,1.5463890637079876,0.04633516837396727,0.43273333333333336,0.02247094420208759,0.5672666666666667,0.02247094420208758,43.47919591267904,0.14713706684013564
0.9,87,1.457660678402542,0.01846941090367818,1.5871438117345174,0.03164711803075555,0.4271333333333333,0.015738593753360963,0.5728666666666667,0.01573859375336093,43.553670247395836,0.14981168506239234
0.9,88,1.4541685703160514,0.020635043454885156,1.6044391745885214,0.11102442904985195,0.41863333333333336,0.039289481204685485,0.5813666666666667,0.03928948120468549,43.629554748535156,0.15159615323237655
0.9,89,1.4534724708916487,0.01950522103711373,1.5676999854405722,0.08747362405763266,0.42696666666666666,0.030100221483127566,0.5730333333333333,0.030100221483127566,43.70201110839844,0.15386002542584912
0.9,90,1.4496503492145587,0.018299684308432734,1.5441524660746255,0.05720434630527035,0.4312,0.02255415704476672,0.5688,0.022554157044766772,43.777801513671875,0.15641570771246818
0.9,91,1.4460959616422855,0.01572874284386842,1.6437782903671263,0.07083870471038566,0.40219999999999995,0.025201388850616943,0.5978,0.02520138885061697,43.85269037882487,0.15881562049793277
0.9,92,1.4459363210943146,0.020760354104330952,1.514530979537964,0.058983043551580294,0.4451333333333333,0.01590513543901256,0.5548666666666666,0.015905135439012532,43.927694956461586,0.1613107577131345
0.9,93,1.4446527774986404,0.021655905366201284,1.559532659212748,0.06188584471552383,0.4240333333333333,0.02744618977806088,0.5759666666666666,0.027446189778060858,44.00237909952799,0.1662098637239922
0.9,94,1.4420370293395293,0.020591699610802084,1.5740029458363851,0.12010254510928925,0.4261333333333333,0.03781274035736282,0.5738666666666667,0.037812740357362845,44.07716369628906,0.16754694241068016
0.9,95,1.4381086778559447,0.02017620149778896,1.5421320227940878,0.08635974827461168,0.4384666666666667,0.03200630146288905,0.5615333333333333,0.03200630146288901,44.15234247843424,0.16907675422478055
0.9,96,1.4379769080943363,0.021184093344996907,1.568251960627238,0.1039817781600341,0.4299,0.03816660844245922,0.5700999999999999,0.03816660844245925,44.22583134969076,0.17025573588685022
0.9,97,1.4354034293338163,0.0163782614689472,1.5477863437016806,0.10099731909031655,0.4312,0.03262943456451554,0.5688,0.03262943456451559,44.30043156941732,0.17198735851408062
0.9,98,1.4306733347062668,0.01726121035195721,1.5525645310719807,0.06624745301226438,0.4323666666666666,0.022922550759750377,0.5676333333333333,0.022922550759750384,44.37760543823242,0.1736056153636014
0.9,99,1.4302641394193216,0.01885964839954735,1.5240436602274576,0.03466560914490081,0.44389999999999996,0.01163572086292896,0.5560999999999999,0.011635720862928951,44.45208613077799,0.17614943867432523
0.9,100,1.4286860039573597,0.017088155695260593,1.5821882142384849,0.08510977606643896,0.42766666666666664,0.02615823643392905,0.5723333333333334,0.02615823643392902,44.52741495768229,0.17851964313658458
