l2_lambda,epoch,mean_train_loss,std_train_loss,mean_test_loss,std_test_loss,mean_test_acc,std_test_acc,mean_test_error,std_test_error,mean_weight_norm,std_weight_norm
0.0,1,1.6757762846739397,0.016070088797199743,1.948280719502767,0.32269913217448104,0.3736333333333333,0.048906577608061386,0.6263666666666666,0.04890657760806143,37.626365661621094,0.07101818948796239
0.0,2,1.2899599036190719,0.02299410140125301,1.2917196955362957,0.09227453714842174,0.5532666666666667,0.01775678274162672,0.44673333333333326,0.017756782741626724,37.883836110432945,0.07129203902986128
0.0,3,1.0941266377360417,0.0259348871331434,1.3336662033081055,0.26243919025508655,0.5664999999999999,0.04536066577994637,0.4335,0.04536066577994638,38.134254455566406,0.06850975081901908
0.0,4,0.9696142106409879,0.020543225465459097,1.1645405955632528,0.154551981125583,0.6120333333333333,0.04146339751314809,0.3879666666666666,0.04146339751314809,38.373251597086586,0.06870121785712267
0.0,5,0.8762677095938421,0.015078077270346843,1.1821989627838134,0.4211750086172911,0.6180333333333333,0.0928444038880822,0.38196666666666673,0.0928444038880822,38.606658935546875,0.06564026534670928
0.0,6,0.8035362663679618,0.007498503318715,1.0456934181213378,0.05635308303615334,0.6581,0.013509996299037257,0.34190000000000004,0.013509996299037257,38.83410517374674,0.06338134032439535
0.0,7,0.743966891510509,0.009817691368008379,0.8596192679405212,0.08000680540516304,0.7071333333333333,0.01959727872265262,0.29286666666666666,0.01959727872265262,39.054290771484375,0.06082031621543264
0.0,8,0.6946797814007407,0.0074675831224773215,0.8858517410596213,0.05229736752293419,0.7052,0.013952419145080145,0.2948,0.013952419145080145,39.26883316040039,0.05761653626506303
0.0,9,0.65608542120975,0.00587378365564445,0.801468246046702,0.05232907052544529,0.7359333333333334,0.015301089285842845,0.26406666666666667,0.015301089285842846,39.47780990600586,0.055451392463174314
0.0,10,0.6232582942248407,0.00922998585516654,0.780473667271932,0.027552959162810503,0.7392666666666666,0.005084617324178178,0.2607333333333333,0.005084617324178178,39.6814931233724,0.05153466853452585
0.0,11,0.595839976400569,0.009955465945645735,0.8794028999964397,0.17169933264923973,0.7082666666666667,0.052616759053873065,0.29173333333333334,0.052616759053873065,39.88227844238281,0.05049695675041565
0.0,12,0.5682561598521263,0.005289241210260728,0.7265951635360718,0.048056054681175284,0.7623666666666665,0.009089737803332594,0.23763333333333336,0.009089737803332592,40.08098602294922,0.04818025484377535
0.0,13,0.5472858468386624,0.008198525936785203,0.8077718900998434,0.02246508533169839,0.7426666666666667,0.004499259198282918,0.2573333333333333,0.004499259198282918,40.275211334228516,0.04532221111876069
0.0,14,0.525198511150487,0.009250600317491304,0.7637740537961323,0.13430496186707513,0.7543000000000001,0.03329999999999999,0.24569999999999995,0.033299999999999996,40.46712112426758,0.04475229830930908
0.0,15,0.5105854893279503,0.0057100830180694786,0.7401852814038595,0.1413556380487371,0.7684666666666667,0.02859830997337664,0.23153333333333329,0.02859830997337664,40.65864817301432,0.043958885251459155
0.0,16,0.49226339068660757,0.006853409146722829,0.757402669620514,0.1007010894605408,0.7585666666666667,0.02348581131946122,0.2414333333333333,0.02348581131946122,40.84614817301432,0.040640686206021875
0.0,17,0.47592143179612184,0.007778682020005743,0.7047928268432617,0.026265088514426233,0.7709333333333334,0.0033291640592396855,0.22906666666666667,0.0033291640592396855,41.03289286295573,0.041085397521805005
0.0,18,0.46353140574993484,0.007113296761715787,0.6696557061195373,0.11913197230098461,0.7877666666666667,0.021716660271168173,0.21223333333333336,0.021716660271168177,41.215771993001304,0.039037226408433746
0.0,19,0.45092459440942717,0.0109006615619791,0.6466599362055461,0.0858471864943824,0.7877333333333333,0.02422897714170644,0.21226666666666671,0.02422897714170644,41.398295084635414,0.039489060004856684
0.0,20,0.4378783254164056,0.008628635920757391,0.6913417663097382,0.04987210769304811,0.7793333333333333,0.00854068693568225,0.22066666666666668,0.00854068693568225,41.57992172241211,0.03942287109518339
0.0,21,0.4247117292545641,0.008925826255920798,0.6247362359364828,0.05986642393734229,0.8038333333333334,0.014759516703921317,0.19616666666666668,0.014759516703921317,41.76124699910482,0.03828358190241606
0.0,22,0.4149213703849432,0.004548145502691455,0.7041057458082834,0.17333927385949346,0.7807666666666667,0.04152858453322642,0.2192333333333333,0.04152858453322642,41.93895594278971,0.037819234661795556
0.0,23,0.40345256702572696,0.006769341839298843,0.615810510635376,0.1332995789561288,0.8043666666666667,0.03329404351131496,0.19563333333333333,0.03329404351131496,42.115552266438804,0.03795270996056909
0.0,24,0.39134749056229917,0.005568887591611968,0.7155660459518433,0.09735550733146027,0.7812666666666667,0.023958575361096388,0.21873333333333334,0.023958575361096388,42.291342417399086,0.03784134240287728
0.0,25,0.3843056748209097,0.005833520879598853,0.6171807221412658,0.03194554965268104,0.8069333333333333,0.009402836451482804,0.19306666666666664,0.009402836451482804,42.46467208862305,0.03843491732060052
0.0,26,0.37478703964193555,0.0030102667336732065,0.5748733636538188,0.042323113339585994,0.8164000000000001,0.009516827202382117,0.18359999999999999,0.009516827202382115,42.63778559366862,0.038678079664364866
0.0,27,0.36764344249082653,0.0051027528870579725,0.6346429095904033,0.03306013239974298,0.7935666666666666,0.009623062575569876,0.20643333333333336,0.009623062575569876,42.8106320699056,0.037627606943237565
0.0,28,0.35864753932243526,0.002664465831662529,0.6651264313538869,0.02622179709379708,0.7951999999999999,0.004869291529575904,0.2048,0.004869291529575904,42.982496897379555,0.03781483007245485
0.0,29,0.35170196299103723,0.0040641158473344935,0.5938912522315979,0.057246411595088115,0.8108333333333334,0.01559241268480708,0.18916666666666668,0.015592412684807083,43.15194574991862,0.03749716754188012
0.0,30,0.3440189944661182,0.0017094255528303853,0.6436090222676595,0.16267940179091292,0.8065333333333333,0.033285181888241686,0.19346666666666668,0.033285181888241686,43.321417490641274,0.03778034618510716
0.0,31,0.33452153284633046,0.007087145046647299,0.5378917556126913,0.009984120975867103,0.8311333333333333,0.005081666393352993,0.16886666666666664,0.005081666393352992,43.49030303955078,0.039418000576492966
0.0,32,0.32944363335311055,0.0055964654643460105,0.5837085351308188,0.05724229676115713,0.8153333333333332,0.011402338941345912,0.18466666666666665,0.011402338941345912,43.658957163492836,0.04088279246819106
0.0,33,0.32274556209516647,0.003584694220940148,0.6159000501155854,0.07446773659613183,0.8102999999999999,0.01268345378830232,0.1897,0.01268345378830232,43.82667668660482,0.04329945717248144
0.0,34,0.31650484801100953,0.006803174714523835,0.6694792461077372,0.0866676569801714,0.7958999999999999,0.022194819215303356,0.20410000000000003,0.022194819215303356,43.99391174316406,0.04615679274709973
0.0,35,0.3090008161993791,0.004295197814405217,0.5387195841948191,0.06792998284826843,0.8279,0.018421997720117104,0.1721,0.018421997720117104,44.159566243489586,0.04691522167376698
0.0,36,0.3024689033818062,0.0018512900201410095,0.6593623030662537,0.025624230638790105,0.8063666666666666,0.007489548272982391,0.19363333333333332,0.007489548272982391,44.324503580729164,0.04746238831333916
0.0,37,0.2982188248776617,0.004725114992334499,0.5946880368073781,0.06260816895926553,0.8174,0.015950235107985086,0.1826,0.015950235107985086,44.48838424682617,0.04692505282010564
0.0,38,0.2937791068281563,0.003031336596311239,0.5674931958715121,0.014059123541550212,0.8253666666666666,0.004675824347998267,0.17463333333333333,0.004675824347998267,44.65228017171224,0.04766854744298993
0.0,39,0.2874220623003552,0.006758572149419402,0.5531321891307831,0.06968158202402834,0.8302,0.016839536810732074,0.16979999999999998,0.016839536810732074,44.81533686319987,0.04890507540408527
0.0,40,0.2828370115615726,0.006567077488836657,0.5801439699729284,0.11932036955374552,0.8266333333333332,0.02790292696713612,0.1733666666666667,0.027902926967136123,44.9777577718099,0.049929787259034415
0.0,41,0.2758006251147946,0.0016821949189396463,0.4970519595464071,0.0324095522825838,0.8468666666666667,0.00903677671149026,0.15313333333333334,0.00903677671149026,45.138955434163414,0.05067333063049689
0.0,42,0.27324545647685383,0.005533118724973769,0.7910696796576181,0.30182508899603216,0.7897333333333334,0.051363443550187834,0.21026666666666669,0.051363443550187834,45.30011240641276,0.05131647344220204
0.0,43,0.26827715358872345,0.0027050487798768973,0.6989239372571309,0.12438212695813673,0.8000333333333334,0.031050013419213394,0.19996666666666665,0.031050013419213398,45.459921518961586,0.0537347857586168
0.0,44,0.26232417767513333,0.004014945277809493,0.5220132120768229,0.04801576363792917,0.8461,0.00835942581760255,0.1539,0.00835942581760255,45.620262145996094,0.052074608422802565
0.0,45,0.25882648194537444,0.006952988960920098,0.5517597566922505,0.04758112842181714,0.8362999999999999,0.010289800775525255,0.16370000000000004,0.010289800775525253,45.77878952026367,0.054308863488484495
0.0,46,0.2537944290313778,0.0031206310171482832,0.5516780757904053,0.034935757934367324,0.8348,0.01062261737991159,0.1652,0.01062261737991159,45.93626912434896,0.05584986963320958
0.0,47,0.2488574891875975,0.0072545652589102415,0.5584483663717906,0.05398980657599668,0.8358666666666666,0.012133150181767876,0.16413333333333333,0.012133150181767876,46.09419631958008,0.05669594590657841
0.0,48,0.2472193333219486,0.003824611756728748,0.6464472683588663,0.07973810008566408,0.8180666666666667,0.017737061011715908,0.1819333333333333,0.017737061011715908,46.250665028889976,0.05898515170228861
0.0,49,0.24442815536098003,0.0018470777216757282,0.6361112459659576,0.048573967187338245,0.8227333333333334,0.011168855506869694,0.17726666666666666,0.011168855506869694,46.40666198730469,0.06060913260937532
0.0,50,0.23707376012716755,0.0034877024074329173,0.5197506587664286,0.06307411503419723,0.8441,0.01172049487009832,0.1559,0.011720494870098318,46.5613899230957,0.06218745889468398
0.0,51,0.23480996160505171,0.004555344280168951,0.5488867542743683,0.055457662532136486,0.8409333333333334,0.013747848316494213,0.1590666666666667,0.013747848316494213,46.71533075968424,0.06270021092534703
0.0,52,0.229130513813642,0.005297139789575809,0.5508309884230296,0.06971692323720499,0.8372666666666667,0.013476028099307792,0.1627333333333333,0.013476028099307792,46.86828486124674,0.0625004686087187
0.0,53,0.2256102735162391,0.003807631704414491,0.5602808933417003,0.0993228512628407,0.8435333333333334,0.02011624550788081,0.15646666666666664,0.02011624550788081,47.02047220865885,0.06261705871299532
0.0,54,0.2221663190593398,0.0029367884199342385,0.5671830452442169,0.08450690599542467,0.8382666666666667,0.018744154644404036,0.16173333333333337,0.018744154644404036,47.174065907796226,0.0637227247789526
0.0,55,0.2192217065728026,0.0023378517088862585,0.5283502616405488,0.05582776709687191,0.8461,0.011624543001769986,0.1539,0.011624543001769986,47.32429758707682,0.06444748221758154
0.0,56,0.2150424096514197,0.003830419436915313,0.5923159080664316,0.09457530439791027,0.8347666666666665,0.021338775347552946,0.16523333333333334,0.021338775347552942,47.47610600789388,0.064568887766381
0.0,57,0.2136421215173432,0.003770672778894631,0.605576742998759,0.08748352912610391,0.8331666666666666,0.018422088191443777,0.16683333333333336,0.018422088191443777,47.62647374471029,0.06502298293951361
0.0,58,0.21092059441666675,0.002409192752199219,0.529986388305823,0.02836099094267293,0.8489999999999999,0.007402026749478782,0.15100000000000002,0.007402026749478783,47.77597173055013,0.06840900832469714
0.0,59,0.20722486818080665,0.003918986219094203,0.5452887525399527,0.1059650938939,0.8481000000000001,0.019755252466116462,0.15189999999999995,0.019755252466116462,47.9245974222819,0.06955508845094345
0.0,60,0.2058361328928672,0.003160701245149428,0.5535665758689244,0.020959413736617173,0.8443999999999999,0.003950949253027691,0.15559999999999996,0.003950949253027691,48.07408014933268,0.06985285992405511
0.0,61,0.20169906847286914,0.003096006938499708,0.5470160243670145,0.026874287330374426,0.8456999999999999,0.006533758489567827,0.1543,0.006533758489567827,48.22248840332031,0.07010621492061887
0.0,62,0.19741946572512514,0.0034034279112806357,0.5444848905563354,0.03995706528248006,0.8438666666666667,0.01257033545031052,0.15613333333333335,0.01257033545031052,48.369588216145836,0.0702078294265217
0.0,63,0.19493052922348028,0.0013859241053852912,0.5535683571497599,0.07210014270716704,0.8479666666666668,0.011184960139997535,0.15203333333333333,0.011184960139997535,48.51440938313802,0.07153211531500925
0.0,64,0.19257130222958777,0.005118104253701755,0.5407871596256891,0.05649757647805844,0.8480333333333334,0.009332916657365636,0.15196666666666667,0.009332916657365636,48.65939203898112,0.07161185656083192
0.0,65,0.18833916706095774,0.004589245311604614,0.5589105295976003,0.07001059659485963,0.8450333333333333,0.017273196963310904,0.15496666666666667,0.017273196963310904,48.80379104614258,0.07081083203780988
0.0,66,0.18796376766476586,0.0019664255249845167,0.5543594048500061,0.07494412730229892,0.8461666666666666,0.012023865157815648,0.1538333333333333,0.012023865157815648,48.946852366129555,0.0716184431606372
0.0,67,0.183964940872542,0.0040203964709280655,0.5429185963948568,0.0231850782860285,0.8505333333333333,0.0028867513459481316,0.14946666666666672,0.002886751345948131,49.090555826822914,0.07315762340172093
0.0,68,0.1800883976490144,0.001533912769912022,0.534118736743927,0.012042046393288245,0.8512666666666666,0.005923118547972275,0.14873333333333336,0.005923118547972275,49.23271942138672,0.07373629033477087
0.0,69,0.17931931341687837,0.0024854138795541007,0.5466616648832957,0.010664986614805527,0.851,0.005737595315112465,0.14900000000000002,0.005737595315112465,49.37549336751302,0.07329031399568503
0.0,70,0.17607165888294843,0.0036895515803924707,0.5594183481375377,0.03771630906988701,0.8483999999999999,0.004699999999999982,0.15159999999999998,0.004699999999999982,49.516387939453125,0.07455661778708486
0.0,71,0.17422969098133811,0.0022162466552369826,0.5871055737495422,0.01586992297843933,0.8412333333333333,0.0051675268101223325,0.1587666666666667,0.0051675268101223325,49.65613810221354,0.07653230837842724
0.0,72,0.17130735748386341,0.0045591367798842545,0.5551690103371937,0.03850966782296238,0.8506333333333332,0.008173942337289472,0.14936666666666668,0.008173942337289472,49.79696909586588,0.07516323355275191
0.0,73,0.17023334965960957,0.0002345471739641087,0.6099424874623617,0.09781243537848977,0.8388,0.023047559523732677,0.16119999999999998,0.023047559523732677,49.93622716267904,0.07802933598308695
0.0,74,0.16957112284216835,0.003204276156499546,0.6130901952743532,0.06416732713152724,0.8388666666666666,0.008974593769822266,0.16113333333333335,0.008974593769822266,50.07597732543945,0.0787593497253796
0.0,75,0.16408108516841594,0.001460346655253923,0.5345889290332795,0.046778427805126845,0.8519333333333333,0.013273030299571161,0.14806666666666665,0.013273030299571161,50.214561462402344,0.08080542998738426
0.0,76,0.16289679539681293,0.003580121375554855,0.572903749358654,0.0505728706326972,0.8497666666666666,0.009523829761883268,0.15023333333333333,0.009523829761883268,50.35174051920573,0.08319001277203482
0.0,77,0.16214670405071308,0.003179783348982146,0.5717809847195943,0.004639739039520374,0.8464,0.005550675634551166,0.1536,0.005550675634551166,50.48962529500326,0.08461162140172873
0.0,78,0.15742644841345274,0.004619945257031639,0.5207676049550375,0.023987478113283067,0.8588999999999999,0.00443057558337514,0.1411,0.00443057558337514,50.624603271484375,0.08522048726491208
0.0,79,0.1544531135734898,0.004246762574837499,0.5935865034302076,0.04615319203440761,0.8447,0.009534673565466213,0.1553,0.009534673565466213,50.75889333089193,0.08725929319316995
0.0,80,0.15495030773773422,0.004411496291989659,0.569406906414032,0.026741578330680884,0.8519,0.00476969600708475,0.14809999999999998,0.00476969600708475,50.895975748697914,0.08791301828898541
0.0,81,0.15216840469204557,0.00038394771130910693,0.6362349619468053,0.07293254791261979,0.8429666666666668,0.011913997370040562,0.15703333333333333,0.011913997370040562,51.02960713704427,0.0908819945651605
0.0,82,0.15065889910676494,0.002907589829645079,0.5351951237519582,0.04826272013998973,0.858,0.007830708780180775,0.14200000000000002,0.007830708780180775,51.16339365641276,0.0904189827293659
0.0,83,0.1503732832178842,0.001059872404776923,0.6407345191637676,0.11264443696299277,0.8385333333333334,0.021774373316661346,0.16146666666666665,0.021774373316661346,51.29677708943685,0.09309430860337756
0.0,84,0.14868431202972027,0.0025778062271330903,0.5388672127405804,0.01381626415280899,0.8579666666666667,0.0029737742572921366,0.14203333333333332,0.0029737742572921366,51.429500579833984,0.09370923343380089
0.0,85,0.14545020903798114,0.0012886781714324849,0.5618926391243935,0.08159538801052954,0.8565,0.011688883607941344,0.14349999999999996,0.011688883607941344,51.56077448527018,0.09618425140945618
0.0,86,0.14292819150751304,0.004707813183570103,0.5200308445135752,0.04476218321575619,0.8642666666666666,0.007757147241952618,0.1357333333333333,0.007757147241952618,51.69077173868815,0.0975878886273626
0.0,87,0.140620602121718,0.002990190738676797,0.5669491878668467,0.04267294858726163,0.8561333333333333,0.01057654638023838,0.14386666666666667,0.01057654638023838,51.82020060221354,0.09771808226429249
0.0,88,0.13719680897084852,0.002240394799075902,0.5619664394537608,0.03450052124929312,0.8560666666666666,0.0063437633415295,0.14393333333333333,0.0063437633415295,51.94836552937826,0.09873972279030785
0.0,89,0.13552423357607865,0.003715725830757526,0.5251711782932281,0.04686745096985273,0.8661666666666666,0.006423654204059665,0.13383333333333333,0.006423654204059665,52.076080322265625,0.09799246251798265
0.0,90,0.13716531247662767,0.0026348374664359074,0.6043229754765828,0.1488242790112553,0.8501333333333333,0.027308850824107073,0.14986666666666668,0.027308850824107073,52.20506286621094,0.09637909388203578
0.0,91,0.13499281544933844,0.003308775214652259,0.5502544230937958,0.060973598884890304,0.8597666666666667,0.00871569465581104,0.14023333333333332,0.00871569465581104,52.33275477091471,0.09588029033348201
0.0,92,0.13094699765473783,0.00444281233061218,0.6073813522497813,0.08782607051494366,0.8485,0.01848864516399186,0.15149999999999997,0.01848864516399186,52.45789464314779,0.09393104274067982
0.0,93,0.1295625191048512,0.004512495171880023,0.580030529387792,0.07925806462097407,0.8579666666666667,0.008130395644329547,0.14203333333333334,0.008130395644329547,52.58418655395508,0.09442877362989051
0.0,94,0.1278504242728332,0.0032921232303822546,0.613701954682668,0.061047085363487505,0.8530666666666668,0.010980588933811,0.14693333333333333,0.010980588933811,52.70949172973633,0.09596917768813368
0.0,95,0.12691728625595822,0.002506720325366574,0.5640972850322723,0.020937335501775112,0.8615,0.0023811761799581,0.13849999999999998,0.0023811761799581,52.83398691813151,0.09605956378787212
0.0,96,0.1252307705279481,0.0029308229842777275,0.5901042795976003,0.07889217972468064,0.8571,0.013550276749941307,0.1429,0.013550276749941307,52.957967122395836,0.09563739745726721
0.0,97,0.12512209626249748,0.00439804502645373,0.5848434452851614,0.01534893654851402,0.8605,0.004229657196511316,0.13950000000000004,0.004229657196511316,53.08183670043945,0.09455389292459539
0.0,98,0.12169102883920746,0.005236049188344591,0.6138521367708841,0.05529150375005454,0.8505333333333334,0.010920317455703111,0.14946666666666664,0.010920317455703111,53.204115549723305,0.09493141510350837
0.0,99,0.12057215750585838,0.001972416242161772,0.5643312292893728,0.031358166505045096,0.8647,0.006937578828380992,0.13529999999999998,0.006937578828380992,53.32589848836263,0.09678358671215155
0.0,100,0.12121540074572539,0.004027171168170708,0.5664336344877879,0.045899619773671345,0.8635666666666667,0.005810622456616302,0.13643333333333332,0.005810622456616302,53.449517567952476,0.09911041024062088
1e-05,1,1.6717010954965001,0.013167212276463109,1.8666154406865438,0.2845260433595162,0.3854666666666667,0.04465896699805463,0.6145333333333333,0.04465896699805461,37.61368942260742,0.06663080991544401
1e-05,2,1.2924501424352024,0.015252126327093635,1.3237953272501628,0.15414106548921971,0.5378,0.0437085803933278,0.4622,0.04370858039332777,37.860450744628906,0.0629638344430709
1e-05,3,1.1013967267286036,0.010427519449103088,1.3393292837142947,0.19893707714583575,0.5478333333333333,0.04873092789321102,0.45216666666666666,0.04873092789321102,38.09942754109701,0.06294634840048195
1e-05,4,0.9728728716229132,0.008148240682585073,1.3154843867937724,0.261641577431888,0.5816333333333333,0.04264180265107624,0.4183666666666667,0.04264180265107624,38.32848358154297,0.06571278637463088
1e-05,5,0.8774121995675492,0.006588305580089619,1.3118281023025513,0.43446545431451766,0.5963333333333333,0.08329215649347387,0.4036666666666666,0.08329215649347387,38.55143356323242,0.0656070227636256
1e-05,6,0.8041689982804496,0.0084106158852646,1.0210657782554626,0.031766350964745185,0.6597,0.011692305161943039,0.34030000000000005,0.011692305161943039,38.76845041910807,0.06888541984359882
1e-05,7,0.7428761785699075,0.0034397587079841117,0.8022996707280478,0.04685640672253836,0.7253,0.013809779143780662,0.2747,0.013809779143780664,38.97886530558268,0.06750138817968458
1e-05,8,0.6952249194858222,0.0019903579853402364,0.8967753511746724,0.09066445775527505,0.7029666666666667,0.018350567656978206,0.2970333333333333,0.018350567656978203,39.183213551839195,0.07029502418162452
1e-05,9,0.6558687498400787,0.002727454883651352,0.8931577278137208,0.09125181906030326,0.7146666666666667,0.026658269511229186,0.2853333333333333,0.026658269511229186,39.38029225667318,0.0706074811914964
1e-05,10,0.6225966154919256,0.005040564501284986,0.973558816687266,0.36881836529489415,0.7048333333333333,0.07855713419755928,0.2951666666666667,0.07855713419755928,39.572120666503906,0.07122821152033199
1e-05,11,0.5940193686338947,0.0035374199086945658,0.7833680849393209,0.19002263429106214,0.7443666666666667,0.05689255956039715,0.2556333333333333,0.05689255956039715,39.761627197265625,0.07037710296986208
1e-05,12,0.5683702508913383,0.0029948024417494317,0.7345106067657471,0.0850045159142759,0.7636,0.017657576277620907,0.23640000000000003,0.017657576277620907,39.94528579711914,0.07288124564226421
1e-05,13,0.5434314086969755,0.007092640115762917,0.7754141952514648,0.08128980078171374,0.7456333333333333,0.02184040597913263,0.2543666666666667,0.02184040597913263,40.12704594930013,0.07334514299217172
1e-05,14,0.5237777594410246,0.006634475793166196,0.7236119773546855,0.04169354755149575,0.7624666666666666,0.00650102556011998,0.23753333333333335,0.00650102556011998,40.304848988850914,0.07406620575885615
1e-05,15,0.508840598185044,0.0027836761540038705,0.7565003916740417,0.10115629524959428,0.7605,0.021236525139485523,0.23950000000000002,0.021236525139485526,40.48023478190104,0.07534501385145655
1e-05,16,0.48959488245735594,0.0029647142571945936,0.7099629866282146,0.09476004142461851,0.7699666666666666,0.024730008761287038,0.23003333333333334,0.024730008761287038,40.65500259399414,0.0749219548565078
1e-05,17,0.47469492674585295,0.002361076824756984,0.741579437748591,0.1986718503172447,0.7680666666666666,0.04763426637761243,0.23193333333333332,0.04763426637761243,40.82753372192383,0.07519366358135006
1e-05,18,0.4605838969438785,0.0058762828702158595,0.6844634101549785,0.12739321049976648,0.7810666666666667,0.03096616433033531,0.21893333333333334,0.030966164330335312,40.996629079182945,0.0756575455306518
1e-05,19,0.448152669339432,0.005477337949883668,0.707831647793452,0.04318311693927321,0.7690666666666667,0.012689102936509473,0.2309333333333333,0.012689102936509473,41.165479024251304,0.0751600901297639
1e-05,20,0.43779799010595094,0.0036125557754080706,0.6335255268732707,0.018497755606976595,0.7982,0.005040833264451426,0.2018,0.005040833264451427,41.330572764078774,0.07392570523763509
1e-05,21,0.42287645206325397,0.006338848750658818,0.5845229106903077,0.029396408742935996,0.8082333333333334,0.008590886644190655,0.19176666666666664,0.008590886644190655,41.49597040812174,0.07431546966140717
1e-05,22,0.41199181906605825,0.004336610301655651,0.6502657701174418,0.0802255383463009,0.7951333333333332,0.01770150652722336,0.20486666666666667,0.01770150652722336,41.65968449910482,0.07529069552260587
1e-05,23,0.40199345476029774,0.0038062731678683618,0.6702250641345978,0.13447682261417396,0.7888666666666667,0.032052197012581385,0.2111333333333333,0.032052197012581385,41.82184982299805,0.07696864306658543
1e-05,24,0.3915808227640487,0.004061733042506572,0.6375487866719564,0.03392972923224452,0.7987666666666667,0.010059986746180824,0.20123333333333335,0.010059986746180825,41.98254903157552,0.07641476642457978
1e-05,25,0.3841390396958218,0.005388376536236214,0.606996170393626,0.10123900568482376,0.8076333333333333,0.02706405980878208,0.19236666666666669,0.02706405980878208,42.14205805460612,0.07500826539070564
1e-05,26,0.37429699826372653,0.003287531978953579,0.6051812246481578,0.06753584995838834,0.8073666666666667,0.014796733873842989,0.19263333333333332,0.014796733873842989,42.30026117960612,0.07271221358901904
1e-05,27,0.3649460381152583,0.004630446430949844,0.5909240571339925,0.034809678233541884,0.8096666666666668,0.007651361534611562,0.19033333333333333,0.007651361534611563,42.45813115437826,0.0729643403745415
1e-05,28,0.3583651319692405,0.0034332300003326616,0.6351501572767894,0.10495883415095554,0.8003,0.0249182663923476,0.19970000000000002,0.0249182663923476,42.61544418334961,0.07209182381639775
1e-05,29,0.3520371381634844,0.0036005736760091832,0.6037235700925191,0.1944328170085292,0.8126666666666668,0.04727434117291677,0.18733333333333335,0.04727434117291677,42.769980112711586,0.07152686281526077
1e-05,30,0.3421492467476381,0.0037053567456745294,0.6512980685393016,0.06834375500640563,0.8033333333333333,0.01510640040953945,0.19666666666666666,0.01510640040953945,42.92515436808268,0.06972880961455183
1e-05,31,0.3367058676552386,0.0035346577356995625,0.5977010245641072,0.11798559239114856,0.8128333333333333,0.033042447447689645,0.18716666666666668,0.03304244744768964,43.078006744384766,0.06803124611639588
1e-05,32,0.33189367142784626,0.005250266324086818,0.5523030045191447,0.02420308418322908,0.8263666666666666,0.0032624121954979105,0.1736333333333333,0.0032624121954979105,43.232218424479164,0.06722836077723142
1e-05,33,0.3225932683405059,0.004318939353245981,0.603007143688202,0.0890200704549841,0.8119333333333333,0.023180235834290675,0.18806666666666663,0.02318023583429067,43.384490966796875,0.06437291847504133
1e-05,34,0.31676965192252515,0.00603233574440493,0.498669321044286,0.017424658372907628,0.8414666666666667,0.0054857390872455275,0.15853333333333333,0.0054857390872455275,43.53651682535807,0.06510991184147652
1e-05,35,0.3087516749453971,0.0019827429365275448,0.5379450029055278,0.0359674218750309,0.8329,0.003290896534380889,0.16710000000000003,0.003290896534380889,43.686726888020836,0.06532428790869013
1e-05,36,0.304321280557532,0.005672714871124138,0.509147594165802,0.03405820727393589,0.8397666666666668,0.008055639846302278,0.16023333333333334,0.008055639846302278,43.83790969848633,0.06741474049976338
1e-05,37,0.29798264448345974,0.004308269242105382,0.6370554422537485,0.09276873289492496,0.8099,0.019987245933344597,0.19010000000000002,0.019987245933344597,43.98779296875,0.066839901081597
1e-05,38,0.29805234973997713,0.003985214679713202,0.5478552796204884,0.09883875760486308,0.8283333333333333,0.028632557226579248,0.17166666666666666,0.028632557226579248,44.1350351969401,0.0655567433609047
1e-05,39,0.2873802068186741,0.0029357687796668216,0.5548485044161479,0.06380805511221399,0.8310666666666666,0.013702676137650357,0.16893333333333335,0.013702676137650357,44.284138997395836,0.06329328118676601
1e-05,40,0.2845187342304098,0.00260885599500052,0.6007638811588287,0.10826575402346081,0.8184333333333335,0.023603460198312748,0.18156666666666668,0.023603460198312748,44.432427724202476,0.06253316425148038
1e-05,41,0.276875680815889,0.004276622824074819,0.524290296681722,0.07517024344334218,0.8412666666666667,0.0190581566090043,0.15873333333333337,0.0190581566090043,44.580735524495445,0.06157588359311973
1e-05,42,0.2731118672301092,0.00283455396849457,0.5450384741783142,0.05772425039809492,0.8351000000000001,0.011963695081370105,0.16490000000000002,0.011963695081370105,44.72834269205729,0.06244716997450183
1e-05,43,0.2689764323276734,0.004495930765690359,0.5989421017487843,0.04070163060822308,0.8257,0.010839280418920799,0.17429999999999998,0.010839280418920799,44.87438837687174,0.06135201275731697
1e-05,44,0.2632367147572611,0.0046555129943697945,0.5722439860979716,0.10655912258503598,0.8270666666666667,0.027596799331323415,0.1729333333333333,0.027596799331323415,45.02046457926432,0.06254764277854756
1e-05,45,0.25904863842231846,0.0022960691410010676,0.536284646844864,0.03825387913767645,0.8391333333333334,0.008800189391901341,0.16086666666666669,0.008800189391901341,45.1646359761556,0.06157288928368998
1e-05,46,0.25651549628577675,0.005115995749789759,0.6208455596923828,0.1479695779385649,0.8200999999999999,0.03035061778613412,0.17990000000000003,0.03035061778613412,45.310325622558594,0.06359658482799763
1e-05,47,0.25111945178629697,0.005198641201087046,0.4954546927452088,0.05936645676244252,0.8489333333333332,0.014360478172168649,0.15106666666666668,0.014360478172168649,45.453267415364586,0.0609452660158268
1e-05,48,0.2461191204655201,0.005346308007787838,0.599423065551122,0.1047202265477759,0.8268666666666666,0.021279411019418125,0.17313333333333336,0.021279411019418125,45.596579233805336,0.06125007417206881
1e-05,49,0.24385020017420644,0.003907368830315058,0.6073807488600413,0.033417563203680625,0.8300000000000001,0.010486181383134643,0.17,0.010486181383134641,45.73950703938802,0.062053398114016
1e-05,50,0.24133580463850288,0.004454218612523286,0.5350008726755778,0.027625967739807057,0.8424666666666667,0.007341888948583548,0.15753333333333333,0.007341888948583549,45.880776723225914,0.06089462198399538
1e-05,51,0.23440898627754161,0.0027824986958860523,0.590360293340683,0.06382302425228707,0.8288333333333333,0.015764622841455283,0.1711666666666667,0.015764622841455283,46.02081298828125,0.05824893994484223
1e-05,52,0.23026863925749688,0.0056749888264307075,0.5633405195871989,0.11773450605114205,0.8382999999999999,0.023434163095788187,0.16169999999999998,0.023434163095788187,46.15934499104818,0.05734620535921799
1e-05,53,0.22904633215524553,0.0030435572776904922,0.5088620103200276,0.08857186262019194,0.8532333333333333,0.01471880882861563,0.14676666666666663,0.014718808828615633,46.298753102620445,0.057298715399511625
1e-05,54,0.22329590774481864,0.003871878471432969,0.5731548782030741,0.07814727533249807,0.8351333333333333,0.017447731466678783,0.1648666666666667,0.017447731466678783,46.43855667114258,0.056498683150874446
1e-05,55,0.2206380610486837,0.004383387539227983,0.5237568847338357,0.03916880946273944,0.8508,0.005864298764558304,0.14920000000000003,0.005864298764558304,46.57753117879232,0.05639833780816974
1e-05,56,0.21629547910845795,0.005144744377901103,0.5846139731089274,0.05679642375240621,0.8368666666666668,0.01076119572042684,0.16313333333333332,0.01076119572042684,46.715833028157554,0.056230145998790164
1e-05,57,0.21618853047020092,0.0018390951900821432,0.625323816649119,0.0728515087114931,0.8283333333333335,0.013528611655795776,0.17166666666666666,0.013528611655795776,46.85364532470703,0.056936073213448984
1e-05,58,0.21023348475610307,0.00228042614690925,0.4873147721211116,0.03903983605316178,0.8584666666666667,0.00867313860913873,0.14153333333333332,0.00867313860913873,46.988929748535156,0.05493198487385859
1e-05,59,0.2073960102021135,0.006764023406750327,0.6048798453569412,0.08550598860094974,0.8360666666666666,0.012859367532399586,0.16393333333333335,0.012859367532399586,47.124743143717446,0.053764091050110534
1e-05,60,0.20522346294851054,0.003591516188911004,0.5396061082442601,0.005042417244465598,0.8472666666666666,0.003308070938376818,0.15273333333333336,0.003308070938376818,47.25990549723307,0.05208862528949546
1e-05,61,0.20300572059368946,0.004800824887407926,0.5386001380284627,0.06340121858775462,0.8471000000000001,0.0124735720625649,0.1529,0.0124735720625649,47.39407730102539,0.053670489187999805
1e-05,62,0.19760638942905503,0.004164411200457126,0.5593895479996999,0.039817515850891806,0.8436333333333333,0.003924708057083111,0.15636666666666665,0.003924708057083111,47.526501973470054,0.05235522079869187
1e-05,63,0.19470999898660515,0.004215829985662832,0.5279182129144668,0.04965725655862756,0.8532666666666667,0.011970937028208506,0.14673333333333335,0.011970937028208506,47.65896987915039,0.05161258770746411
1e-05,64,0.19405438475952327,0.005882184828717594,0.5341824902256329,0.05286544463287998,0.8511666666666667,0.011696723187856226,0.14883333333333335,0.011696723187856226,47.79194132486979,0.05007197994999954
1e-05,65,0.19093788452668772,0.0016121781633869664,0.5417260673364003,0.024911732038469695,0.8468,0.007050531894828929,0.1532,0.007050531894828929,47.92389806111654,0.04987957619754741
1e-05,66,0.18902975896918053,0.001904803455655325,0.5164490073362985,0.05096338036675332,0.8568666666666668,0.008434650753489027,0.14313333333333333,0.008434650753489027,48.055110931396484,0.04909278371880276
1e-05,67,0.18454873518667358,0.004048075944487319,0.5551175611575444,0.0570904781651422,0.8504666666666667,0.014468010690254999,0.14953333333333332,0.014468010690254997,48.184871673583984,0.047619052071586995
1e-05,68,0.18180373778212608,0.003115126053849292,0.6145562008062998,0.12714502645889972,0.8328333333333333,0.03152908709958685,0.16716666666666666,0.03152908709958685,48.31363423665365,0.045817598900239107
1e-05,69,0.17967203240412885,0.006717507736670794,0.5390725741227468,0.015100376528867695,0.8526666666666666,0.0038552993831002472,0.14733333333333332,0.0038552993831002472,48.44401295979818,0.04475899481396112
1e-05,70,0.1763285689805424,0.002860303983603902,0.6012440469106038,0.11087520867811132,0.8433666666666667,0.01953722941804528,0.15663333333333337,0.01953722941804528,48.57148106892904,0.04345282227737462
1e-05,71,0.17406029500010067,0.0034986896776692178,0.4960889741897583,0.012349317183382452,0.8633000000000001,0.0005999999999999894,0.13670000000000002,0.0005999999999999894,48.698018391927086,0.04427896723226958
1e-05,72,0.1716550123152932,0.004857200172987381,0.5258145807266236,0.028329370767197715,0.8581666666666666,0.0022143471573656598,0.14183333333333334,0.0022143471573656598,48.82462946573893,0.044686416484183714
1e-05,73,0.16804836571966086,0.0034873002864267426,0.5664536520799001,0.04900936797224529,0.8481666666666667,0.012836017035409906,0.15183333333333335,0.012836017035409906,48.95067850748698,0.04389850211712968
1e-05,74,0.17092684814857298,0.004767819019777446,0.6112230892737706,0.06156684457048734,0.8403333333333333,0.011568203548232282,0.15966666666666665,0.011568203548232282,49.077308654785156,0.04213315498311705
1e-05,75,0.16455993329739327,0.003677766295006704,0.5020295579592386,0.015710158524901548,0.8614666666666667,0.001350308606701958,0.13853333333333331,0.0013503086067019581,49.20337422688802,0.042344812812625546
1e-05,76,0.16468256286076266,0.004043606610358378,0.5098372247139612,0.025493374726646437,0.8622666666666667,0.005542863279328995,0.13773333333333335,0.005542863279328995,49.3272959391276,0.042791705976454736
1e-05,77,0.163345138568555,0.0021069479307332,0.4893861062725385,0.016066857557613487,0.8660333333333333,0.004366157731156005,0.13396666666666668,0.004366157731156005,49.45244344075521,0.03955072832937978
1e-05,78,0.16029237282842726,0.004442418288732593,0.5354835134029389,0.05529790220476512,0.8583333333333334,0.007556674753708375,0.1416666666666667,0.007556674753708375,49.57531483968099,0.03862826499832409
1e-05,79,0.1578146745653256,0.0022173536506749714,0.5764410936355591,0.05276161073089987,0.8544666666666666,0.006192199393861051,0.14553333333333338,0.006192199393861051,49.69800694783529,0.03728445069928295
1e-05,80,0.15671911616218162,0.002886464816864652,0.5499836194356282,0.07199002037427488,0.8546,0.014707481089567986,0.1454,0.014707481089567986,49.82100296020508,0.03828566838786614
1e-05,81,0.1531684699977247,0.004057442868976594,0.6377627256552378,0.07469483125894404,0.8442666666666666,0.01511500358363616,0.15573333333333336,0.01511500358363616,49.94091796875,0.038413681551710155
1e-05,82,0.15392819010134143,0.0033311865746652814,0.5448713499069213,0.06680679659990464,0.8586666666666667,0.013651495644556064,0.14133333333333334,0.013651495644556064,50.061903635660805,0.03755950953563458
1e-05,83,0.14928515425677596,0.006462551394959914,0.5245776974598567,0.025659542672847244,0.8626,0.004975942121849901,0.1374,0.004975942121849901,50.180258433024086,0.04107174205056677
1e-05,84,0.14699293358310206,0.004847060171265949,0.5236994603137176,0.028870582333271638,0.8617333333333334,0.010772341125926763,0.13826666666666665,0.010772341125926763,50.29865392049154,0.042959847044952953
1e-05,85,0.14649054471908324,0.0016274202738727661,0.558700172328949,0.04759959933250651,0.8548,0.009079647570252921,0.1452,0.009079647570252921,50.416219075520836,0.043262091394032955
1e-05,86,0.1436148796481448,0.0020829919294780733,0.5293025131662686,0.05035952436821125,0.8624999999999999,0.010805554127392113,0.13749999999999998,0.010805554127392113,50.53216807047526,0.04232101899349574
1e-05,87,0.14128258456583218,0.0029823850514564213,0.559990226618449,0.05547505548153493,0.8550666666666666,0.011331519462690504,0.14493333333333333,0.011331519462690504,50.647439320882164,0.04297857083133459
1e-05,88,0.14033725571271607,0.0043131516782842615,0.5566151810447376,0.04754927042332724,0.8592333333333334,0.007059981114233477,0.14076666666666662,0.007059981114233477,50.76323445638021,0.04367961903714448
1e-05,89,0.13871928645839368,0.0027196117311689134,0.529107885615031,0.03986248883129048,0.8653333333333334,0.003987898360456692,0.13466666666666668,0.003987898360456692,50.876443227132164,0.04221351859547715
1e-05,90,0.13824303472019217,0.003815614202486058,0.5764108834107717,0.09721198638183813,0.8539666666666667,0.015297494348204013,0.14603333333333332,0.015297494348204013,50.99242273966471,0.0389582930323119
1e-05,91,0.1354183294800033,0.004709609825088368,0.5271925503094991,0.03876350946167952,0.8645666666666667,0.007447370900749715,0.13543333333333332,0.007447370900749715,51.10586420694987,0.037220964428747824
1e-05,92,0.1314420601478496,0.0027643972748083354,0.5321329322814942,0.017688903468460547,0.8627333333333334,0.008753475500241817,0.13726666666666665,0.008753475500241817,51.21789677937826,0.03796937750213109
1e-05,93,0.13037469324902753,0.003220580885844593,0.5798377877553305,0.030369532600478828,0.8560333333333334,0.006217180497084977,0.14396666666666666,0.006217180497084977,51.330867767333984,0.0376759530898917
1e-05,94,0.12899890393399827,0.005110520928063701,0.5769547052860261,0.0345474957774165,0.8589666666666668,0.006104370019365886,0.14103333333333332,0.006104370019365885,51.441907246907554,0.03773150721726321
1e-05,95,0.12828179399617087,0.002271475670763073,0.5902953979730606,0.08535193997090698,0.8541,0.022080987296767288,0.1459,0.022080987296767288,51.55329132080078,0.036318068881410405
1e-05,96,0.12706229432254953,0.002791943976590258,0.5623272899945577,0.03182931743869725,0.8605999999999999,0.007773673520286251,0.1394,0.007773673520286251,51.66360727945963,0.03815699814344629
1e-05,97,0.1274161708858007,0.0034897935663496023,0.5437800611972808,0.018351447436868163,0.8658999999999999,0.003576310948449529,0.13410000000000002,0.003576310948449529,51.773138682047524,0.03922899020814997
1e-05,98,0.12434749717951991,0.005989369335598523,0.5309029433727264,0.0022119024459301023,0.8683,0.0010999999999999899,0.13170000000000004,0.0010999999999999899,51.881238301595054,0.042442030571100776
1e-05,99,0.12158195674419403,0.0013862893617823645,0.5432278021176656,0.02938194368219522,0.8646666666666666,0.008648892029233165,0.13533333333333333,0.008648892029233165,51.987213134765625,0.0417266722666356
1e-05,100,0.12296350853706615,0.0016234054727918997,0.6307643613974253,0.12387042614151364,0.8528666666666666,0.012643707262244433,0.14713333333333334,0.012643707262244433,52.094783782958984,0.04369799389951817
5e-05,1,1.6662872217703555,0.015553338353578191,1.909308084487915,0.16147031148907762,0.37789999999999996,0.019120930939679672,0.6221,0.019120930939679683,37.55500157674154,0.06838143466758383
5e-05,2,1.2892718627629682,0.007606047061414183,1.4759231817245482,0.1983747726510143,0.5055666666666666,0.04861330407751908,0.49443333333333334,0.048613304077519105,37.7394053141276,0.06682867663496417
5e-05,3,1.102430385142844,0.0068645530973283735,1.3041188901583354,0.20545179369865305,0.5658,0.04817478593621353,0.4342,0.04817478593621353,37.920117696126304,0.0691737350389941
5e-05,4,0.9752344216227226,0.00908468068653756,1.2454947591145833,0.12519068331374666,0.5805666666666668,0.03492239014347864,0.4194333333333333,0.03492239014347864,38.09287643432617,0.07256604338260565
5e-05,5,0.8788866665458842,0.01234327941440285,1.37119555199941,0.33986873582686655,0.5844666666666667,0.06355165877719744,0.4155333333333333,0.06355165877719744,38.25941594441732,0.07578327746916418
5e-05,6,0.8053716355069316,0.011496758897795426,1.0899175189971924,0.0951846229349236,0.6569333333333334,0.02668189148717412,0.34306666666666663,0.02668189148717412,38.41944122314453,0.0761585041416706
5e-05,7,0.745020042396669,0.017565250164149313,0.9260750142415364,0.027984064911369025,0.6864333333333333,0.004858326186386978,0.3135666666666667,0.004858326186386979,38.57198588053385,0.07750247652626133
5e-05,8,0.6995204965070284,0.015489488878071068,0.8881459482192993,0.051946733415956306,0.7078000000000001,0.0016093476939431518,0.2922,0.0016093476939431518,38.718222300211586,0.07871952529296491
5e-05,9,0.6569047709966661,0.010149236260796241,0.8387718269983928,0.08417447776175109,0.7216666666666667,0.029109677657667976,0.2783333333333334,0.029109677657667976,38.86081186930338,0.07606805513646844
5e-05,10,0.6261396323730066,0.015401728576012259,0.9380701958974202,0.20067885476638309,0.7128333333333333,0.04302049898982271,0.2871666666666666,0.04302049898982271,38.9990488688151,0.07413704915157063
5e-05,11,0.5964844072871196,0.01480944619934786,0.8570239923159283,0.21094544885880903,0.7246666666666667,0.050322592673006546,0.2753333333333333,0.050322592673006546,39.13554255167643,0.07357867159524686
5e-05,12,0.5727474705744074,0.009128242689410803,0.7054664173762003,0.034346186600788,0.7678666666666666,0.012159906797888418,0.23213333333333333,0.012159906797888418,39.265525817871094,0.07395117021688166
5e-05,13,0.5512502261795554,0.009575641599436907,0.8568827162424723,0.13101738394872522,0.7285666666666666,0.027203921285971502,0.27143333333333336,0.027203921285971502,39.39198557535807,0.0705818994327607
5e-05,14,0.528017169425148,0.009961535309226036,0.7558179824829101,0.10570413199007438,0.7575333333333333,0.024666644144133887,0.2424666666666667,0.024666644144133887,39.517678578694664,0.07182894346722218
5e-05,15,0.5127683759548679,0.008959700694279038,0.7200120126406352,0.04655460525920998,0.7677999999999999,0.01698852553931627,0.2322,0.01698852553931627,39.641377766927086,0.07326258934834136
5e-05,16,0.4957539258304053,0.008356903810070615,0.7611009266853332,0.16871974008926824,0.7564666666666667,0.03773080085730132,0.24353333333333335,0.03773080085730133,39.76462173461914,0.07064304693521926
5e-05,17,0.47798681968008466,0.007957070082766866,0.7221489979743957,0.13663506203484485,0.7690333333333333,0.02822380791695788,0.23096666666666665,0.02822380791695788,39.885545094807945,0.06968136757113383
5e-05,18,0.4648962323724563,0.007386326795449959,0.6591988016764323,0.05554979324479879,0.7863666666666665,0.01507658228290921,0.21363333333333334,0.01507658228290921,40.00555928548177,0.06911063846530209
5e-05,19,0.4536513724163467,0.008261952898086863,0.6297652958393097,0.030226277646557956,0.793,0.007418220810949229,0.207,0.007418220810949229,40.12222671508789,0.06949214429566535
5e-05,20,0.44024249056365283,0.006623444584179892,0.6634408559799194,0.014980891854669,0.7837333333333333,0.006671081871280954,0.21626666666666663,0.006671081871280954,40.238152821858726,0.06930852447307763
5e-05,21,0.42737590694976274,0.007062934378667521,0.6193748631477356,0.03474687886689786,0.8025666666666668,0.009851057472846914,0.19743333333333335,0.009851057472846914,40.3522694905599,0.06878176754247765
5e-05,22,0.41583117208771486,0.006239834513907163,0.6240212570508321,0.05186274537433959,0.7955,0.014632498077908663,0.2045,0.014632498077908663,40.46628952026367,0.06936731843541148
5e-05,23,0.4066064384942978,0.00392660140912232,0.6599624828974405,0.036480027956026395,0.7914333333333334,0.011116354318450525,0.20856666666666665,0.011116354318450525,40.57657368977865,0.06782600064929359
5e-05,24,0.3946933069497423,0.0016537071054791308,0.7163733203570049,0.09903949805351561,0.7813,0.022063317973505227,0.2187,0.022063317973505227,40.68793487548828,0.06747025117534361
5e-05,25,0.3869033438190881,0.004979705883838276,0.6205518251736959,0.09206065835611327,0.8044666666666666,0.022762322670002992,0.19553333333333334,0.022762322670002992,40.79780197143555,0.06699963098110258
5e-05,26,0.37414699738237056,0.0037504047481946383,0.597502323436737,0.061182480942432386,0.8128666666666667,0.012240234202552387,0.18713333333333337,0.012240234202552387,40.908373514811196,0.06638105922824239
5e-05,27,0.3682815634787642,0.003319897721322852,0.6343969942410786,0.1119228869124187,0.7974333333333333,0.029957024774388653,0.20256666666666667,0.029957024774388653,41.01844151814779,0.06603238370040186
5e-05,28,0.3595459086841126,0.003808315400723081,0.6626674353599548,0.12301626148799266,0.7968000000000001,0.026051295553196546,0.20320000000000002,0.026051295553196543,41.127418518066406,0.0665015696193506
5e-05,29,0.3516017376665162,0.0018337372279500028,0.5895225019454956,0.04738808502163097,0.8137,0.011405700329221322,0.1863,0.011405700329221322,41.23515701293945,0.06768698558288282
5e-05,30,0.346088709809896,0.004388566794382313,0.6514126105944316,0.13505079636832865,0.8022666666666667,0.03479372548798608,0.19773333333333332,0.03479372548798608,41.34202321370443,0.06654757828311965
5e-05,31,0.33648402770411123,0.0073274803767817255,0.5652644147872925,0.03244512601102194,0.8236666666666667,0.0029737742572921366,0.17633333333333331,0.0029737742572921366,41.445840199788414,0.06602725767902669
5e-05,32,0.33024546519264847,0.007486865993004291,0.5416424817879995,0.03334967427081395,0.8297666666666667,0.00961994455978482,0.17023333333333335,0.00961994455978482,41.55088806152344,0.06738543667296333
5e-05,33,0.3239753941567861,0.0016220855160059098,0.6301061431090037,0.09487407219952258,0.8045333333333332,0.023452149865914894,0.19546666666666668,0.023452149865914894,41.655871073404946,0.06706871911202761
5e-05,34,0.3175212956094783,0.0068159333681646166,0.672236988290151,0.09534240357806067,0.7989,0.02182406928141499,0.20109999999999997,0.02182406928141499,41.760902404785156,0.06703831074811986
5e-05,35,0.30921686761468675,0.003328733830321695,0.5966344513098399,0.10924204804113917,0.8192333333333334,0.023700703224447457,0.18076666666666666,0.023700703224447457,41.86515426635742,0.06744466873894675
5e-05,36,0.30422871491894804,0.00520461073084803,0.5702939774354299,0.04928415293359487,0.8262666666666667,0.012079045216130853,0.17373333333333338,0.012079045216130853,41.969347635904946,0.06814805541705951
5e-05,37,0.2989810607876416,0.0025189603294320955,0.5753907438755036,0.006890393954143304,0.8239666666666667,0.00040414518843275764,0.1760333333333333,0.00040414518843275764,42.07001241048177,0.06877547251745969
5e-05,38,0.29469420083775444,0.0035077067908891027,0.4939601764520009,0.05343251482359902,0.8445333333333332,0.012888884099615965,0.15546666666666667,0.012888884099615963,42.17119471232096,0.06934887651705036
5e-05,39,0.2881981092620282,0.004020342899030978,0.531003152958552,0.055328594673348344,0.8337666666666667,0.012182911529405996,0.16623333333333334,0.012182911529405996,42.272406260172524,0.07184730986488695
5e-05,40,0.28504521854520354,0.005747011321019818,0.5510036333401999,0.07594050044338463,0.8339333333333333,0.0122806080196924,0.1660666666666667,0.0122806080196924,42.3736826578776,0.07177780946890802
5e-05,41,0.27807403928763014,0.0016094632244362003,0.591172932211558,0.036217064905506496,0.8269333333333334,0.009542187030934415,0.17306666666666667,0.009542187030934415,42.474114735921226,0.0735381838239439
5e-05,42,0.2739309577203061,0.0030310944503828237,0.696207066408793,0.29588533809639156,0.8102,0.054785764574385554,0.18979999999999997,0.054785764574385554,42.572470347086586,0.07265774324256973
5e-05,43,0.27032981439472165,0.0034813116399186645,0.603473924589157,0.115075844383961,0.8250333333333334,0.02967226538930477,0.17496666666666663,0.02967226538930477,42.670833587646484,0.07374332535752355
5e-05,44,0.26502753252390604,0.004001698541531286,0.5251937211672465,0.042620362243493935,0.8406000000000001,0.014155211054590444,0.1594,0.014155211054590444,42.76891581217448,0.07303485226904124
5e-05,45,0.2603411464892385,0.0070077113072754,0.5109573307037354,0.10124755041381246,0.8447333333333332,0.021766334862197943,0.15526666666666666,0.021766334862197943,42.864245096842446,0.07106738848858939
5e-05,46,0.25579369259968027,0.0033622379609050917,0.5511051728169123,0.025125600030957564,0.8348666666666666,0.0033842773723992423,0.16513333333333335,0.0033842773723992423,42.9610341389974,0.07096132729450111
5e-05,47,0.2502093492591879,0.004098840454566459,0.5442606254895529,0.0349490068868023,0.8387333333333333,0.006600252520421712,0.16126666666666664,0.006600252520421712,43.05547078450521,0.07192382923508422
5e-05,48,0.24891850926483786,0.003147582527618178,0.5302756251017252,0.027184418630724173,0.8427333333333333,0.0066725807101400605,0.15726666666666667,0.0066725807101400605,43.15126037597656,0.07170036696737825
5e-05,49,0.24544003614735013,0.0016686737992871754,0.5328142460823059,0.05386420547207323,0.8446000000000001,0.012644366334458949,0.15539999999999998,0.012644366334458949,43.246359507242836,0.07342476007585799
5e-05,50,0.24032825687606418,0.004427421093327539,0.5181834629853567,0.027218710668990915,0.8451666666666666,0.004212283624512148,0.15483333333333335,0.004212283624512148,43.340624491373696,0.07203990433349118
5e-05,51,0.23499737113383926,0.0022682921251260405,0.5751355682849884,0.081871631216358,0.8324333333333334,0.019016396433954884,0.16756666666666667,0.019016396433954884,43.43365224202474,0.07126360517229137
5e-05,52,0.23016077408984695,0.0024315051775750988,0.5331768449465434,0.08841951559886534,0.8450000000000001,0.019775995550161303,0.155,0.019775995550161303,43.526055653889976,0.07261296399089132
5e-05,53,0.2280116731845611,0.003920044428588772,0.5152767720858256,0.05950253818360627,0.8477666666666667,0.012651218650127473,0.15223333333333333,0.012651218650127473,43.61757787068685,0.0733452888184204
5e-05,54,0.22590493967872546,0.002216495343565005,0.5465970996856689,0.10982727371031849,0.8479,0.023505531263938728,0.1521,0.023505531263938728,43.710984547932945,0.07422284048477233
5e-05,55,0.22301863330175808,0.0020138203601872046,0.5143896233876547,0.0466654307875551,0.8504333333333333,0.01265082342511088,0.14956666666666665,0.01265082342511088,43.801700592041016,0.0733694557286057
5e-05,56,0.2171154065472086,0.0020436229526433346,0.5297276835282644,0.06354425258212643,0.8432333333333334,0.013382949351071078,0.1567666666666667,0.013382949351071077,43.892102559407554,0.07521111984166395
5e-05,57,0.21838942807856931,0.0037242984808542948,0.5647534785588583,0.08439390345689825,0.8414666666666667,0.017556860007795643,0.15853333333333333,0.017556860007795647,43.98176956176758,0.0759702344871018
5e-05,58,0.21323175257340213,0.001001185116907966,0.5414784373919169,0.03286240153664811,0.8452333333333334,0.011327106132341693,0.15476666666666664,0.011327106132341693,44.06937154134115,0.07637341388248534
5e-05,59,0.2089037170914738,0.0032922892741606698,0.5478405103524526,0.13487271262701914,0.8461666666666666,0.02717210579497538,0.15383333333333335,0.02717210579497538,44.15665054321289,0.07394994753071608
5e-05,60,0.2057436067239403,0.0019395294445243793,0.5675210791826247,0.14259931913020624,0.8392666666666666,0.024160780892457392,0.1607333333333333,0.024160780892457392,44.244729359944664,0.07414742880521338
5e-05,61,0.20522207380586063,0.0034173797931714915,0.5141203855991363,0.008036412501871924,0.8506,0.0035552777669262438,0.14939999999999998,0.0035552777669262438,44.33203633626302,0.07433145301716462
5e-05,62,0.19990767694800102,0.004748150382462092,0.5044965208848318,0.029263199805254988,0.8568000000000001,0.010828203913853819,0.1432,0.010828203913853819,44.4188346862793,0.07295734369526406
5e-05,63,0.19772719239334924,0.001395091906709084,0.6046707089662552,0.08224252671140347,0.8389000000000001,0.01646298879304726,0.1611,0.01646298879304726,44.50515111287435,0.07348418948846665
5e-05,64,0.19697969841936766,0.0039387582430980865,0.5206941857337952,0.03991474177093739,0.8518333333333333,0.014053587916732634,0.14816666666666667,0.014053587916732634,44.59173329671224,0.07386437139356705
5e-05,65,0.19346840762853215,0.002027751206001421,0.5450229226112365,0.03527030970109631,0.8467666666666668,0.008775154319630682,0.15323333333333333,0.008775154319630682,44.678724924723305,0.07316016097511731
5e-05,66,0.19027417184878695,0.001868239549245955,0.5432000218153,0.05848053234883823,0.8503,0.012325988804148721,0.14969999999999997,0.012325988804148723,44.762596130371094,0.07160469785288552
5e-05,67,0.18745820008643854,0.0012161555195270483,0.5369415915807089,0.055028501402611056,0.8511666666666665,0.009952051714763828,0.14883333333333335,0.009952051714763828,44.8492800394694,0.07139909026637387
5e-05,68,0.18593287366328845,0.0038169752106425024,0.5049985581278801,0.04367852059082747,0.8597666666666667,0.008721429546429498,0.14023333333333332,0.008721429546429498,44.932446797688804,0.06951153670426967
5e-05,69,0.18029453801046755,0.0012070571605024938,0.5119934678713481,0.04314513005697052,0.8548,0.00975499871860575,0.14520000000000002,0.00975499871860575,45.016518910725914,0.069584090587022
5e-05,70,0.17983644720220912,0.0015870031024993489,0.6505842006683349,0.12769156458220604,0.8301333333333334,0.02573816880303132,0.16986666666666664,0.02573816880303132,45.098130544026695,0.07001091499038532
5e-05,71,0.17744939423024098,0.0004720849529108156,0.4932984478473663,0.055379507155499316,0.8602333333333334,0.012504932360206264,0.13976666666666668,0.012504932360206264,45.178934733072914,0.07022440547598098
5e-05,72,0.17530646483840231,0.002384008128669791,0.514487551788489,0.016158656655663177,0.8577333333333333,0.003478984526170473,0.14226666666666668,0.003478984526170473,45.259830474853516,0.06903749919175675
5e-05,73,0.1729729530184775,0.00256700226246894,0.527215487464269,0.0611684882961304,0.8551333333333333,0.010048548817283672,0.14486666666666667,0.010048548817283672,45.34005228678385,0.07023770702768495
5e-05,74,0.17166884384179157,0.003951192893071208,0.5469902943134308,0.024278945790600567,0.8555,0.010949429208867488,0.1445,0.010949429208867488,45.42060470581055,0.0691377455179446
5e-05,75,0.1687170063563879,0.004528319963868938,0.5714454583009084,0.11241819515661508,0.8449333333333332,0.02097744820833396,0.15506666666666669,0.02097744820833396,45.5007438659668,0.0715972208904259
5e-05,76,0.16724296715761597,0.001214563494273694,0.5183785177320243,0.020938599625840423,0.8593000000000001,0.004539823785126429,0.14070000000000002,0.004539823785126428,45.57943344116211,0.07515048912334825
5e-05,77,0.16608104137394128,0.00313603017014147,0.5299264549851418,0.05434572583944134,0.8555333333333333,0.00914184518209173,0.14446666666666666,0.00914184518209173,45.65841547648112,0.07381132176968715
5e-05,78,0.16019083310207646,0.0013593853923932798,0.6180428348143896,0.16575109451979825,0.8421666666666666,0.023573360671175655,0.15783333333333335,0.023573360671175655,45.73363494873047,0.07390441294374452
5e-05,79,0.1587124084521844,0.0006933526362522562,0.5174862529238065,0.006956588524951787,0.8601666666666666,0.001266227994214819,0.13983333333333334,0.001266227994214819,45.808921813964844,0.07485360983760526
5e-05,80,0.15928682171678502,0.002093307610147362,0.5664821258068086,0.08994241742480567,0.8509666666666668,0.019719617981424804,0.14903333333333332,0.019719617981424804,45.88604863484701,0.07484607522822963
5e-05,81,0.1588909570905813,0.002940939745718849,0.5794841031074524,0.009933361876005506,0.8492333333333333,0.0035218366420567493,0.1507666666666667,0.0035218366420567493,45.962896982828774,0.07508308273784363
5e-05,82,0.1547018886692282,0.003253289293613107,0.6104095319747925,0.07149701565053779,0.8442,0.015016324450410654,0.15580000000000002,0.015016324450410654,46.03706487019857,0.07579290858717612
5e-05,83,0.15386454875359448,0.004266014011785967,0.5694921083013217,0.08106813317372415,0.8471000000000001,0.019229144546755114,0.1529,0.01922914454675511,46.110345204671226,0.07558911432358588
5e-05,84,0.15037580233985096,0.0012099736485201768,0.5576047355492909,0.0429517455325639,0.8553666666666667,0.006493329911018946,0.1446333333333333,0.006493329911018946,46.18215560913086,0.07732678611775703
5e-05,85,0.14989127078667627,0.002545728312544952,0.5011323764165243,0.024958245049412735,0.8649999999999999,0.007154718722633326,0.135,0.007154718722633326,46.25538762410482,0.07912386918319397
5e-05,86,0.1493570664730828,0.0036400588240286516,0.5470913699467977,0.05054241118746141,0.8566333333333334,0.011642307904076946,0.14336666666666667,0.011642307904076946,46.32760365804037,0.076873998722421
5e-05,87,0.14672169348785535,0.0022328124494764403,0.5174030008673668,0.016775715532524455,0.8620333333333333,0.005665980350595401,0.13796666666666665,0.005665980350595401,46.39887237548828,0.07735233480876963
5e-05,88,0.14783481595829728,0.001862144330161607,0.5169975292046866,0.04503504181506687,0.8647,0.008140638795573724,0.13530000000000006,0.008140638795573724,46.4705441792806,0.07896248749478327
5e-05,89,0.1409037952412171,0.0011371183365925016,0.5140762986660004,0.021506445700209043,0.8632,0.006060528029800667,0.1368,0.006060528029800668,46.538970947265625,0.07783353918429423
5e-05,90,0.14090911987200314,0.0046153697616140976,0.5923896126588186,0.09175998115041853,0.8478,0.017655310815729096,0.1522,0.017655310815729096,46.608601888020836,0.07604449350176104
5e-05,91,0.14147804104560274,0.0027705631668367863,0.5746730744043985,0.05066101157857029,0.8552,0.0127753669223236,0.1448,0.012775366922323601,46.679518381754555,0.07442666215377498
5e-05,92,0.13836867908509695,0.005551127084822554,0.6306744068145752,0.0889142048469889,0.8449666666666668,0.01768737779698653,0.15503333333333333,0.01768737779698653,46.74718729654948,0.07487051235030066
5e-05,93,0.1375235663718986,0.0020070478838865465,0.5554313878218333,0.1160604109376124,0.8589333333333333,0.01671356734312978,0.14106666666666667,0.01671356734312978,46.81383387247721,0.07848346485598856
5e-05,94,0.13440286574880486,0.003514463597360526,0.6130200883547465,0.029725797685361526,0.8498333333333333,0.004750087718488256,0.15016666666666667,0.004750087718488256,46.87999979654948,0.07388361800378512
5e-05,95,0.13580954978710955,0.002153019598764623,0.5324866123080253,0.048056361434753316,0.8606333333333334,0.011607038094765328,0.13936666666666667,0.011607038094765328,46.948150634765625,0.07426532514106125
5e-05,96,0.13199718971081706,0.0011621829449112331,0.5069711607615153,0.010596144230991806,0.8682,0.0013453624047073467,0.1318,0.0013453624047073467,47.01330312093099,0.07429039435188893
5e-05,97,0.13253812670059828,0.0021994013148073648,0.5796931516408921,0.0778217037490589,0.8533000000000001,0.015121838512561896,0.14669999999999997,0.015121838512561894,47.07785288492838,0.07555661069314439
5e-05,98,0.1321727874905557,0.0011599033322752992,0.5441170810858408,0.04290249674631013,0.8612000000000001,0.008529361054615974,0.1388,0.008529361054615974,47.14262008666992,0.07498079021086972
5e-05,99,0.12948385286577624,0.0033909960223152957,0.5500013457218806,0.025959415295480515,0.8599,0.0033045423283716803,0.1401,0.0033045423283716803,47.204821268717446,0.0767283456532319
5e-05,100,0.12704884020162258,0.0028597788150989474,0.5550122636477152,0.07645168856329293,0.8628666666666667,0.009978643862436055,0.13713333333333333,0.009978643862436055,47.26612981160482,0.07670367088775114
0.0001,1,1.6735169133465206,0.01138184626384934,2.233376910909017,0.1734357181798293,0.34413333333333335,0.011511009223058309,0.6558666666666666,0.011511009223058285,37.48596700032552,0.06852961998033295
0.0001,2,1.284874387155307,0.018578129858160382,1.3820053864796957,0.14678582942246393,0.5211666666666667,0.03364822927485687,0.4788333333333334,0.03364822927485687,37.605786641438804,0.06152001869230554
0.0001,3,1.0894836005449091,0.022105870793722844,1.2875589159647622,0.22245775220606986,0.5639333333333333,0.05850002849002153,0.43606666666666666,0.05850002849002153,37.716559092203774,0.05403583758270049
0.0001,4,0.9592645232838031,0.022615805931704185,1.272537453842163,0.10410832601806533,0.5825999999999999,0.03114369920224635,0.41740000000000005,0.031143699202246352,37.81811014811198,0.04960996477936988
0.0001,5,0.864726349876563,0.02896914094045857,1.0507942481994628,0.11454310466429919,0.6472000000000001,0.035740872960799364,0.3528,0.035740872960799364,37.91545867919922,0.047144570585404416
0.0001,6,0.7945212669486382,0.030127094833603086,1.00231730855306,0.06930650582734586,0.6701333333333332,0.020576766833818476,0.3298666666666667,0.020576766833818476,38.00598271687826,0.044765003550257094
0.0001,7,0.7316669014307138,0.025784935090736046,0.9155702537536622,0.12799341637336603,0.6916333333333333,0.03735322386800549,0.3083666666666666,0.03735322386800549,38.092081705729164,0.037363179352506375
0.0001,8,0.6867472086060484,0.02032850252648278,0.9791753943443298,0.07179554338813417,0.6823,0.021774296773948924,0.3177,0.021774296773948924,38.173126220703125,0.028764393558370197
0.0001,9,0.647991389569724,0.016458588854122845,0.9085956860224407,0.20426072166857484,0.7026333333333334,0.05772437382365733,0.2973666666666666,0.05772437382365733,38.24952824910482,0.022986563119804813
0.0001,10,0.6137088436096628,0.017212719602137872,0.8520299016316732,0.1412053023775813,0.7263333333333333,0.03537927830430311,0.27366666666666667,0.03537927830430311,38.32146708170573,0.017352611871169057
0.0001,11,0.5860481006613372,0.01464697828029111,0.8391214771429697,0.2866717407568711,0.7303666666666667,0.0698960895425011,0.26963333333333334,0.0698960895425011,38.39085388183594,0.013805677163760825
0.0001,12,0.5612294284431526,0.01182018304808251,0.7377117836316427,0.055119997653639397,0.7591333333333333,0.009360733589486057,0.24086666666666667,0.009360733589486057,38.455745697021484,0.009581770077937443
0.0001,13,0.5378336082486546,0.013111932981091317,0.945993323548635,0.15285877774161868,0.7091,0.038896915044769304,0.2909,0.038896915044769304,38.51891072591146,0.006053702613369262
0.0001,14,0.5184926668853711,0.01120679354561701,0.7202989052136739,0.0827282879652911,0.7627666666666665,0.027214395700315187,0.23723333333333338,0.027214395700315187,38.58029810587565,0.00566227831020481
0.0001,15,0.5026497471083563,0.009362812494326009,0.7301609723409017,0.06671075363192434,0.7669333333333332,0.019604676312893643,0.23306666666666667,0.019604676312893643,38.63958485921224,0.005681069627850107
0.0001,16,0.4850394038542254,0.00926455282637549,0.7602324759801228,0.11995826320206192,0.7600333333333333,0.03121367221800943,0.2399666666666667,0.03121367221800943,38.6961924235026,0.003751749104306628
0.0001,17,0.4694496909599475,0.007799168936630381,0.7416126163641611,0.09885633727957292,0.7613666666666666,0.025204232448803775,0.23863333333333336,0.025204232448803775,38.750999450683594,0.008336696867187507
0.0001,18,0.4556962289265456,0.012004439327331785,0.6755616648197175,0.09303772895682197,0.7841,0.022941883096206397,0.2159,0.022941883096206393,38.806297302246094,0.009520013249284611
0.0001,19,0.44341426095643416,0.012098448601304478,0.7214733276049295,0.054141121880605915,0.7703666666666668,0.017142150779098083,0.22963333333333333,0.017142150779098083,38.85994211832682,0.010496346156656861
0.0001,20,0.4319111767454424,0.010621787017729605,0.6947850849151611,0.08237518863864862,0.7798999999999999,0.016731108749870657,0.2201,0.016731108749870657,38.913204193115234,0.01419129267748053
0.0001,21,0.4193052947902314,0.010470527909210221,0.6669583163261414,0.12732358390750614,0.7954333333333334,0.030987793295640404,0.20456666666666667,0.030987793295640404,38.96629333496094,0.015572232032883422
0.0001,22,0.4080910940558506,0.009005820444340389,0.6495234250704447,0.11588781635426984,0.7934666666666667,0.026443398672132367,0.20653333333333335,0.026443398672132367,39.018255869547524,0.016759800407023642
0.0001,23,0.39931330349032734,0.009477645507830791,0.6283430260181427,0.06182501023523537,0.7989333333333333,0.017755656375739365,0.2010666666666667,0.017755656375739365,39.06914138793945,0.015858247117428725
0.0001,24,0.38873264639426375,0.009413263045312719,0.7119674438635508,0.04322105120670581,0.7819333333333334,0.01045817064946509,0.21806666666666666,0.01045817064946509,39.11920928955078,0.01587339170076572
0.0001,25,0.3799695405864553,0.00787946641235876,0.6545856458187104,0.06263020911012805,0.7952,0.012357588761566687,0.2048,0.012357588761566687,39.16662470499674,0.017410092070037714
0.0001,26,0.3698087074338933,0.008450228861400528,0.6666663717110951,0.055962663147655085,0.7895666666666666,0.014213491243650667,0.21043333333333333,0.014213491243650667,39.21630986531576,0.020299346646196367
0.0001,27,0.363265712573197,0.007287924910050667,0.6941036665121715,0.08177057741756827,0.7843666666666668,0.020010580534640502,0.21563333333333332,0.020010580534640502,39.2661018371582,0.022010969825788457
0.0001,28,0.35379329427937006,0.005495226034218444,0.643813800128301,0.06218872103347325,0.8006333333333333,0.01617693831765865,0.1993666666666667,0.01617693831765865,39.314727783203125,0.024375181530332274
0.0001,29,0.346178209613961,0.005039450288600167,0.6765796857039134,0.17761672968752035,0.7952666666666667,0.035569837409430705,0.20473333333333332,0.035569837409430705,39.3621711730957,0.028004936104393308
0.0001,30,0.3397601442975258,0.008063509683086256,0.6298383518536885,0.1790032828639742,0.8111,0.03930737844222126,0.18889999999999996,0.03930737844222126,39.41151428222656,0.03081588881116889
0.0001,31,0.3331641046058796,0.009941004573375163,0.5857790454228718,0.04416530181672806,0.8212999999999999,0.006063002556489685,0.1787,0.006063002556489685,39.45852788289388,0.030873440464948484
0.0001,32,0.32803850146510716,0.00692939976130636,0.5430085289796193,0.02285188169875996,0.8262333333333333,0.002730079363925748,0.17376666666666665,0.002730079363925748,39.50502014160156,0.030907090400188676
0.0001,33,0.3213163245999701,0.007478364755647023,0.5982319476763407,0.04867586010699055,0.8152333333333334,0.011927419391189888,0.18476666666666666,0.011927419391189888,39.552833557128906,0.031141144621421313
0.0001,34,0.31247953411258395,0.007900274317863885,0.6478537635485332,0.14301378575296028,0.8022333333333332,0.037344522132882293,0.19776666666666667,0.037344522132882293,39.60110855102539,0.03250267759827715
0.0001,35,0.3094943677601607,0.00512884687513824,0.5774125716209412,0.10193735559453244,0.8229000000000001,0.022926622080018666,0.17710000000000004,0.022926622080018663,39.64819463094076,0.03322271081723074
0.0001,36,0.3013920057612612,0.0071425163407387296,0.6734659415880838,0.10637247219100238,0.8029000000000001,0.023557801255635002,0.19710000000000003,0.023557801255635002,39.69412485758463,0.03505719537334757
0.0001,37,0.29939284634864544,0.005720656546450514,0.6143632257143657,0.14788536079186135,0.8166333333333333,0.032096157610114875,0.18336666666666668,0.032096157610114875,39.738932291666664,0.03560720089546163
0.0001,38,0.29296793096967977,0.007829940839825762,0.5226579107602437,0.03392458524249488,0.8349666666666667,0.0053873308171425,0.16503333333333337,0.0053873308171425,39.782580057779946,0.03558629286960154
0.0001,39,0.2865409227905879,0.004122639760468397,0.6038907757838566,0.014408349164891449,0.8151666666666667,0.003231614663497698,0.18483333333333332,0.003231614663497698,39.82914352416992,0.03843538130662453
0.0001,40,0.2835617235274977,0.005788125232729502,0.6901182239055633,0.1533400114501182,0.8029999999999999,0.029425669066310126,0.19699999999999998,0.029425669066310126,39.8763427734375,0.03780363431250812
0.0001,41,0.2766168927877049,0.002189419955056842,0.5743504989306132,0.061296986053087275,0.8265333333333333,0.016165807537309472,0.17346666666666666,0.016165807537309472,39.9228769938151,0.03966321467461631
0.0001,42,0.2735572397099127,0.006413909758489861,0.611252115281423,0.03823910843337711,0.8170000000000001,0.011458184847522767,0.18299999999999997,0.011458184847522767,39.96871693929037,0.041152727852287706
0.0001,43,0.2706194438630967,0.004636435644836341,0.5303692443529765,0.04424024541744657,0.8382333333333333,0.01599197715522801,0.16176666666666664,0.01599197715522801,40.01120376586914,0.04357721621177667
0.0001,44,0.26538898093976837,0.004851964906765471,0.48882228886286416,0.014604499303606772,0.8496666666666667,0.002112660250332098,0.15033333333333332,0.002112660250332098,40.05654652913412,0.046239409024782366
0.0001,45,0.26002810886550537,0.005212671642599362,0.5064409757614136,0.051966778974908624,0.8471333333333334,0.0123029806686564,0.15286666666666662,0.012302980668656397,40.101540883382164,0.04849033194121918
0.0001,46,0.25548858574741634,0.00643085438829988,0.5571087410449982,0.0785048873125843,0.8348666666666666,0.01533242750947588,0.16513333333333333,0.01533242750947588,40.14544677734375,0.0489025884812408
0.0001,47,0.2523229700423466,0.004881505306142773,0.4773327610015869,0.03149041356803456,0.8505333333333334,0.009000740710260099,0.14946666666666664,0.009000740710260099,40.189127604166664,0.05102835513322053
0.0001,48,0.248880821903445,0.0040167176080848814,0.6337097029368083,0.16544798448544895,0.8177,0.03490386798049747,0.18230000000000002,0.03490386798049747,40.23427708943685,0.054112721696638166
0.0001,49,0.24600725140794158,0.004108371569856005,0.5169603827635447,0.06969195052852711,0.8454,0.01536456963276226,0.1546,0.01536456963276226,40.27843983968099,0.05735253671703771
0.0001,50,0.24030651411284573,0.005493390633481262,0.5914280156612396,0.0077601533431234425,0.8269000000000001,0.005168171823769062,0.1731,0.005168171823769062,40.321905771891274,0.060770178834270654
0.0001,51,0.23576172297059828,0.00276112253690915,0.5888044884999593,0.06201460951105361,0.8301333333333334,0.012050449507521798,0.16986666666666664,0.012050449507521798,40.36404037475586,0.06187101383148824
0.0001,52,0.23128043179926663,0.007137632339149687,0.5749424200216929,0.10936339997190597,0.8289666666666666,0.026421266686768318,0.17103333333333337,0.026421266686768318,40.40712102254232,0.0636048439004714
0.0001,53,0.22967353157654646,0.002542935665980953,0.5313009154995282,0.012039307330056082,0.8462666666666667,0.004819059382631975,0.15373333333333336,0.004819059382631975,40.45075352986654,0.06627881849209133
0.0001,54,0.22733296352960264,0.00371332756532563,0.5504990323384603,0.03132809044830694,0.8407999999999999,0.009600520819205604,0.1592,0.009600520819205604,40.493063608805336,0.06875515547865081
0.0001,55,0.2242332936819557,0.006416812337760515,0.5545687013626098,0.055958318594284955,0.8407666666666667,0.01105275229675093,0.15923333333333334,0.01105275229675093,40.53459548950195,0.06994810224766039
0.0001,56,0.22080276975724197,0.0036943687925133618,0.6163552077611287,0.037608016348014715,0.8275666666666667,0.012220201853215583,0.17243333333333336,0.012220201853215583,40.576315561930336,0.07190544818083348
0.0001,57,0.2173719092225378,0.002737339224095603,0.522776219701767,0.06119287695624921,0.8462,0.015124814048443732,0.15380000000000002,0.015124814048443732,40.61956787109375,0.07312963808625193
0.0001,58,0.21826735984943713,0.005026673587730564,0.5737856384595235,0.10968458186970234,0.8413,0.01890264531752102,0.15869999999999998,0.01890264531752102,40.66343434651693,0.07431796309892089
0.0001,59,0.21365220589406045,0.0044625449989460055,0.5019092039267222,0.05506859462073267,0.8546333333333332,0.015166190468714749,0.14536666666666667,0.01516619046871475,40.705955505371094,0.07332470209524587
0.0001,60,0.20984443035119635,0.0028401658436827885,0.5854313873291016,0.014863388118680005,0.8327,0.0022605309110915062,0.1673,0.0022605309110915062,40.74787902832031,0.07294436371831035
0.0001,61,0.20584985000245712,0.003018888410005237,0.5080992493629456,0.030461652946606743,0.8489333333333334,0.008334466589610505,0.15106666666666665,0.008334466589610507,40.788665771484375,0.07244317000067685
0.0001,62,0.20468667012981542,0.00434373791155352,0.49254732109705607,0.009488633183597913,0.856,0.004986983055916631,0.14400000000000002,0.004986983055916631,40.8299929300944,0.07579982069445791
0.0001,63,0.19970387926060018,0.0014830663395547065,0.58818990483284,0.05311400476088412,0.8426,0.005501817881391549,0.15739999999999998,0.005501817881391549,40.86878967285156,0.07812504721804027
0.0001,64,0.19858866177962972,0.00587658670469318,0.6060410890102387,0.16041921053170155,0.8372,0.031128925455273907,0.16280000000000003,0.031128925455273907,40.90865707397461,0.07952567569727502
0.0001,65,0.19634212322298117,0.00046636927110868,0.5217596919933954,0.0846241657657686,0.8530000000000001,0.012752646784099344,0.147,0.012752646784099344,40.94922765096029,0.08110180360555325
0.0001,66,0.19320885590313341,0.004614212145465958,0.4977411453088125,0.03700128075945538,0.8572000000000001,0.0063788713735267915,0.1428,0.0063788713735267915,40.99009450276693,0.0830075883102662
0.0001,67,0.19095139576396877,0.0056212755291517045,0.548269305006663,0.04364363735797306,0.8487666666666667,0.008105142400558605,0.15123333333333333,0.008105142400558605,41.028578440348305,0.08637125883157555
0.0001,68,0.1881505367929673,0.005347540526786159,0.5704626497586568,0.16797008797288632,0.8408666666666668,0.03855831082053951,0.15913333333333332,0.03855831082053951,41.06874084472656,0.08669004936962377
0.0001,69,0.18634032203997697,0.002784412026815903,0.573760934638977,0.04707671594266331,0.8432666666666667,0.010551935051607047,0.1567333333333333,0.010551935051607047,41.10957717895508,0.08782006509323176
0.0001,70,0.1865944515084824,0.0044414608775463936,0.5858720901489258,0.1668940508652321,0.8417333333333333,0.03268276814061705,0.15826666666666667,0.03268276814061705,41.147360483805336,0.09080173713081521
0.0001,71,0.18245673808447846,0.006352128334287045,0.6001069324016571,0.07335021267444918,0.8351333333333333,0.018274663699596023,0.1648666666666667,0.018274663699596023,41.185654958089195,0.09383527613276035
0.0001,72,0.17794356623764537,0.002903999104296179,0.5337940424760182,0.04224362483340534,0.8496,0.008283115355951524,0.15039999999999998,0.008283115355951524,41.222357432047524,0.09703279685205853
0.0001,73,0.17738619348302623,0.0038392078249052247,0.5440373187383016,0.04824466387516126,0.8505666666666668,0.012387224601715022,0.1494333333333333,0.012387224601715022,41.26019159952799,0.09609262242473796
0.0001,74,0.17752233442976653,0.002940686753341949,0.5708721467177074,0.032814497051097645,0.8465666666666666,0.004645786621588757,0.1534333333333333,0.004645786621588757,41.29824956258138,0.09922899051260324
0.0001,75,0.1743645456675932,0.004996241134788624,0.5522240789731344,0.09048442190783258,0.8488000000000001,0.01854615863191079,0.1512,0.01854615863191079,41.334763844807945,0.09852816103431883
0.0001,76,0.17306451441661375,0.002914641214611958,0.5334076513608297,0.0695050552091399,0.8547666666666668,0.010208003396028661,0.14523333333333333,0.010208003396028661,41.37201054890951,0.09619351858617005
0.0001,77,0.170380481378273,0.001897721313753133,0.5360476848125457,0.020523839543717812,0.8562,0.004003748243833526,0.1438,0.004003748243833526,41.40806198120117,0.09385521928779025
0.0001,78,0.16907543990084584,0.0047825023528103,0.5388107504367828,0.02134918575140979,0.8529333333333332,0.01234355432334358,0.14706666666666668,0.01234355432334358,41.444271087646484,0.09542675492544828
0.0001,79,0.16441371939117239,0.004355059820190836,0.5537045705318451,0.04627572503620792,0.8517333333333333,0.010363557947603373,0.14826666666666666,0.010363557947603373,41.47842915852865,0.09799410568535678
0.0001,80,0.16547123056606972,0.002269002045260581,0.5507511402130127,0.028093884737610868,0.8513999999999999,0.003207802986469074,0.14860000000000004,0.003207802986469074,41.51408894856771,0.09955182508912153
0.0001,81,0.16311639670571607,0.002646542864571812,0.5461295541286469,0.033995198941355935,0.8531666666666666,0.007805340052382963,0.14683333333333337,0.007805340052382963,41.548709869384766,0.10085621880572611
0.0001,82,0.1616299800663704,0.004665583984442736,0.49105201959609984,0.03461145329029818,0.8656333333333333,0.003693688310257508,0.13436666666666666,0.003693688310257508,41.580816904703774,0.10220890717391933
0.0001,83,0.15863772287316943,0.0032150544336937894,0.5856993976275126,0.06958930455426564,0.8451333333333334,0.01656572767291958,0.15486666666666668,0.01656572767291958,41.61528778076172,0.10213255564770611
0.0001,84,0.1584398985188534,0.0027351296620105473,0.5792067885239919,0.07805466828871485,0.8446666666666666,0.018808863158982597,0.15533333333333332,0.018808863158982597,41.65073903401693,0.10350478287682545
0.0001,85,0.15607425523167578,0.0018181420726414905,0.5324879885355632,0.053352417768870404,0.8553000000000001,0.013225354437594502,0.14469999999999997,0.0132253544375945,41.6821657816569,0.10310627782588909
0.0001,86,0.15423144281659995,0.004001657098184694,0.5135273578008016,0.023759129607035686,0.8618,0.0054671747731346735,0.1382,0.0054671747731346735,41.71429570515951,0.10370546296728418
0.0001,87,0.1526371801854806,0.0022435028096282517,0.5498951925595601,0.04052319621624867,0.8532333333333334,0.009111714072189343,0.14676666666666663,0.009111714072189343,41.74495188395182,0.10331232945738701
0.0001,88,0.15089602000179295,0.0019272313990273792,0.6807367927153906,0.17176482993247286,0.8339666666666666,0.02687607362196593,0.16603333333333328,0.02687607362196593,41.77697245279948,0.09998060579859372
0.0001,89,0.15092220965007483,0.0029550378007592235,0.5497335831483205,0.08301615827169641,0.8518333333333334,0.0177753574741363,0.14816666666666664,0.0177753574741363,41.80692036946615,0.09947354927610245
0.0001,90,0.15091156096968605,0.002003858107588763,0.5879979934374492,0.038461488328193745,0.8464999999999999,0.010758717395675044,0.1535,0.010758717395675046,41.839394887288414,0.09922151930207235
0.0001,91,0.14726721196858575,0.0059146956368718515,0.5807520331541697,0.0710882953565618,0.8470333333333334,0.01923910947350042,0.15296666666666667,0.01923910947350042,41.868465423583984,0.10059080304546605
0.0001,92,0.14555267450373496,0.003543747651885701,0.5373541184425354,0.08211103060324197,0.8554,0.02184399230909953,0.14459999999999998,0.02184399230909953,41.898763020833336,0.09930358678249458
0.0001,93,0.14264533797061454,0.002281377462136417,0.558622882048289,0.08027107378630773,0.8504,0.018309287260841123,0.14959999999999998,0.018309287260841123,41.927199045817055,0.1005363218533867
0.0001,94,0.14217086185408218,0.007319322050995163,0.5475613866329193,0.07805507734162094,0.8542,0.01775528090456469,0.1458,0.01775528090456469,41.955039978027344,0.10592829372533603
0.0001,95,0.141136855989034,0.005090904168682647,0.5583255742311478,0.059366988218362,0.8505333333333333,0.012507730942634375,0.14946666666666672,0.012507730942634375,41.98393885294596,0.108036797187944
0.0001,96,0.13962514890010094,0.001003107218425791,0.530677367623647,0.06970647950111952,0.8603,0.015223337347638338,0.13970000000000002,0.015223337347638337,42.013266245524086,0.10862358149078392
0.0001,97,0.14123589091974756,0.0033151203228766264,0.5345877639770508,0.03383358999404085,0.8608666666666668,0.004301550108197442,0.13913333333333333,0.004301550108197442,42.0427360534668,0.10972715766254063
0.0001,98,0.13550171109499173,0.003791032967991519,0.5363651228586833,0.012774699578400706,0.8593666666666667,0.004609049070397631,0.1406333333333333,0.004609049070397631,42.068224589029946,0.10987371933765502
0.0001,99,0.13466110884609733,0.0024547553524286157,0.550755310233434,0.05073651885429712,0.8564333333333334,0.009166424239218538,0.14356666666666665,0.009166424239218538,42.09451548258463,0.1110148136785488
0.0001,100,0.1369682362736643,0.0024675186738008833,0.5383398114522299,0.0487622484984541,0.8610333333333333,0.005723926391327333,0.13896666666666666,0.005723926391327333,42.122432708740234,0.11075546502102956
0.0005,1,1.669039033054797,0.009112489430375677,1.8382153199513753,0.1363418427510505,0.3852333333333333,0.011292622960735644,0.6147666666666667,0.011292622960735629,36.909645080566406,0.06249744172094452
0.0005,2,1.2894192722650644,0.013677422710612668,1.561552607345581,0.31246900958190366,0.48606666666666665,0.0606143822317223,0.5139333333333334,0.06061438223172232,36.46632385253906,0.05595467816414157
0.0005,3,1.1006367150678253,0.014819484642556849,1.2861926230748495,0.20488453758030148,0.5668666666666666,0.047080817041905,0.4331333333333333,0.047080817041905,36.03400548299154,0.05122742546467104
0.0005,4,0.9722606196224639,0.022378475817050016,1.2318823471705118,0.07475616652241142,0.5875333333333334,0.01577350098530233,0.4124666666666667,0.01577350098530233,35.61028798421224,0.0470276584930022
0.0005,5,0.8732344924844643,0.025769341318520926,1.2038289470036825,0.18006786083044898,0.6103999999999999,0.04213169828051088,0.3896,0.04213169828051088,35.199171702067055,0.04479624391284741
0.0005,6,0.7992871090680843,0.025614104195374115,0.9463283091227214,0.14023149898358547,0.6834333333333333,0.04484699915639098,0.3165666666666666,0.04484699915639098,34.79552459716797,0.04294426126050718
0.0005,7,0.7370800753739383,0.02071089001626595,0.8514210569063821,0.054383324418364784,0.7080000000000001,0.017918426270183453,0.292,0.017918426270183453,34.40234375,0.03870248613314653
0.0005,8,0.6882035103701977,0.012404301081473912,0.8853680991490682,0.1421632196958645,0.7067333333333332,0.035032032960325504,0.2932666666666667,0.035032032960325504,34.0171267191569,0.03744720752370802
0.0005,9,0.6499879781699852,0.01532956795837091,0.8334431191444397,0.08458892442448473,0.7250333333333333,0.017283035998728144,0.27496666666666664,0.017283035998728144,33.64061737060547,0.03801142662732812
0.0005,10,0.6172745481374827,0.011371590408142424,0.8040125908215842,0.029046151302187774,0.7357666666666667,0.006700248751601232,0.2642333333333333,0.006700248751601232,33.27391052246094,0.03752848509872918
0.0005,11,0.5873079384785885,0.01195911598387123,0.8335358856201172,0.165041865618643,0.7250666666666667,0.046055437608748626,0.2749333333333333,0.046055437608748626,32.916403452555336,0.037381144107067416
0.0005,12,0.5640213842180583,0.008848218586868633,0.7138856882095337,0.06980521579669448,0.7641333333333334,0.02259077983012835,0.23586666666666664,0.02259077983012835,32.570396423339844,0.039559899893439665
0.0005,13,0.5407481432875708,0.00916863859797008,0.8535369084993998,0.08682859975171342,0.7257000000000001,0.019331839022710677,0.2743,0.019331839022710677,32.23695627848307,0.03610517887206208
0.0005,14,0.5182886018472559,0.009148024721911422,0.7553945817788441,0.08840441575211332,0.7508666666666667,0.019244826144533857,0.24913333333333335,0.019244826144533857,31.913955688476562,0.03795278701239663
0.0005,15,0.5039039858619271,0.007771007002860745,0.6851445536136627,0.030955788880885238,0.7764333333333333,0.008582152022268837,0.22356666666666666,0.008582152022268837,31.60230890909831,0.03798873633090773
0.0005,16,0.48786361250019644,0.005663604272769336,0.8311289231936136,0.3561167844938326,0.7440333333333333,0.07973922079712928,0.25596666666666673,0.07973922079712928,31.297492345174152,0.03503429029513166
0.0005,17,0.4714481451017472,0.00485726978477126,0.7580304212252299,0.08069884346980995,0.7576999999999999,0.020248209797411723,0.2423,0.020248209797411727,31.005773544311523,0.03424489552396712
0.0005,18,0.45834047905624375,0.00895114995300953,0.6754618717193602,0.09604160955051427,0.7777333333333334,0.02651119260488546,0.22226666666666664,0.026511192604885457,30.722955067952473,0.03479255440957655
0.0005,19,0.4464911723482436,0.009338383097720507,0.6331249787012736,0.10013581489769265,0.7913,0.025380504329110556,0.2087,0.025380504329110556,30.451420466105144,0.03214798552426486
0.0005,20,0.4358584660550822,0.008282741663693154,0.6140928994019826,0.059578648544203305,0.7985666666666665,0.015385166015787181,0.20143333333333335,0.015385166015787181,30.191260019938152,0.030568623786871276
0.0005,21,0.4223344149060058,0.009786780203594,0.6618813456853231,0.09054234398668583,0.7897333333333334,0.02711776785307622,0.21026666666666669,0.027117767853076218,29.939870198567707,0.03159558107653439
0.0005,22,0.4132229998161523,0.008615452873499671,0.7484809546629587,0.19366379801613764,0.7703666666666668,0.04272251553143068,0.22963333333333333,0.04272251553143068,29.69654591878255,0.03413059428536846
0.0005,23,0.4030677917947753,0.008044553085899365,0.6649194894154866,0.008308212259250897,0.7879333333333333,0.005159780357082439,0.21206666666666665,0.005159780357082439,29.46533457438151,0.03277463941328944
0.0005,24,0.3926092316884824,0.005583322427173903,0.7868941698392232,0.03502602048069089,0.7673,0.005567764362830027,0.23270000000000002,0.005567764362830027,29.241702397664387,0.028104290754590137
0.0005,25,0.387044396750051,0.003462114420845239,0.6828271997769674,0.08021774568735426,0.7832333333333333,0.020763028038639574,0.21676666666666664,0.020763028038639574,29.02662976582845,0.026314221404551884
0.0005,26,0.37575893551238254,0.0038446092524390975,0.6548479843775431,0.1033603304600347,0.7895333333333333,0.029823704218848012,0.21046666666666666,0.029823704218848012,28.819761912027996,0.02624441580703864
0.0005,27,0.37255161310858126,0.004600565331559698,0.7331904434363047,0.14962900150031158,0.7703666666666665,0.0371004492335785,0.22963333333333336,0.0371004492335785,28.623133341471355,0.023225893580761863
0.0005,28,0.36215791493679655,0.004189804050016308,0.7040400579770406,0.07042318801815857,0.7762666666666668,0.023340165666364345,0.22373333333333334,0.023340165666364345,28.434818267822266,0.02282449898478079
0.0005,29,0.3566032735740437,0.006372941269612405,0.5557870181401571,0.08901089443403983,0.8184333333333335,0.025557255982075474,0.18156666666666665,0.025557255982075474,28.250837961832683,0.021071221495217913
0.0005,30,0.35173401216208583,0.004454289821435772,0.6694092740694683,0.1148161479652814,0.7935,0.025276866894455085,0.2065,0.025276866894455085,28.0759703318278,0.02089078411673684
0.0005,31,0.34317649120920657,0.005074142388738505,0.5639130900065105,0.04124812980691092,0.8177,0.01120000000000003,0.18230000000000002,0.01120000000000003,27.910072326660156,0.020335478387802745
0.0005,32,0.34108231538701855,0.005141359549142069,0.6332484484036763,0.06473359551507964,0.8034666666666667,0.015446142992130199,0.1965333333333333,0.015446142992130199,27.753217697143555,0.02398843803760332
0.0005,33,0.3318128031436338,0.004542694027299125,0.5526743067900339,0.05953655764767037,0.8213666666666667,0.014287873646324473,0.17863333333333334,0.014287873646324473,27.60352834065755,0.02678801598013103
0.0005,34,0.32797641098143604,0.006819253338757608,0.5948048895517984,0.1261675808931982,0.8103666666666666,0.0358586577179533,0.18963333333333332,0.035858657717953296,27.46575101216634,0.026380636254425015
0.0005,35,0.3238475509464283,0.005271342005535779,0.5961053585847219,0.13164381006797055,0.8151,0.03153347427734536,0.18489999999999998,0.031533474277345354,27.326807022094727,0.025007071606088147
0.0005,36,0.3169959452438334,0.006319020975319234,0.5736590958277384,0.01932814710386586,0.8193999999999999,0.00304466746952767,0.1806,0.00304466746952767,27.19762420654297,0.025816022649499823
0.0005,37,0.31523808434237194,0.0035270596696974936,0.6052481679916383,0.06636625155511959,0.8093333333333333,0.01551203833586461,0.19066666666666668,0.01551203833586461,27.070924123128254,0.024563220946719984
0.0005,38,0.3109594028370053,0.004504521503466567,0.5356517638206482,0.05936129088528078,0.8265333333333333,0.015471371410877979,0.17346666666666666,0.015471371410877979,26.948493321736652,0.026519991333692847
0.0005,39,0.3045029031574878,0.005764346038492073,0.5762768781979879,0.040500021797627475,0.8176666666666667,0.009357528163640924,0.18233333333333335,0.009357528163640924,26.832919438680012,0.028776249818335382
0.0005,40,0.30399945617128615,0.004456752123460666,0.5173801866531372,0.03934789620491345,0.8319000000000001,0.013173078607523748,0.16810000000000003,0.013173078607523748,26.72488848368327,0.030119376144905983
0.0005,41,0.2964632859848954,0.005073863691086215,0.6575361675580343,0.16488835281462633,0.7991,0.04577564854810902,0.2009,0.045775648548109026,26.6222407023112,0.03571590006762171
0.0005,42,0.29386922483350714,0.002712451486359052,0.48761597968737286,0.06302357817389306,0.8440333333333333,0.016400101625701366,0.15596666666666667,0.016400101625701366,26.525380452473957,0.03612796599180436
0.0005,43,0.29182935632504875,0.004597353014028206,0.5437830748558045,0.057257874692240994,0.8275333333333333,0.012663464507524548,0.17246666666666666,0.012663464507524548,26.43109385172526,0.037569886308397187
0.0005,44,0.28826109627984264,0.004078437811242728,0.49788907283147177,0.027451846666393866,0.8409666666666666,0.00727071752534322,0.15903333333333333,0.00727071752534322,26.338857650756836,0.03663225957400724
0.0005,45,0.2864867266766149,0.004879846164419264,0.5698059882879257,0.12704318657756014,0.8236333333333333,0.03150703625118253,0.17636666666666667,0.03150703625118253,26.25384457906087,0.033352273767090206
0.0005,46,0.28149295393107593,0.002781166929225623,0.5559740409533183,0.03641012305917809,0.8271333333333333,0.006562265868839325,0.1728666666666667,0.006562265868839325,26.1796080271403,0.037095254950290535
0.0005,47,0.2779607375272298,0.004874334423225599,0.5396482056776682,0.05297630514326593,0.8335666666666667,0.011750035460939365,0.16643333333333332,0.011750035460939365,26.103940963745117,0.04031261491125258
0.0005,48,0.2774828493671344,0.0026510349344903736,0.6661844270070393,0.3082405014784859,0.8108666666666666,0.058907752743873464,0.1891333333333333,0.058907752743873464,26.034109115600586,0.04107919929763522
0.0005,49,0.2747292458655381,0.004141317793547541,0.5248321655750274,0.06137953102862389,0.8339333333333334,0.016909859057169407,0.16606666666666667,0.016909859057169407,25.966341018676758,0.04181128895462013
0.0005,50,0.2701546838292685,0.003014446737119874,0.48089973295529687,0.03188919144508256,0.8464666666666667,0.009810368664496413,0.1535333333333333,0.009810368664496413,25.902669270833332,0.04116772660987889
0.0005,51,0.26664264972709933,0.005776740675035859,0.5121281412919362,0.06429732577153019,0.8395333333333332,0.015210960960219927,0.16046666666666667,0.015210960960219927,25.839548746744793,0.043044547680785694
0.0005,52,0.26382921561154155,0.0020501600920639156,0.5750437959988911,0.05183870047329755,0.8240999999999999,0.01192644121270047,0.17590000000000003,0.01192644121270047,25.777660369873047,0.047871209639005194
0.0005,53,0.26345020657101964,0.00309877011199742,0.5464816712220509,0.048639834508926186,0.8301666666666666,0.01091253102324722,0.16983333333333336,0.01091253102324722,25.719966888427734,0.049513002468395004
0.0005,54,0.26025553171515775,0.0020989748435662875,0.5430792087237041,0.1349591996261228,0.8328666666666668,0.03515399455728089,0.16713333333333333,0.03515399455728088,25.669859568277996,0.04757278667010198
0.0005,55,0.2579702541918096,0.0052089245366094125,0.6288662660916646,0.07664909448611347,0.8140333333333333,0.016101656229510493,0.1859666666666667,0.016101656229510496,25.620423634847004,0.049325116918404494
0.0005,56,0.2528364750265262,0.0015979335023879218,0.7314316734949747,0.3083172764943802,0.7906333333333334,0.07027733157521947,0.20936666666666667,0.07027733157521947,25.571433385213215,0.047546951021164234
0.0005,57,0.25493672450739197,0.002526037618578161,0.6244793622970581,0.15380329748471946,0.8188999999999999,0.03201687055288198,0.1811,0.03201687055288198,25.529385884602863,0.04991101782279233
0.0005,58,0.2523622789816377,0.0015747049806868602,0.6458614528020223,0.21772585995142527,0.8131333333333334,0.05166394616493531,0.1868666666666667,0.05166394616493532,25.48580042521159,0.05153746651182443
0.0005,59,0.24950338135976013,0.0038288502805993285,0.6056119806925456,0.11498158040273955,0.8167666666666666,0.02655227548315462,0.18323333333333336,0.02655227548315462,25.446770350138348,0.05209678028736486
0.0005,60,0.2494908883811974,0.0028883026851920547,0.5312267586231232,0.08289030477621716,0.8347000000000001,0.020850179855339376,0.1653,0.020850179855339376,25.41464360555013,0.05474344016177287
0.0005,61,0.245458139019295,0.0028932973390759552,0.5713160531361899,0.0351217416003265,0.8253,0.013770620901034179,0.17469999999999997,0.013770620901034179,25.3800843556722,0.059178590634457344
0.0005,62,0.2441198160809934,0.0044158768513269,0.6734412565231324,0.15895697680490095,0.806,0.038353226722141684,0.19399999999999998,0.038353226722141684,25.351930618286133,0.05588755362261346
0.0005,63,0.24148884208560092,0.0015788540882317708,0.5216492477734883,0.10130542039962387,0.8407999999999999,0.02426499536369207,0.1592,0.02426499536369207,25.32356834411621,0.06040562631798502
0.0005,64,0.24247794242008872,0.004815500010977584,0.5354664604187013,0.07636939718485689,0.8375666666666667,0.015300108932074069,0.16243333333333332,0.015300108932074069,25.294602076212566,0.06037018001493651
0.0005,65,0.2407522746389581,0.0020826532386436767,0.6084190964857737,0.08750075558745243,0.8183333333333334,0.02057773878086059,0.18166666666666664,0.02057773878086059,25.26799710591634,0.062486135502553164
0.0005,66,0.23861683405243425,0.002607939482668075,0.5973165652592977,0.12738204440152506,0.8259333333333334,0.0315902411091358,0.17406666666666668,0.0315902411091358,25.244192123413086,0.060623219983549644
0.0005,67,0.2350691986942738,0.0054306645777785385,0.5979439617156982,0.18478495623853894,0.8243,0.03596164623595534,0.17569999999999997,0.03596164623595534,25.21581522623698,0.06088776680775065
0.0005,68,0.2326762351538519,0.0033686910589072402,0.6535368825912475,0.1743105241885664,0.8119333333333333,0.038575942416658224,0.1880666666666667,0.038575942416658224,25.187463760375977,0.06438172280102937
0.0005,69,0.23344403100720046,0.000756688884028802,0.49688164883454644,0.01329052412101186,0.8418666666666667,0.00241729876790874,0.15813333333333335,0.00241729876790874,25.169228235880535,0.06545670221348089
0.0005,70,0.23084398478472834,0.0017085436668702629,0.591188702138265,0.15763896916568845,0.8228333333333334,0.03392953482341503,0.17716666666666667,0.03392953482341503,25.150766372680664,0.06896196900368594
0.0005,71,0.23003651924552007,0.002717744428352524,0.5272278156757354,0.0744792127353231,0.8383666666666668,0.019686882265440974,0.16163333333333332,0.019686882265440974,25.132662455240887,0.06976760964142534
0.0005,72,0.2265361502626871,0.003571372629154069,0.5151956226587295,0.04074342019442168,0.8423666666666666,0.007467485074195569,0.15763333333333332,0.007467485074195569,25.111725489298504,0.06557243027012555
0.0005,73,0.22713522817574294,0.0024392271718584467,0.5211741193930308,0.04574963446398029,0.8378666666666668,0.007583095234357374,0.16213333333333332,0.007583095234357375,25.095388412475586,0.06769810679737137
0.0005,74,0.22604182415275828,0.0027301284048862617,0.6780933274666469,0.10052828315980565,0.8054,0.01769519708847571,0.1946,0.01769519708847571,25.077635447184246,0.07286705269993606
0.0005,75,0.22320577952588408,0.0025196158039529778,0.566857076406479,0.08617446567396722,0.8277000000000001,0.023895397046293253,0.17229999999999998,0.023895397046293253,25.06513277689616,0.0713160006065329
0.0005,76,0.22238651207645835,0.0004651322078167771,0.5761979955037434,0.16516050760213793,0.8297333333333333,0.03054281148377362,0.17026666666666668,0.03054281148377362,25.053057352701824,0.07191543573975423
0.0005,77,0.2222014387969471,0.002489865078980542,0.5424529436429343,0.07836252384100671,0.8335333333333333,0.01937068231460453,0.16646666666666665,0.01937068231460453,25.04273859659831,0.06843240262142913
0.0005,78,0.2193637714996769,0.00393028449090733,0.5879910870790481,0.04650731789414444,0.8286333333333333,0.013605268587327992,0.1713666666666667,0.013605268587327992,25.0270570119222,0.0709666402345397
0.0005,79,0.2193916129982075,0.003836025243314793,0.505431216486295,0.034736544254685836,0.8456999999999999,0.008414867794564587,0.15430000000000002,0.008414867794564587,25.016005833943684,0.06766992639859677
0.0005,80,0.21885978753812682,0.00032355944499177613,0.5060997789700826,0.1108738640290471,0.8421,0.03320903491521548,0.15790000000000004,0.03320903491521548,25.003292719523113,0.07144554750979977
0.0005,81,0.2167922454073911,0.001874703367586818,0.5053046578248342,0.017240076223074777,0.8438,0.004457577817604544,0.15620000000000003,0.004457577817604544,24.989412307739258,0.07236322827042026
0.0005,82,0.21548441606942959,0.0004820746031114608,0.5264237421512604,0.07679585088057957,0.8414333333333333,0.01711880058103758,0.15856666666666672,0.01711880058103758,24.980799357096355,0.07523444999567844
0.0005,83,0.21756170405502107,0.002197500856928706,0.5869306515057882,0.08758205964780166,0.8330333333333333,0.01622785670793693,0.16696666666666668,0.01622785670793693,24.97599919637044,0.07634520459384454
0.0005,84,0.21360514803971375,0.000487062103418805,0.5523829119364421,0.06696680587552878,0.8332666666666667,0.022720108567815752,0.16673333333333332,0.022720108567815752,24.966107686360676,0.0784163130282525
0.0005,85,0.21184299381899205,0.0011187406120826606,0.5238501927057903,0.06293573251814079,0.8442999999999999,0.015352198539622925,0.15570000000000003,0.015352198539622925,24.963236490885418,0.0743921418772246
0.0005,86,0.20966774958224754,0.0009270034203688458,0.5770433389027914,0.0947884776133227,0.8280333333333333,0.020143071596291723,0.17196666666666668,0.020143071596291723,24.953997294108074,0.07272401398852675
0.0005,87,0.20808084421526743,0.0008745457362928344,0.6081031659762065,0.20070045037969944,0.8265666666666668,0.039176821378633236,0.17343333333333333,0.03917682137863323,24.946627298990887,0.06987865362517781
0.0005,88,0.20761332914347538,0.0018265476763456372,0.5661935306231181,0.01600651401646762,0.8345333333333333,0.004628534685333263,0.16546666666666665,0.004628534685333263,24.940197626749676,0.07271036678841367
0.0005,89,0.20513790742972926,0.0013471289088834708,0.5210720215161642,0.06610592462425531,0.8426,0.019295336224072365,0.1574,0.01929533622407236,24.93401336669922,0.07050180983282305
0.0005,90,0.20684431797530237,0.0017296685727284482,0.5445962100982666,0.04959700510039746,0.8354333333333334,0.014117483250683625,0.16456666666666667,0.014117483250683625,24.93010139465332,0.0690058840227098
0.0005,91,0.20489382284605293,0.0024186852293202237,0.5478503259499868,0.08612142626464066,0.842,0.01754508478178435,0.158,0.01754508478178435,24.927857716878254,0.06882131838563843
0.0005,92,0.2048225059139861,0.00400401537124637,0.7540780333518983,0.456067713929237,0.7911999999999999,0.09878679061493999,0.20879999999999999,0.09878679061493999,24.92402521769206,0.06252636630213793
0.0005,93,0.20450398964269081,0.003724895887562553,0.5234835032780966,0.09134525093061399,0.8411666666666667,0.02035345998432043,0.1588333333333333,0.02035345998432043,24.924217224121094,0.0714098137800957
0.0005,94,0.20122557870237012,0.003240272122688888,0.5742962814331055,0.0539139215301495,0.8299333333333333,0.016683624706080324,0.17006666666666667,0.016683624706080324,24.918149948120117,0.06772263763259821
0.0005,95,0.2013447619942855,0.0020698004608805313,0.5248690463225048,0.04109341590993879,0.8413,0.0103764155660806,0.15869999999999998,0.0103764155660806,24.914552052815754,0.06978633100417639
0.0005,96,0.1997546925886716,0.001237115666449261,0.5726214900016785,0.1396542759004431,0.8315999999999999,0.0348004310318134,0.16840000000000002,0.0348004310318134,24.90529950459798,0.06645751448515677
0.0005,97,0.1984932877993543,0.0022407842702000668,0.5842157935142517,0.04802456019597975,0.8325999999999999,0.016876907299620957,0.1674,0.016876907299620957,24.904198328653973,0.0774441035333693
0.0005,98,0.2004890434971144,0.0032065952256352575,0.5458030306180318,0.10042643300691445,0.8405,0.02029852211369092,0.15949999999999998,0.02029852211369092,24.904686609903973,0.08240223324018549
0.0005,99,0.19828181176463053,0.0021713848413956183,0.5446063500086467,0.03577350296789696,0.8347000000000001,0.01561441641560774,0.1653,0.01561441641560774,24.89965057373047,0.08448547929787378
0.0005,100,0.1958623405002877,0.0018699550168081447,0.5526334820429484,0.1126122155289747,0.8410666666666667,0.026342804204058,0.15893333333333334,0.026342804204058,24.89414342244466,0.07989161041282619
0.001,1,1.6676833875547183,0.017641266570978417,2.2020868900299075,0.3010865583668256,0.34909999999999997,0.024000624991862205,0.6509,0.02400062499186218,36.20090103149414,0.06406610934572221
0.001,2,1.2810198654502454,0.021263706107638728,1.3423542207082113,0.16986736073941477,0.5274666666666668,0.039480923663629416,0.4725333333333333,0.03948092366362941,35.09948857625326,0.06237492725968788
0.001,3,1.0819805085100074,0.021475719629572173,1.4791400336583456,0.37685308735292705,0.5322,0.07600315782913235,0.4678,0.07600315782913235,34.0528450012207,0.061771052412660406
0.001,4,0.946465201745761,0.015808768290016307,1.3023706939697266,0.13508795971249604,0.5776333333333333,0.026735806203167584,0.4223666666666667,0.026735806203167584,33.05666859944662,0.05938664765566629
0.001,5,0.8478289176436031,0.005068889425591496,1.2791661282221476,0.4251634649565169,0.5952666666666667,0.1108089496987194,0.40473333333333333,0.11080894969871938,32.108951568603516,0.05628953583665254
0.001,6,0.7744541980218197,0.0020261122308939212,1.0295170659065247,0.1393127205065403,0.6646,0.03676234486536462,0.3354000000000001,0.036762344865364616,31.205692291259766,0.053668972034089525
0.001,7,0.7191423707199421,0.003948711402634001,0.881518839931488,0.07162353912062291,0.7010333333333335,0.019539788466954654,0.29896666666666666,0.019539788466954654,30.3465518951416,0.047756590697966096
0.001,8,0.6724096333635026,0.0062292542247700125,0.9307050740877787,0.0958672513685403,0.6877000000000001,0.03227212419410905,0.31229999999999997,0.03227212419410905,29.53240458170573,0.05024121343807353
0.001,9,0.6377655462586564,0.005776120480619915,0.8335523317019145,0.06405386058884398,0.7242666666666665,0.010979222801880517,0.27573333333333333,0.010979222801880517,28.76324526468913,0.05070879318346622
0.001,10,0.6047550241406515,0.005684132115376744,0.9353487751324971,0.23588164172739015,0.7150666666666666,0.05513921774321188,0.28493333333333337,0.05513921774321188,28.035860697428387,0.04831210082709629
0.001,11,0.5791206186588057,0.006489572992817525,0.9732937343279521,0.5250970084546364,0.7087333333333333,0.11435918560978534,0.2912666666666667,0.11435918560978534,27.354228973388672,0.05057555080039799
0.001,12,0.5547013678107624,0.00740730280951282,0.7621189854621887,0.11777707600553168,0.7508333333333334,0.02952699329991685,0.24916666666666665,0.02952699329991685,26.71219253540039,0.051543818590208845
0.001,13,0.5357275533046056,0.005171975103514296,0.9790853573799133,0.14723953521956035,0.7005333333333333,0.034064693354459136,0.29946666666666666,0.034064693354459136,26.10891596476237,0.05009826815871969
0.001,14,0.5163977138018466,0.004334616302692266,0.7161509240150451,0.07807483518885315,0.7589333333333333,0.023034177505032213,0.24106666666666665,0.023034177505032213,25.546667098999023,0.0495054569434094
0.001,15,0.5020825693166265,0.008030269571574966,0.7250202258427937,0.08770669506907908,0.7653666666666666,0.02323065503452999,0.23463333333333336,0.02323065503452999,25.017385482788086,0.04721672329217656
0.001,16,0.4859501182880548,0.006597113553954916,1.1627085513591766,0.8147037083931409,0.6824333333333333,0.15021925087462437,0.31756666666666666,0.15021925087462437,24.520344416300457,0.04386222829650262
0.001,17,0.4692908646403879,0.004828984624596358,0.9267132217248281,0.29118366425042425,0.7196333333333333,0.05072961002544111,0.28036666666666665,0.05072961002544111,24.063442866007488,0.045105526075130305
0.001,18,0.4595955629584531,0.0038736174935541583,0.6831024182160695,0.12232762686400966,0.7762333333333333,0.031915095696759745,0.22376666666666667,0.031915095696759745,23.631823857625324,0.04698895987179647
0.001,19,0.4480382363865341,0.003787114796242141,0.6682903724352518,0.056430663649262476,0.7816333333333333,0.016805455463430114,0.21836666666666668,0.016805455463430118,23.230518976847332,0.048071873908455236
0.001,20,0.4399239630497935,0.0038143719229182882,0.8215498723347981,0.249603727272639,0.7407333333333334,0.060235731367132346,0.2592666666666667,0.06023573136713235,22.861412048339844,0.047880198676963866
0.001,21,0.4289774634547449,0.0023468754411257726,0.6979664365768432,0.16883161535040236,0.7807333333333334,0.0390488582846328,0.21926666666666664,0.0390488582846328,22.519229888916016,0.04677123500117557
0.001,22,0.42035605380500574,0.004210069376781437,0.8194018038272858,0.2175625316707058,0.7468,0.04473130894574852,0.2532,0.04473130894574852,22.194379170735676,0.04890379913986702
0.001,23,0.4120473734913783,0.0023715526229049146,0.7989236228783926,0.34036339569919005,0.7551666666666667,0.07550008830016909,0.24483333333333332,0.07550008830016909,21.901172637939453,0.05500754936257984
0.001,24,0.4033856189540585,0.0036093850042134023,0.7887266893545787,0.07960894035041499,0.7553333333333333,0.02266767154635285,0.24466666666666667,0.02266767154635285,21.628440856933594,0.057367341000057206
0.001,25,0.39829067150345243,0.002445078965244526,0.7502063785552978,0.17730846459205743,0.7653666666666666,0.041902545666502616,0.23463333333333333,0.04190254566650262,21.378264745076496,0.052207957938151875
0.001,26,0.3901627040122781,0.003660337391647914,0.6033630560557047,0.13013660891324325,0.8037666666666667,0.036007823224034716,0.19623333333333334,0.036007823224034716,21.150702158610027,0.05070174151118893
0.001,27,0.38509311738526425,0.004609548301435609,0.7653280435085296,0.17489756850284927,0.7567333333333334,0.0524108131336782,0.24326666666666666,0.0524108131336782,20.93480046590169,0.04817177769501543
0.001,28,0.376860876420778,0.002986081263547551,0.6975954589366914,0.11586549875609221,0.7740333333333332,0.03395899488108168,0.22596666666666668,0.033958994881081686,20.74231783548991,0.04789904104736275
0.001,29,0.3731183008642554,0.001119222500521368,0.6851463965733845,0.16442351952010062,0.7813333333333333,0.04102698299087238,0.21866666666666665,0.04102698299087238,20.563144048055012,0.052918012106970044
0.001,30,0.37162903413646564,0.0017324510531174276,0.7597512508392334,0.26697525773307157,0.7690999999999999,0.05487877549654326,0.23090000000000002,0.05487877549654326,20.401939392089844,0.051061802167312
0.001,31,0.3646975394913201,0.0017613579419930565,0.6258344177246093,0.12932852426126684,0.7985333333333333,0.0332148059355061,0.20146666666666666,0.0332148059355061,20.252451578776043,0.045270406790966645
0.001,32,0.36178077278438026,0.0017415150466684906,0.7295210864067077,0.11126808826462418,0.7745333333333334,0.02639172850219049,0.22546666666666662,0.02639172850219049,20.12043635050456,0.048775357639970644
0.001,33,0.35368103942399537,0.001615050834670285,0.7538200835227967,0.19863911376327986,0.7738333333333333,0.044235091650558785,0.22616666666666665,0.044235091650558785,19.996344884236652,0.050290497206304616
0.001,34,0.3517409529146331,0.0006589195355237047,0.6967018356959026,0.1942499787757234,0.7845,0.056403280046465366,0.21550000000000002,0.056403280046465366,19.886159261067707,0.05015352746825321
0.001,35,0.3472285685077856,0.001120276895728996,0.713123457845052,0.2736585315924315,0.7860333333333335,0.06140637860461513,0.21396666666666664,0.06140637860461513,19.782835642496746,0.04220240192573698
0.001,36,0.3433337747822027,0.0015894736162783301,0.6040587330659231,0.06510367005078502,0.8020666666666667,0.019775068478600357,0.19793333333333332,0.01977506847860036,19.695638020833332,0.04034743865021123
0.001,37,0.3405177585736159,0.0004887261065642536,0.7017596467336018,0.07864587311968017,0.7797666666666666,0.020150516949530954,0.22023333333333336,0.020150516949530954,19.6101016998291,0.030110986777540847
0.001,38,0.3389055303346369,0.001083187540975381,0.6653310962518056,0.1270602010618813,0.7900333333333333,0.03202644740418979,0.20996666666666666,0.03202644740418979,19.539348602294922,0.027513026558949365
0.001,39,0.3315047421901529,0.0014646820946733492,0.6523458434263866,0.14462386444954706,0.7916,0.03329068938907695,0.20840000000000003,0.03329068938907695,19.467213948567707,0.030528779914476247
0.001,40,0.33179084193167885,0.003199249527730119,0.762200317064921,0.24932841433456934,0.7731333333333333,0.05080839825593142,0.22686666666666666,0.05080839825593142,19.40987714131673,0.027233078248512746
0.001,41,0.3278278412086173,0.002363394573567899,0.5975554776509603,0.053125797892956655,0.8109333333333333,0.01740813985850682,0.1890666666666667,0.01740813985850682,19.3593012491862,0.03542235533322367
0.001,42,0.3273090752316456,0.0016236478178827587,0.7718723640282948,0.16665110989646073,0.7715666666666667,0.038074838585781735,0.22843333333333335,0.038074838585781735,19.311163584391277,0.03901090139961411
0.001,43,0.3220564551518091,0.002763084933323639,0.7707696698188782,0.25251598876345516,0.7684666666666667,0.04898993093823808,0.23153333333333334,0.04898993093823808,19.266503016153973,0.04504309922281308
0.001,44,0.31770912797300604,0.0005552450554834646,0.6283486570676168,0.1877696119988309,0.8002333333333334,0.049844190567540934,0.19976666666666665,0.049844190567540934,19.221032460530598,0.044031564370241534
0.001,45,0.3171482274955089,0.0018978726745100098,0.5760264307975769,0.05239432076164218,0.8132333333333334,0.012198497175198816,0.18676666666666664,0.012198497175198816,19.188421885172527,0.03666804355503659
0.001,46,0.3145807033431703,0.0020714080076123867,0.5219777235507964,0.013007310450022722,0.8295333333333333,0.00413561764834874,0.17046666666666666,0.00413561764834874,19.15630594889323,0.03399460786880919
0.001,47,0.3120266267837669,0.0014634061711220885,0.7664725498199463,0.40225422373955655,0.771,0.08920969678235653,0.229,0.08920969678235653,19.121533075968426,0.02698826632766521
0.001,48,0.30899032178030805,0.00034826658202809956,0.6006096051375072,0.14322940832798572,0.8123333333333332,0.03856479396202358,0.18766666666666668,0.03856479396202358,19.10058085123698,0.02328021484686472
0.001,49,0.3060866658975198,0.0022941365353825174,0.6172568798065186,0.17207752589282058,0.8095,0.038080441173914945,0.1905,0.038080441173914945,19.079082489013672,0.030754099587770246
0.001,50,0.3039488247694973,0.0025406636345704837,0.5253679341872534,0.0728054299784933,0.8281666666666667,0.02141736055944647,0.1718333333333333,0.021417360559446468,19.06028111775716,0.03385953966110739
0.001,51,0.3011258938885711,0.001538626754055125,0.7177625808080036,0.2842899077294941,0.7938666666666666,0.060096450255679244,0.20613333333333336,0.060096450255679244,19.045756022135418,0.03574067046513296
0.001,52,0.2983408751695052,0.0022579465921018444,0.8965178367932638,0.17662940564402546,0.7454666666666667,0.039893650288402215,0.25453333333333333,0.039893650288402215,19.02605374654134,0.0415377731733915
0.001,53,0.29815658397864603,0.0011218252899449683,0.49812183158397677,0.1053790831974168,0.8379333333333333,0.030523652031389254,0.1620666666666667,0.030523652031389254,19.021299997965496,0.04771235065254971
0.001,54,0.29561787180583493,0.0017279959972154658,0.6031711607615153,0.16770622819494793,0.8087666666666666,0.05584060649145328,0.19123333333333337,0.05584060649145328,19.013609568277996,0.0510755242079981
0.001,55,0.2941241970084106,0.0015398988538778895,0.6262507705370585,0.03984330048504021,0.8057,0.010828203913853883,0.1943,0.010828203913853883,19.00607744852702,0.050054298962987735
0.001,56,0.2906478957192875,0.001678033005460217,0.6057858708699545,0.1768950228117908,0.8102333333333332,0.047612218319810884,0.18976666666666667,0.047612218319810884,18.99369748433431,0.054351203841665495
0.001,57,0.289888141951496,0.002929717801886981,0.6876681828339896,0.3441999332143577,0.8029666666666667,0.0651828453915087,0.19703333333333337,0.0651828453915087,18.988763173421223,0.06038381272026422
0.001,58,0.2897573205478051,0.0016970007402522997,0.7915776901245118,0.15558128261118892,0.7637666666666667,0.03681648181634592,0.23623333333333332,0.036816481816345926,18.988070170084637,0.062423885242320294
0.001,59,0.287155155584737,0.0010751688917716936,0.6255776891708374,0.058720788790589826,0.8076333333333334,0.012926458653990792,0.19236666666666666,0.012926458653990792,18.98205502827962,0.06532741485899696
0.001,60,0.2869806671157822,0.0037655819135069607,0.6179040136019389,0.13657953761864322,0.8048666666666667,0.031519253375251965,0.19513333333333335,0.031519253375251965,18.985504786173504,0.06361154306753311
0.001,61,0.28455563603510536,0.003506551545482943,0.5519898952325185,0.03708519267424434,0.8232666666666666,0.012967009421348217,0.17673333333333333,0.012967009421348217,18.985965092976887,0.055442902621924285
0.001,62,0.28192832950385127,0.0019416314243338683,0.6631505897204081,0.17643897900975272,0.8027000000000001,0.0414102644280376,0.1973,0.0414102644280376,18.97955830891927,0.05536165045646178
0.001,63,0.2784735481719227,0.00464895489413898,0.5406080237706502,0.12688426841966804,0.8291999999999998,0.03501585355235537,0.17080000000000004,0.03501585355235537,18.979169209798176,0.05962636351539357
0.001,64,0.281983904559594,0.005586574210421257,0.7699314375877382,0.2869313141829721,0.7648,0.08585808057486492,0.2352,0.08585808057486492,18.984668731689453,0.05842022131570665
0.001,65,0.27619251716828,0.005638446678657632,0.6096104998906453,0.08549798346246612,0.8076,0.019167941986556625,0.19240000000000002,0.019167941986556625,18.980927149454754,0.057086006649242904
0.001,66,0.27775065544976807,0.001265577793524534,0.8143613457679749,0.4108021843116203,0.7713666666666666,0.0955308501654483,0.22863333333333336,0.0955308501654483,18.988824208577473,0.05775377196651212
0.001,67,0.2746319679093991,0.003576809392417941,0.5303594945589701,0.0400986003063534,0.8321333333333333,0.006798774399355656,0.1678666666666667,0.006798774399355656,18.99279022216797,0.05239415069329365
0.001,68,0.270296877353291,0.0020774944860005424,0.7005788798650107,0.09951723830447427,0.7838333333333334,0.029654060992271074,0.2161666666666667,0.029654060992271074,18.994091669718426,0.04520072200949889
0.001,69,0.2733742824778634,0.0012649961577491091,0.6072465294837951,0.09121810170876392,0.8074333333333333,0.028823832731497266,0.19256666666666666,0.028823832731497266,19.007240931193035,0.04287201963558939
0.001,70,0.2703080857577531,0.0006247456118246337,0.7852771505673726,0.16448075158702158,0.7781666666666668,0.02347260814935853,0.22183333333333335,0.02347260814935853,19.011786778767902,0.03655527639304599
0.001,71,0.2661485102373824,0.002561453643057959,0.587475001970927,0.13792987629774858,0.8193,0.03363524936729325,0.1807,0.03363524936729325,19.006908416748047,0.030077987105886394
0.001,72,0.26743790175756227,0.0026306420794424707,0.5457782143274943,0.024473076144392675,0.8278666666666666,0.0077054093553382405,0.17213333333333333,0.0077054093553382405,19.008187611897785,0.028453747527218094
0.001,73,0.2656256931453613,0.003662833231592932,0.554263751888275,0.033062071072213074,0.8239333333333333,0.010006164766449374,0.17606666666666668,0.010006164766449374,19.0090758005778,0.03956401128369768
0.001,74,0.26819618489634556,0.002836053470554096,0.7188003075122834,0.15243494940295474,0.7768999999999999,0.03260076686214605,0.2231,0.032600766862146045,19.01856867472331,0.04073396581212796
0.001,75,0.2636452969433605,0.0019487887225913606,0.8574514449914297,0.4937350230843506,0.7559999999999999,0.10149995073890428,0.244,0.10149995073890428,19.023906071980793,0.043961255354448704
0.001,76,0.26327773476399013,0.0026486068986094342,0.5385153866132101,0.007881667054493405,0.831,0.004253234063627341,0.169,0.004253234063627341,19.021102905273438,0.04416027619851686
0.001,77,0.26408198742610417,0.0015902600076323525,0.5263854508717855,0.030788514705306767,0.8327666666666667,0.010042576030746991,0.16723333333333332,0.010042576030746991,19.033068974812824,0.03610798031057819
0.001,78,0.2599268334283345,0.00388051767231549,0.5537945396264394,0.12608267188439212,0.8288000000000001,0.029769615382130864,0.1712,0.029769615382130864,19.029765446980793,0.042425645801033786
0.001,79,0.25939224629908264,0.001683623911600271,0.5389126672903698,0.07158359113913194,0.828,0.02166125573460597,0.17200000000000001,0.02166125573460597,19.033754348754883,0.03821653565706073
0.001,80,0.25957590019535226,0.0015109336144317415,0.5916486375808716,0.11550423833070705,0.8152333333333334,0.036323179009185476,0.18476666666666666,0.036323179009185476,19.04037030537923,0.035368844496089666
0.001,81,0.2556992648876028,0.0033985598243810038,0.592009848499298,0.17335200256893704,0.8133666666666667,0.04382309132561659,0.18663333333333332,0.04382309132561659,19.03957239786784,0.03800551193783134
0.001,82,0.26006906461812246,0.001802360244664971,0.5424275285085042,0.13265227766278348,0.8274666666666667,0.03549328575003071,0.17253333333333332,0.03549328575003071,19.049942016601562,0.0288043147784608
0.001,83,0.2582468806503171,0.0037286277739177875,0.6541040807882945,0.12025888005612552,0.7989333333333334,0.02749987878761166,0.20106666666666664,0.02749987878761166,19.05164972941081,0.035764773114465784
0.001,84,0.25480176320415426,0.005200933776675666,0.6325841852188111,0.07865127884295527,0.8073333333333333,0.015602991166226255,0.19266666666666668,0.015602991166226255,19.052469889322918,0.04487558893352907
0.001,85,0.253966559191494,0.0033907374428207627,0.5544339417695999,0.1257172086412573,0.8249333333333334,0.03503203296032555,0.17506666666666668,0.03503203296032555,19.052192052205402,0.047767479274863786
0.001,86,0.25246601678170616,0.0017656926890211304,0.6665908675511678,0.29454995177631627,0.8060333333333333,0.058574937757827246,0.1939666666666667,0.05857493775782724,19.051201502482098,0.035409735314296746
0.001,87,0.2509619075890697,0.0019160283249119428,0.6712900405089061,0.07490514569063182,0.7995,0.017889661819050683,0.2005,0.017889661819050683,19.05731137593587,0.0324258128961388
0.001,88,0.25182222458712583,0.0027420397829814023,0.5978836780071258,0.12539269385135055,0.8163333333333332,0.02437567093093711,0.18366666666666667,0.02437567093093711,19.06696128845215,0.03222809067944622
0.001,89,0.24933959221037047,0.003654636364837343,0.5187112092177073,0.09730415215763266,0.8370333333333333,0.02418622197312624,0.16296666666666668,0.02418622197312624,19.07275136311849,0.03744926679436035
0.001,90,0.2492539809106866,0.0008735582546844925,0.6130967662652332,0.18223819440214156,0.8088666666666667,0.046465937344826395,0.1911333333333333,0.046465937344826395,19.07723617553711,0.04272748805463922
0.001,91,0.24887252587567812,0.000711759745067292,0.6140643224398296,0.15889630287906328,0.816,0.03899999999999997,0.18399999999999997,0.03899999999999997,19.083465576171875,0.04282290361592764
0.001,92,0.24986451116008626,0.0016687886024983854,0.8975419442574184,0.22640836682401896,0.7386333333333334,0.05321206003654935,0.2613666666666667,0.05321206003654935,19.088907877604168,0.04464482775326305
0.001,93,0.25050869221399713,0.0018026975464418222,0.7154048097928364,0.10558413420819417,0.7842666666666668,0.024683867876273642,0.21573333333333333,0.024683867876273642,19.092201868693035,0.0473294611032224
0.001,94,0.24654509679740652,0.0030753094971129845,0.6925369930426281,0.19796712893130922,0.7921666666666667,0.0439238355945076,0.20783333333333331,0.0439238355945076,19.09524663289388,0.04268644179195103
0.001,95,0.246333044559043,0.0031563532284212114,0.6469916275342306,0.272138580964772,0.8021333333333334,0.06671299223789423,0.19786666666666666,0.06671299223789423,19.103511174519856,0.04526991887603671
0.001,96,0.24242435995956213,0.00045627195508438393,0.47441383838653567,0.07756916729374043,0.8484333333333334,0.02365213168687621,0.15156666666666666,0.02365213168687621,19.10373878479004,0.03641362195238814
0.001,97,0.24472098716257581,0.002662904041559467,0.5133992730935414,0.1200655569997061,0.8397666666666667,0.03533897753661434,0.1602333333333333,0.03533897753661434,19.106014887491863,0.029259106779900564
0.001,98,0.24554895187227113,0.0030052634258248188,0.6037887043317159,0.17029298641399296,0.8163333333333332,0.03861480717721287,0.18366666666666664,0.03861480717721287,19.113304138183594,0.03909395825931589
0.001,99,0.24334694926594427,0.0019448724520017206,0.5488889015356699,0.0014539141185328365,0.8246666666666665,0.007040123104984221,0.17533333333333334,0.007040123104984221,19.1157709757487,0.044523819733576
0.001,100,0.24182946096473742,0.0009601493271399419,0.4692229284207026,0.04717507371049824,0.8509000000000001,0.009971459271340351,0.1491,0.009971459271340351,19.123999913533527,0.04615899440533093
0.005,1,1.6584272104151108,0.02072603019707619,1.9143794143676758,0.2617073473543316,0.3813,0.03474320077367655,0.6187,0.034743200773676576,31.011274337768555,0.059801639703752754
0.005,2,1.2663616565995406,0.028375214194178006,1.769943654696147,0.4810274420111461,0.41409999999999997,0.09336450074841081,0.5859,0.09336450074841086,25.902135213216145,0.05076129909752871
0.005,3,1.0698484964891062,0.024297193506848874,1.493345452372233,0.39081856997224323,0.5238,0.07211456163632972,0.47619999999999996,0.07211456163632972,21.8426087697347,0.04702569374502555
0.005,4,0.9417217937373547,0.02326583389935966,1.4964910536448162,0.3313103125101933,0.5286333333333334,0.057850871500205896,0.47136666666666666,0.05785087150020588,18.662471135457356,0.04844133807211643
0.005,5,0.8449499767149805,0.023784476682209905,1.4640182856559754,0.6326945704834749,0.5581999999999999,0.10952483736577744,0.4418,0.10952483736577744,16.240800857543945,0.05057887630337406
0.005,6,0.7823564154107858,0.020198880332040963,1.3527078438440958,0.2198890590901792,0.5728333333333334,0.05935000702049946,0.4271666666666667,0.05935000702049946,14.429682731628418,0.034481068577482614
0.005,7,0.7348259935395288,0.0140403152949319,1.0586821158091226,0.16876904623794686,0.6413333333333333,0.05142998476893932,0.3586666666666667,0.05142998476893932,13.106436729431152,0.02589433041771525
0.005,8,0.7014450761414143,0.009333367365873726,1.7172905404408771,0.5425591406842124,0.4967333333333333,0.09410857205023,0.5032666666666666,0.09410857205022997,12.16125202178955,0.015756030551821565
0.005,9,0.6789405816961128,0.007222709330401425,1.092370250002543,0.16647602001213924,0.6351333333333334,0.04663757426510661,0.3648666666666667,0.046637574265106604,11.512320200602213,0.012826618926107184
0.005,10,0.6581757519606942,0.0070964905363069646,1.375630170186361,0.3270306326094652,0.5647,0.07539383263901626,0.4353,0.07539383263901629,11.078484535217285,0.017344469286579598
0.005,11,0.6435089374543862,0.004984461873137358,1.2392417753855387,0.4533094547746531,0.6290000000000001,0.0995400924251128,0.371,0.0995400924251128,10.79906145731608,0.003562658483250978
0.005,12,0.627579730667828,0.003199360747050569,1.6335463085810344,1.0958555185594632,0.5964666666666667,0.1430970416652047,0.4035333333333333,0.14309704166520473,10.622966448465982,0.025281871616719378
0.005,13,0.613801548166958,0.004887253173649331,1.5556208772023519,0.7671668183753697,0.5706666666666667,0.13985257714226554,0.42933333333333334,0.13985257714226554,10.500205039978027,0.017822083875834945
0.005,14,0.6003803040162173,0.005765699769311938,1.1244971284548442,0.24656153767540356,0.6333000000000001,0.06500023076882112,0.36669999999999997,0.06500023076882112,10.442804018656412,0.020623578224444255
0.005,15,0.5928576978881036,0.001260393614478227,1.1960126947402954,0.13732880351085908,0.6199666666666667,0.03104196084871791,0.3800333333333333,0.03104196084871791,10.418731053670248,0.014480896827367343
0.005,16,0.5800373110878905,0.002693076515161549,1.3536610300064087,0.23483219599542093,0.5861999999999999,0.0692324345953542,0.4138,0.0692324345953542,10.396480878194174,0.01490268642503376
0.005,17,0.5698557277063173,0.001955920441411791,1.3119543749809266,0.4849494601856998,0.6079666666666667,0.11673771170163193,0.3920333333333333,0.1167377117016319,10.399323463439941,0.020467392738043936
0.005,18,0.5622772756592391,0.0027882994983851926,1.2095309821128846,0.6016821220959183,0.6259666666666667,0.1427214886880505,0.3740333333333334,0.1427214886880505,10.3924929300944,0.02725296064047575
0.005,19,0.558488652885011,0.00371727974128083,0.883378883043925,0.1416511494856605,0.7085333333333333,0.04423045707805122,0.2914666666666667,0.04423045707805122,10.415410041809082,0.025241980653952528
0.005,20,0.5535913343268994,0.004651246170351594,1.2070519227345784,0.23570503902959677,0.6347666666666667,0.05125586145343114,0.3652333333333333,0.05125586145343114,10.424576123555502,0.029422972451812277
0.005,21,0.5461442990122142,0.00786762179369499,1.1933444783528646,0.25429959569829647,0.6391666666666667,0.05999136048910151,0.36083333333333334,0.05999136048910151,10.433167457580566,0.017741188031264708
0.005,22,0.5415093090070787,0.0037758540271236223,1.1812905539830527,0.5399199217943003,0.6485,0.1009837610707781,0.3515,0.1009837610707781,10.457538286844889,0.030145013409972304
0.005,23,0.5377772605683391,0.0047294318117090586,1.3999119607925412,0.19867476857940852,0.5643666666666667,0.05791393039099774,0.4356333333333334,0.05791393039099773,10.47982088724772,0.029427586598372763
0.005,24,0.5319460616443061,0.00478829233957809,1.608287740166982,0.5440860636852122,0.5737333333333333,0.08779136252122603,0.4262666666666666,0.08779136252122603,10.502122243245443,0.045186739999835204
0.005,25,0.5284844858211426,0.0012784657424966593,1.001488429069519,0.08141627642291652,0.6758000000000001,0.010410091258005408,0.3242,0.010410091258005407,10.50551732381185,0.053391915513258455
0.005,26,0.5241462442728565,0.0029488563680953404,0.8356689095497131,0.11718376804042463,0.7156666666666668,0.03986431152463732,0.2843333333333333,0.03986431152463732,10.512528419494629,0.053292694941057116
0.005,27,0.5230854051751351,0.001544328755524697,1.165195955657959,0.4586658916590512,0.6474333333333333,0.10091978662944807,0.3525666666666667,0.10091978662944807,10.527377128601074,0.03170361449547487
0.005,28,0.5188182515663056,0.0034849405021563007,1.3343051327705384,0.16709051639834197,0.5866666666666667,0.05171502038415274,0.4133333333333334,0.05171502038415274,10.526685078938803,0.03990844470831772
0.005,29,0.5153768408379794,0.003854640656654376,1.0073546409289043,0.12131712961344471,0.6673333333333332,0.03601976309379806,0.33266666666666667,0.03601976309379806,10.526594797770182,0.03960591916373842
0.005,30,0.5149520172944765,0.002666943245736981,1.39652487522761,0.6505425732971837,0.6245999999999999,0.08805163257998116,0.3754,0.08805163257998116,10.546538352966309,0.04561631284534071
0.005,31,0.5117432947912891,0.0067314834294893945,1.5807096636772158,0.4825106663505922,0.5706,0.07653881368299355,0.4294,0.07653881368299355,10.560859680175781,0.04070664860853227
0.005,32,0.5104422167845496,0.003991662361972562,0.9562094594955445,0.20212616336550554,0.6965,0.05506323637419073,0.3035,0.05506323637419073,10.577855428059896,0.022813917039907754
0.005,33,0.5065301925782352,0.001468188840306327,0.9562600600083669,0.3657502881610269,0.6900666666666666,0.10460336195999313,0.30993333333333334,0.10460336195999313,10.586859385172525,0.015654831015548355
0.005,34,0.505722255632599,0.005726376466808818,0.9521765217781066,0.13361652572859095,0.6953666666666667,0.03133374113209802,0.3046333333333333,0.03133374113209802,10.601926485697428,0.021311704221279818
0.005,35,0.501717413630327,0.004150683210118655,1.1485110411961872,0.4374250118642357,0.6606333333333333,0.09460192034696405,0.33936666666666665,0.09460192034696405,10.617597897847494,0.019188089785573147
0.005,36,0.5007365916721453,0.005084735123085086,1.4260258673032125,0.3436691139859729,0.5949,0.07704239092863095,0.4051,0.07704239092863095,10.608111699422201,0.012790282490061273
0.005,37,0.4992703604881112,0.0024032165716315994,1.0577939193407697,0.17942105910437828,0.6573666666666667,0.04744811201020894,0.3426333333333333,0.04744811201020894,10.605791727701822,0.01468494534118511
0.005,38,0.5016086941738974,0.005971322246415625,1.1933895181655882,0.3079293664262034,0.6374000000000001,0.08050540354535217,0.36260000000000003,0.08050540354535217,10.623830477396647,0.02494669806537764
0.005,39,0.4971646766376008,0.00040830243031760477,1.4051669540405272,0.5855565524377595,0.6273,0.08248436215428959,0.37270000000000003,0.08248436215428959,10.641118685404459,0.04097730438817329
0.005,40,0.49429766913814005,0.006786065681534156,1.1273960406621297,0.4783172624059663,0.6588666666666666,0.10396366352400888,0.34113333333333334,0.10396366352400888,10.639900207519531,0.022075246335355132
0.005,41,0.4934528621464638,0.002173033933890878,1.0017834533691408,0.29006819065230854,0.6856,0.06949453215901236,0.3144,0.06949453215901236,10.653813362121582,0.040456171073119884
0.005,42,0.4940907357852884,0.006405258272426691,1.0005473822911581,0.39908706894394436,0.6862333333333334,0.08974198200025077,0.3137666666666667,0.08974198200025077,10.646503766377768,0.03493404246972941
0.005,43,0.4925311609708846,0.003434977650349037,1.1808091939290364,0.1949895439428716,0.6536,0.03597790988926404,0.34640000000000004,0.03597790988926404,10.659497578938803,0.034205574003958295
0.005,44,0.48983876306789104,0.0032052553716313435,1.2895422849973042,0.43620510100806703,0.6117,0.09941946489495908,0.3882999999999999,0.09941946489495908,10.663717269897461,0.026643874556374784
0.005,45,0.49066383007338993,0.0052208343365211015,0.9321588637987772,0.17091388310534975,0.7049666666666666,0.04541644342452779,0.2950333333333333,0.045416443424527796,10.670912424723307,0.02842849679009409
0.005,46,0.48996046421777867,0.0054070844500052955,0.9548705327033996,0.22435736410874063,0.6926333333333333,0.056927351364114316,0.3073666666666667,0.056927351364114316,10.681614875793457,0.027978559334388555
0.005,47,0.48555359193532777,0.00391055101832609,1.2204350130716959,0.43008962254323424,0.6434000000000001,0.0822262731734815,0.35660000000000003,0.08222627317348148,10.67955462137858,0.01941988055880679
0.005,48,0.48835313515793227,0.002646835981275818,0.8761887737274171,0.17046834031889715,0.7199666666666666,0.04652809187290332,0.28003333333333336,0.04652809187290332,10.68683910369873,0.01004301255277196
0.005,49,0.486587964487401,0.004315699364416026,0.8949243804295858,0.2055082689519884,0.7125333333333334,0.048762314683916876,0.2874666666666667,0.04876231468391687,10.683017094930014,0.01462651096028808
0.005,50,0.48368299772164197,0.004102154944449536,1.1980739310582478,0.40982244480018726,0.6416333333333334,0.08417602588227441,0.35836666666666667,0.08417602588227441,10.688973108927408,0.014214088792265368
0.005,51,0.48034840042227267,0.006212843411158443,1.3093292564392087,0.34976662198105607,0.6113000000000001,0.07273211120268677,0.38870000000000005,0.07273211120268677,10.687286059061686,0.021371735494959077
0.005,52,0.481397176312262,0.00342196050700989,0.9845781759897867,0.10574077023466084,0.6864,0.026353557634596486,0.3136,0.026353557634596486,10.68990166982015,0.01968026388266025
0.005,53,0.4816935894739293,0.0034128296383906125,0.8788317902882894,0.18308154036757543,0.7159,0.0546407357197906,0.2841,0.0546407357197906,10.699129422505697,0.0338422706858581
0.005,54,0.48217101050866323,0.005875820851011968,1.0204188700040182,0.13353502175723767,0.6700666666666666,0.04299271256077401,0.32993333333333336,0.042992712560774006,10.702138264973959,0.040719537938601384
0.005,55,0.4795197287585526,0.006472859261473598,1.4246470303217569,0.47362022868873366,0.6057666666666667,0.09607857895146728,0.3942333333333334,0.09607857895146729,10.711248715718588,0.03313980517184021
0.005,56,0.47943320059918587,0.004501697355524122,1.055332304318746,0.4422944608773922,0.6705,0.11846353869440168,0.3295,0.11846353869440168,10.715449651082357,0.02939681535476926
0.005,57,0.4792422872776672,0.0023236532450032787,1.0529684734980267,0.16023425911196548,0.6795666666666667,0.03202566678983178,0.3204333333333333,0.03202566678983178,10.723531405131022,0.032182163119493554
0.005,58,0.4788577311179217,0.004884135753939307,1.0992249306678772,0.29182358570083605,0.6597,0.08392717080898175,0.34030000000000005,0.08392717080898175,10.722239176432291,0.019050570940095796
0.005,59,0.4764880229292623,0.004012963743379669,0.7645564385096232,0.15412270557256486,0.7416666666666667,0.05152866516157133,0.2583333333333333,0.05152866516157133,10.725265820821127,0.015550302439374985
0.005,60,0.4781014854239279,0.005827684052482631,0.9380434905370078,0.33654254995260435,0.7150333333333334,0.08623348150998736,0.28496666666666665,0.08623348150998737,10.724334716796875,0.022459704172342693
0.005,61,0.47938389152618727,0.001529423675994356,0.7931800594965618,0.1278295576235953,0.7387,0.033611307621096806,0.26130000000000003,0.033611307621096806,10.728113492329916,0.020406107531201027
0.005,62,0.47448617999917503,0.003957734540288094,1.054482146581014,0.4235109672387201,0.6789333333333333,0.09457702328437566,0.32106666666666667,0.09457702328437566,10.728127479553223,0.019738691459885018
0.005,63,0.4744399546916324,0.0032297515090732964,0.9232839305877686,0.22211016661403624,0.7120000000000001,0.0476507082843477,0.288,0.0476507082843477,10.73858642578125,0.018206876664983662
0.005,64,0.47649665208627096,0.006872715205235281,0.9191615489800772,0.27958787147254166,0.7005,0.08316952566896124,0.2995,0.08316952566896124,10.725604693094889,0.021861316682527165
0.005,65,0.4739621550175032,0.0018338650296369139,1.0073901903470357,0.3346659625651981,0.6701333333333334,0.09701841749551135,0.3298666666666667,0.09701841749551134,10.738251050313314,0.027674840018298723
0.005,66,0.47272647692419384,0.0027750457763180817,0.9488189510345458,0.27382760166481296,0.6956333333333333,0.07835562094281003,0.3043666666666666,0.07835562094281004,10.732431093851725,0.04220449651264686
0.005,67,0.47150270802184036,0.006982578847221463,1.4311514614741008,0.6079997743962925,0.6072000000000001,0.12864291663360247,0.39280000000000004,0.1286429166336025,10.740440368652344,0.027226670584406816
0.005,68,0.471688290970608,0.00265873264339368,0.9790197965621948,0.3140022578723946,0.6991999999999999,0.07147188258329283,0.3008,0.07147188258329283,10.744803110758463,0.01807928093082643
0.005,69,0.4729473262085227,0.004345052534863281,0.9357206707000731,0.06992590450066986,0.6975666666666666,0.01875268869611323,0.3024333333333333,0.01875268869611323,10.74509302775065,0.026814712685313713
0.005,70,0.470496254961204,0.004453548637019595,0.7852923317909241,0.14561723509491536,0.7424,0.044684225404498144,0.2576,0.044684225404498144,10.748022397359213,0.023091218175884585
0.005,71,0.46930771613873085,0.00644593845680646,1.4831147010485333,0.41720075239716226,0.5548666666666667,0.09868380481787947,0.4451333333333333,0.09868380481787947,10.744096438090006,0.032459887342782455
0.005,72,0.46901614553686505,0.006197112382355219,1.163127109559377,0.24384305746976087,0.6616666666666667,0.022353150411817402,0.3383333333333334,0.022353150411817402,10.736860275268555,0.029466883619187565
0.005,73,0.46988630243985957,0.0039040350743413934,1.0594542828241984,0.42684566160203846,0.6751,0.10188051825545452,0.3249,0.10188051825545452,10.747337659200033,0.028580221720697265
0.005,74,0.47062105092855977,0.003491226983337408,1.198849717839559,0.25346279791128323,0.6319333333333333,0.050194156366387264,0.3680666666666667,0.050194156366387264,10.764117876688639,0.018294667926961734
0.005,75,0.46831551204353744,0.004468171985016495,1.245033495203654,0.5980257494857844,0.6297333333333334,0.13133934419408883,0.3702666666666667,0.13133934419408883,10.760151545206705,0.019429251911189275
0.005,76,0.46932469886383843,0.0034064100764847143,1.056234420712789,0.47753369392427075,0.6924333333333333,0.0947921058597884,0.30756666666666665,0.0947921058597884,10.76111094156901,0.03895570244189947
0.005,77,0.4665921915573435,0.005848272653572767,0.8172699264526367,0.1497959248106271,0.7324333333333334,0.044629623943445176,0.2675666666666667,0.044629623943445176,10.763357798258463,0.03480766420530148
0.005,78,0.4661501445327167,0.008522205253441146,0.9012067352612814,0.2734934344051907,0.7118666666666668,0.06944439022220104,0.28813333333333335,0.06944439022220104,10.755799929300943,0.024180440263901874
0.005,79,0.467103667804957,0.0011404878169229925,1.299080114809672,0.34873160475509785,0.6129666666666667,0.07561946398469996,0.38703333333333334,0.07561946398469996,10.75251579284668,0.03341475679776924
0.005,80,0.4655461549911353,0.003450692577904305,1.0881460235277813,0.2655263762705274,0.6699999999999999,0.0728112628650266,0.33,0.0728112628650266,10.761232376098633,0.0104122894282437
0.005,81,0.4666996370343601,0.0012046439007298714,1.1539305754979452,0.49449646075710274,0.6642333333333333,0.10225777884021017,0.3357666666666666,0.10225777884021017,10.767330169677734,0.022845866124421955
0.005,82,0.46756340894857634,0.003811441888779156,0.7971432284990946,0.051194766771821276,0.7323333333333334,0.010839895448450295,0.26766666666666666,0.010839895448450295,10.766181310017904,0.016422837009883843
0.005,83,0.46766731961100705,0.0038558942972304468,1.0780724092801413,0.14595764748141749,0.6581,0.04943976132628471,0.34190000000000004,0.04943976132628471,10.761584281921387,0.021224263082079798
0.005,84,0.46469075455689984,0.005650378449448787,0.9590689694404602,0.3098105712161236,0.6937666666666668,0.09526223455983662,0.30623333333333336,0.09526223455983662,10.769378980000814,0.02109010040398575
0.005,85,0.46373263950390586,0.0033000311208774558,0.7835511207103729,0.07181989900052309,0.7466666666666667,0.018961100530647864,0.25333333333333335,0.018961100530647864,10.768659909566244,0.016781241282080202
0.005,86,0.46321364401348214,0.0022669726078076574,0.8982868580977122,0.11845355944003527,0.7117333333333334,0.032980347683633254,0.2882666666666666,0.032980347683633254,10.761582692464193,0.014122335226084927
0.005,87,0.46203139504355845,0.0021627340672647952,1.0030831418991089,0.12830178950817822,0.6875666666666667,0.022273377232322318,0.31243333333333334,0.022273377232322318,10.761821111043295,0.018615552204099547
0.005,88,0.4633075679507097,0.0007983515888057045,1.4024360728581746,0.36013149619425205,0.5949333333333333,0.07769751175767041,0.4050666666666667,0.07769751175767041,10.765911738077799,0.016134877252732164
0.005,89,0.4618264920215574,0.004804039012858521,1.1362365328470867,0.6758003555140628,0.6635666666666666,0.1437171643657546,0.33643333333333336,0.14371716436575466,10.769072850545248,0.017580137119365232
0.005,90,0.46480147983920134,0.0029978727340885473,0.779208753712972,0.13272743418044775,0.7462666666666666,0.031012309384070905,0.2537333333333333,0.031012309384070905,10.768970489501953,0.031100884441759197
0.005,91,0.4617178224389206,0.002777832362461935,1.1594866399765014,0.1098243392791463,0.6408999999999999,0.019810855609993232,0.35910000000000003,0.019810855609993232,10.765295028686523,0.030322534746935324
0.005,92,0.45913280690214314,0.0026529975876765197,0.8207544371207556,0.1158186539416592,0.7266333333333334,0.035472430609324396,0.2733666666666667,0.035472430609324396,10.76117738087972,0.03163672003928374
0.005,93,0.46468212701323086,0.006132824579753709,1.3031033195177715,0.4683599654830517,0.6179333333333333,0.1067651784681379,0.3820666666666666,0.1067651784681379,10.77890427907308,0.020915087210070744
0.005,94,0.4595317962021271,0.0039057922155958016,1.336504438273112,0.08464945073502712,0.6048333333333333,0.01461996352024635,0.39516666666666667,0.01461996352024635,10.759740511576334,0.030137248037816783
0.005,95,0.4624634796447055,0.0035144335245496125,1.7953566557566323,1.817237673026089,0.5678666666666666,0.3389961995853838,0.4321333333333333,0.33899619958538374,10.774996121724447,0.03063963135953759
0.005,96,0.46005642121913387,0.004049254276257001,1.1177464486440023,0.3669383085991204,0.6446999999999999,0.10325158594423627,0.3553,0.10325158594423627,10.770709355672201,0.0062893902432333
0.005,97,0.4594945665210714,0.005598588898944913,0.740464960384369,0.09631488583129608,0.7575,0.029614185789921667,0.24250000000000002,0.029614185789921667,10.768976211547852,0.02604501880279452
0.005,98,0.46172214528737876,0.009146860477662755,1.3533441087404885,0.4501754076428031,0.6014,0.09303983018041252,0.3985999999999999,0.0930398301804125,10.768366177876791,0.009669978437464427
0.005,99,0.4596922448427374,0.0033016640579647174,1.1717647263526916,0.4479662625082135,0.6470999999999999,0.1122566701804396,0.3529,0.1122566701804396,10.767698287963867,0.0140389158104677
0.005,100,0.46013002124283925,0.005196557063603323,1.1378917245705922,0.4977345163785515,0.6678333333333333,0.12481091031369546,0.33216666666666667,0.12481091031369544,10.772799173990885,0.016983702064952883
