l2_lambda,epoch,mean_train_loss,std_train_loss,mean_test_loss,std_test_loss,mean_test_acc,std_test_acc,mean_test_error,std_test_error,mean_weight_norm,std_weight_norm
0.0,1,1.6757762846739397,0.016070088797199743,1.948280719502767,0.32269913217448104,0.3736333333333333,0.048906577608061386,0.6263666666666666,0.04890657760806143,37.626365661621094,0.07101818948796239
0.0,2,1.2899599036190719,0.02299410140125301,1.2917196955362957,0.09227453714842174,0.5532666666666667,0.01775678274162672,0.44673333333333326,0.017756782741626724,37.883836110432945,0.07129203902986128
0.0,3,1.0941266377360417,0.0259348871331434,1.3336662033081055,0.26243919025508655,0.5664999999999999,0.04536066577994637,0.4335,0.04536066577994638,38.134254455566406,0.06850975081901908
0.0,4,0.9696142106409879,0.020543225465459097,1.1645405955632528,0.154551981125583,0.6120333333333333,0.04146339751314809,0.3879666666666666,0.04146339751314809,38.373251597086586,0.06870121785712267
0.0,5,0.8762677095938421,0.015078077270346843,1.1821989627838134,0.4211750086172911,0.6180333333333333,0.0928444038880822,0.38196666666666673,0.0928444038880822,38.606658935546875,0.06564026534670928
0.0,6,0.8035362663679618,0.007498503318715,1.0456934181213378,0.05635308303615334,0.6581,0.013509996299037257,0.34190000000000004,0.013509996299037257,38.83410517374674,0.06338134032439535
0.0,7,0.743966891510509,0.009817691368008379,0.8596192679405212,0.08000680540516304,0.7071333333333333,0.01959727872265262,0.29286666666666666,0.01959727872265262,39.054290771484375,0.06082031621543264
0.0,8,0.6946797814007407,0.0074675831224773215,0.8858517410596213,0.05229736752293419,0.7052,0.013952419145080145,0.2948,0.013952419145080145,39.26883316040039,0.05761653626506303
0.0,9,0.65608542120975,0.00587378365564445,0.801468246046702,0.05232907052544529,0.7359333333333334,0.015301089285842845,0.26406666666666667,0.015301089285842846,39.47780990600586,0.055451392463174314
0.0,10,0.6232582942248407,0.00922998585516654,0.780473667271932,0.027552959162810503,0.7392666666666666,0.005084617324178178,0.2607333333333333,0.005084617324178178,39.6814931233724,0.05153466853452585
0.0,11,0.595839976400569,0.009955465945645735,0.8794028999964397,0.17169933264923973,0.7082666666666667,0.052616759053873065,0.29173333333333334,0.052616759053873065,39.88227844238281,0.05049695675041565
0.0,12,0.5682561598521263,0.005289241210260728,0.7265951635360718,0.048056054681175284,0.7623666666666665,0.009089737803332594,0.23763333333333336,0.009089737803332592,40.08098602294922,0.04818025484377535
0.0,13,0.5472858468386624,0.008198525936785203,0.8077718900998434,0.02246508533169839,0.7426666666666667,0.004499259198282918,0.2573333333333333,0.004499259198282918,40.275211334228516,0.04532221111876069
0.0,14,0.525198511150487,0.009250600317491304,0.7637740537961323,0.13430496186707513,0.7543000000000001,0.03329999999999999,0.24569999999999995,0.033299999999999996,40.46712112426758,0.04475229830930908
0.0,15,0.5105854893279503,0.0057100830180694786,0.7401852814038595,0.1413556380487371,0.7684666666666667,0.02859830997337664,0.23153333333333329,0.02859830997337664,40.65864817301432,0.043958885251459155
0.0,16,0.49226339068660757,0.006853409146722829,0.757402669620514,0.1007010894605408,0.7585666666666667,0.02348581131946122,0.2414333333333333,0.02348581131946122,40.84614817301432,0.040640686206021875
0.0,17,0.47592143179612184,0.007778682020005743,0.7047928268432617,0.026265088514426233,0.7709333333333334,0.0033291640592396855,0.22906666666666667,0.0033291640592396855,41.03289286295573,0.041085397521805005
0.0,18,0.46353140574993484,0.007113296761715787,0.6696557061195373,0.11913197230098461,0.7877666666666667,0.021716660271168173,0.21223333333333336,0.021716660271168177,41.215771993001304,0.039037226408433746
0.0,19,0.45092459440942717,0.0109006615619791,0.6466599362055461,0.0858471864943824,0.7877333333333333,0.02422897714170644,0.21226666666666671,0.02422897714170644,41.398295084635414,0.039489060004856684
0.0,20,0.4378783254164056,0.008628635920757391,0.6913417663097382,0.04987210769304811,0.7793333333333333,0.00854068693568225,0.22066666666666668,0.00854068693568225,41.57992172241211,0.03942287109518339
0.0,21,0.4247117292545641,0.008925826255920798,0.6247362359364828,0.05986642393734229,0.8038333333333334,0.014759516703921317,0.19616666666666668,0.014759516703921317,41.76124699910482,0.03828358190241606
0.0,22,0.4149213703849432,0.004548145502691455,0.7041057458082834,0.17333927385949346,0.7807666666666667,0.04152858453322642,0.2192333333333333,0.04152858453322642,41.93895594278971,0.037819234661795556
0.0,23,0.40345256702572696,0.006769341839298843,0.615810510635376,0.1332995789561288,0.8043666666666667,0.03329404351131496,0.19563333333333333,0.03329404351131496,42.115552266438804,0.03795270996056909
0.0,24,0.39134749056229917,0.005568887591611968,0.7155660459518433,0.09735550733146027,0.7812666666666667,0.023958575361096388,0.21873333333333334,0.023958575361096388,42.291342417399086,0.03784134240287728
0.0,25,0.3843056748209097,0.005833520879598853,0.6171807221412658,0.03194554965268104,0.8069333333333333,0.009402836451482804,0.19306666666666664,0.009402836451482804,42.46467208862305,0.03843491732060052
0.0,26,0.37478703964193555,0.0030102667336732065,0.5748733636538188,0.042323113339585994,0.8164000000000001,0.009516827202382117,0.18359999999999999,0.009516827202382115,42.63778559366862,0.038678079664364866
0.0,27,0.36764344249082653,0.0051027528870579725,0.6346429095904033,0.03306013239974298,0.7935666666666666,0.009623062575569876,0.20643333333333336,0.009623062575569876,42.8106320699056,0.037627606943237565
0.0,28,0.35864753932243526,0.002664465831662529,0.6651264313538869,0.02622179709379708,0.7951999999999999,0.004869291529575904,0.2048,0.004869291529575904,42.982496897379555,0.03781483007245485
0.0,29,0.35170196299103723,0.0040641158473344935,0.5938912522315979,0.057246411595088115,0.8108333333333334,0.01559241268480708,0.18916666666666668,0.015592412684807083,43.15194574991862,0.03749716754188012
0.0,30,0.3440189944661182,0.0017094255528303853,0.6436090222676595,0.16267940179091292,0.8065333333333333,0.033285181888241686,0.19346666666666668,0.033285181888241686,43.321417490641274,0.03778034618510716
0.0,31,0.33452153284633046,0.007087145046647299,0.5378917556126913,0.009984120975867103,0.8311333333333333,0.005081666393352993,0.16886666666666664,0.005081666393352992,43.49030303955078,0.039418000576492966
0.0,32,0.32944363335311055,0.0055964654643460105,0.5837085351308188,0.05724229676115713,0.8153333333333332,0.011402338941345912,0.18466666666666665,0.011402338941345912,43.658957163492836,0.04088279246819106
0.0,33,0.32274556209516647,0.003584694220940148,0.6159000501155854,0.07446773659613183,0.8102999999999999,0.01268345378830232,0.1897,0.01268345378830232,43.82667668660482,0.04329945717248144
0.0,34,0.31650484801100953,0.006803174714523835,0.6694792461077372,0.0866676569801714,0.7958999999999999,0.022194819215303356,0.20410000000000003,0.022194819215303356,43.99391174316406,0.04615679274709973
0.0,35,0.3090008161993791,0.004295197814405217,0.5387195841948191,0.06792998284826843,0.8279,0.018421997720117104,0.1721,0.018421997720117104,44.159566243489586,0.04691522167376698
0.0,36,0.3024689033818062,0.0018512900201410095,0.6593623030662537,0.025624230638790105,0.8063666666666666,0.007489548272982391,0.19363333333333332,0.007489548272982391,44.324503580729164,0.04746238831333916
0.0,37,0.2982188248776617,0.004725114992334499,0.5946880368073781,0.06260816895926553,0.8174,0.015950235107985086,0.1826,0.015950235107985086,44.48838424682617,0.04692505282010564
0.0,38,0.2937791068281563,0.003031336596311239,0.5674931958715121,0.014059123541550212,0.8253666666666666,0.004675824347998267,0.17463333333333333,0.004675824347998267,44.65228017171224,0.04766854744298993
0.0,39,0.2874220623003552,0.006758572149419402,0.5531321891307831,0.06968158202402834,0.8302,0.016839536810732074,0.16979999999999998,0.016839536810732074,44.81533686319987,0.04890507540408527
0.0,40,0.2828370115615726,0.006567077488836657,0.5801439699729284,0.11932036955374552,0.8266333333333332,0.02790292696713612,0.1733666666666667,0.027902926967136123,44.9777577718099,0.049929787259034415
0.0,41,0.2758006251147946,0.0016821949189396463,0.4970519595464071,0.0324095522825838,0.8468666666666667,0.00903677671149026,0.15313333333333334,0.00903677671149026,45.138955434163414,0.05067333063049689
0.0,42,0.27324545647685383,0.005533118724973769,0.7910696796576181,0.30182508899603216,0.7897333333333334,0.051363443550187834,0.21026666666666669,0.051363443550187834,45.30011240641276,0.05131647344220204
0.0,43,0.26827715358872345,0.0027050487798768973,0.6989239372571309,0.12438212695813673,0.8000333333333334,0.031050013419213394,0.19996666666666665,0.031050013419213398,45.459921518961586,0.0537347857586168
0.0,44,0.26232417767513333,0.004014945277809493,0.5220132120768229,0.04801576363792917,0.8461,0.00835942581760255,0.1539,0.00835942581760255,45.620262145996094,0.052074608422802565
0.0,45,0.25882648194537444,0.006952988960920098,0.5517597566922505,0.04758112842181714,0.8362999999999999,0.010289800775525255,0.16370000000000004,0.010289800775525253,45.77878952026367,0.054308863488484495
0.0,46,0.2537944290313778,0.0031206310171482832,0.5516780757904053,0.034935757934367324,0.8348,0.01062261737991159,0.1652,0.01062261737991159,45.93626912434896,0.05584986963320958
0.0,47,0.2488574891875975,0.0072545652589102415,0.5584483663717906,0.05398980657599668,0.8358666666666666,0.012133150181767876,0.16413333333333333,0.012133150181767876,46.09419631958008,0.05669594590657841
0.0,48,0.2472193333219486,0.003824611756728748,0.6464472683588663,0.07973810008566408,0.8180666666666667,0.017737061011715908,0.1819333333333333,0.017737061011715908,46.250665028889976,0.05898515170228861
0.0,49,0.24442815536098003,0.0018470777216757282,0.6361112459659576,0.048573967187338245,0.8227333333333334,0.011168855506869694,0.17726666666666666,0.011168855506869694,46.40666198730469,0.06060913260937532
0.0,50,0.23707376012716755,0.0034877024074329173,0.5197506587664286,0.06307411503419723,0.8441,0.01172049487009832,0.1559,0.011720494870098318,46.5613899230957,0.06218745889468398
0.0,51,0.23480996160505171,0.004555344280168951,0.5488867542743683,0.055457662532136486,0.8409333333333334,0.013747848316494213,0.1590666666666667,0.013747848316494213,46.71533075968424,0.06270021092534703
0.0,52,0.229130513813642,0.005297139789575809,0.5508309884230296,0.06971692323720499,0.8372666666666667,0.013476028099307792,0.1627333333333333,0.013476028099307792,46.86828486124674,0.0625004686087187
0.0,53,0.2256102735162391,0.003807631704414491,0.5602808933417003,0.0993228512628407,0.8435333333333334,0.02011624550788081,0.15646666666666664,0.02011624550788081,47.02047220865885,0.06261705871299532
0.0,54,0.2221663190593398,0.0029367884199342385,0.5671830452442169,0.08450690599542467,0.8382666666666667,0.018744154644404036,0.16173333333333337,0.018744154644404036,47.174065907796226,0.0637227247789526
0.0,55,0.2192217065728026,0.0023378517088862585,0.5283502616405488,0.05582776709687191,0.8461,0.011624543001769986,0.1539,0.011624543001769986,47.32429758707682,0.06444748221758154
0.0,56,0.2150424096514197,0.003830419436915313,0.5923159080664316,0.09457530439791027,0.8347666666666665,0.021338775347552946,0.16523333333333334,0.021338775347552942,47.47610600789388,0.064568887766381
0.0,57,0.2136421215173432,0.003770672778894631,0.605576742998759,0.08748352912610391,0.8331666666666666,0.018422088191443777,0.16683333333333336,0.018422088191443777,47.62647374471029,0.06502298293951361
0.0,58,0.21092059441666675,0.002409192752199219,0.529986388305823,0.02836099094267293,0.8489999999999999,0.007402026749478782,0.15100000000000002,0.007402026749478783,47.77597173055013,0.06840900832469714
0.0,59,0.20722486818080665,0.003918986219094203,0.5452887525399527,0.1059650938939,0.8481000000000001,0.019755252466116462,0.15189999999999995,0.019755252466116462,47.9245974222819,0.06955508845094345
0.0,60,0.2058361328928672,0.003160701245149428,0.5535665758689244,0.020959413736617173,0.8443999999999999,0.003950949253027691,0.15559999999999996,0.003950949253027691,48.07408014933268,0.06985285992405511
0.0,61,0.20169906847286914,0.003096006938499708,0.5470160243670145,0.026874287330374426,0.8456999999999999,0.006533758489567827,0.1543,0.006533758489567827,48.22248840332031,0.07010621492061887
0.0,62,0.19741946572512514,0.0034034279112806357,0.5444848905563354,0.03995706528248006,0.8438666666666667,0.01257033545031052,0.15613333333333335,0.01257033545031052,48.369588216145836,0.0702078294265217
0.0,63,0.19493052922348028,0.0013859241053852912,0.5535683571497599,0.07210014270716704,0.8479666666666668,0.011184960139997535,0.15203333333333333,0.011184960139997535,48.51440938313802,0.07153211531500925
0.0,64,0.19257130222958777,0.005118104253701755,0.5407871596256891,0.05649757647805844,0.8480333333333334,0.009332916657365636,0.15196666666666667,0.009332916657365636,48.65939203898112,0.07161185656083192
0.0,65,0.18833916706095774,0.004589245311604614,0.5589105295976003,0.07001059659485963,0.8450333333333333,0.017273196963310904,0.15496666666666667,0.017273196963310904,48.80379104614258,0.07081083203780988
0.0,66,0.18796376766476586,0.0019664255249845167,0.5543594048500061,0.07494412730229892,0.8461666666666666,0.012023865157815648,0.1538333333333333,0.012023865157815648,48.946852366129555,0.0716184431606372
0.0,67,0.183964940872542,0.0040203964709280655,0.5429185963948568,0.0231850782860285,0.8505333333333333,0.0028867513459481316,0.14946666666666672,0.002886751345948131,49.090555826822914,0.07315762340172093
0.0,68,0.1800883976490144,0.001533912769912022,0.534118736743927,0.012042046393288245,0.8512666666666666,0.005923118547972275,0.14873333333333336,0.005923118547972275,49.23271942138672,0.07373629033477087
0.0,69,0.17931931341687837,0.0024854138795541007,0.5466616648832957,0.010664986614805527,0.851,0.005737595315112465,0.14900000000000002,0.005737595315112465,49.37549336751302,0.07329031399568503
0.0,70,0.17607165888294843,0.0036895515803924707,0.5594183481375377,0.03771630906988701,0.8483999999999999,0.004699999999999982,0.15159999999999998,0.004699999999999982,49.516387939453125,0.07455661778708486
0.0,71,0.17422969098133811,0.0022162466552369826,0.5871055737495422,0.01586992297843933,0.8412333333333333,0.0051675268101223325,0.1587666666666667,0.0051675268101223325,49.65613810221354,0.07653230837842724
0.0,72,0.17130735748386341,0.0045591367798842545,0.5551690103371937,0.03850966782296238,0.8506333333333332,0.008173942337289472,0.14936666666666668,0.008173942337289472,49.79696909586588,0.07516323355275191
0.0,73,0.17023334965960957,0.0002345471739641087,0.6099424874623617,0.09781243537848977,0.8388,0.023047559523732677,0.16119999999999998,0.023047559523732677,49.93622716267904,0.07802933598308695
0.0,74,0.16957112284216835,0.003204276156499546,0.6130901952743532,0.06416732713152724,0.8388666666666666,0.008974593769822266,0.16113333333333335,0.008974593769822266,50.07597732543945,0.0787593497253796
0.0,75,0.16408108516841594,0.001460346655253923,0.5345889290332795,0.046778427805126845,0.8519333333333333,0.013273030299571161,0.14806666666666665,0.013273030299571161,50.214561462402344,0.08080542998738426
0.0,76,0.16289679539681293,0.003580121375554855,0.572903749358654,0.0505728706326972,0.8497666666666666,0.009523829761883268,0.15023333333333333,0.009523829761883268,50.35174051920573,0.08319001277203482
0.0,77,0.16214670405071308,0.003179783348982146,0.5717809847195943,0.004639739039520374,0.8464,0.005550675634551166,0.1536,0.005550675634551166,50.48962529500326,0.08461162140172873
0.0,78,0.15742644841345274,0.004619945257031639,0.5207676049550375,0.023987478113283067,0.8588999999999999,0.00443057558337514,0.1411,0.00443057558337514,50.624603271484375,0.08522048726491208
0.0,79,0.1544531135734898,0.004246762574837499,0.5935865034302076,0.04615319203440761,0.8447,0.009534673565466213,0.1553,0.009534673565466213,50.75889333089193,0.08725929319316995
0.0,80,0.15495030773773422,0.004411496291989659,0.569406906414032,0.026741578330680884,0.8519,0.00476969600708475,0.14809999999999998,0.00476969600708475,50.895975748697914,0.08791301828898541
0.0,81,0.15216840469204557,0.00038394771130910693,0.6362349619468053,0.07293254791261979,0.8429666666666668,0.011913997370040562,0.15703333333333333,0.011913997370040562,51.02960713704427,0.0908819945651605
0.0,82,0.15065889910676494,0.002907589829645079,0.5351951237519582,0.04826272013998973,0.858,0.007830708780180775,0.14200000000000002,0.007830708780180775,51.16339365641276,0.0904189827293659
0.0,83,0.1503732832178842,0.001059872404776923,0.6407345191637676,0.11264443696299277,0.8385333333333334,0.021774373316661346,0.16146666666666665,0.021774373316661346,51.29677708943685,0.09309430860337756
0.0,84,0.14868431202972027,0.0025778062271330903,0.5388672127405804,0.01381626415280899,0.8579666666666667,0.0029737742572921366,0.14203333333333332,0.0029737742572921366,51.429500579833984,0.09370923343380089
0.0,85,0.14545020903798114,0.0012886781714324849,0.5618926391243935,0.08159538801052954,0.8565,0.011688883607941344,0.14349999999999996,0.011688883607941344,51.56077448527018,0.09618425140945618
0.0,86,0.14292819150751304,0.004707813183570103,0.5200308445135752,0.04476218321575619,0.8642666666666666,0.007757147241952618,0.1357333333333333,0.007757147241952618,51.69077173868815,0.0975878886273626
0.0,87,0.140620602121718,0.002990190738676797,0.5669491878668467,0.04267294858726163,0.8561333333333333,0.01057654638023838,0.14386666666666667,0.01057654638023838,51.82020060221354,0.09771808226429249
0.0,88,0.13719680897084852,0.002240394799075902,0.5619664394537608,0.03450052124929312,0.8560666666666666,0.0063437633415295,0.14393333333333333,0.0063437633415295,51.94836552937826,0.09873972279030785
0.0,89,0.13552423357607865,0.003715725830757526,0.5251711782932281,0.04686745096985273,0.8661666666666666,0.006423654204059665,0.13383333333333333,0.006423654204059665,52.076080322265625,0.09799246251798265
0.0,90,0.13716531247662767,0.0026348374664359074,0.6043229754765828,0.1488242790112553,0.8501333333333333,0.027308850824107073,0.14986666666666668,0.027308850824107073,52.20506286621094,0.09637909388203578
0.0,91,0.13499281544933844,0.003308775214652259,0.5502544230937958,0.060973598884890304,0.8597666666666667,0.00871569465581104,0.14023333333333332,0.00871569465581104,52.33275477091471,0.09588029033348201
0.0,92,0.13094699765473783,0.00444281233061218,0.6073813522497813,0.08782607051494366,0.8485,0.01848864516399186,0.15149999999999997,0.01848864516399186,52.45789464314779,0.09393104274067982
0.0,93,0.1295625191048512,0.004512495171880023,0.580030529387792,0.07925806462097407,0.8579666666666667,0.008130395644329547,0.14203333333333334,0.008130395644329547,52.58418655395508,0.09442877362989051
0.0,94,0.1278504242728332,0.0032921232303822546,0.613701954682668,0.061047085363487505,0.8530666666666668,0.010980588933811,0.14693333333333333,0.010980588933811,52.70949172973633,0.09596917768813368
0.0,95,0.12691728625595822,0.002506720325366574,0.5640972850322723,0.020937335501775112,0.8615,0.0023811761799581,0.13849999999999998,0.0023811761799581,52.83398691813151,0.09605956378787212
0.0,96,0.1252307705279481,0.0029308229842777275,0.5901042795976003,0.07889217972468064,0.8571,0.013550276749941307,0.1429,0.013550276749941307,52.957967122395836,0.09563739745726721
0.0,97,0.12512209626249748,0.00439804502645373,0.5848434452851614,0.01534893654851402,0.8605,0.004229657196511316,0.13950000000000004,0.004229657196511316,53.08183670043945,0.09455389292459539
0.0,98,0.12169102883920746,0.005236049188344591,0.6138521367708841,0.05529150375005454,0.8505333333333334,0.010920317455703111,0.14946666666666664,0.010920317455703111,53.204115549723305,0.09493141510350837
0.0,99,0.12057215750585838,0.001972416242161772,0.5643312292893728,0.031358166505045096,0.8647,0.006937578828380992,0.13529999999999998,0.006937578828380992,53.32589848836263,0.09678358671215155
0.0,100,0.12121540074572539,0.004027171168170708,0.5664336344877879,0.045899619773671345,0.8635666666666667,0.005810622456616302,0.13643333333333332,0.005810622456616302,53.449517567952476,0.09911041024062088
1e-05,1,1.6717010954965001,0.013167212276463109,1.8666154406865438,0.2845260433595162,0.3854666666666667,0.04465896699805463,0.6145333333333333,0.04465896699805461,37.61368942260742,0.06663080991544401
1e-05,2,1.2924501424352024,0.015252126327093635,1.3237953272501628,0.15414106548921971,0.5378,0.0437085803933278,0.4622,0.04370858039332777,37.860450744628906,0.0629638344430709
1e-05,3,1.1013967267286036,0.010427519449103088,1.3393292837142947,0.19893707714583575,0.5478333333333333,0.04873092789321102,0.45216666666666666,0.04873092789321102,38.09942754109701,0.06294634840048195
1e-05,4,0.9728728716229132,0.008148240682585073,1.3154843867937724,0.261641577431888,0.5816333333333333,0.04264180265107624,0.4183666666666667,0.04264180265107624,38.32848358154297,0.06571278637463088
1e-05,5,0.8774121995675492,0.006588305580089619,1.3118281023025513,0.43446545431451766,0.5963333333333333,0.08329215649347387,0.4036666666666666,0.08329215649347387,38.55143356323242,0.0656070227636256
1e-05,6,0.8041689982804496,0.0084106158852646,1.0210657782554626,0.031766350964745185,0.6597,0.011692305161943039,0.34030000000000005,0.011692305161943039,38.76845041910807,0.06888541984359882
1e-05,7,0.7428761785699075,0.0034397587079841117,0.8022996707280478,0.04685640672253836,0.7253,0.013809779143780662,0.2747,0.013809779143780664,38.97886530558268,0.06750138817968458
1e-05,8,0.6952249194858222,0.0019903579853402364,0.8967753511746724,0.09066445775527505,0.7029666666666667,0.018350567656978206,0.2970333333333333,0.018350567656978203,39.183213551839195,0.07029502418162452
1e-05,9,0.6558687498400787,0.002727454883651352,0.8931577278137208,0.09125181906030326,0.7146666666666667,0.026658269511229186,0.2853333333333333,0.026658269511229186,39.38029225667318,0.0706074811914964
1e-05,10,0.6225966154919256,0.005040564501284986,0.973558816687266,0.36881836529489415,0.7048333333333333,0.07855713419755928,0.2951666666666667,0.07855713419755928,39.572120666503906,0.07122821152033199
1e-05,11,0.5940193686338947,0.0035374199086945658,0.7833680849393209,0.19002263429106214,0.7443666666666667,0.05689255956039715,0.2556333333333333,0.05689255956039715,39.761627197265625,0.07037710296986208
1e-05,12,0.5683702508913383,0.0029948024417494317,0.7345106067657471,0.0850045159142759,0.7636,0.017657576277620907,0.23640000000000003,0.017657576277620907,39.94528579711914,0.07288124564226421
1e-05,13,0.5434314086969755,0.007092640115762917,0.7754141952514648,0.08128980078171374,0.7456333333333333,0.02184040597913263,0.2543666666666667,0.02184040597913263,40.12704594930013,0.07334514299217172
1e-05,14,0.5237777594410246,0.006634475793166196,0.7236119773546855,0.04169354755149575,0.7624666666666666,0.00650102556011998,0.23753333333333335,0.00650102556011998,40.304848988850914,0.07406620575885615
1e-05,15,0.508840598185044,0.0027836761540038705,0.7565003916740417,0.10115629524959428,0.7605,0.021236525139485523,0.23950000000000002,0.021236525139485526,40.48023478190104,0.07534501385145655
1e-05,16,0.48959488245735594,0.0029647142571945936,0.7099629866282146,0.09476004142461851,0.7699666666666666,0.024730008761287038,0.23003333333333334,0.024730008761287038,40.65500259399414,0.0749219548565078
1e-05,17,0.47469492674585295,0.002361076824756984,0.741579437748591,0.1986718503172447,0.7680666666666666,0.04763426637761243,0.23193333333333332,0.04763426637761243,40.82753372192383,0.07519366358135006
1e-05,18,0.4605838969438785,0.0058762828702158595,0.6844634101549785,0.12739321049976648,0.7810666666666667,0.03096616433033531,0.21893333333333334,0.030966164330335312,40.996629079182945,0.0756575455306518
1e-05,19,0.448152669339432,0.005477337949883668,0.707831647793452,0.04318311693927321,0.7690666666666667,0.012689102936509473,0.2309333333333333,0.012689102936509473,41.165479024251304,0.0751600901297639
1e-05,20,0.43779799010595094,0.0036125557754080706,0.6335255268732707,0.018497755606976595,0.7982,0.005040833264451426,0.2018,0.005040833264451427,41.330572764078774,0.07392570523763509
1e-05,21,0.42287645206325397,0.006338848750658818,0.5845229106903077,0.029396408742935996,0.8082333333333334,0.008590886644190655,0.19176666666666664,0.008590886644190655,41.49597040812174,0.07431546966140717
1e-05,22,0.41199181906605825,0.004336610301655651,0.6502657701174418,0.0802255383463009,0.7951333333333332,0.01770150652722336,0.20486666666666667,0.01770150652722336,41.65968449910482,0.07529069552260587
1e-05,23,0.40199345476029774,0.0038062731678683618,0.6702250641345978,0.13447682261417396,0.7888666666666667,0.032052197012581385,0.2111333333333333,0.032052197012581385,41.82184982299805,0.07696864306658543
1e-05,24,0.3915808227640487,0.004061733042506572,0.6375487866719564,0.03392972923224452,0.7987666666666667,0.010059986746180824,0.20123333333333335,0.010059986746180825,41.98254903157552,0.07641476642457978
1e-05,25,0.3841390396958218,0.005388376536236214,0.606996170393626,0.10123900568482376,0.8076333333333333,0.02706405980878208,0.19236666666666669,0.02706405980878208,42.14205805460612,0.07500826539070564
1e-05,26,0.37429699826372653,0.003287531978953579,0.6051812246481578,0.06753584995838834,0.8073666666666667,0.014796733873842989,0.19263333333333332,0.014796733873842989,42.30026117960612,0.07271221358901904
1e-05,27,0.3649460381152583,0.004630446430949844,0.5909240571339925,0.034809678233541884,0.8096666666666668,0.007651361534611562,0.19033333333333333,0.007651361534611563,42.45813115437826,0.0729643403745415
1e-05,28,0.3583651319692405,0.0034332300003326616,0.6351501572767894,0.10495883415095554,0.8003,0.0249182663923476,0.19970000000000002,0.0249182663923476,42.61544418334961,0.07209182381639775
1e-05,29,0.3520371381634844,0.0036005736760091832,0.6037235700925191,0.1944328170085292,0.8126666666666668,0.04727434117291677,0.18733333333333335,0.04727434117291677,42.769980112711586,0.07152686281526077
1e-05,30,0.3421492467476381,0.0037053567456745294,0.6512980685393016,0.06834375500640563,0.8033333333333333,0.01510640040953945,0.19666666666666666,0.01510640040953945,42.92515436808268,0.06972880961455183
1e-05,31,0.3367058676552386,0.0035346577356995625,0.5977010245641072,0.11798559239114856,0.8128333333333333,0.033042447447689645,0.18716666666666668,0.03304244744768964,43.078006744384766,0.06803124611639588
1e-05,32,0.33189367142784626,0.005250266324086818,0.5523030045191447,0.02420308418322908,0.8263666666666666,0.0032624121954979105,0.1736333333333333,0.0032624121954979105,43.232218424479164,0.06722836077723142
1e-05,33,0.3225932683405059,0.004318939353245981,0.603007143688202,0.0890200704549841,0.8119333333333333,0.023180235834290675,0.18806666666666663,0.02318023583429067,43.384490966796875,0.06437291847504133
1e-05,34,0.31676965192252515,0.00603233574440493,0.498669321044286,0.017424658372907628,0.8414666666666667,0.0054857390872455275,0.15853333333333333,0.0054857390872455275,43.53651682535807,0.06510991184147652
1e-05,35,0.3087516749453971,0.0019827429365275448,0.5379450029055278,0.0359674218750309,0.8329,0.003290896534380889,0.16710000000000003,0.003290896534380889,43.686726888020836,0.06532428790869013
1e-05,36,0.304321280557532,0.005672714871124138,0.509147594165802,0.03405820727393589,0.8397666666666668,0.008055639846302278,0.16023333333333334,0.008055639846302278,43.83790969848633,0.06741474049976338
1e-05,37,0.29798264448345974,0.004308269242105382,0.6370554422537485,0.09276873289492496,0.8099,0.019987245933344597,0.19010000000000002,0.019987245933344597,43.98779296875,0.066839901081597
1e-05,38,0.29805234973997713,0.003985214679713202,0.5478552796204884,0.09883875760486308,0.8283333333333333,0.028632557226579248,0.17166666666666666,0.028632557226579248,44.1350351969401,0.0655567433609047
1e-05,39,0.2873802068186741,0.0029357687796668216,0.5548485044161479,0.06380805511221399,0.8310666666666666,0.013702676137650357,0.16893333333333335,0.013702676137650357,44.284138997395836,0.06329328118676601
1e-05,40,0.2845187342304098,0.00260885599500052,0.6007638811588287,0.10826575402346081,0.8184333333333335,0.023603460198312748,0.18156666666666668,0.023603460198312748,44.432427724202476,0.06253316425148038
1e-05,41,0.276875680815889,0.004276622824074819,0.524290296681722,0.07517024344334218,0.8412666666666667,0.0190581566090043,0.15873333333333337,0.0190581566090043,44.580735524495445,0.06157588359311973
1e-05,42,0.2731118672301092,0.00283455396849457,0.5450384741783142,0.05772425039809492,0.8351000000000001,0.011963695081370105,0.16490000000000002,0.011963695081370105,44.72834269205729,0.06244716997450183
1e-05,43,0.2689764323276734,0.004495930765690359,0.5989421017487843,0.04070163060822308,0.8257,0.010839280418920799,0.17429999999999998,0.010839280418920799,44.87438837687174,0.06135201275731697
1e-05,44,0.2632367147572611,0.0046555129943697945,0.5722439860979716,0.10655912258503598,0.8270666666666667,0.027596799331323415,0.1729333333333333,0.027596799331323415,45.02046457926432,0.06254764277854756
1e-05,45,0.25904863842231846,0.0022960691410010676,0.536284646844864,0.03825387913767645,0.8391333333333334,0.008800189391901341,0.16086666666666669,0.008800189391901341,45.1646359761556,0.06157288928368998
1e-05,46,0.25651549628577675,0.005115995749789759,0.6208455596923828,0.1479695779385649,0.8200999999999999,0.03035061778613412,0.17990000000000003,0.03035061778613412,45.310325622558594,0.06359658482799763
1e-05,47,0.25111945178629697,0.005198641201087046,0.4954546927452088,0.05936645676244252,0.8489333333333332,0.014360478172168649,0.15106666666666668,0.014360478172168649,45.453267415364586,0.0609452660158268
1e-05,48,0.2461191204655201,0.005346308007787838,0.599423065551122,0.1047202265477759,0.8268666666666666,0.021279411019418125,0.17313333333333336,0.021279411019418125,45.596579233805336,0.06125007417206881
1e-05,49,0.24385020017420644,0.003907368830315058,0.6073807488600413,0.033417563203680625,0.8300000000000001,0.010486181383134643,0.17,0.010486181383134641,45.73950703938802,0.062053398114016
1e-05,50,0.24133580463850288,0.004454218612523286,0.5350008726755778,0.027625967739807057,0.8424666666666667,0.007341888948583548,0.15753333333333333,0.007341888948583549,45.880776723225914,0.06089462198399538
1e-05,51,0.23440898627754161,0.0027824986958860523,0.590360293340683,0.06382302425228707,0.8288333333333333,0.015764622841455283,0.1711666666666667,0.015764622841455283,46.02081298828125,0.05824893994484223
1e-05,52,0.23026863925749688,0.0056749888264307075,0.5633405195871989,0.11773450605114205,0.8382999999999999,0.023434163095788187,0.16169999999999998,0.023434163095788187,46.15934499104818,0.05734620535921799
1e-05,53,0.22904633215524553,0.0030435572776904922,0.5088620103200276,0.08857186262019194,0.8532333333333333,0.01471880882861563,0.14676666666666663,0.014718808828615633,46.298753102620445,0.057298715399511625
1e-05,54,0.22329590774481864,0.003871878471432969,0.5731548782030741,0.07814727533249807,0.8351333333333333,0.017447731466678783,0.1648666666666667,0.017447731466678783,46.43855667114258,0.056498683150874446
1e-05,55,0.2206380610486837,0.004383387539227983,0.5237568847338357,0.03916880946273944,0.8508,0.005864298764558304,0.14920000000000003,0.005864298764558304,46.57753117879232,0.05639833780816974
1e-05,56,0.21629547910845795,0.005144744377901103,0.5846139731089274,0.05679642375240621,0.8368666666666668,0.01076119572042684,0.16313333333333332,0.01076119572042684,46.715833028157554,0.056230145998790164
1e-05,57,0.21618853047020092,0.0018390951900821432,0.625323816649119,0.0728515087114931,0.8283333333333335,0.013528611655795776,0.17166666666666666,0.013528611655795776,46.85364532470703,0.056936073213448984
1e-05,58,0.21023348475610307,0.00228042614690925,0.4873147721211116,0.03903983605316178,0.8584666666666667,0.00867313860913873,0.14153333333333332,0.00867313860913873,46.988929748535156,0.05493198487385859
1e-05,59,0.2073960102021135,0.006764023406750327,0.6048798453569412,0.08550598860094974,0.8360666666666666,0.012859367532399586,0.16393333333333335,0.012859367532399586,47.124743143717446,0.053764091050110534
1e-05,60,0.20522346294851054,0.003591516188911004,0.5396061082442601,0.005042417244465598,0.8472666666666666,0.003308070938376818,0.15273333333333336,0.003308070938376818,47.25990549723307,0.05208862528949546
1e-05,61,0.20300572059368946,0.004800824887407926,0.5386001380284627,0.06340121858775462,0.8471000000000001,0.0124735720625649,0.1529,0.0124735720625649,47.39407730102539,0.053670489187999805
1e-05,62,0.19760638942905503,0.004164411200457126,0.5593895479996999,0.039817515850891806,0.8436333333333333,0.003924708057083111,0.15636666666666665,0.003924708057083111,47.526501973470054,0.05235522079869187
1e-05,63,0.19470999898660515,0.004215829985662832,0.5279182129144668,0.04965725655862756,0.8532666666666667,0.011970937028208506,0.14673333333333335,0.011970937028208506,47.65896987915039,0.05161258770746411
1e-05,64,0.19405438475952327,0.005882184828717594,0.5341824902256329,0.05286544463287998,0.8511666666666667,0.011696723187856226,0.14883333333333335,0.011696723187856226,47.79194132486979,0.05007197994999954
1e-05,65,0.19093788452668772,0.0016121781633869664,0.5417260673364003,0.024911732038469695,0.8468,0.007050531894828929,0.1532,0.007050531894828929,47.92389806111654,0.04987957619754741
1e-05,66,0.18902975896918053,0.001904803455655325,0.5164490073362985,0.05096338036675332,0.8568666666666668,0.008434650753489027,0.14313333333333333,0.008434650753489027,48.055110931396484,0.04909278371880276
1e-05,67,0.18454873518667358,0.004048075944487319,0.5551175611575444,0.0570904781651422,0.8504666666666667,0.014468010690254999,0.14953333333333332,0.014468010690254997,48.184871673583984,0.047619052071586995
1e-05,68,0.18180373778212608,0.003115126053849292,0.6145562008062998,0.12714502645889972,0.8328333333333333,0.03152908709958685,0.16716666666666666,0.03152908709958685,48.31363423665365,0.045817598900239107
1e-05,69,0.17967203240412885,0.006717507736670794,0.5390725741227468,0.015100376528867695,0.8526666666666666,0.0038552993831002472,0.14733333333333332,0.0038552993831002472,48.44401295979818,0.04475899481396112
1e-05,70,0.1763285689805424,0.002860303983603902,0.6012440469106038,0.11087520867811132,0.8433666666666667,0.01953722941804528,0.15663333333333337,0.01953722941804528,48.57148106892904,0.04345282227737462
1e-05,71,0.17406029500010067,0.0034986896776692178,0.4960889741897583,0.012349317183382452,0.8633000000000001,0.0005999999999999894,0.13670000000000002,0.0005999999999999894,48.698018391927086,0.04427896723226958
1e-05,72,0.1716550123152932,0.004857200172987381,0.5258145807266236,0.028329370767197715,0.8581666666666666,0.0022143471573656598,0.14183333333333334,0.0022143471573656598,48.82462946573893,0.044686416484183714
1e-05,73,0.16804836571966086,0.0034873002864267426,0.5664536520799001,0.04900936797224529,0.8481666666666667,0.012836017035409906,0.15183333333333335,0.012836017035409906,48.95067850748698,0.04389850211712968
1e-05,74,0.17092684814857298,0.004767819019777446,0.6112230892737706,0.06156684457048734,0.8403333333333333,0.011568203548232282,0.15966666666666665,0.011568203548232282,49.077308654785156,0.04213315498311705
1e-05,75,0.16455993329739327,0.003677766295006704,0.5020295579592386,0.015710158524901548,0.8614666666666667,0.001350308606701958,0.13853333333333331,0.0013503086067019581,49.20337422688802,0.042344812812625546
1e-05,76,0.16468256286076266,0.004043606610358378,0.5098372247139612,0.025493374726646437,0.8622666666666667,0.005542863279328995,0.13773333333333335,0.005542863279328995,49.3272959391276,0.042791705976454736
1e-05,77,0.163345138568555,0.0021069479307332,0.4893861062725385,0.016066857557613487,0.8660333333333333,0.004366157731156005,0.13396666666666668,0.004366157731156005,49.45244344075521,0.03955072832937978
1e-05,78,0.16029237282842726,0.004442418288732593,0.5354835134029389,0.05529790220476512,0.8583333333333334,0.007556674753708375,0.1416666666666667,0.007556674753708375,49.57531483968099,0.03862826499832409
1e-05,79,0.1578146745653256,0.0022173536506749714,0.5764410936355591,0.05276161073089987,0.8544666666666666,0.006192199393861051,0.14553333333333338,0.006192199393861051,49.69800694783529,0.03728445069928295
1e-05,80,0.15671911616218162,0.002886464816864652,0.5499836194356282,0.07199002037427488,0.8546,0.014707481089567986,0.1454,0.014707481089567986,49.82100296020508,0.03828566838786614
1e-05,81,0.1531684699977247,0.004057442868976594,0.6377627256552378,0.07469483125894404,0.8442666666666666,0.01511500358363616,0.15573333333333336,0.01511500358363616,49.94091796875,0.038413681551710155
1e-05,82,0.15392819010134143,0.0033311865746652814,0.5448713499069213,0.06680679659990464,0.8586666666666667,0.013651495644556064,0.14133333333333334,0.013651495644556064,50.061903635660805,0.03755950953563458
1e-05,83,0.14928515425677596,0.006462551394959914,0.5245776974598567,0.025659542672847244,0.8626,0.004975942121849901,0.1374,0.004975942121849901,50.180258433024086,0.04107174205056677
1e-05,84,0.14699293358310206,0.004847060171265949,0.5236994603137176,0.028870582333271638,0.8617333333333334,0.010772341125926763,0.13826666666666665,0.010772341125926763,50.29865392049154,0.042959847044952953
1e-05,85,0.14649054471908324,0.0016274202738727661,0.558700172328949,0.04759959933250651,0.8548,0.009079647570252921,0.1452,0.009079647570252921,50.416219075520836,0.043262091394032955
1e-05,86,0.1436148796481448,0.0020829919294780733,0.5293025131662686,0.05035952436821125,0.8624999999999999,0.010805554127392113,0.13749999999999998,0.010805554127392113,50.53216807047526,0.04232101899349574
1e-05,87,0.14128258456583218,0.0029823850514564213,0.559990226618449,0.05547505548153493,0.8550666666666666,0.011331519462690504,0.14493333333333333,0.011331519462690504,50.647439320882164,0.04297857083133459
1e-05,88,0.14033725571271607,0.0043131516782842615,0.5566151810447376,0.04754927042332724,0.8592333333333334,0.007059981114233477,0.14076666666666662,0.007059981114233477,50.76323445638021,0.04367961903714448
1e-05,89,0.13871928645839368,0.0027196117311689134,0.529107885615031,0.03986248883129048,0.8653333333333334,0.003987898360456692,0.13466666666666668,0.003987898360456692,50.876443227132164,0.04221351859547715
1e-05,90,0.13824303472019217,0.003815614202486058,0.5764108834107717,0.09721198638183813,0.8539666666666667,0.015297494348204013,0.14603333333333332,0.015297494348204013,50.99242273966471,0.0389582930323119
1e-05,91,0.1354183294800033,0.004709609825088368,0.5271925503094991,0.03876350946167952,0.8645666666666667,0.007447370900749715,0.13543333333333332,0.007447370900749715,51.10586420694987,0.037220964428747824
1e-05,92,0.1314420601478496,0.0027643972748083354,0.5321329322814942,0.017688903468460547,0.8627333333333334,0.008753475500241817,0.13726666666666665,0.008753475500241817,51.21789677937826,0.03796937750213109
1e-05,93,0.13037469324902753,0.003220580885844593,0.5798377877553305,0.030369532600478828,0.8560333333333334,0.006217180497084977,0.14396666666666666,0.006217180497084977,51.330867767333984,0.0376759530898917
1e-05,94,0.12899890393399827,0.005110520928063701,0.5769547052860261,0.0345474957774165,0.8589666666666668,0.006104370019365886,0.14103333333333332,0.006104370019365885,51.441907246907554,0.03773150721726321
1e-05,95,0.12828179399617087,0.002271475670763073,0.5902953979730606,0.08535193997090698,0.8541,0.022080987296767288,0.1459,0.022080987296767288,51.55329132080078,0.036318068881410405
1e-05,96,0.12706229432254953,0.002791943976590258,0.5623272899945577,0.03182931743869725,0.8605999999999999,0.007773673520286251,0.1394,0.007773673520286251,51.66360727945963,0.03815699814344629
1e-05,97,0.1274161708858007,0.0034897935663496023,0.5437800611972808,0.018351447436868163,0.8658999999999999,0.003576310948449529,0.13410000000000002,0.003576310948449529,51.773138682047524,0.03922899020814997
1e-05,98,0.12434749717951991,0.005989369335598523,0.5309029433727264,0.0022119024459301023,0.8683,0.0010999999999999899,0.13170000000000004,0.0010999999999999899,51.881238301595054,0.042442030571100776
1e-05,99,0.12158195674419403,0.0013862893617823645,0.5432278021176656,0.02938194368219522,0.8646666666666666,0.008648892029233165,0.13533333333333333,0.008648892029233165,51.987213134765625,0.0417266722666356
1e-05,100,0.12296350853706615,0.0016234054727918997,0.6307643613974253,0.12387042614151364,0.8528666666666666,0.012643707262244433,0.14713333333333334,0.012643707262244433,52.094783782958984,0.04369799389951817
0.0001,1,1.6735169133465206,0.01138184626384934,2.233376910909017,0.1734357181798293,0.34413333333333335,0.011511009223058309,0.6558666666666666,0.011511009223058285,37.48596700032552,0.06852961998033295
0.0001,2,1.284874387155307,0.018578129858160382,1.3820053864796957,0.14678582942246393,0.5211666666666667,0.03364822927485687,0.4788333333333334,0.03364822927485687,37.605786641438804,0.06152001869230554
0.0001,3,1.0894836005449091,0.022105870793722844,1.2875589159647622,0.22245775220606986,0.5639333333333333,0.05850002849002153,0.43606666666666666,0.05850002849002153,37.716559092203774,0.05403583758270049
0.0001,4,0.9592645232838031,0.022615805931704185,1.272537453842163,0.10410832601806533,0.5825999999999999,0.03114369920224635,0.41740000000000005,0.031143699202246352,37.81811014811198,0.04960996477936988
0.0001,5,0.864726349876563,0.02896914094045857,1.0507942481994628,0.11454310466429919,0.6472000000000001,0.035740872960799364,0.3528,0.035740872960799364,37.91545867919922,0.047144570585404416
0.0001,6,0.7945212669486382,0.030127094833603086,1.00231730855306,0.06930650582734586,0.6701333333333332,0.020576766833818476,0.3298666666666667,0.020576766833818476,38.00598271687826,0.044765003550257094
0.0001,7,0.7316669014307138,0.025784935090736046,0.9155702537536622,0.12799341637336603,0.6916333333333333,0.03735322386800549,0.3083666666666666,0.03735322386800549,38.092081705729164,0.037363179352506375
0.0001,8,0.6867472086060484,0.02032850252648278,0.9791753943443298,0.07179554338813417,0.6823,0.021774296773948924,0.3177,0.021774296773948924,38.173126220703125,0.028764393558370197
0.0001,9,0.647991389569724,0.016458588854122845,0.9085956860224407,0.20426072166857484,0.7026333333333334,0.05772437382365733,0.2973666666666666,0.05772437382365733,38.24952824910482,0.022986563119804813
0.0001,10,0.6137088436096628,0.017212719602137872,0.8520299016316732,0.1412053023775813,0.7263333333333333,0.03537927830430311,0.27366666666666667,0.03537927830430311,38.32146708170573,0.017352611871169057
0.0001,11,0.5860481006613372,0.01464697828029111,0.8391214771429697,0.2866717407568711,0.7303666666666667,0.0698960895425011,0.26963333333333334,0.0698960895425011,38.39085388183594,0.013805677163760825
0.0001,12,0.5612294284431526,0.01182018304808251,0.7377117836316427,0.055119997653639397,0.7591333333333333,0.009360733589486057,0.24086666666666667,0.009360733589486057,38.455745697021484,0.009581770077937443
0.0001,13,0.5378336082486546,0.013111932981091317,0.945993323548635,0.15285877774161868,0.7091,0.038896915044769304,0.2909,0.038896915044769304,38.51891072591146,0.006053702613369262
0.0001,14,0.5184926668853711,0.01120679354561701,0.7202989052136739,0.0827282879652911,0.7627666666666665,0.027214395700315187,0.23723333333333338,0.027214395700315187,38.58029810587565,0.00566227831020481
0.0001,15,0.5026497471083563,0.009362812494326009,0.7301609723409017,0.06671075363192434,0.7669333333333332,0.019604676312893643,0.23306666666666667,0.019604676312893643,38.63958485921224,0.005681069627850107
0.0001,16,0.4850394038542254,0.00926455282637549,0.7602324759801228,0.11995826320206192,0.7600333333333333,0.03121367221800943,0.2399666666666667,0.03121367221800943,38.6961924235026,0.003751749104306628
0.0001,17,0.4694496909599475,0.007799168936630381,0.7416126163641611,0.09885633727957292,0.7613666666666666,0.025204232448803775,0.23863333333333336,0.025204232448803775,38.750999450683594,0.008336696867187507
0.0001,18,0.4556962289265456,0.012004439327331785,0.6755616648197175,0.09303772895682197,0.7841,0.022941883096206397,0.2159,0.022941883096206393,38.806297302246094,0.009520013249284611
0.0001,19,0.44341426095643416,0.012098448601304478,0.7214733276049295,0.054141121880605915,0.7703666666666668,0.017142150779098083,0.22963333333333333,0.017142150779098083,38.85994211832682,0.010496346156656861
0.0001,20,0.4319111767454424,0.010621787017729605,0.6947850849151611,0.08237518863864862,0.7798999999999999,0.016731108749870657,0.2201,0.016731108749870657,38.913204193115234,0.01419129267748053
0.0001,21,0.4193052947902314,0.010470527909210221,0.6669583163261414,0.12732358390750614,0.7954333333333334,0.030987793295640404,0.20456666666666667,0.030987793295640404,38.96629333496094,0.015572232032883422
0.0001,22,0.4080910940558506,0.009005820444340389,0.6495234250704447,0.11588781635426984,0.7934666666666667,0.026443398672132367,0.20653333333333335,0.026443398672132367,39.018255869547524,0.016759800407023642
0.0001,23,0.39931330349032734,0.009477645507830791,0.6283430260181427,0.06182501023523537,0.7989333333333333,0.017755656375739365,0.2010666666666667,0.017755656375739365,39.06914138793945,0.015858247117428725
0.0001,24,0.38873264639426375,0.009413263045312719,0.7119674438635508,0.04322105120670581,0.7819333333333334,0.01045817064946509,0.21806666666666666,0.01045817064946509,39.11920928955078,0.01587339170076572
0.0001,25,0.3799695405864553,0.00787946641235876,0.6545856458187104,0.06263020911012805,0.7952,0.012357588761566687,0.2048,0.012357588761566687,39.16662470499674,0.017410092070037714
0.0001,26,0.3698087074338933,0.008450228861400528,0.6666663717110951,0.055962663147655085,0.7895666666666666,0.014213491243650667,0.21043333333333333,0.014213491243650667,39.21630986531576,0.020299346646196367
0.0001,27,0.363265712573197,0.007287924910050667,0.6941036665121715,0.08177057741756827,0.7843666666666668,0.020010580534640502,0.21563333333333332,0.020010580534640502,39.2661018371582,0.022010969825788457
0.0001,28,0.35379329427937006,0.005495226034218444,0.643813800128301,0.06218872103347325,0.8006333333333333,0.01617693831765865,0.1993666666666667,0.01617693831765865,39.314727783203125,0.024375181530332274
0.0001,29,0.346178209613961,0.005039450288600167,0.6765796857039134,0.17761672968752035,0.7952666666666667,0.035569837409430705,0.20473333333333332,0.035569837409430705,39.3621711730957,0.028004936104393308
0.0001,30,0.3397601442975258,0.008063509683086256,0.6298383518536885,0.1790032828639742,0.8111,0.03930737844222126,0.18889999999999996,0.03930737844222126,39.41151428222656,0.03081588881116889
0.0001,31,0.3331641046058796,0.009941004573375163,0.5857790454228718,0.04416530181672806,0.8212999999999999,0.006063002556489685,0.1787,0.006063002556489685,39.45852788289388,0.030873440464948484
0.0001,32,0.32803850146510716,0.00692939976130636,0.5430085289796193,0.02285188169875996,0.8262333333333333,0.002730079363925748,0.17376666666666665,0.002730079363925748,39.50502014160156,0.030907090400188676
0.0001,33,0.3213163245999701,0.007478364755647023,0.5982319476763407,0.04867586010699055,0.8152333333333334,0.011927419391189888,0.18476666666666666,0.011927419391189888,39.552833557128906,0.031141144621421313
0.0001,34,0.31247953411258395,0.007900274317863885,0.6478537635485332,0.14301378575296028,0.8022333333333332,0.037344522132882293,0.19776666666666667,0.037344522132882293,39.60110855102539,0.03250267759827715
0.0001,35,0.3094943677601607,0.00512884687513824,0.5774125716209412,0.10193735559453244,0.8229000000000001,0.022926622080018666,0.17710000000000004,0.022926622080018663,39.64819463094076,0.03322271081723074
0.0001,36,0.3013920057612612,0.0071425163407387296,0.6734659415880838,0.10637247219100238,0.8029000000000001,0.023557801255635002,0.19710000000000003,0.023557801255635002,39.69412485758463,0.03505719537334757
0.0001,37,0.29939284634864544,0.005720656546450514,0.6143632257143657,0.14788536079186135,0.8166333333333333,0.032096157610114875,0.18336666666666668,0.032096157610114875,39.738932291666664,0.03560720089546163
0.0001,38,0.29296793096967977,0.007829940839825762,0.5226579107602437,0.03392458524249488,0.8349666666666667,0.0053873308171425,0.16503333333333337,0.0053873308171425,39.782580057779946,0.03558629286960154
0.0001,39,0.2865409227905879,0.004122639760468397,0.6038907757838566,0.014408349164891449,0.8151666666666667,0.003231614663497698,0.18483333333333332,0.003231614663497698,39.82914352416992,0.03843538130662453
0.0001,40,0.2835617235274977,0.005788125232729502,0.6901182239055633,0.1533400114501182,0.8029999999999999,0.029425669066310126,0.19699999999999998,0.029425669066310126,39.8763427734375,0.03780363431250812
0.0001,41,0.2766168927877049,0.002189419955056842,0.5743504989306132,0.061296986053087275,0.8265333333333333,0.016165807537309472,0.17346666666666666,0.016165807537309472,39.9228769938151,0.03966321467461631
0.0001,42,0.2735572397099127,0.006413909758489861,0.611252115281423,0.03823910843337711,0.8170000000000001,0.011458184847522767,0.18299999999999997,0.011458184847522767,39.96871693929037,0.041152727852287706
0.0001,43,0.2706194438630967,0.004636435644836341,0.5303692443529765,0.04424024541744657,0.8382333333333333,0.01599197715522801,0.16176666666666664,0.01599197715522801,40.01120376586914,0.04357721621177667
0.0001,44,0.26538898093976837,0.004851964906765471,0.48882228886286416,0.014604499303606772,0.8496666666666667,0.002112660250332098,0.15033333333333332,0.002112660250332098,40.05654652913412,0.046239409024782366
0.0001,45,0.26002810886550537,0.005212671642599362,0.5064409757614136,0.051966778974908624,0.8471333333333334,0.0123029806686564,0.15286666666666662,0.012302980668656397,40.101540883382164,0.04849033194121918
0.0001,46,0.25548858574741634,0.00643085438829988,0.5571087410449982,0.0785048873125843,0.8348666666666666,0.01533242750947588,0.16513333333333333,0.01533242750947588,40.14544677734375,0.0489025884812408
0.0001,47,0.2523229700423466,0.004881505306142773,0.4773327610015869,0.03149041356803456,0.8505333333333334,0.009000740710260099,0.14946666666666664,0.009000740710260099,40.189127604166664,0.05102835513322053
0.0001,48,0.248880821903445,0.0040167176080848814,0.6337097029368083,0.16544798448544895,0.8177,0.03490386798049747,0.18230000000000002,0.03490386798049747,40.23427708943685,0.054112721696638166
0.0001,49,0.24600725140794158,0.004108371569856005,0.5169603827635447,0.06969195052852711,0.8454,0.01536456963276226,0.1546,0.01536456963276226,40.27843983968099,0.05735253671703771
0.0001,50,0.24030651411284573,0.005493390633481262,0.5914280156612396,0.0077601533431234425,0.8269000000000001,0.005168171823769062,0.1731,0.005168171823769062,40.321905771891274,0.060770178834270654
0.0001,51,0.23576172297059828,0.00276112253690915,0.5888044884999593,0.06201460951105361,0.8301333333333334,0.012050449507521798,0.16986666666666664,0.012050449507521798,40.36404037475586,0.06187101383148824
0.0001,52,0.23128043179926663,0.007137632339149687,0.5749424200216929,0.10936339997190597,0.8289666666666666,0.026421266686768318,0.17103333333333337,0.026421266686768318,40.40712102254232,0.0636048439004714
0.0001,53,0.22967353157654646,0.002542935665980953,0.5313009154995282,0.012039307330056082,0.8462666666666667,0.004819059382631975,0.15373333333333336,0.004819059382631975,40.45075352986654,0.06627881849209133
0.0001,54,0.22733296352960264,0.00371332756532563,0.5504990323384603,0.03132809044830694,0.8407999999999999,0.009600520819205604,0.1592,0.009600520819205604,40.493063608805336,0.06875515547865081
0.0001,55,0.2242332936819557,0.006416812337760515,0.5545687013626098,0.055958318594284955,0.8407666666666667,0.01105275229675093,0.15923333333333334,0.01105275229675093,40.53459548950195,0.06994810224766039
0.0001,56,0.22080276975724197,0.0036943687925133618,0.6163552077611287,0.037608016348014715,0.8275666666666667,0.012220201853215583,0.17243333333333336,0.012220201853215583,40.576315561930336,0.07190544818083348
0.0001,57,0.2173719092225378,0.002737339224095603,0.522776219701767,0.06119287695624921,0.8462,0.015124814048443732,0.15380000000000002,0.015124814048443732,40.61956787109375,0.07312963808625193
0.0001,58,0.21826735984943713,0.005026673587730564,0.5737856384595235,0.10968458186970234,0.8413,0.01890264531752102,0.15869999999999998,0.01890264531752102,40.66343434651693,0.07431796309892089
0.0001,59,0.21365220589406045,0.0044625449989460055,0.5019092039267222,0.05506859462073267,0.8546333333333332,0.015166190468714749,0.14536666666666667,0.01516619046871475,40.705955505371094,0.07332470209524587
0.0001,60,0.20984443035119635,0.0028401658436827885,0.5854313873291016,0.014863388118680005,0.8327,0.0022605309110915062,0.1673,0.0022605309110915062,40.74787902832031,0.07294436371831035
0.0001,61,0.20584985000245712,0.003018888410005237,0.5080992493629456,0.030461652946606743,0.8489333333333334,0.008334466589610505,0.15106666666666665,0.008334466589610507,40.788665771484375,0.07244317000067685
0.0001,62,0.20468667012981542,0.00434373791155352,0.49254732109705607,0.009488633183597913,0.856,0.004986983055916631,0.14400000000000002,0.004986983055916631,40.8299929300944,0.07579982069445791
0.0001,63,0.19970387926060018,0.0014830663395547065,0.58818990483284,0.05311400476088412,0.8426,0.005501817881391549,0.15739999999999998,0.005501817881391549,40.86878967285156,0.07812504721804027
0.0001,64,0.19858866177962972,0.00587658670469318,0.6060410890102387,0.16041921053170155,0.8372,0.031128925455273907,0.16280000000000003,0.031128925455273907,40.90865707397461,0.07952567569727502
0.0001,65,0.19634212322298117,0.00046636927110868,0.5217596919933954,0.0846241657657686,0.8530000000000001,0.012752646784099344,0.147,0.012752646784099344,40.94922765096029,0.08110180360555325
0.0001,66,0.19320885590313341,0.004614212145465958,0.4977411453088125,0.03700128075945538,0.8572000000000001,0.0063788713735267915,0.1428,0.0063788713735267915,40.99009450276693,0.0830075883102662
0.0001,67,0.19095139576396877,0.0056212755291517045,0.548269305006663,0.04364363735797306,0.8487666666666667,0.008105142400558605,0.15123333333333333,0.008105142400558605,41.028578440348305,0.08637125883157555
0.0001,68,0.1881505367929673,0.005347540526786159,0.5704626497586568,0.16797008797288632,0.8408666666666668,0.03855831082053951,0.15913333333333332,0.03855831082053951,41.06874084472656,0.08669004936962377
0.0001,69,0.18634032203997697,0.002784412026815903,0.573760934638977,0.04707671594266331,0.8432666666666667,0.010551935051607047,0.1567333333333333,0.010551935051607047,41.10957717895508,0.08782006509323176
0.0001,70,0.1865944515084824,0.0044414608775463936,0.5858720901489258,0.1668940508652321,0.8417333333333333,0.03268276814061705,0.15826666666666667,0.03268276814061705,41.147360483805336,0.09080173713081521
0.0001,71,0.18245673808447846,0.006352128334287045,0.6001069324016571,0.07335021267444918,0.8351333333333333,0.018274663699596023,0.1648666666666667,0.018274663699596023,41.185654958089195,0.09383527613276035
0.0001,72,0.17794356623764537,0.002903999104296179,0.5337940424760182,0.04224362483340534,0.8496,0.008283115355951524,0.15039999999999998,0.008283115355951524,41.222357432047524,0.09703279685205853
0.0001,73,0.17738619348302623,0.0038392078249052247,0.5440373187383016,0.04824466387516126,0.8505666666666668,0.012387224601715022,0.1494333333333333,0.012387224601715022,41.26019159952799,0.09609262242473796
0.0001,74,0.17752233442976653,0.002940686753341949,0.5708721467177074,0.032814497051097645,0.8465666666666666,0.004645786621588757,0.1534333333333333,0.004645786621588757,41.29824956258138,0.09922899051260324
0.0001,75,0.1743645456675932,0.004996241134788624,0.5522240789731344,0.09048442190783258,0.8488000000000001,0.01854615863191079,0.1512,0.01854615863191079,41.334763844807945,0.09852816103431883
0.0001,76,0.17306451441661375,0.002914641214611958,0.5334076513608297,0.0695050552091399,0.8547666666666668,0.010208003396028661,0.14523333333333333,0.010208003396028661,41.37201054890951,0.09619351858617005
0.0001,77,0.170380481378273,0.001897721313753133,0.5360476848125457,0.020523839543717812,0.8562,0.004003748243833526,0.1438,0.004003748243833526,41.40806198120117,0.09385521928779025
0.0001,78,0.16907543990084584,0.0047825023528103,0.5388107504367828,0.02134918575140979,0.8529333333333332,0.01234355432334358,0.14706666666666668,0.01234355432334358,41.444271087646484,0.09542675492544828
0.0001,79,0.16441371939117239,0.004355059820190836,0.5537045705318451,0.04627572503620792,0.8517333333333333,0.010363557947603373,0.14826666666666666,0.010363557947603373,41.47842915852865,0.09799410568535678
0.0001,80,0.16547123056606972,0.002269002045260581,0.5507511402130127,0.028093884737610868,0.8513999999999999,0.003207802986469074,0.14860000000000004,0.003207802986469074,41.51408894856771,0.09955182508912153
0.0001,81,0.16311639670571607,0.002646542864571812,0.5461295541286469,0.033995198941355935,0.8531666666666666,0.007805340052382963,0.14683333333333337,0.007805340052382963,41.548709869384766,0.10085621880572611
0.0001,82,0.1616299800663704,0.004665583984442736,0.49105201959609984,0.03461145329029818,0.8656333333333333,0.003693688310257508,0.13436666666666666,0.003693688310257508,41.580816904703774,0.10220890717391933
0.0001,83,0.15863772287316943,0.0032150544336937894,0.5856993976275126,0.06958930455426564,0.8451333333333334,0.01656572767291958,0.15486666666666668,0.01656572767291958,41.61528778076172,0.10213255564770611
0.0001,84,0.1584398985188534,0.0027351296620105473,0.5792067885239919,0.07805466828871485,0.8446666666666666,0.018808863158982597,0.15533333333333332,0.018808863158982597,41.65073903401693,0.10350478287682545
0.0001,85,0.15607425523167578,0.0018181420726414905,0.5324879885355632,0.053352417768870404,0.8553000000000001,0.013225354437594502,0.14469999999999997,0.0132253544375945,41.6821657816569,0.10310627782588909
0.0001,86,0.15423144281659995,0.004001657098184694,0.5135273578008016,0.023759129607035686,0.8618,0.0054671747731346735,0.1382,0.0054671747731346735,41.71429570515951,0.10370546296728418
0.0001,87,0.1526371801854806,0.0022435028096282517,0.5498951925595601,0.04052319621624867,0.8532333333333334,0.009111714072189343,0.14676666666666663,0.009111714072189343,41.74495188395182,0.10331232945738701
0.0001,88,0.15089602000179295,0.0019272313990273792,0.6807367927153906,0.17176482993247286,0.8339666666666666,0.02687607362196593,0.16603333333333328,0.02687607362196593,41.77697245279948,0.09998060579859372
0.0001,89,0.15092220965007483,0.0029550378007592235,0.5497335831483205,0.08301615827169641,0.8518333333333334,0.0177753574741363,0.14816666666666664,0.0177753574741363,41.80692036946615,0.09947354927610245
0.0001,90,0.15091156096968605,0.002003858107588763,0.5879979934374492,0.038461488328193745,0.8464999999999999,0.010758717395675044,0.1535,0.010758717395675046,41.839394887288414,0.09922151930207235
0.0001,91,0.14726721196858575,0.0059146956368718515,0.5807520331541697,0.0710882953565618,0.8470333333333334,0.01923910947350042,0.15296666666666667,0.01923910947350042,41.868465423583984,0.10059080304546605
0.0001,92,0.14555267450373496,0.003543747651885701,0.5373541184425354,0.08211103060324197,0.8554,0.02184399230909953,0.14459999999999998,0.02184399230909953,41.898763020833336,0.09930358678249458
0.0001,93,0.14264533797061454,0.002281377462136417,0.558622882048289,0.08027107378630773,0.8504,0.018309287260841123,0.14959999999999998,0.018309287260841123,41.927199045817055,0.1005363218533867
0.0001,94,0.14217086185408218,0.007319322050995163,0.5475613866329193,0.07805507734162094,0.8542,0.01775528090456469,0.1458,0.01775528090456469,41.955039978027344,0.10592829372533603
0.0001,95,0.141136855989034,0.005090904168682647,0.5583255742311478,0.059366988218362,0.8505333333333333,0.012507730942634375,0.14946666666666672,0.012507730942634375,41.98393885294596,0.108036797187944
0.0001,96,0.13962514890010094,0.001003107218425791,0.530677367623647,0.06970647950111952,0.8603,0.015223337347638338,0.13970000000000002,0.015223337347638337,42.013266245524086,0.10862358149078392
0.0001,97,0.14123589091974756,0.0033151203228766264,0.5345877639770508,0.03383358999404085,0.8608666666666668,0.004301550108197442,0.13913333333333333,0.004301550108197442,42.0427360534668,0.10972715766254063
0.0001,98,0.13550171109499173,0.003791032967991519,0.5363651228586833,0.012774699578400706,0.8593666666666667,0.004609049070397631,0.1406333333333333,0.004609049070397631,42.068224589029946,0.10987371933765502
0.0001,99,0.13466110884609733,0.0024547553524286157,0.550755310233434,0.05073651885429712,0.8564333333333334,0.009166424239218538,0.14356666666666665,0.009166424239218538,42.09451548258463,0.1110148136785488
0.0001,100,0.1369682362736643,0.0024675186738008833,0.5383398114522299,0.0487622484984541,0.8610333333333333,0.005723926391327333,0.13896666666666666,0.005723926391327333,42.122432708740234,0.11075546502102956
0.001,1,1.6676833875547183,0.017641266570978417,2.2020868900299075,0.3010865583668256,0.34909999999999997,0.024000624991862205,0.6509,0.02400062499186218,36.20090103149414,0.06406610934572221
0.001,2,1.2810198654502454,0.021263706107638728,1.3423542207082113,0.16986736073941477,0.5274666666666668,0.039480923663629416,0.4725333333333333,0.03948092366362941,35.09948857625326,0.06237492725968788
0.001,3,1.0819805085100074,0.021475719629572173,1.4791400336583456,0.37685308735292705,0.5322,0.07600315782913235,0.4678,0.07600315782913235,34.0528450012207,0.061771052412660406
0.001,4,0.946465201745761,0.015808768290016307,1.3023706939697266,0.13508795971249604,0.5776333333333333,0.026735806203167584,0.4223666666666667,0.026735806203167584,33.05666859944662,0.05938664765566629
0.001,5,0.8478289176436031,0.005068889425591496,1.2791661282221476,0.4251634649565169,0.5952666666666667,0.1108089496987194,0.40473333333333333,0.11080894969871938,32.108951568603516,0.05628953583665254
0.001,6,0.7744541980218197,0.0020261122308939212,1.0295170659065247,0.1393127205065403,0.6646,0.03676234486536462,0.3354000000000001,0.036762344865364616,31.205692291259766,0.053668972034089525
0.001,7,0.7191423707199421,0.003948711402634001,0.881518839931488,0.07162353912062291,0.7010333333333335,0.019539788466954654,0.29896666666666666,0.019539788466954654,30.3465518951416,0.047756590697966096
0.001,8,0.6724096333635026,0.0062292542247700125,0.9307050740877787,0.0958672513685403,0.6877000000000001,0.03227212419410905,0.31229999999999997,0.03227212419410905,29.53240458170573,0.05024121343807353
0.001,9,0.6377655462586564,0.005776120480619915,0.8335523317019145,0.06405386058884398,0.7242666666666665,0.010979222801880517,0.27573333333333333,0.010979222801880517,28.76324526468913,0.05070879318346622
0.001,10,0.6047550241406515,0.005684132115376744,0.9353487751324971,0.23588164172739015,0.7150666666666666,0.05513921774321188,0.28493333333333337,0.05513921774321188,28.035860697428387,0.04831210082709629
0.001,11,0.5791206186588057,0.006489572992817525,0.9732937343279521,0.5250970084546364,0.7087333333333333,0.11435918560978534,0.2912666666666667,0.11435918560978534,27.354228973388672,0.05057555080039799
0.001,12,0.5547013678107624,0.00740730280951282,0.7621189854621887,0.11777707600553168,0.7508333333333334,0.02952699329991685,0.24916666666666665,0.02952699329991685,26.71219253540039,0.051543818590208845
0.001,13,0.5357275533046056,0.005171975103514296,0.9790853573799133,0.14723953521956035,0.7005333333333333,0.034064693354459136,0.29946666666666666,0.034064693354459136,26.10891596476237,0.05009826815871969
0.001,14,0.5163977138018466,0.004334616302692266,0.7161509240150451,0.07807483518885315,0.7589333333333333,0.023034177505032213,0.24106666666666665,0.023034177505032213,25.546667098999023,0.0495054569434094
0.001,15,0.5020825693166265,0.008030269571574966,0.7250202258427937,0.08770669506907908,0.7653666666666666,0.02323065503452999,0.23463333333333336,0.02323065503452999,25.017385482788086,0.04721672329217656
0.001,16,0.4859501182880548,0.006597113553954916,1.1627085513591766,0.8147037083931409,0.6824333333333333,0.15021925087462437,0.31756666666666666,0.15021925087462437,24.520344416300457,0.04386222829650262
0.001,17,0.4692908646403879,0.004828984624596358,0.9267132217248281,0.29118366425042425,0.7196333333333333,0.05072961002544111,0.28036666666666665,0.05072961002544111,24.063442866007488,0.045105526075130305
0.001,18,0.4595955629584531,0.0038736174935541583,0.6831024182160695,0.12232762686400966,0.7762333333333333,0.031915095696759745,0.22376666666666667,0.031915095696759745,23.631823857625324,0.04698895987179647
0.001,19,0.4480382363865341,0.003787114796242141,0.6682903724352518,0.056430663649262476,0.7816333333333333,0.016805455463430114,0.21836666666666668,0.016805455463430118,23.230518976847332,0.048071873908455236
0.001,20,0.4399239630497935,0.0038143719229182882,0.8215498723347981,0.249603727272639,0.7407333333333334,0.060235731367132346,0.2592666666666667,0.06023573136713235,22.861412048339844,0.047880198676963866
0.001,21,0.4289774634547449,0.0023468754411257726,0.6979664365768432,0.16883161535040236,0.7807333333333334,0.0390488582846328,0.21926666666666664,0.0390488582846328,22.519229888916016,0.04677123500117557
0.001,22,0.42035605380500574,0.004210069376781437,0.8194018038272858,0.2175625316707058,0.7468,0.04473130894574852,0.2532,0.04473130894574852,22.194379170735676,0.04890379913986702
0.001,23,0.4120473734913783,0.0023715526229049146,0.7989236228783926,0.34036339569919005,0.7551666666666667,0.07550008830016909,0.24483333333333332,0.07550008830016909,21.901172637939453,0.05500754936257984
0.001,24,0.4033856189540585,0.0036093850042134023,0.7887266893545787,0.07960894035041499,0.7553333333333333,0.02266767154635285,0.24466666666666667,0.02266767154635285,21.628440856933594,0.057367341000057206
0.001,25,0.39829067150345243,0.002445078965244526,0.7502063785552978,0.17730846459205743,0.7653666666666666,0.041902545666502616,0.23463333333333333,0.04190254566650262,21.378264745076496,0.052207957938151875
0.001,26,0.3901627040122781,0.003660337391647914,0.6033630560557047,0.13013660891324325,0.8037666666666667,0.036007823224034716,0.19623333333333334,0.036007823224034716,21.150702158610027,0.05070174151118893
0.001,27,0.38509311738526425,0.004609548301435609,0.7653280435085296,0.17489756850284927,0.7567333333333334,0.0524108131336782,0.24326666666666666,0.0524108131336782,20.93480046590169,0.04817177769501543
0.001,28,0.376860876420778,0.002986081263547551,0.6975954589366914,0.11586549875609221,0.7740333333333332,0.03395899488108168,0.22596666666666668,0.033958994881081686,20.74231783548991,0.04789904104736275
0.001,29,0.3731183008642554,0.001119222500521368,0.6851463965733845,0.16442351952010062,0.7813333333333333,0.04102698299087238,0.21866666666666665,0.04102698299087238,20.563144048055012,0.052918012106970044
0.001,30,0.37162903413646564,0.0017324510531174276,0.7597512508392334,0.26697525773307157,0.7690999999999999,0.05487877549654326,0.23090000000000002,0.05487877549654326,20.401939392089844,0.051061802167312
0.001,31,0.3646975394913201,0.0017613579419930565,0.6258344177246093,0.12932852426126684,0.7985333333333333,0.0332148059355061,0.20146666666666666,0.0332148059355061,20.252451578776043,0.045270406790966645
0.001,32,0.36178077278438026,0.0017415150466684906,0.7295210864067077,0.11126808826462418,0.7745333333333334,0.02639172850219049,0.22546666666666662,0.02639172850219049,20.12043635050456,0.048775357639970644
0.001,33,0.35368103942399537,0.001615050834670285,0.7538200835227967,0.19863911376327986,0.7738333333333333,0.044235091650558785,0.22616666666666665,0.044235091650558785,19.996344884236652,0.050290497206304616
0.001,34,0.3517409529146331,0.0006589195355237047,0.6967018356959026,0.1942499787757234,0.7845,0.056403280046465366,0.21550000000000002,0.056403280046465366,19.886159261067707,0.05015352746825321
0.001,35,0.3472285685077856,0.001120276895728996,0.713123457845052,0.2736585315924315,0.7860333333333335,0.06140637860461513,0.21396666666666664,0.06140637860461513,19.782835642496746,0.04220240192573698
0.001,36,0.3433337747822027,0.0015894736162783301,0.6040587330659231,0.06510367005078502,0.8020666666666667,0.019775068478600357,0.19793333333333332,0.01977506847860036,19.695638020833332,0.04034743865021123
0.001,37,0.3405177585736159,0.0004887261065642536,0.7017596467336018,0.07864587311968017,0.7797666666666666,0.020150516949530954,0.22023333333333336,0.020150516949530954,19.6101016998291,0.030110986777540847
0.001,38,0.3389055303346369,0.001083187540975381,0.6653310962518056,0.1270602010618813,0.7900333333333333,0.03202644740418979,0.20996666666666666,0.03202644740418979,19.539348602294922,0.027513026558949365
0.001,39,0.3315047421901529,0.0014646820946733492,0.6523458434263866,0.14462386444954706,0.7916,0.03329068938907695,0.20840000000000003,0.03329068938907695,19.467213948567707,0.030528779914476247
0.001,40,0.33179084193167885,0.003199249527730119,0.762200317064921,0.24932841433456934,0.7731333333333333,0.05080839825593142,0.22686666666666666,0.05080839825593142,19.40987714131673,0.027233078248512746
0.001,41,0.3278278412086173,0.002363394573567899,0.5975554776509603,0.053125797892956655,0.8109333333333333,0.01740813985850682,0.1890666666666667,0.01740813985850682,19.3593012491862,0.03542235533322367
0.001,42,0.3273090752316456,0.0016236478178827587,0.7718723640282948,0.16665110989646073,0.7715666666666667,0.038074838585781735,0.22843333333333335,0.038074838585781735,19.311163584391277,0.03901090139961411
0.001,43,0.3220564551518091,0.002763084933323639,0.7707696698188782,0.25251598876345516,0.7684666666666667,0.04898993093823808,0.23153333333333334,0.04898993093823808,19.266503016153973,0.04504309922281308
0.001,44,0.31770912797300604,0.0005552450554834646,0.6283486570676168,0.1877696119988309,0.8002333333333334,0.049844190567540934,0.19976666666666665,0.049844190567540934,19.221032460530598,0.044031564370241534
0.001,45,0.3171482274955089,0.0018978726745100098,0.5760264307975769,0.05239432076164218,0.8132333333333334,0.012198497175198816,0.18676666666666664,0.012198497175198816,19.188421885172527,0.03666804355503659
0.001,46,0.3145807033431703,0.0020714080076123867,0.5219777235507964,0.013007310450022722,0.8295333333333333,0.00413561764834874,0.17046666666666666,0.00413561764834874,19.15630594889323,0.03399460786880919
0.001,47,0.3120266267837669,0.0014634061711220885,0.7664725498199463,0.40225422373955655,0.771,0.08920969678235653,0.229,0.08920969678235653,19.121533075968426,0.02698826632766521
0.001,48,0.30899032178030805,0.00034826658202809956,0.6006096051375072,0.14322940832798572,0.8123333333333332,0.03856479396202358,0.18766666666666668,0.03856479396202358,19.10058085123698,0.02328021484686472
0.001,49,0.3060866658975198,0.0022941365353825174,0.6172568798065186,0.17207752589282058,0.8095,0.038080441173914945,0.1905,0.038080441173914945,19.079082489013672,0.030754099587770246
0.001,50,0.3039488247694973,0.0025406636345704837,0.5253679341872534,0.0728054299784933,0.8281666666666667,0.02141736055944647,0.1718333333333333,0.021417360559446468,19.06028111775716,0.03385953966110739
0.001,51,0.3011258938885711,0.001538626754055125,0.7177625808080036,0.2842899077294941,0.7938666666666666,0.060096450255679244,0.20613333333333336,0.060096450255679244,19.045756022135418,0.03574067046513296
0.001,52,0.2983408751695052,0.0022579465921018444,0.8965178367932638,0.17662940564402546,0.7454666666666667,0.039893650288402215,0.25453333333333333,0.039893650288402215,19.02605374654134,0.0415377731733915
0.001,53,0.29815658397864603,0.0011218252899449683,0.49812183158397677,0.1053790831974168,0.8379333333333333,0.030523652031389254,0.1620666666666667,0.030523652031389254,19.021299997965496,0.04771235065254971
0.001,54,0.29561787180583493,0.0017279959972154658,0.6031711607615153,0.16770622819494793,0.8087666666666666,0.05584060649145328,0.19123333333333337,0.05584060649145328,19.013609568277996,0.0510755242079981
0.001,55,0.2941241970084106,0.0015398988538778895,0.6262507705370585,0.03984330048504021,0.8057,0.010828203913853883,0.1943,0.010828203913853883,19.00607744852702,0.050054298962987735
0.001,56,0.2906478957192875,0.001678033005460217,0.6057858708699545,0.1768950228117908,0.8102333333333332,0.047612218319810884,0.18976666666666667,0.047612218319810884,18.99369748433431,0.054351203841665495
0.001,57,0.289888141951496,0.002929717801886981,0.6876681828339896,0.3441999332143577,0.8029666666666667,0.0651828453915087,0.19703333333333337,0.0651828453915087,18.988763173421223,0.06038381272026422
0.001,58,0.2897573205478051,0.0016970007402522997,0.7915776901245118,0.15558128261118892,0.7637666666666667,0.03681648181634592,0.23623333333333332,0.036816481816345926,18.988070170084637,0.062423885242320294
0.001,59,0.287155155584737,0.0010751688917716936,0.6255776891708374,0.058720788790589826,0.8076333333333334,0.012926458653990792,0.19236666666666666,0.012926458653990792,18.98205502827962,0.06532741485899696
0.001,60,0.2869806671157822,0.0037655819135069607,0.6179040136019389,0.13657953761864322,0.8048666666666667,0.031519253375251965,0.19513333333333335,0.031519253375251965,18.985504786173504,0.06361154306753311
0.001,61,0.28455563603510536,0.003506551545482943,0.5519898952325185,0.03708519267424434,0.8232666666666666,0.012967009421348217,0.17673333333333333,0.012967009421348217,18.985965092976887,0.055442902621924285
0.001,62,0.28192832950385127,0.0019416314243338683,0.6631505897204081,0.17643897900975272,0.8027000000000001,0.0414102644280376,0.1973,0.0414102644280376,18.97955830891927,0.05536165045646178
0.001,63,0.2784735481719227,0.00464895489413898,0.5406080237706502,0.12688426841966804,0.8291999999999998,0.03501585355235537,0.17080000000000004,0.03501585355235537,18.979169209798176,0.05962636351539357
0.001,64,0.281983904559594,0.005586574210421257,0.7699314375877382,0.2869313141829721,0.7648,0.08585808057486492,0.2352,0.08585808057486492,18.984668731689453,0.05842022131570665
0.001,65,0.27619251716828,0.005638446678657632,0.6096104998906453,0.08549798346246612,0.8076,0.019167941986556625,0.19240000000000002,0.019167941986556625,18.980927149454754,0.057086006649242904
0.001,66,0.27775065544976807,0.001265577793524534,0.8143613457679749,0.4108021843116203,0.7713666666666666,0.0955308501654483,0.22863333333333336,0.0955308501654483,18.988824208577473,0.05775377196651212
0.001,67,0.2746319679093991,0.003576809392417941,0.5303594945589701,0.0400986003063534,0.8321333333333333,0.006798774399355656,0.1678666666666667,0.006798774399355656,18.99279022216797,0.05239415069329365
0.001,68,0.270296877353291,0.0020774944860005424,0.7005788798650107,0.09951723830447427,0.7838333333333334,0.029654060992271074,0.2161666666666667,0.029654060992271074,18.994091669718426,0.04520072200949889
0.001,69,0.2733742824778634,0.0012649961577491091,0.6072465294837951,0.09121810170876392,0.8074333333333333,0.028823832731497266,0.19256666666666666,0.028823832731497266,19.007240931193035,0.04287201963558939
0.001,70,0.2703080857577531,0.0006247456118246337,0.7852771505673726,0.16448075158702158,0.7781666666666668,0.02347260814935853,0.22183333333333335,0.02347260814935853,19.011786778767902,0.03655527639304599
0.001,71,0.2661485102373824,0.002561453643057959,0.587475001970927,0.13792987629774858,0.8193,0.03363524936729325,0.1807,0.03363524936729325,19.006908416748047,0.030077987105886394
0.001,72,0.26743790175756227,0.0026306420794424707,0.5457782143274943,0.024473076144392675,0.8278666666666666,0.0077054093553382405,0.17213333333333333,0.0077054093553382405,19.008187611897785,0.028453747527218094
0.001,73,0.2656256931453613,0.003662833231592932,0.554263751888275,0.033062071072213074,0.8239333333333333,0.010006164766449374,0.17606666666666668,0.010006164766449374,19.0090758005778,0.03956401128369768
0.001,74,0.26819618489634556,0.002836053470554096,0.7188003075122834,0.15243494940295474,0.7768999999999999,0.03260076686214605,0.2231,0.032600766862146045,19.01856867472331,0.04073396581212796
0.001,75,0.2636452969433605,0.0019487887225913606,0.8574514449914297,0.4937350230843506,0.7559999999999999,0.10149995073890428,0.244,0.10149995073890428,19.023906071980793,0.043961255354448704
0.001,76,0.26327773476399013,0.0026486068986094342,0.5385153866132101,0.007881667054493405,0.831,0.004253234063627341,0.169,0.004253234063627341,19.021102905273438,0.04416027619851686
0.001,77,0.26408198742610417,0.0015902600076323525,0.5263854508717855,0.030788514705306767,0.8327666666666667,0.010042576030746991,0.16723333333333332,0.010042576030746991,19.033068974812824,0.03610798031057819
0.001,78,0.2599268334283345,0.00388051767231549,0.5537945396264394,0.12608267188439212,0.8288000000000001,0.029769615382130864,0.1712,0.029769615382130864,19.029765446980793,0.042425645801033786
0.001,79,0.25939224629908264,0.001683623911600271,0.5389126672903698,0.07158359113913194,0.828,0.02166125573460597,0.17200000000000001,0.02166125573460597,19.033754348754883,0.03821653565706073
0.001,80,0.25957590019535226,0.0015109336144317415,0.5916486375808716,0.11550423833070705,0.8152333333333334,0.036323179009185476,0.18476666666666666,0.036323179009185476,19.04037030537923,0.035368844496089666
0.001,81,0.2556992648876028,0.0033985598243810038,0.592009848499298,0.17335200256893704,0.8133666666666667,0.04382309132561659,0.18663333333333332,0.04382309132561659,19.03957239786784,0.03800551193783134
0.001,82,0.26006906461812246,0.001802360244664971,0.5424275285085042,0.13265227766278348,0.8274666666666667,0.03549328575003071,0.17253333333333332,0.03549328575003071,19.049942016601562,0.0288043147784608
0.001,83,0.2582468806503171,0.0037286277739177875,0.6541040807882945,0.12025888005612552,0.7989333333333334,0.02749987878761166,0.20106666666666664,0.02749987878761166,19.05164972941081,0.035764773114465784
0.001,84,0.25480176320415426,0.005200933776675666,0.6325841852188111,0.07865127884295527,0.8073333333333333,0.015602991166226255,0.19266666666666668,0.015602991166226255,19.052469889322918,0.04487558893352907
0.001,85,0.253966559191494,0.0033907374428207627,0.5544339417695999,0.1257172086412573,0.8249333333333334,0.03503203296032555,0.17506666666666668,0.03503203296032555,19.052192052205402,0.047767479274863786
0.001,86,0.25246601678170616,0.0017656926890211304,0.6665908675511678,0.29454995177631627,0.8060333333333333,0.058574937757827246,0.1939666666666667,0.05857493775782724,19.051201502482098,0.035409735314296746
0.001,87,0.2509619075890697,0.0019160283249119428,0.6712900405089061,0.07490514569063182,0.7995,0.017889661819050683,0.2005,0.017889661819050683,19.05731137593587,0.0324258128961388
0.001,88,0.25182222458712583,0.0027420397829814023,0.5978836780071258,0.12539269385135055,0.8163333333333332,0.02437567093093711,0.18366666666666667,0.02437567093093711,19.06696128845215,0.03222809067944622
0.001,89,0.24933959221037047,0.003654636364837343,0.5187112092177073,0.09730415215763266,0.8370333333333333,0.02418622197312624,0.16296666666666668,0.02418622197312624,19.07275136311849,0.03744926679436035
0.001,90,0.2492539809106866,0.0008735582546844925,0.6130967662652332,0.18223819440214156,0.8088666666666667,0.046465937344826395,0.1911333333333333,0.046465937344826395,19.07723617553711,0.04272748805463922
0.001,91,0.24887252587567812,0.000711759745067292,0.6140643224398296,0.15889630287906328,0.816,0.03899999999999997,0.18399999999999997,0.03899999999999997,19.083465576171875,0.04282290361592764
0.001,92,0.24986451116008626,0.0016687886024983854,0.8975419442574184,0.22640836682401896,0.7386333333333334,0.05321206003654935,0.2613666666666667,0.05321206003654935,19.088907877604168,0.04464482775326305
0.001,93,0.25050869221399713,0.0018026975464418222,0.7154048097928364,0.10558413420819417,0.7842666666666668,0.024683867876273642,0.21573333333333333,0.024683867876273642,19.092201868693035,0.0473294611032224
0.001,94,0.24654509679740652,0.0030753094971129845,0.6925369930426281,0.19796712893130922,0.7921666666666667,0.0439238355945076,0.20783333333333331,0.0439238355945076,19.09524663289388,0.04268644179195103
0.001,95,0.246333044559043,0.0031563532284212114,0.6469916275342306,0.272138580964772,0.8021333333333334,0.06671299223789423,0.19786666666666666,0.06671299223789423,19.103511174519856,0.04526991887603671
0.001,96,0.24242435995956213,0.00045627195508438393,0.47441383838653567,0.07756916729374043,0.8484333333333334,0.02365213168687621,0.15156666666666666,0.02365213168687621,19.10373878479004,0.03641362195238814
0.001,97,0.24472098716257581,0.002662904041559467,0.5133992730935414,0.1200655569997061,0.8397666666666667,0.03533897753661434,0.1602333333333333,0.03533897753661434,19.106014887491863,0.029259106779900564
0.001,98,0.24554895187227113,0.0030052634258248188,0.6037887043317159,0.17029298641399296,0.8163333333333332,0.03861480717721287,0.18366666666666664,0.03861480717721287,19.113304138183594,0.03909395825931589
0.001,99,0.24334694926594427,0.0019448724520017206,0.5488889015356699,0.0014539141185328365,0.8246666666666665,0.007040123104984221,0.17533333333333334,0.007040123104984221,19.1157709757487,0.044523819733576
0.001,100,0.24182946096473742,0.0009601493271399419,0.4692229284207026,0.04717507371049824,0.8509000000000001,0.009971459271340351,0.1491,0.009971459271340351,19.123999913533527,0.04615899440533093
0.01,1,1.6617290350685543,0.015510531586650056,2.2721707485198976,0.511207434725761,0.3201333333333333,0.0616552782276857,0.6798666666666667,0.0616552782276857,25.577276865641277,0.04016167904881888
0.01,2,1.2842788134796033,0.024601016519160388,1.58658854153951,0.30804159218505917,0.4424666666666666,0.0850729294977746,0.5575333333333333,0.08507292949777462,17.899796803792317,0.03234337668032589
0.01,3,1.0961557279157519,0.013450511105649033,1.9046421070734663,0.5080828709330889,0.4401,0.08328463243600226,0.5599,0.08328463243600227,13.125813484191895,0.033715006296261105
0.01,4,0.9820247443943885,0.00739720304785731,1.5396443140665692,0.18469215616419205,0.4852666666666667,0.04793175704408649,0.5147333333333334,0.04793175704408649,10.402339299519857,0.054248482290391156
0.01,5,0.8959510035730283,0.005637338944081397,1.9999685075759885,0.7847472735043088,0.45059999999999995,0.10300014563096502,0.5494,0.10300014563096502,9.02074114481608,0.06522476800761104
0.01,6,0.8470555428552099,0.008506576067896458,2.22951561832428,1.6032205075233321,0.4479666666666666,0.15780862883040753,0.5520333333333333,0.15780862883040753,8.372433344523111,0.06362400371686155
0.01,7,0.8077707640248694,0.007862951122742816,1.5638110314687095,0.5367153327453776,0.5219666666666667,0.09515420817459065,0.4780333333333333,0.09515420817459065,8.09196662902832,0.0655308208417686
0.01,8,0.7796545310957455,0.007350529567826658,1.5464603094100953,0.5779628535965224,0.5184666666666667,0.11499049236060055,0.4815333333333333,0.11499049236060051,7.995438098907471,0.09169975446367759
0.01,9,0.7607487266325891,0.0049431734322064515,1.6400951144536335,0.5072585098508282,0.4986,0.08559369135631434,0.5014,0.08559369135631434,7.979014714558919,0.06372729182616199
0.01,10,0.7416014773969658,0.004502875824418634,1.4734206748962402,0.41019916924237,0.5394,0.06149073100882769,0.46060000000000006,0.061490731008827716,7.9858442942301435,0.07133875419894652
0.01,11,0.7261561022949138,0.0049163636331897,1.5940550685882569,0.7149677639093389,0.5515666666666666,0.14549942726118661,0.4484333333333333,0.14549942726118661,8.000288168589273,0.08047898478101127
0.01,12,0.7149415019731286,0.003188331911107938,1.2955879884719848,0.05706975995602302,0.5778333333333333,0.011712102003198796,0.42216666666666663,0.011712102003198796,8.029801368713379,0.07779750928862113
0.01,13,0.7048651104489657,0.005032398071634876,1.7681256286303204,0.634711853825544,0.5054333333333333,0.0999128787160761,0.49456666666666665,0.09991287871607614,8.056110699971518,0.07558110197972506
0.01,14,0.6945324348824103,0.005661645368011987,1.4415696482658387,0.10994535013410492,0.5385666666666667,0.03106208836078688,0.46143333333333336,0.03106208836078688,8.073332150777182,0.0803083752867475
0.01,15,0.6901351678910056,0.00401773584392427,1.3086920911153157,0.3395131275026454,0.5868666666666668,0.0835506034289001,0.4131333333333333,0.0835506034289001,8.10411262512207,0.08029809542445773
0.01,16,0.6817750694755804,0.007108690121258833,1.5538404163360597,0.24183508105033627,0.5494,0.05972344598229411,0.45059999999999995,0.05972344598229411,8.127845446268717,0.06618151773993629
0.01,17,0.6754464771589049,0.00732802739426982,1.7990343130747475,0.6008340230105488,0.5111333333333333,0.06146985711170422,0.4888666666666667,0.061469857111704246,8.148037274678549,0.07472971455844694
0.01,18,0.6689187760090888,0.004872510620189349,1.2025951147397358,0.37539826087241923,0.6126,0.10568959267591109,0.38739999999999997,0.10568959267591109,8.172831535339355,0.07344578519476312
0.01,19,0.667872319237757,0.005602151164013839,1.3988735506057741,0.26735686702160033,0.5554666666666667,0.06903523255072973,0.4445333333333333,0.0690352325507297,8.176427523295084,0.062243776350667156
0.01,20,0.6628041423901675,0.005905108415882422,1.8472306138356525,0.7583715307747562,0.4778666666666667,0.12875419734258506,0.5221333333333333,0.12875419734258506,8.204924901326498,0.05298193620087531
0.01,21,0.6584423128245533,0.002481371353393477,1.3124622058232625,0.3193215779289709,0.5866,0.0894483090952534,0.4134,0.0894483090952534,8.208706537882486,0.06979487756748017
0.01,22,0.6585760037815683,0.002192110643256761,1.5634256315549215,0.24827033172660926,0.5127333333333334,0.06446567562147575,0.4872666666666667,0.06446567562147573,8.228252728780111,0.03863232180123749
0.01,23,0.6531334679703985,0.004532554344856003,2.142022602335612,0.739507311578216,0.4053,0.15628886716589896,0.5946999999999999,0.15628886716589893,8.241570472717285,0.042167661428149525
0.01,24,0.6496188787192437,0.002584017682584697,1.3883594954808551,0.08852333589337362,0.5552333333333334,0.016966535690391665,0.4447666666666666,0.016966535690391665,8.258482297261557,0.07222332544265711
0.01,25,0.6478182091381646,0.007074186773539617,1.5036756608963013,0.5601329610074824,0.5774666666666667,0.05433547030562386,0.42253333333333326,0.05433547030562386,8.245770772298178,0.05141221618710613
0.01,26,0.6440699220415068,0.004138304472671977,1.0752916688283285,0.17330250327162167,0.6415666666666667,0.05525616104411644,0.3584333333333333,0.05525616104411644,8.252625147501627,0.0718524679483291
0.01,27,0.6456413272854008,0.005356288103800155,2.0662514411290487,1.4741382991746663,0.48479999999999995,0.21307041089743078,0.5152,0.21307041089743078,8.2733793258667,0.06547755432331102
0.01,28,0.6404874492484285,0.005298370904785211,1.2559442543665569,0.448914896623413,0.6091000000000001,0.09359054439418546,0.3909,0.09359054439418547,8.289732615152994,0.07052735604324371
0.01,29,0.6379172574325392,0.004784525774072862,1.5726708766301474,0.6265692349825045,0.5295333333333333,0.16058743205286435,0.47046666666666664,0.16058743205286435,8.280668258666992,0.06084295253864118
0.01,30,0.6411696838092723,0.0029293656352200005,1.9605004665056864,0.9671194275153411,0.5255666666666666,0.17483513186237293,0.47443333333333326,0.17483513186237293,8.297657012939453,0.04479951420527087
0.01,31,0.6367867068154935,0.0018846128453693409,1.2350162297566731,0.4081171996696653,0.6147,0.10771717597486487,0.3853,0.10771717597486487,8.294980684916178,0.054768005438052714
0.01,32,0.6374013872860033,0.0003501829578645015,1.2116180620511372,0.1366107310203549,0.5963666666666666,0.029667209732857146,0.40363333333333334,0.029667209732857146,8.315034548441568,0.05314881211663442
0.01,33,0.6314648971380785,0.006603166853209471,2.0705196872075398,0.45429502871564104,0.4547333333333334,0.06888471044675541,0.5452666666666667,0.06888471044675541,8.305055618286133,0.06648137419557802
0.01,34,0.6314141956893989,0.0023305780690311318,1.4095651948928836,0.29511284985972913,0.5568333333333334,0.06118384863126325,0.44316666666666665,0.06118384863126325,8.314349810282389,0.06697522285472282
0.01,35,0.6299429513761758,0.0056783089189843235,1.206658700211843,0.10839695291686029,0.6081333333333333,0.04377925688420637,0.39186666666666664,0.04377925688420637,8.326960245768229,0.05875692335143397
0.01,36,0.6289513744509129,0.002615777023056002,1.367113414001465,0.4782701180724683,0.5638,0.12245750283261538,0.4362,0.1224575028326154,8.342652002970377,0.043557248647115035
0.01,37,0.6277097857161048,0.004609830894747609,2.7589506589253747,2.4193320458173138,0.4566333333333333,0.23233661642826195,0.5433666666666667,0.23233661642826192,8.330336570739746,0.049736263186718234
0.01,38,0.6288861902422714,0.0026836943403007354,1.5179948317845664,0.5008180330359705,0.5292333333333333,0.1252147089336286,0.4707666666666666,0.12521470893362857,8.33668327331543,0.04923974236477044
0.01,39,0.6240076840635252,0.006084643686525748,1.711704633394877,0.6429477144175529,0.4907333333333333,0.15104516984443206,0.5092666666666666,0.15104516984443206,8.342279434204102,0.06105979482480262
0.01,40,0.6272259985191234,0.003451202393715676,1.0656583725293478,0.1925933649822966,0.6419,0.06736742536270773,0.35810000000000003,0.06736742536270773,8.34792455037435,0.05788657871081595
0.01,41,0.6243792641193361,0.005746945517842493,1.4367151229222614,0.6055922344530895,0.5663,0.1344862818282965,0.4337,0.13448628182829647,8.360506375630697,0.044560060477435
0.01,42,0.6258419758980841,0.0022274025902803895,1.652275072479248,0.4913821681945166,0.5374,0.10151044281255006,0.46259999999999996,0.10151044281255008,8.351444562276205,0.04605410610841536
0.01,43,0.6239925489299641,0.004463779414511345,1.9714456634521484,1.4139912578365854,0.5117666666666666,0.19538762328595263,0.48823333333333335,0.19538762328595263,8.35397466023763,0.04033351020928478
0.01,44,0.620307802036087,0.0041883358296654245,1.5900497809092204,0.23935119507328664,0.5218333333333333,0.06289056633020036,0.47816666666666663,0.06289056633020036,8.349301973978678,0.037721279847975714
0.01,45,0.6227775487448554,0.0025969494959444503,1.2231847586313884,0.4248119222637047,0.6092333333333334,0.11736295554106217,0.39076666666666665,0.11736295554106217,8.356734911600748,0.02713952665566718
0.01,46,0.6217062714662901,0.0012805059415733234,1.4534106658935546,0.641895480727254,0.582,0.10592454861834438,0.418,0.10592454861834438,8.357731501261393,0.03729407047329921
0.01,47,0.6191084204529049,0.003303726177664365,1.411618224143982,0.2854130914910214,0.5353333333333333,0.10634596058775968,0.4646666666666666,0.10634596058775968,8.369215965270996,0.0385696186735184
0.01,48,0.6197116733715256,0.0038181634150369096,1.1678385723114013,0.37757205513016767,0.6437666666666666,0.07244144762035983,0.3562333333333334,0.07244144762035983,8.368162790934244,0.04277907225655585
0.01,49,0.6200235435724868,0.007247165883240183,0.9837959560712178,0.09742322193943709,0.6738666666666667,0.02224462481889352,0.32613333333333333,0.02224462481889352,8.366153399149576,0.029161942794529404
0.01,50,0.6190297575151423,0.004530305615878662,1.4626568302790321,0.6017444978908778,0.5825666666666667,0.11742386185666578,0.4174333333333333,0.11742386185666576,8.361317952473959,0.03367754209612492
0.01,51,0.6164030203276584,0.00187999955602076,1.1371542026519776,0.3190755006181908,0.6322333333333333,0.08873851099344261,0.36776666666666663,0.08873851099344261,8.361382802327475,0.04576028383690198
0.01,52,0.6170808811880845,0.0018256074152019708,1.2984069540659586,0.2700610357549978,0.5930666666666667,0.05766214818521183,0.40693333333333337,0.05766214818521183,8.359319686889648,0.046424623277559286
0.01,53,0.615735161080893,0.00557557016790262,1.516723445192973,0.5241333163219434,0.5580333333333333,0.10364141707509274,0.4419666666666666,0.10364141707509272,8.369257291158041,0.05943747449867077
0.01,54,0.6175977687803172,0.00042244174521152776,1.5107886725425719,0.29689952666088176,0.5565666666666667,0.06247802280268905,0.44343333333333335,0.062478022802689076,8.381719589233398,0.04161267288881235
0.01,55,0.6141375797687183,0.0029708715661471495,1.3956200895309447,0.2986145471968123,0.5534,0.07569861293313104,0.44660000000000005,0.07569861293313107,8.377836227416992,0.047978440025599124
0.01,56,0.6138499181746218,0.0017603978599070522,1.0477892902056376,0.23140354828060175,0.6558,0.06330695064524909,0.3442,0.06330695064524908,8.376802444458008,0.027513203330024816
0.01,57,0.6150948082089728,0.004027288621707105,1.8900654939015709,0.8138143497222005,0.5194333333333333,0.14331630519007016,0.48056666666666664,0.14331630519007016,8.391730944315592,0.036800781842447554
0.01,58,0.6149601661945548,0.002979519958036816,1.564200639661153,0.3412623822318843,0.5589333333333334,0.043728404193765585,0.44106666666666666,0.043728404193765585,8.370394706726074,0.03117492632139405
0.01,59,0.6155645190297491,0.0013032555128667882,1.130015506140391,0.4732751940036246,0.6265,0.13975374771361232,0.37349999999999994,0.1397537477136123,8.380825360616049,0.03244400013668173
0.01,60,0.6131435318167964,0.00448589534349131,1.521217657915751,0.7629956374901539,0.5670000000000001,0.13289909706239542,0.433,0.1328990970623954,8.379401206970215,0.043541101716041815
0.01,61,0.6131567909284626,0.0048140596437053935,1.0209197040239968,0.09161381194141623,0.6626666666666666,0.02879189700824402,0.3373333333333333,0.02879189700824402,8.376233100891113,0.03014943872251825
0.01,62,0.6115256228308746,0.0030197681244064907,1.6985689876715344,0.545866070454919,0.5182666666666667,0.10172877337967531,0.4817333333333333,0.10172877337967529,8.38451099395752,0.04228638519465659
0.01,63,0.6123605280581033,0.0010253759436760616,1.431657799084981,0.19609075188056202,0.5641666666666666,0.029594650417488214,0.43583333333333335,0.029594650417488214,8.382656733194986,0.04058603747789007
0.01,64,0.6106178045323641,0.0017013315826601345,1.0310007598559061,0.10863924203025897,0.6587666666666666,0.029067048927150046,0.3412333333333333,0.029067048927150046,8.380204518636068,0.04069026889742845
0.01,65,0.6084179655416135,0.006065014378656487,1.2951508284886677,0.1923741877715922,0.5814666666666667,0.05406295712716179,0.41853333333333337,0.05406295712716179,8.382922808329264,0.018193690854803102
0.01,66,0.6098232510652891,0.0025800695054322203,2.5869928997039793,1.545268789231354,0.4475,0.17870470055373475,0.5525,0.17870470055373477,8.399544397989908,0.037998309903756175
0.01,67,0.6080594823742563,0.005797787024938785,1.8683458595911662,1.1957642655148988,0.5179333333333334,0.1637102419927762,0.48206666666666664,0.1637102419927762,8.391994794209799,0.02669030326426205
0.01,68,0.6096919492484155,0.004564278940047879,1.1079794941584271,0.15078115319107668,0.6236666666666667,0.050117096218090434,0.37633333333333335,0.050117096218090434,8.397408485412598,0.05655098029777426
0.01,69,0.6086655361014153,0.003326418347186339,1.2837482890446978,0.1244618755130742,0.5857666666666667,0.047252548432156906,0.4142333333333333,0.047252548432156906,8.396600723266602,0.04656467031911136
0.01,70,0.6069518659273377,0.004356069755545396,1.6571795989990232,0.6903491797137558,0.5452,0.13375571015848253,0.4547999999999999,0.13375571015848253,8.409311294555664,0.05245173396078151
0.01,71,0.6074535962311712,0.004562184697565848,2.284600477345785,0.7448805678099829,0.38493333333333335,0.09757219549304674,0.6150666666666667,0.09757219549304677,8.396321932474772,0.04093770066227606
0.01,72,0.6094176979625926,0.003064113019028988,1.3262778113047282,0.23162266721374852,0.5844999999999999,0.06553983521492866,0.4155,0.06553983521492868,8.395282109578451,0.030776905217493152
0.01,73,0.6086744021525875,0.0038459661258890858,1.2536439763069154,0.41719331490182177,0.6168,0.06839612562126603,0.3832,0.06839612562126603,8.399110794067383,0.021382468193235058
0.01,74,0.6097199362460508,0.0022165991976969106,1.8094220723470051,0.654597697096191,0.5057,0.12129760920974494,0.49429999999999996,0.12129760920974492,8.40756638844808,0.04063684545483757
0.01,75,0.6065861182342913,0.002946371256039802,1.1547112625439961,0.36023911005873127,0.6353666666666666,0.07981136092896382,0.36463333333333336,0.07981136092896382,8.394219398498535,0.02460107577441308
0.01,76,0.6081346472612529,0.004622026437404926,1.6143993014653526,0.3117772765686991,0.5190333333333333,0.0969340153575273,0.4809666666666666,0.0969340153575273,8.404972394307455,0.02637680524455516
0.01,77,0.6066388439034561,0.001973957896129013,1.611548825677236,0.8805132311337401,0.5413333333333333,0.15690004248990289,0.4586666666666667,0.15690004248990289,8.40608819325765,0.015532322826435586
0.01,78,0.6038908465540724,0.00083255138314342,1.230085546684265,0.1076007570006656,0.6021,0.033659025535508355,0.3979,0.033659025535508355,8.399170557657877,0.05128722449968636
0.01,79,0.6092934551547963,0.004020821524250107,1.2414214046160381,0.3420969610002404,0.6116333333333333,0.07885951644115836,0.3883666666666667,0.07885951644115836,8.39242426554362,0.034397536853273465
0.01,80,0.6071589562187617,0.0019608105938496915,1.0770738850275678,0.11419501549314763,0.6322333333333333,0.046139606991535284,0.36776666666666663,0.046139606991535284,8.40842342376709,0.029148765960658362
0.01,81,0.604095765036187,0.00332429610450095,1.811229622713725,0.976845590682657,0.5325333333333333,0.14889195187562462,0.4674666666666667,0.14889195187562462,8.409132321675619,0.017959808287502713
0.01,82,0.6069081644928567,0.0023233621701839896,1.0692686105410258,0.1390746847311264,0.6469333333333334,0.03298792708451587,0.35306666666666664,0.03298792708451587,8.399537722269693,0.016331061228794505
0.01,83,0.6045055816240629,0.0012274264687103962,1.1655773554801943,0.28554133028545,0.6214000000000001,0.0862015661110632,0.37860000000000005,0.08620156611106318,8.392831802368164,0.02136513174032426
0.01,84,0.6047454277674357,0.004006864699208418,1.0318507940292359,0.24915981132405565,0.6653666666666668,0.05929800446333193,0.3346333333333333,0.05929800446333193,8.409519831339518,0.030633596444598066
0.01,85,0.6056848436162091,0.003490263196589434,1.292110223197937,0.47951572435548595,0.6056,0.0985012182665778,0.39440000000000003,0.09850121826657782,8.413004239400228,0.025509460456272195
0.01,86,0.6023483193032475,0.003970359111914664,1.3601847837448122,0.246241666075875,0.5751,0.05804937553497018,0.42490000000000006,0.05804937553497018,8.403877894083658,0.0229180891115687
0.01,87,0.6003367988502278,0.0022771253408104355,1.313147167269389,0.2563611419224725,0.5713333333333334,0.05994199974419718,0.4286666666666667,0.059941999744197186,8.40109952290853,0.03501631182326545
0.01,88,0.6040384550177939,0.0033037905161501153,1.322315603987376,0.2928925004448122,0.6019,0.04620075756954645,0.39810000000000006,0.04620075756954645,8.426740010579428,0.035335549076538804
0.01,89,0.6018860471726276,0.003995167914411092,1.1937205926577248,0.2383457015811282,0.6161,0.06030356540039736,0.38389999999999996,0.06030356540039736,8.421488444010416,0.04577838393908048
0.01,90,0.6033026450277899,0.002816811570756468,1.4746454719543456,0.2503111608929013,0.5442666666666667,0.05774922798906785,0.4557333333333333,0.05774922798906785,8.426511446634928,0.05933303436987312
0.01,91,0.6000214571233297,0.0015297755233881101,1.3420922650019327,0.3326485586117707,0.5872666666666667,0.09140116702391352,0.41273333333333334,0.09140116702391349,8.41752847035726,0.05511097402642055
0.01,92,0.6014322513001451,0.003213836554525738,1.3917695340474445,0.4392820774299225,0.5582666666666666,0.11548945117773024,0.44173333333333337,0.11548945117773027,8.422566731770834,0.04352741306326333
0.01,93,0.6012665960185059,0.0011522755373311814,1.648208670711517,0.738512646516624,0.5388000000000001,0.13318404559105418,0.4612,0.13318404559105415,8.422966639200846,0.029555325668493913
0.01,94,0.6026284184246519,0.0022084491134419402,1.1964748594284058,0.20851605301264975,0.6182333333333333,0.05897392078989946,0.38176666666666664,0.058973920789899464,8.42471981048584,0.044642929446484014
0.01,95,0.5999928301252674,0.0014990899211221123,1.5084935439109801,0.6199754341531477,0.5482333333333332,0.1614737233525422,0.4517666666666667,0.1614737233525422,8.421071370442709,0.02869245697879607
0.01,96,0.6028391666780246,0.0014434632503139762,3.365501114400228,2.319703972369927,0.3337333333333334,0.1577571657115243,0.6662666666666667,0.1577571657115243,8.42951774597168,0.03600870315842491
0.01,97,0.6022236148770407,0.005775389043430948,1.0729905911445619,0.36705510249081824,0.654,0.10254930521461371,0.3459999999999999,0.10254930521461371,8.41144053141276,0.030112703057933576
0.01,98,0.6009120570729151,0.0011605493570939274,1.5497013532320658,0.42787757172624813,0.5479333333333333,0.08537507442651708,0.45206666666666667,0.08537507442651708,8.420276641845703,0.0466432186501632
0.01,99,0.5995833910080681,0.001566052860517803,1.582161945215861,0.6825948275413171,0.5571333333333333,0.10329304590984491,0.4428666666666667,0.10329304590984488,8.417683601379395,0.034961196127842646
0.01,100,0.6010749833205776,0.004066208196356399,1.4903925102233888,0.3998075293425317,0.5515666666666666,0.08960671477815339,0.4484333333333333,0.0896067147781534,8.41852060953776,0.03159470951143866
0.1,1,1.9494477955581588,0.0060813294281406695,2.167278221130371,0.13507716113308685,0.17676666666666666,0.03498018486705484,0.8232333333333334,0.03498018486705479,2.0870347023010254,0.13590712019496728
0.1,2,2.031765882113197,0.0063140791311349235,2.2605722403208413,0.19012877897916916,0.16023333333333334,0.030390184819005843,0.8397666666666667,0.030390184819005843,1.6094979445139568,0.05639856650690907
0.1,3,2.05656603535118,0.021203700082614227,2.134434660720825,0.05653222941434629,0.18856666666666666,0.02916596189624702,0.8114333333333335,0.029165961896246997,1.4965114990870159,0.07910691407614577
0.1,4,2.079255404578044,0.04148991162606651,2.201773360443115,0.1332703290546393,0.1532,0.04622899523026647,0.8468,0.04622899523026646,1.3256080150604248,0.16531532117661757
0.1,5,2.0942513432547467,0.04731696071264153,2.1452354020436606,0.06406497603643296,0.15439999999999998,0.035479148806024076,0.8456,0.03547914880602404,1.5003962119420369,0.26554282037942306
0.1,6,2.0917482160647913,0.047072700994741076,2.202548241043091,0.0966666699645174,0.14843333333333333,0.04315510784754607,0.8515666666666667,0.04315510784754607,1.3542964458465576,0.1473982472270723
0.1,7,2.13205464000084,0.011221440928979571,2.1335762986501057,0.0360307843087477,0.1741,0.004853864439804647,0.8259,0.004853864439804674,1.7122920751571655,0.9161417162709216
0.1,8,2.1237783895429136,0.0019849907936194035,2.9761324611663817,1.3638656320848,0.1399,0.0438213418324907,0.8601000000000001,0.0438213418324907,1.2346771160761516,0.04026070515649683
0.1,9,2.124413705949385,0.003561725913486105,2.2385392373402913,0.11404854091017924,0.15353333333333333,0.04722672266136338,0.8464666666666666,0.04722672266136341,1.2337135473887126,0.11294793201416209
0.1,10,2.1260743352559928,0.0035436881472096036,2.2649569911321006,0.1915358394779436,0.14329999999999998,0.03282544744554139,0.8567,0.03282544744554142,1.1876672506332397,0.04331931509885498
0.1,11,2.1191461635062763,0.005142741239808498,2.329640025583903,0.10414948110042777,0.10526666666666666,0.030641366375103656,0.8947333333333334,0.030641366375103656,1.1919421752293904,0.031168104628611883
0.1,12,2.1219985824513414,0.002397211982327235,2.1686542382558187,0.031069238679323548,0.15523333333333333,0.013020880666580636,0.8447666666666667,0.013020880666580656,1.3246218363444011,0.16217058727088543
0.1,13,2.1466585831670604,0.03976370833563422,2.2116091677347818,0.08544057133299152,0.14073333333333335,0.036381497128806194,0.8592666666666666,0.03638149712880622,1.0040719310442607,0.3103251980305996
0.1,14,2.1827182153911546,0.1040436373284357,2.2542328144073487,0.08385773334986904,0.12196666666666667,0.03804738273959633,0.8780333333333333,0.03804738273959631,0.7774768695235252,0.6625209342466957
0.1,15,2.182342812431641,0.1043055773628617,2.2022962685902914,0.08768089982509814,0.14493333333333333,0.03919621580373969,0.8550666666666666,0.039196215803739734,0.7792496995340722,0.6746398158463481
0.1,16,2.181936780103536,0.10468853646153116,2.2242720353444416,0.08959337332279287,0.13443333333333332,0.03775133551721493,0.8655666666666666,0.03775133551721497,0.7766677565770502,0.6727464836508045
0.1,17,2.18230022961323,0.10440644848087777,2.20570727373759,0.08795106023902599,0.1442,0.03844723657169654,0.8558,0.038447236571696554,0.8599529189182841,0.7477485858924395
0.1,18,2.1839728446872644,0.10290450041886583,2.176728006362915,0.11285992677922896,0.1492,0.04285603808099857,0.8508,0.042856038080998596,0.7798965778277349,0.6754129801180254
0.1,19,2.186636050542196,0.10101000289585806,2.2343774611155194,0.10705333623536106,0.13386666666666666,0.034730006238601986,0.8661333333333333,0.034730006238602,0.7979993422949444,0.6932403679522001
0.1,20,2.1842236504631987,0.10274213678439743,2.406702421061198,0.19216861658726284,0.10626666666666666,0.010854185060764963,0.8937333333333334,0.010854185060764987,0.7755499283475117,0.67166289545087
0.1,21,2.184967382281434,0.10206001874091827,2.460801615778605,0.3876288748406253,0.12296666666666667,0.03977943354716521,0.8770333333333333,0.03977943354716526,1.3129891157150315,1.3674111522803858
0.1,22,2.1854745538846507,0.10165765363006962,2.581615595245361,0.4859080248029267,0.10310000000000001,0.005369357503463513,0.8969,0.005369357503463505,0.7696045637130738,0.6665289101913733
0.1,23,2.184980341642206,0.10210717649861614,2.1968455795288087,0.0974595404229138,0.1507666666666667,0.045482560760508335,0.8492333333333333,0.045482560760508335,0.843053936958313,0.7367772371982082
0.1,24,2.185012484247219,0.10201606727172835,2.2779899056752524,0.13668765168511296,0.12663333333333335,0.0461302865082511,0.8733666666666666,0.04613028650825108,0.7812778552373251,0.6769103846189632
0.1,25,2.1861599814861328,0.10094814006727615,2.3005439655303954,0.14366223866686398,0.12430000000000001,0.04208883462392371,0.8757,0.042088834623923765,0.7764825423558553,0.6726225402501814
0.1,26,2.1852763343446804,0.1017376401980809,2.267643424606323,0.10694248550945018,0.13856666666666664,0.039163035292649785,0.8614333333333333,0.03916303529264981,0.7736703952153524,0.6700554248118528
0.1,27,2.1854592015981065,0.10166097602486289,2.296429596455892,0.07379164858855047,0.11420000000000001,0.024595121467478057,0.8858,0.024595121467478102,0.7741876045862833,0.6705729034289294
0.1,28,2.187143678047265,0.10009578161732467,2.226490075683594,0.07378712461580307,0.14506666666666668,0.04110551463408934,0.8549333333333333,0.04110551463408936,0.8119462728500366,0.7042605785570432
0.1,29,2.190219112674294,0.09749454159976587,2.2465442546844483,0.0668639724395756,0.1403333333333333,0.044209652038139056,0.8596666666666667,0.04420965203813907,0.765842080116272,0.6640254122453604
0.1,30,2.1899288407981854,0.09773395011567891,2.353845864232381,0.20305213106366043,0.12706666666666666,0.03276985403283532,0.8729333333333332,0.03276985403283531,0.7720503012339274,0.6687032308922577
0.1,31,2.19109146755573,0.09673467999921517,2.2507388397216794,0.06807199328371774,0.12743333333333332,0.03352257945524678,0.8725666666666667,0.03352257945524683,0.7849841515223185,0.6815128889649468
0.1,32,2.1908842635175048,0.09690390269150753,2.2464963713328046,0.056944027574079625,0.13183333333333333,0.02996803852996277,0.8681666666666666,0.029968038529962774,0.7564390103022257,0.6550991402549311
0.1,33,2.191157523933274,0.0966479881740294,2.329650433222453,0.13915722876888345,0.12126666666666668,0.036834947174298124,0.8787333333333334,0.036834947174298104,0.7606287797292074,0.658738440954437
0.1,34,2.191453999773824,0.09639417417206786,2.2008501516977943,0.08844774222839721,0.1442,0.03898704913173091,0.8558,0.03898704913173092,0.765925129254659,0.6637527779281001
0.1,35,2.192985935081098,0.09506069920798116,2.180113085683187,0.1062003809640938,0.1524333333333333,0.04540884642152157,0.8475666666666667,0.04540884642152158,0.7639656464258829,0.6616136638323035
0.1,36,2.190860524913336,0.0970231366204517,2.3364215450286867,0.03327051907061448,0.10036666666666667,0.0006350852961085825,0.8996333333333334,0.0006350852961085825,0.7609285513559977,0.659002339315128
0.1,37,2.1891003138777143,0.09841449038718006,2.300173452250163,0.1385843846484407,0.12243333333333332,0.03885567311646181,0.8775666666666666,0.03885567311646183,0.7834237813949585,0.6784808971144942
0.1,38,2.1881816643278316,0.0992400051331065,2.224796829096476,0.07034317228696339,0.1375333333333333,0.032750012722643836,0.8624666666666667,0.03275001272264385,0.7618736426035563,0.6598314568665669
0.1,39,2.1878577709604508,0.09950185094150299,2.2932522357940672,0.11822280737604324,0.12666666666666668,0.04618802153517005,0.8733333333333334,0.046188021535170036,0.7792080243428549,0.6748528408172269
0.1,40,2.1920503009005885,0.09585047259418297,2.2214649500528973,0.07130476207433602,0.14386666666666667,0.0379943855501485,0.8561333333333333,0.037994385550148516,0.7766838471094767,0.6731231345626172
0.1,41,2.190776892431963,0.09700368479890151,2.202669578297933,0.08726734041030218,0.14853333333333332,0.04203300290644642,0.8514666666666666,0.04203300290644644,0.7658641735712687,0.6634386770084927
0.1,42,2.189631169815909,0.09791356664432901,2.5117083464304604,0.40049646539920686,0.11156666666666666,0.020034054340880004,0.8884333333333333,0.020034054340880052,0.7757886648178101,0.6718620503687315
0.1,43,2.187727447259355,0.09961794343082449,2.237520277659098,0.061978766419857854,0.1451,0.04121201281180039,0.8549000000000001,0.04121201281180039,0.7788658539454142,0.674522245480491
0.1,44,2.1900281026032067,0.09756635352952675,2.2784700428009033,0.08384208222612886,0.12133333333333333,0.03695041722813605,0.8786666666666667,0.03695041722813608,0.8003760973612467,0.6935853587005806
0.1,45,2.188955602743437,0.09860513392785525,2.2336041160583497,0.0690557180655864,0.13449999999999998,0.03401102762340474,0.8654999999999999,0.034011027623404765,0.7555213371912638,0.6544024420967081
0.1,46,2.18889698124501,0.09853206843870517,2.242319933191935,0.08499222866920855,0.13146666666666665,0.03624670099930934,0.8685333333333333,0.03624670099930938,0.7575186888376871,0.6560922267035113
0.1,47,2.1880810886799327,0.09930424817773319,2.3317125096639,0.1732994714791484,0.12469999999999999,0.04278165494695127,0.8753000000000001,0.0427816549469513,0.7840790351231893,0.679088964664708
0.1,48,2.190955364084203,0.09680459485800984,2.217324821790059,0.12488107180617869,0.1263,0.045552936239061474,0.8736999999999999,0.04555293623906152,0.7742862304051717,0.6706080351096635
0.1,49,2.191536620449837,0.09630547210975457,2.273481493250529,0.09547298784933944,0.12286666666666668,0.03960622846640832,0.8771333333333334,0.03960622846640832,0.7598632971445719,0.6581184089315452
0.1,50,2.1886280066725132,0.09883028613800207,2.344205100250244,0.17483958109673034,0.12193333333333334,0.037643768851342886,0.8780666666666667,0.03764376885134288,0.7779767910639445,0.6737701942921828
0.1,51,2.1900615826287235,0.09757401022034935,2.289533372879028,0.17749964469843102,0.12743333333333332,0.04570933529743496,0.8725666666666667,0.04570933529743499,0.7664166688919067,0.6640608748508293
0.1,52,2.1914128818170497,0.09646727147116417,2.2082725969950356,0.08374625305790591,0.14643333333333333,0.04144928628255658,0.8535666666666667,0.04144928628255658,0.860897938410441,0.7629363296930756
0.1,53,2.191197847974473,0.09661203671664138,2.288169586435954,0.05943114287415647,0.12376666666666665,0.0207162577058052,0.8762333333333333,0.02071625770580521,0.7559509674708048,0.6546736812620159
0.1,54,2.1918516260685315,0.09609108378763555,2.2521764012654626,0.06829639849646929,0.12456666666666667,0.04255071483927541,0.8754333333333334,0.04255071483927541,0.7539435625076294,0.6529598391389128
0.1,55,2.191155060477879,0.09664586678809717,2.240162326558431,0.05862927264405496,0.13486666666666666,0.031451603032807925,0.8651333333333334,0.03145160303280795,1.1737807194391887,1.1795300921148308
0.1,56,2.193245457464675,0.09481913447887237,2.340350316619873,0.11270780514321313,0.11193333333333333,0.018215469616052533,0.8880666666666667,0.01821546961605256,0.7719177405039469,0.6691189671934238
0.1,57,2.1905408305991743,0.09728365146859654,2.3337052989959717,0.15693066230962582,0.12173333333333332,0.037643237551163604,0.8782666666666666,0.03764323755116362,0.7684312264124552,0.665583715077695
0.1,58,2.1911782143162744,0.09677828873879075,2.3098375181833903,0.12184136886523433,0.1204,0.0353338364744051,0.8795999999999999,0.03533383647440511,0.7850058078765869,0.6812021092414855
0.1,59,2.19048452478947,0.0972496470668882,2.2976858540852865,0.1731751478363046,0.1327,0.045060736789360206,0.8673000000000001,0.045060736789360234,0.7610404094060262,0.6591419110984637
0.1,60,2.190776565597287,0.09695358627324747,2.2373706148783365,0.09339951244256958,0.1376666666666667,0.04128163433457223,0.8623333333333334,0.04128163433457223,0.7954487005869547,0.692140419897524
0.1,61,2.191604637022417,0.09629741859845306,2.2093677633921307,0.08236707456212713,0.14616666666666667,0.041480396976563916,0.8538333333333333,0.041480396976563944,0.7936935027440389,0.6897068919550241
0.1,62,2.1914436189110016,0.0963751474183898,2.9845476730346676,1.3176533682619567,0.1345333333333333,0.04264473394609624,0.8654666666666667,0.042644733946096275,1.2344013452529907,1.2465181870993678
0.1,63,2.1921468695716175,0.0957984203900167,2.338591230519613,0.08888076328669998,0.1107,0.018532943640986982,0.8893,0.018532943640987,0.7594393094380697,0.6577894174650034
0.1,64,2.19208153597026,0.09590509523590182,2.355200077819824,0.1762673088001904,0.11913333333333331,0.029909418806344814,0.8808666666666666,0.029909418806344804,0.7557995716730753,0.6545458376760528
0.1,65,2.1906754330296043,0.0970890220404795,2.300362108612061,0.18004313765576138,0.12773333333333334,0.04803554239657686,0.8722666666666666,0.04803554239657689,0.7618099848429362,0.6597567757260222
0.1,66,2.190445180642534,0.09744330671244873,2.2655302307128906,0.0729659257888473,0.12293333333333334,0.039721698520246256,0.8770666666666666,0.039721698520246304,0.7570577462514242,0.655636552223335
0.1,67,2.189925065735722,0.09783873096518046,2.222101355870565,0.08487570680271392,0.14653333333333332,0.04286226001196546,0.8534666666666667,0.042862260011965476,0.7617445389429728,0.6597277929757329
0.1,68,2.1904331568663484,0.09723061937488471,2.240434836959839,0.05427314754060852,0.15053333333333332,0.047132402159590095,0.8494666666666667,0.04713240215959012,0.7832113107045492,0.6802679247010135
0.1,69,2.1915570569668485,0.09629742396244005,2.2803986148834228,0.09397727820560112,0.12320000000000002,0.04018357873559795,0.8767999999999999,0.04018357873559795,0.7730780045191447,0.6699825068151259
0.1,70,2.192535208314276,0.09553736697548323,2.222907275899251,0.07254954645942013,0.1399,0.03457036302962408,0.8601,0.03457036302962413,0.7514026562372843,0.6508173990040688
0.1,71,2.191725729066697,0.0961835613359738,2.333407628377279,0.10511541971523833,0.11343333333333334,0.02326721584834192,0.8865666666666666,0.02326721584834192,0.8186333576838175,0.7168957234571588
0.1,72,2.190564976730412,0.09712978733763576,2.2823565802256263,0.1389280444707333,0.12469999999999999,0.04278165494695127,0.8753000000000001,0.0427816549469513,0.7545985778172811,0.6535096875023306
0.1,73,2.1909486162083227,0.09679361054250146,2.237272241083781,0.06330273859647033,0.1389,0.034227328262661685,0.8611,0.034227328262661706,0.7754613955815634,0.6718329178305931
0.1,74,2.1909534683211276,0.09684193806523365,2.346420244216919,0.07459159007614881,0.10023333333333333,0.00040414518843273357,0.8997666666666667,0.00040414518843275764,0.7627590894699097,0.660647429114463
0.1,75,2.191827981368355,0.09597578438324347,2.261731043243408,0.041182224493768405,0.1216,0.018766193007640087,0.8784,0.018766193007640118,0.7660708030064901,0.663482206697808
0.1,76,2.1929200350069533,0.09513886958843308,2.2576950895945234,0.088434578355597,0.12836666666666666,0.039046425359222495,0.8716333333333334,0.039046425359222536,0.7832074562708536,0.6802509398317631
0.1,77,2.191589532300944,0.09625011462451907,2.329336596679688,0.09059957462967494,0.10030000000000001,0.000519615242270662,0.8997,0.0005196152422706701,0.7609156767527262,0.6589723359898295
0.1,78,2.1917958706744387,0.09604789555566087,2.222722421137492,0.09360283927321052,0.14176666666666668,0.03941146195376838,0.8582333333333333,0.03941146195376841,0.7758562564849854,0.6728556779047602
0.1,79,2.1918895037277886,0.09606413170001246,2.219894334793091,0.0756596179410591,0.13806666666666667,0.03459845853984442,0.8619333333333333,0.034598458539844425,0.7502519289652506,0.6497372702884483
0.1,80,2.191734792834556,0.0961360411260782,2.22801534576416,0.07350146336724248,0.14176666666666668,0.03887677112792848,0.8582333333333333,0.03887677112792851,0.7610004742940267,0.659046870891977
0.1,81,2.1915941337998466,0.0963157081529394,2.2977894301096597,0.04000094876421175,0.11353333333333333,0.02352707659981012,0.8864666666666666,0.023527076599810168,0.7532867193222046,0.6525129618552329
0.1,82,2.1921350242536697,0.09578887829050617,2.2863309538523353,0.1364339574927147,0.12466666666666666,0.0427239199200323,0.8753333333333333,0.04272391992003228,0.8594292004903158,0.7606817145067266
0.1,83,2.1924084269482154,0.09555424138555968,2.267111965560913,0.04771376384968042,0.12860000000000002,0.026748457899475248,0.8714,0.02674845789947528,0.75924285252889,0.6575242533681397
0.1,84,2.193454405027684,0.09469069736304157,2.176134314918518,0.10976761171855424,0.1529,0.04597423191310541,0.8471000000000001,0.04597423191310543,0.7672235568364462,0.6645735856198633
0.1,85,2.190127534939505,0.09756140827125438,2.293236257362366,0.18680966960909187,0.1283,0.049017037854199225,0.8717,0.04901703785419927,0.7603723605473837,0.6586758010683126
0.1,86,2.191414865589711,0.09642118483869012,2.307770871734619,0.004470068832282652,0.1087,0.015068842025849224,0.8913000000000001,0.01506884202584924,0.7515081564585367,0.6508925428248686
0.1,87,2.190921584460233,0.09692300646754619,2.3668977636973065,0.2581203639603477,0.12683333333333333,0.046476696669764866,0.8731666666666666,0.04647669666976488,0.8325943946838379,0.7248346662667027
0.1,88,2.191203116151073,0.09675536989477894,2.25290432694753,0.10253227417570131,0.13193333333333335,0.04065517597223425,0.8680666666666667,0.040655175972234246,0.7690984805425009,0.6667436084369948
0.1,89,2.190277043104375,0.09743430845466,2.180233097457886,0.1099488961263608,0.14969999999999997,0.04324106844193376,0.8503,0.04324106844193376,0.7876192331314087,0.684731709003732
0.1,90,2.1913231018762356,0.09652777176183519,2.3014081948598224,0.08886399701595,0.11243333333333334,0.021535165040773043,0.8875666666666667,0.02153516504077304,0.756255030632019,0.6549743574214703
0.1,91,2.191316588353826,0.09650181973338531,2.197409111150106,0.09193477929576639,0.1497333333333333,0.044452821432765466,0.8502666666666667,0.04445282143276547,0.7548189957936605,0.6537054585491574
0.1,92,2.1912276939967708,0.0965861411513008,2.2464983839670816,0.09397116444473792,0.13486666666666666,0.03939356969523495,0.8651333333333334,0.03939356969523495,0.7548348108927408,0.6537080341940149
0.1,93,2.1912054903773495,0.09663410702260611,2.2268236100514733,0.07307785511189047,0.13693333333333332,0.03603627801720556,0.8630666666666666,0.03603627801720555,0.7720845143000284,0.6689335228375347
0.1,94,2.191920594689385,0.09598000441841156,2.2950853692372637,0.009249915587916178,0.10716666666666667,0.01241303078757695,0.8928333333333334,0.012413030787576934,0.7596304019292196,0.6579189041245211
0.1,95,2.190088031237083,0.097519783062105,2.5235647569020587,0.2843091579559581,0.10136666666666667,0.0023671361036774613,0.8986333333333333,0.0023671361036774613,0.7591578563054403,0.6575098526529332
0.1,96,2.1913000714138646,0.09650477238837245,2.2591414777119954,0.049991197431697505,0.11496666666666666,0.026618852968025,0.8850333333333333,0.026618852968024985,0.7545323371887207,0.653538085434693
0.1,97,2.19104958129356,0.09676688994264832,2.1994365253448485,0.08973586672343131,0.14806666666666668,0.0425060387866634,0.8519333333333333,0.0425060387866634,0.7676774263381958,0.6648553099761838
0.1,98,2.19046665742066,0.09732386148135275,2.305379101816813,0.032827458320408,0.10529999999999999,0.006750555532695068,0.8946999999999999,0.006750555532695081,0.7605703274408976,0.6587138887475079
0.1,99,2.1917693285685975,0.09607532988895434,2.2521447325388593,0.09082214724243033,0.13736666666666666,0.04224125155974114,0.8626333333333333,0.042241251559741164,0.7475502490997314,0.6473981321147343
0.1,100,2.1910863127956404,0.0967189073405042,2.2426168819427486,0.054182485260195465,0.13676666666666668,0.03215032400044101,0.8632333333333334,0.03215032400044102,0.9599533081054688,0.8822058327280266
1.0,1,2.3004359113590795,0.0017166021437161041,2.3026010147094724,6.201658020893195e-06,0.10000000000000002,1.6996749443881478e-17,0.9,0.0,4.92877332641695e-17,2.0002132936235015e-19
1.0,2,2.302602116714048,2.286926924990673e-05,2.302611378224691,9.880338881088217e-06,0.10000000000000002,1.6996749443881478e-17,0.9,0.0,0.0,0.0
1.0,3,2.302643496057262,2.1599414059534663e-05,2.3026105431874595,5.785800001888691e-06,0.10000000000000002,1.6996749443881478e-17,0.9,0.0,0.0,0.0
1.0,4,2.3026229349446923,2.5753969726318246e-05,2.302602559916178,1.3536830999192622e-05,0.10000000000000002,1.6996749443881478e-17,0.9,0.0,0.0,0.0
1.0,5,2.3026216261832,3.280226934364245e-05,2.30260603574117,9.088077381121086e-06,0.10000000000000002,1.6996749443881478e-17,0.9,0.0,0.0,0.0
1.0,6,2.3026239518314373,1.757713847706767e-05,2.3026028500874838,3.3615680767406418e-06,0.10000000000000002,1.6996749443881478e-17,0.9,0.0,0.0,0.0
1.0,7,2.3026322641640977,1.899745367996341e-05,2.302595417531331,6.4506251520877106e-06,0.10000000000000002,1.6996749443881478e-17,0.9,0.0,0.0,0.0
1.0,8,2.3026320385506085,2.991117831604715e-06,2.3025997475941975,4.735547920929516e-06,0.10000000000000002,1.6996749443881478e-17,0.9,0.0,0.0,0.0
1.0,9,2.3026196757444235,1.2956149056747164e-05,2.3026085656483968,1.007963455153732e-05,0.10000000000000002,1.6996749443881478e-17,0.9,0.0,0.0,0.0
1.0,10,2.3026174407480924,1.6565146474426512e-05,2.302601998901367,3.2634596653750834e-06,0.10000000000000002,1.6996749443881478e-17,0.9,0.0,0.0,0.0
1.0,11,2.3026314954521916,2.7402533291929605e-05,2.3025975874582927,5.782812539389305e-06,0.10000000000000002,1.6996749443881478e-17,0.9,0.0,0.0,0.0
1.0,12,2.302607194237087,2.70799177386874e-05,2.302599820582072,1.0025963502175528e-05,0.10000000000000002,1.6996749443881478e-17,0.9,0.0,0.0,0.0
1.0,13,2.3026341963098886,1.9936084890740186e-05,2.3026033205668135,8.633746478767299e-06,0.10000000000000002,1.6996749443881478e-17,0.9,0.0,0.0,0.0
1.0,14,2.3026216743547288,2.466990553903271e-05,2.3026086924235023,9.360874748682596e-06,0.10000000000000002,1.6996749443881478e-17,0.9,0.0,0.0,0.0
1.0,15,2.30263475688827,5.305407531560654e-05,2.302607515207926,1.2543142393956598e-05,0.10000000000000002,1.6996749443881478e-17,0.9,0.0,0.0,0.0
1.0,16,2.3026260022718685,5.77057753218931e-06,2.3025976833343504,2.137139365524196e-06,0.10000000000000002,1.6996749443881478e-17,0.9,0.0,0.0,0.0
1.0,17,2.302612364647842,1.580908778324314e-05,2.302598207728068,9.39194606555252e-07,0.10000000000000002,1.6996749443881478e-17,0.9,0.0,0.0,0.0
1.0,18,2.302630203154386,9.593480719866372e-06,2.3026143896738684,1.3572131227923723e-05,0.10000000000000002,1.6996749443881478e-17,0.9,0.0,0.0,0.0
1.0,19,2.302629994817605,3.190941271767584e-05,2.3026071767171223,1.3843502972465978e-05,0.10000000000000002,1.6996749443881478e-17,0.9,0.0,0.0,0.0
1.0,20,2.3026132973868525,1.832083567286633e-05,2.3026001934051514,7.002541706205279e-06,0.10000000000000002,1.6996749443881478e-17,0.9,0.0,0.0,0.0
1.0,21,2.3026337310582883,2.720474484548099e-05,2.3026061416625976,4.108109740613677e-06,0.10000000000000002,1.6996749443881478e-17,0.9,0.0,0.0,0.0
1.0,22,2.3026103475412953,1.4274189100960884e-05,2.302611878712972,3.1794205403434236e-06,0.10000000000000002,1.6996749443881478e-17,0.9,0.0,0.0,0.0
1.0,23,2.3026251819330916,4.5940920803268165e-05,2.302601825968424,1.1069960438176503e-05,0.10000000000000002,1.6996749443881478e-17,0.9,0.0,0.0,0.0
1.0,24,2.3026101083096946,1.0611544484782435e-05,2.3026025183359784,4.902164174340852e-06,0.10000000000000002,1.6996749443881478e-17,0.9,0.0,0.0,0.0
1.0,25,2.3025914080002727,1.1554759705918718e-05,2.3026028244018555,5.886818622368461e-06,0.10000000000000002,1.6996749443881478e-17,0.9,0.0,0.0,0.0
1.0,26,2.302617899698776,3.666310005913581e-05,2.302603809992472,8.596982015720627e-06,0.10000000000000002,1.6996749443881478e-17,0.9,0.0,0.0,0.0
1.0,27,2.3026196399714736,1.2645618104705668e-05,2.3026022321065267,4.823433107732467e-06,0.10000000000000002,1.6996749443881478e-17,0.9,0.0,0.0,0.0
1.0,28,2.302598772146512,6.61577713309732e-06,2.302603055699666,8.275456894928502e-06,0.10000000000000002,1.6996749443881478e-17,0.9,0.0,0.0,0.0
1.0,29,2.3026233648298544,2.732868815871662e-05,2.3026075007120768,2.778415403261879e-06,0.10000000000000002,1.6996749443881478e-17,0.9,0.0,0.0,0.0
1.0,30,2.302626022597408,7.137777443591659e-06,2.3025989409128824,6.9169357151367135e-06,0.10000000000000002,1.6996749443881478e-17,0.9,0.0,0.0,0.0
1.0,31,2.30257683214934,1.370208566016716e-05,2.3026109807332356,1.0523131374018188e-05,0.10000000000000002,1.6996749443881478e-17,0.9,0.0,0.0,0.0
1.0,32,2.30261875723329,1.5070668407002174e-05,2.302608293914795,1.7257947152632672e-05,0.10000000000000002,1.6996749443881478e-17,0.9,0.0,0.0,0.0
1.0,33,2.302622185542049,3.1231398938618807e-05,2.3026079022725425,9.152920470888333e-06,0.10000000000000002,1.6996749443881478e-17,0.9,0.0,0.0,0.0
1.0,34,2.3026256380381995,1.8217902050285106e-05,2.302595287577311,3.3591729049574766e-06,0.10000000000000002,1.6996749443881478e-17,0.9,0.0,0.0,0.0
1.0,35,2.302634277612047,2.3952263777040538e-05,2.3025972431182864,3.6601465050380618e-06,0.10000000000000002,1.6996749443881478e-17,0.9,0.0,0.0,0.0
1.0,36,2.302639424038665,3.934341715618346e-06,2.302597164916992,3.2767078879810423e-06,0.10000000000000002,1.6996749443881478e-17,0.9,0.0,0.0,0.0
1.0,37,2.302615352908669,3.497958786644374e-05,2.3025966377258302,6.048435591256568e-07,0.10000000000000002,1.6996749443881478e-17,0.9,0.0,0.0,0.0
1.0,38,2.302623223364099,1.619068087875308e-05,2.302602819442749,5.722969018883228e-06,0.10000000000000002,1.6996749443881478e-17,0.9,0.0,0.0,0.0
1.0,39,2.30261230204518,3.988919067951771e-05,2.302603952026367,1.216218578756233e-07,0.10000000000000002,1.6996749443881478e-17,0.9,0.0,0.0,0.0
1.0,40,2.302608167627177,1.7023122145377298e-05,2.30261022529602,2.7968464674585766e-06,0.10000000000000002,1.6996749443881478e-17,0.9,0.0,0.0,0.0
1.0,41,2.3026111524326622,2.7231626607223246e-05,2.30260330212911,5.0950082667504784e-06,0.10000000000000002,1.6996749443881478e-17,0.9,0.0,0.0,0.0
1.0,42,2.3026100625772306,1.157764934685661e-05,2.302601773707072,4.493512152732291e-06,0.10000000000000002,1.6996749443881478e-17,0.9,0.0,0.0,0.0
1.0,43,2.302609775377356,2.5366593041044004e-05,2.3026079531351726,4.642404531033956e-06,0.10000000000000002,1.6996749443881478e-17,0.9,0.0,0.0,0.0
1.0,44,2.3026313125223354,2.5437228845672383e-05,2.3026013950347903,4.0853952868409546e-06,0.10000000000000002,1.6996749443881478e-17,0.9,0.0,0.0,0.0
1.0,45,2.30263978359746,2.805406572190333e-05,2.302602801767985,8.553910690353834e-06,0.10000000000000002,1.6996749443881478e-17,0.9,0.0,0.0,0.0
1.0,46,2.3025927905434735,1.6462830669172647e-05,2.3025985755920413,3.9591116521832906e-06,0.10000000000000002,1.6996749443881478e-17,0.9,0.0,0.0,0.0
1.0,47,2.3026259154818147,2.8006276211289222e-05,2.3025966354370118,6.400858804322366e-06,0.10000000000000002,1.6996749443881478e-17,0.9,0.0,0.0,0.0
1.0,48,2.3025995004105955,1.6768964936260353e-05,2.302597239939372,3.4731858388205603e-06,0.10000000000000002,1.6996749443881478e-17,0.9,0.0,0.0,0.0
1.0,49,2.302623328650394,2.1202218307384296e-06,2.3026018736521405,8.289233586114736e-06,0.10000000000000002,1.6996749443881478e-17,0.9,0.0,0.0,0.0
1.0,50,2.302616880982733,2.78010762618632e-05,2.3026032529195146,7.354523532285531e-06,0.10000000000000002,1.6996749443881478e-17,0.9,0.0,0.0,0.0
1.0,51,2.302620252989747,1.7873243175477865e-05,2.3026007478078205,1.0230453472370542e-05,0.10000000000000002,1.6996749443881478e-17,0.9,0.0,0.0,0.0
1.0,52,2.302606253571116,2.624710495821371e-05,2.3026003518422447,5.374812501300468e-06,0.10000000000000002,1.6996749443881478e-17,0.9,0.0,0.0,0.0
1.0,53,2.3026142323616723,1.307188903024076e-05,2.302605312983195,1.0344030880515377e-05,0.10000000000000002,1.6996749443881478e-17,0.9,0.0,0.0,0.0
1.0,54,2.3026099550551264,6.689103785775213e-06,2.3025997772216797,6.396290907334066e-06,0.10000000000000002,1.6996749443881478e-17,0.9,0.0,0.0,0.0
1.0,55,2.3026026439585445,1.9904048495665926e-05,2.3026032543182375,7.4373069805378924e-06,0.10000000000000002,1.6996749443881478e-17,0.9,0.0,0.0,0.0
1.0,56,2.3026308263354287,1.4905372642004458e-05,2.3026096539815266,1.0589237958190715e-05,0.10000000000000002,1.6996749443881478e-17,0.9,0.0,0.0,0.0
1.0,57,2.302581787719141,5.677507759111082e-05,2.3025975054423014,3.274157337130739e-06,0.10000000000000002,1.6996749443881478e-17,0.9,0.0,0.0,0.0
1.0,58,2.3026327572616876,2.529775995737999e-05,2.3025970344543456,6.761185930909236e-06,0.10000000000000002,1.6996749443881478e-17,0.9,0.0,0.0,0.0
1.0,59,2.3026171301738483,1.0627389707800037e-05,2.302601024246216,6.334891127070493e-06,0.10000000000000002,1.6996749443881478e-17,0.9,0.0,0.0,0.0
1.0,60,2.302612270743849,3.542043685796064e-05,2.3026099569956457,1.1396892064153e-06,0.10000000000000002,1.6996749443881478e-17,0.9,0.0,0.0,0.0
1.0,61,2.3026183108844416,3.0924990073656615e-05,2.3026059902191163,2.1938267592874913e-06,0.10000000000000002,1.6996749443881478e-17,0.9,0.0,0.0,0.0
1.0,62,2.302618239745053,2.463421635582502e-05,2.3026111713409425,4.496552278138378e-06,0.10000000000000002,1.6996749443881478e-17,0.9,0.0,0.0,0.0
1.0,63,2.3026345001767052,1.7456358252820303e-05,2.3025991330464683,7.3019804446085605e-06,0.10000000000000002,1.6996749443881478e-17,0.9,0.0,0.0,0.0
1.0,64,2.302629356392407,2.866346755466294e-05,2.3026045069376626,6.137473168260943e-06,0.10000000000000002,1.6996749443881478e-17,0.9,0.0,0.0,0.0
1.0,65,2.3026265018736307,2.188163941309939e-05,2.302601416269938,7.239040363851225e-06,0.10000000000000002,1.6996749443881478e-17,0.9,0.0,0.0,0.0
1.0,66,2.302619528384261,1.2315157243098569e-05,2.3026046414693195,3.9620434049248116e-06,0.10000000000000002,1.6996749443881478e-17,0.9,0.0,0.0,0.0
1.0,67,2.3026280242565442,1.9739531853232196e-05,2.302598919423421,1.4805680129966226e-06,0.10000000000000002,1.6996749443881478e-17,0.9,0.0,0.0,0.0
1.0,68,2.302618034253848,2.3034553186875915e-05,2.3026105782826742,6.884248908646574e-06,0.10000000000000002,1.6996749443881478e-17,0.9,0.0,0.0,0.0
1.0,69,2.3026197954618515,1.5827069551505407e-05,2.3025988803863524,6.348062866737848e-06,0.10000000000000002,1.6996749443881478e-17,0.9,0.0,0.0,0.0
1.0,70,2.302631763342803,2.9602616262587858e-05,2.302606912612915,1.3630361130599715e-05,0.10000000000000002,1.6996749443881478e-17,0.9,0.0,0.0,0.0
1.0,71,2.3026040173552533,3.813779053974246e-05,2.302609102757772,7.961137514754696e-06,0.10000000000000002,1.6996749443881478e-17,0.9,0.0,0.0,0.0
1.0,72,2.3026255028733615,6.943024075653015e-06,2.3026032953898112,6.507869849470938e-06,0.10000000000000002,1.6996749443881478e-17,0.9,0.0,0.0,0.0
1.0,73,2.302611727238921,2.9284758781104713e-05,2.3026093433380126,1.68349861570229e-05,0.10000000000000002,1.6996749443881478e-17,0.9,0.0,0.0,0.0
1.0,74,2.3026240943134697,1.618428771365798e-05,2.3026098876953123,1.7272061684762516e-05,0.10000000000000002,1.6996749443881478e-17,0.9,0.0,0.0,0.0
1.0,75,2.302608411127141,1.7649955176752004e-05,2.3025974751790366,8.386665964709405e-06,0.10000000000000002,1.6996749443881478e-17,0.9,0.0,0.0,0.0
1.0,76,2.3026017219920702,2.303342407771576e-05,2.3025993776957194,4.08575214746998e-06,0.10000000000000002,1.6996749443881478e-17,0.9,0.0,0.0,0.0
1.0,77,2.3026105438860074,4.68267128923159e-05,2.302603712336222,6.047176409202131e-06,0.10000000000000002,1.6996749443881478e-17,0.9,0.0,0.0,0.0
1.0,78,2.302595842016729,4.273260587478368e-05,2.302600559616089,3.7757678713701694e-06,0.10000000000000002,1.6996749443881478e-17,0.9,0.0,0.0,0.0
1.0,79,2.3026378213698706,2.4370533458417402e-05,2.302592201487223,4.7804037698251766e-06,0.10000000000000002,1.6996749443881478e-17,0.9,0.0,0.0,0.0
1.0,80,2.302621264388596,2.30283014268486e-05,2.3025981587727866,3.1454033351326084e-06,0.10000000000000002,1.6996749443881478e-17,0.9,0.0,0.0,0.0
1.0,81,2.302633659105878,1.0470809820592046e-05,2.302603942235311,1.3250373582958482e-05,0.10000000000000002,1.6996749443881478e-17,0.9,0.0,0.0,0.0
1.0,82,2.3026156317750712,1.4516179836902273e-05,2.302599482854207,6.1072548180736454e-06,0.10000000000000002,1.6996749443881478e-17,0.9,0.0,0.0,0.0
1.0,83,2.3026259780844764,2.3690537867197208e-05,2.302609741719564,1.1424533415408604e-05,0.10000000000000002,1.6996749443881478e-17,0.9,0.0,0.0,0.0
1.0,84,2.302600341278167,3.802437672593816e-05,2.302603349049886,3.398853420311837e-06,0.10000000000000002,1.6996749443881478e-17,0.9,0.0,0.0,0.0
1.0,85,2.3026067039850724,2.7343088870362162e-05,2.3026065203348796,5.3655924764616916e-06,0.10000000000000002,1.6996749443881478e-17,0.9,0.0,0.0,0.0
1.0,86,2.3026231861683617,1.7576042842065123e-05,2.3026108085632324,1.9509379584445147e-05,0.10000000000000002,1.6996749443881478e-17,0.9,0.0,0.0,0.0
1.0,87,2.3025849328931334,2.8382759901924182e-05,2.3025951559702555,2.0412678658432137e-06,0.10000000000000002,1.6996749443881478e-17,0.9,0.0,0.0,0.0
1.0,88,2.3026294990776957,2.6524787222552223e-05,2.3025953979492186,6.912073560946001e-06,0.10000000000000002,1.6996749443881478e-17,0.9,0.0,0.0,0.0
1.0,89,2.3026103388013133,3.567112293919035e-05,2.302603827031453,9.39747943973702e-06,0.10000000000000002,1.6996749443881478e-17,0.9,0.0,0.0,0.0
1.0,90,2.3026139854063667,4.588830750986119e-05,2.302602514521281,1.1680349826469365e-05,0.10000000000000002,1.6996749443881478e-17,0.9,0.0,0.0,0.0
1.0,91,2.302593297665686,8.445100617102474e-06,2.302608767700195,1.1050347904968592e-05,0.10000000000000002,1.6996749443881478e-17,0.9,0.0,0.0,0.0
1.0,92,2.302611657319065,1.7255547565549777e-05,2.3026052831014,7.5316160697835645e-06,0.10000000000000002,1.6996749443881478e-17,0.9,0.0,0.0,0.0
1.0,93,2.3026252351860053,1.918300045318543e-05,2.302605261484782,1.0628960563683216e-05,0.10000000000000002,1.6996749443881478e-17,0.9,0.0,0.0,0.0
1.0,94,2.3026158311686147,3.2974496990916445e-05,2.302605495071411,3.625154720822792e-06,0.10000000000000002,1.6996749443881478e-17,0.9,0.0,0.0,0.0
1.0,95,2.3026068507354687,3.458156227163463e-05,2.3026080427805584,1.11122404016371e-05,0.10000000000000002,1.6996749443881478e-17,0.9,0.0,0.0,0.0
1.0,96,2.302600720146225,2.385672301182324e-05,2.3026072657267256,5.70785871098632e-06,0.10000000000000002,1.6996749443881478e-17,0.9,0.0,0.0,0.0
1.0,97,2.3026182003135065,2.0324748151658064e-05,2.3026068325042726,9.191821730863256e-06,0.10000000000000002,1.6996749443881478e-17,0.9,0.0,0.0,0.0
1.0,98,2.3026199956684157,2.4948270390593107e-05,2.3026027422587076,6.790090853428738e-06,0.10000000000000002,1.6996749443881478e-17,0.9,0.0,0.0,0.0
1.0,99,2.3025940139377004,2.2444919816007917e-05,2.302605286407471,1.824181172655192e-06,0.10000000000000002,1.6996749443881478e-17,0.9,0.0,0.0,0.0
1.0,100,2.302603131161728,1.4179115100401531e-05,2.30260336672465,5.4600716539953815e-06,0.10000000000000002,1.6996749443881478e-17,0.9,0.0,0.0,0.0
