l2_lambda,epoch,mean_train_loss,std_train_loss,mean_test_loss,std_test_loss,mean_test_acc,std_test_acc,mean_test_error,std_test_error,mean_weight_norm,std_weight_norm
0.0,1,1.6686090295983498,0.06829839581524384,1.5841498342514038,0.01929772498108326,0.4564000000000001,0.02945980312222061,0.5436,0.029459803122220615,41.043890635172524,0.5019109691831833
0.0,2,1.17753677676096,0.07938791106988748,1.3620631370226544,0.1882087456040659,0.5478999999999999,0.06411887397638859,0.4521,0.06411887397638862,44.101993560791016,0.6970990082637144
0.0,3,0.9423941856048499,0.07117198281423008,0.946537358824412,0.04816080196230671,0.6693000000000001,0.012343824366864622,0.3307,0.012343824366864622,46.90013631184896,0.7992021043080517
0.0,4,0.8018973876244982,0.06533944143328435,0.8995476360956828,0.07339096396488128,0.7033666666666667,0.01583961278988013,0.29663333333333336,0.015839612789880126,49.51218032836914,0.7929778360961429
0.0,5,0.7048587002565184,0.04830751970582896,0.8219308040301004,0.013626023250190723,0.7275333333333333,0.009350044563173687,0.2724666666666667,0.009350044563173687,51.906453450520836,0.7884214798563128
0.0,6,0.6341399847190804,0.035695552598946294,0.789499520111084,0.16280311643923795,0.7438666666666668,0.05217991312117462,0.2561333333333333,0.05217991312117462,54.09190114339193,0.7683387275017888
0.0,7,0.5793110022205424,0.032541338150090485,0.7397949531078338,0.049013275771595644,0.7551333333333333,0.014671514350377474,0.24486666666666668,0.014671514350377474,56.09839121500651,0.7442292982218243
0.0,8,0.5413344449856702,0.027294251606246222,0.6524776463667551,0.04208753159602287,0.7848666666666667,0.01267293704447922,0.21513333333333337,0.01267293704447922,57.9701296488444,0.7135054099547817
0.0,9,0.5079547874915326,0.023846419917261455,0.6078541308085125,0.03338235942667034,0.8015666666666666,0.012651218650127471,0.19843333333333335,0.012651218650127471,59.755547841389976,0.7005259160984382
0.0,10,0.48179434216998124,0.021042599124327478,0.6560397429307302,0.03917894512287083,0.7879666666666667,0.007409678355592323,0.21203333333333332,0.007409678355592323,61.44987106323242,0.6831530859717634
0.0,11,0.4566804559080396,0.020179329396753157,0.608502185090383,0.0625960332037674,0.7995666666666668,0.019176635088913107,0.20043333333333332,0.019176635088913107,63.05526351928711,0.6902723742274017
0.0,12,0.43653819701758995,0.014393342150108705,0.5406870856444042,0.052795828593193185,0.8234333333333334,0.0155930540091841,0.17656666666666668,0.0155930540091841,64.60933430989583,0.679445228441016
0.0,13,0.4167815137524333,0.017678802736431104,0.5873459425806999,0.08290526480135733,0.8102,0.018141389141959344,0.18979999999999997,0.018141389141959344,66.11883036295573,0.6579094814340063
0.0,14,0.4001175787519006,0.014423572373513514,0.5764512352307637,0.061348303505981354,0.8139666666666666,0.016683624706080334,0.1860333333333333,0.016683624706080334,67.57799275716145,0.6628247178642391
0.0,15,0.3846419910945551,0.01632368137478131,0.5139453356266022,0.02337003278013842,0.8329666666666666,0.0031069813860616076,0.16703333333333334,0.0031069813860616076,68.97213490804036,0.6573956305551948
0.0,16,0.3676457475340478,0.01349849455472267,0.4779497294108073,0.01644500476980497,0.8467333333333333,0.004800347209664452,0.15326666666666663,0.004800347209664452,70.33027903238933,0.6630148437527371
0.0,17,0.3570594835870813,0.011917432408804956,0.5056892305294672,0.04556664504755345,0.8399,0.012299999999999978,0.16010000000000002,0.012299999999999978,71.63151550292969,0.6474133983534927
0.0,18,0.3419519698045646,0.009691607643404964,0.49356835920810704,0.04741385289859006,0.8424999999999999,0.01183680700189033,0.1575,0.01183680700189033,72.90280405680339,0.6571128844560822
0.0,19,0.3337040335854606,0.00905202712604995,0.5350684038162231,0.10636824750420526,0.8308,0.03224236343694427,0.16920000000000002,0.03224236343694427,74.16514841715495,0.6599685402929507
0.0,20,0.3250260703576902,0.00990624440207597,0.5215412261168162,0.036146869251447444,0.8354333333333334,0.01164316680861927,0.16456666666666667,0.01164316680861927,75.39421844482422,0.6488321026720184
0.0,21,0.31141067244817533,0.010334027792341874,0.4864036545276642,0.028526991583888203,0.8473,0.007049113419430823,0.15270000000000003,0.007049113419430823,76.57834116617839,0.6540810841829519
0.0,22,0.30419484015874954,0.009371015551244009,0.46536315851211546,0.020082184337991978,0.8511666666666665,0.007245918391296812,0.14883333333333335,0.007245918391296812,77.7487284342448,0.6814495762847377
0.0,23,0.29398621045821566,0.008081924944497429,0.48497906988461814,0.02005432019802716,0.8467333333333333,0.007939983207370983,0.15326666666666666,0.007939983207370983,78.90427652994792,0.6875973966719064
0.0,24,0.2855658916548492,0.006859645489819052,0.5064851271947225,0.030906429301643452,0.8448666666666668,0.003027099822162017,0.15513333333333335,0.003027099822162017,80.02907053629558,0.6951697800014048
0.0,25,0.2790900542061754,0.006647302502232687,0.47728174063364665,0.04626747959907872,0.8513000000000001,0.011937755232873567,0.14869999999999997,0.011937755232873567,81.14279174804688,0.6759447709339991
0.0,26,0.2731661528272702,0.006912238416763143,0.5417920286734899,0.0970377926484555,0.8430666666666667,0.022155435751375636,0.15693333333333334,0.022155435751375636,82.23071034749348,0.6769876252606041
0.0,27,0.26429547679444615,0.008114572082080255,0.45707868900299076,0.017724428786971835,0.856,0.003905124837953345,0.144,0.0039051248379533446,83.27590433756511,0.6704555164259091
0.0,28,0.25774434198071994,0.007681759435823085,0.4643503140926361,0.009887777420404477,0.8576,0.005220153254455311,0.1424,0.005220153254455312,84.31741333007812,0.6779637307645356
0.0,29,0.25056325117061,0.008356667421839064,0.47607329276402793,0.04536137240976595,0.8570666666666668,0.01342472842680005,0.14293333333333333,0.01342472842680005,85.35142262776692,0.670043042211213
0.0,30,0.2455929179579807,0.004135098439739043,0.43887436114947004,0.014534839779063634,0.8661,0.002605762844159069,0.1339,0.002605762844159069,86.35801442464192,0.6757572051417924
0.0,31,0.23825709535109116,0.008780477013953365,0.4737374256769817,0.01734313880872213,0.8600666666666666,0.005687119950672112,0.13993333333333335,0.005687119950672112,87.3544413248698,0.666018013740709
0.0,32,0.2315356002871236,0.005600901882759901,0.4398516616503398,0.017673801089989387,0.8663666666666666,0.003521836642056714,0.13363333333333338,0.003521836642056714,88.32400512695312,0.664897338668823
0.0,33,0.22705071068226731,0.006033320221587649,0.4740399679342906,0.025869785823391462,0.8606000000000001,0.007899999999999997,0.13939999999999997,0.007899999999999997,89.28153737386067,0.6549330981039586
0.0,34,0.2234842383381351,0.009698291986886428,0.4493444292068481,0.019294657302674066,0.8629333333333333,0.005253887449625603,0.13706666666666667,0.005253887449625603,90.23044331868489,0.6383571865831816
0.0,35,0.21751462316294565,0.008982716064787993,0.46001730446815486,0.027843615163448243,0.863,0.00564269439186635,0.137,0.00564269439186635,91.15671793619792,0.6207037264895972
0.0,36,0.21344572757287406,0.005889786949544193,0.44921302409172065,0.028923844663498465,0.8676666666666666,0.006616141876753679,0.13233333333333333,0.006616141876753679,92.08257548014323,0.6329037779917459
0.0,37,0.20689015765654561,0.0007339932210747133,0.5126218159198762,0.007097063496184453,0.8507333333333333,0.0074009008460681844,0.14926666666666666,0.0074009008460681844,92.97855631510417,0.6529593833142281
0.0,38,0.20454795112974708,0.007543258432983023,0.43695683075586955,0.024925862749532957,0.8695666666666667,0.008805869254839819,0.1304333333333333,0.008805869254839819,93.87587992350261,0.6439235706334163
0.0,39,0.1960386716572525,0.0045422197468786415,0.44752473469972615,0.0318962188048946,0.8698666666666667,0.005472050194701539,0.13013333333333332,0.005472050194701539,94.74777730305989,0.6326791533649564
0.0,40,0.1947376868494636,0.002145888773816447,0.45630754480361935,0.025193441797347164,0.8686666666666666,0.005946707772653169,0.13133333333333333,0.005946707772653169,95.61478424072266,0.6302430636375183
0.0,41,0.19061507664474786,0.003017320804091256,0.4758721355597178,0.015229402734971809,0.8658666666666667,0.003555746522649403,0.13413333333333335,0.003555746522649403,96.47544860839844,0.6198604165244435
0.0,42,0.18498091090657928,0.004741286900168699,0.4580674825867017,0.02251769681492579,0.8691999999999999,0.005230678732248844,0.1308,0.005230678732248843,97.32774861653645,0.6149343183854967
0.0,43,0.18396615003571484,0.006215029770572475,0.4778660096804301,0.036713552176409606,0.8664,0.010095543571299154,0.13360000000000002,0.010095543571299154,98.15645345052083,0.6024712146994374
0.0,44,0.1789462861413643,0.005700182652577486,0.4530860875606537,0.05896162638424278,0.8720666666666667,0.009255448845589983,0.12793333333333334,0.009255448845589983,98.98566436767578,0.6048689014185014
0.0,45,0.17548069522064258,0.0028766554492295304,0.46024352922439576,0.06387241094716553,0.8728333333333333,0.010227577099847951,0.12716666666666665,0.010227577099847951,99.78821055094402,0.610223183497859
0.0,46,0.1739858848543779,0.007872733230720508,0.4879931468645731,0.03914545803549313,0.8631666666666667,0.009645897228010125,0.13683333333333328,0.009645897228010125,100.59702809651692,0.6060022788678026
0.0,47,0.1682136511844595,0.0067793339014379115,0.4662284622192383,0.038270238359044216,0.8713333333333333,0.004631774318048479,0.12866666666666668,0.004631774318048479,101.38072967529297,0.6042644621806036
0.0,48,0.16654010960881463,0.003272824464029111,0.487977592976888,0.04765806387127261,0.8668333333333335,0.012884228084496692,0.13316666666666666,0.012884228084496692,102.16220601399739,0.6023564766445374
0.0,49,0.1625202176433441,0.0033305870903603883,0.4542662277221679,0.004902273334055774,0.8729666666666667,0.004841831609353373,0.12703333333333336,0.004841831609353373,102.93411763509114,0.6024364724016208
0.0,50,0.15976186880471863,0.004965202757075755,0.46654489455918474,0.04543867151150425,0.8735333333333334,0.0032883633213702675,0.12646666666666664,0.0032883633213702675,103.6925786336263,0.6006112063494995
0.0,51,0.1556438336153622,0.0027416897087663853,0.5035017784436543,0.026016322808660827,0.8659666666666667,0.003442867022313406,0.1340333333333333,0.003442867022313406,104.4467264811198,0.5980176157176588
0.0,52,0.15632225313277093,0.004663206459562515,0.43493677652676904,0.01711390844416811,0.8792666666666666,0.003920884254008655,0.12073333333333332,0.003920884254008655,105.20943450927734,0.5861301676069397
0.0,53,0.1516243584631908,0.0025461194945335976,0.4799357994476954,0.050557263068651756,0.8752666666666666,0.007305021104235974,0.12473333333333332,0.007305021104235974,105.94632975260417,0.5827403761729265
0.0,54,0.14987166339288585,0.007787030870461963,0.49733190058072413,0.08813081271247757,0.8702,0.013512586724976107,0.1298,0.013512586724976107,106.67268625895183,0.5608081529743422
0.0,55,0.14532994491326842,0.0012151000021599643,0.4514221728245418,0.0010183273619053534,0.8787333333333334,0.0023713568549110038,0.12126666666666668,0.0023713568549110038,107.38258870442708,0.5689463674221164
0.0,56,0.14447495420697604,0.004195389690820221,0.4579514976501465,0.018889681971882403,0.8765666666666666,0.0012858201014657124,0.12343333333333335,0.0012858201014657124,108.08992513020833,0.5594048089044867
0.0,57,0.1430520452400201,0.004300185658422861,0.46271573527654014,0.037170650715751805,0.8764666666666666,0.0034674678561355163,0.12353333333333334,0.0034674678561355163,108.79299926757812,0.5581387426898663
0.0,58,0.13842298680851323,0.006090635588296383,0.4883911865552266,0.04705540243542381,0.8733666666666666,0.007285830998131503,0.12663333333333335,0.007285830998131503,109.47362518310547,0.5479273989555291
0.0,59,0.136645315134007,0.0021107652316634273,0.47828903942108153,0.03897164696398719,0.8724333333333334,0.0076839659898605165,0.1275666666666667,0.0076839659898605165,110.15962473551433,0.5530339367639845
0.0,60,0.1345641449084291,0.006308639931455749,0.47724346154530844,0.036765440149068546,0.8774666666666667,0.004561067126598054,0.12253333333333334,0.0045610671265980535,110.84097544352214,0.5310489963863089
0.0,61,0.1325892883830109,0.0015418391895800423,0.4803767446200053,0.04993763540447044,0.8777333333333334,0.0038656607887052495,0.1222666666666667,0.0038656607887052495,111.5119120279948,0.5440938314042196
0.0,62,0.13099797582928685,0.005423442920279033,0.47677348511219025,0.04885733320231713,0.8766666666666668,0.009904712683027882,0.1233333333333333,0.009904712683027882,112.17740631103516,0.5259030512218514
0.0,63,0.12686593187313913,0.001817279418042553,0.49882089277903235,0.050696925927882955,0.8717,0.009182047701901806,0.1283,0.009182047701901808,112.82049560546875,0.5319032029629297
0.0,64,0.12544271140141003,0.006226569123408199,0.46631756345431014,0.0216022369949997,0.8812000000000001,0.0012999999999999678,0.11880000000000002,0.0012999999999999678,113.47036997477214,0.5132009885594154
0.0,65,0.12474347861564677,0.0066420342145560906,0.4732915135701497,0.03270347637956204,0.8809333333333335,0.007427202254774918,0.11906666666666665,0.007427202254774918,114.11314900716145,0.5072773387834012
0.0,66,0.12370936927931082,0.0045071541886975396,0.5001568945566813,0.04651797842098503,0.8771,0.006700000000000039,0.12290000000000001,0.006700000000000039,114.75116221110027,0.4952807763611209
0.0,67,0.12017644936090237,0.00564220819103245,0.5200850407759349,0.05665629864729359,0.8732000000000001,0.010359054010864134,0.1268,0.010359054010864134,115.38482920328777,0.47915870240898006
0.0,68,0.11839996741962351,0.0036682026759795013,0.4525658851782481,0.00633315027622245,0.8844333333333333,0.0035949038002891665,0.11556666666666666,0.0035949038002891665,116.00289154052734,0.4648319520750414
0.0,69,0.1154786405143251,0.0012192654799684456,0.48972814183235164,0.03790642219607885,0.8810333333333333,0.002950141239556701,0.11896666666666667,0.002950141239556701,116.61104329427083,0.46905196730046456
0.0,70,0.11273762428591572,0.0022786955326735124,0.4870285874843597,0.02501799029510469,0.8827333333333334,0.003971565602295042,0.11726666666666667,0.003971565602295042,117.20621236165364,0.4652728800648113
0.0,71,0.11288180379300217,0.00423547360012189,0.46826263168652854,0.015228177690460363,0.8831000000000001,0.0032449961479176334,0.1169,0.0032449961479176334,117.80499521891277,0.45612639048409437
0.0,72,0.11075232288492916,0.004082773732366796,0.5154327355623245,0.03385549704870164,0.8766333333333334,0.002750151510977748,0.12336666666666667,0.002750151510977748,118.39908091227214,0.45525597610932805
0.0,73,0.10936659051761195,0.0013718224540811043,0.49413040788571044,0.025105768241179938,0.8812666666666665,0.004619884558442286,0.11873333333333332,0.004619884558442286,118.99192301432292,0.4667778505887106
0.0,74,0.10735688272320554,0.001023761928600369,0.4878759998083115,0.05443733316668966,0.8844,0.004358898943540678,0.11560000000000004,0.004358898943540678,119.56975555419922,0.4676126398970259
0.0,75,0.1035011029656967,0.0016322302725642367,0.5174917929212253,0.0054770206177980185,0.8784666666666666,0.0014047538337137123,0.12153333333333331,0.0014047538337137126,120.14379374186198,0.47783765011949914
0.0,76,0.10415331682528528,0.0023917695293238623,0.5296045742829641,0.017896304209764954,0.8739666666666667,0.004479211240088285,0.12603333333333333,0.004479211240088285,120.71592203776042,0.4767340467942875
0.0,77,0.10389878790117386,0.0028096170936746235,0.5195040871779124,0.04021482188435432,0.8771999999999999,0.007731106001084221,0.12280000000000002,0.007731106001084221,121.28040822347005,0.4629737583017017
0.0,78,0.09943730328057376,0.002426255900286937,0.48328356887499496,0.03107421616939093,0.8845000000000001,0.0032186953878862172,0.1155,0.0032186953878862172,121.82613627115886,0.4534880698554339
0.0,79,0.10040198496438861,0.0015231420143850156,0.48500139600435893,0.025208165078364035,0.8841,0.006502307282803549,0.11589999999999996,0.006502307282803549,122.37641906738281,0.4588306908424711
0.0,80,0.09888168073275967,0.0035759729484904444,0.517469495677948,0.030675489761963205,0.8786666666666667,0.003234707611722132,0.12133333333333333,0.0032347076117221324,122.92358652750652,0.44166137654586857
0.0,81,0.09518958973076642,0.004728037622928503,0.4835613967816035,0.014698515617348924,0.8851999999999999,0.0011999999999999789,0.11480000000000001,0.0011999999999999789,123.4526138305664,0.4335916896746417
0.0,82,0.09701198571141673,0.0007947308423300988,0.5120414677063625,0.02326586236386201,0.882,0.001915724406066782,0.118,0.001915724406066782,123.99244435628255,0.4338668627699242
0.0,83,0.09312597808459074,0.0019766428799442384,0.4970972888469696,0.02341426839528345,0.8835666666666667,0.0009609023536933185,0.11643333333333332,0.0009609023536933185,124.51174418131511,0.4219200347233142
0.0,84,0.09245956142552876,0.0005301661994775548,0.5397804730256398,0.030976708840292713,0.8796333333333334,0.008467782078757903,0.12036666666666666,0.008467782078757903,125.03274281819661,0.41961725466142363
0.0,85,0.09142503937196624,0.003284270439958784,0.49337660005092615,0.022993063277774464,0.8871333333333333,0.0016653327995728917,0.11286666666666663,0.0016653327995728917,125.55317687988281,0.4122582633885809
0.0,86,0.09286041359932425,0.004246094480939444,0.541224372514089,0.061764068069132046,0.8762,0.007217340230306461,0.12379999999999998,0.007217340230306461,126.08048502604167,0.3852512288161691
0.0,87,0.0886052182279305,0.0028473256673578556,0.5144946120779962,0.03763918657647461,0.8812666666666668,0.004233595792388934,0.11873333333333332,0.004233595792388934,126.58935546875,0.38350378123323536
0.0,88,0.08997473117989907,0.0007321700048724015,0.5897911227544149,0.0060787696153973185,0.8719333333333333,0.002059935274064044,0.12806666666666666,0.002059935274064044,127.10251363118489,0.3803163285438295
0.0,89,0.0873327497646962,0.0038569389855590257,0.5167306020637353,0.030692139789589148,0.8848333333333334,0.003247049943153527,0.11516666666666668,0.003247049943153527,127.59899648030598,0.3590512583221775
0.0,90,0.08592623423305416,0.0036100980201134087,0.5326931655248006,0.03610944063904794,0.8830333333333332,0.0029263173671584494,0.11696666666666666,0.002926317367158449,128.0897216796875,0.344633344779506
0.0,91,0.0845956656810306,0.0025934998592917974,0.5038447814911603,0.025372163633069173,0.8854666666666667,0.0011930353445448812,0.11453333333333333,0.0011930353445448812,128.57620747884116,0.3479483217828627
0.0,92,0.08494775005650389,0.002353469910629041,0.5052724639892578,0.029682811182377637,0.8851,0.002455605831561756,0.1149,0.002455605831561756,129.0629679361979,0.3361837309220837
0.0,93,0.08248152959621802,0.0018444303541796762,0.5171854638670882,0.020224022732444065,0.8836333333333334,0.004052571200279315,0.11636666666666669,0.004052571200279315,129.5407511393229,0.33042870909585875
0.0,94,0.08262257551169379,0.002408257171143842,0.49783655509948727,0.027850040639360155,0.8887333333333333,0.0058943475748664135,0.11126666666666667,0.0058943475748664135,130.01268513997397,0.33718808727887933
0.0,95,0.08010617679958403,0.0013732959242944071,0.5211053141037624,0.01016424689878886,0.8836333333333334,0.002514623895005637,0.11636666666666666,0.002514623895005637,130.4712931315104,0.3436415113449359
0.0,96,0.07590499561429277,0.0012392332334427113,0.5302971504688263,0.045121983743190604,0.8863333333333333,0.003914502948438481,0.11366666666666665,0.003914502948438482,130.91238911946616,0.3346489230694511
0.0,97,0.07746265827577309,0.0013856676958874786,0.502325908668836,0.043005259809579276,0.8862,0.005583009940883146,0.11380000000000001,0.005583009940883146,131.3671875,0.3394871706592453
0.0,98,0.07793878135807297,0.0015510968188282444,0.5335633977810542,0.03692851329169535,0.8849,0.0030265491900843336,0.11510000000000002,0.0030265491900843336,131.8341267903646,0.3315576486656937
0.0,99,0.07841870619360443,0.0017895891086639876,0.5198226540168127,0.03922336647960152,0.8869333333333334,0.0034004901607464525,0.11306666666666669,0.003400490160746452,132.29171244303384,0.3222253732156034
0.0,100,0.07821415611507034,0.0027278298546959696,0.510528333162268,0.004027299082143629,0.8867666666666668,0.00030550504633040416,0.11323333333333334,0.0003055050463304041,132.74698893229166,0.3027768967873022
1e-05,1,1.6722975974395962,0.06933239896632513,1.581459684499105,0.2731202514098935,0.47126666666666667,0.06283966369525966,0.5287333333333334,0.06283966369525969,40.87957000732422,0.37097596486209694
1e-05,2,1.171299609229388,0.0769040614185889,1.1659369046529133,0.11134424152578999,0.5975666666666667,0.038551826588805564,0.40243333333333337,0.038551826588805564,43.79715092976888,0.5223682190432137
1e-05,3,0.9425335411118932,0.04853995663078972,1.0478150497436522,0.1359514497494779,0.6435,0.035384883778246314,0.35650000000000004,0.035384883778246314,46.43422826131185,0.5094189710141984
1e-05,4,0.8025492521960412,0.0353358786839047,1.010266475168864,0.30041351952670803,0.6797333333333334,0.06660062562268718,0.32026666666666664,0.06660062562268718,48.879835764567055,0.4628311443776465
1e-05,5,0.7041315592107668,0.024229420265601716,0.7859130613644917,0.020937673854418904,0.7325666666666667,0.006583565396753751,0.2674333333333333,0.006583565396753751,51.12692515055338,0.43783661626170484
1e-05,6,0.6365143274864576,0.01839699554076997,0.7590555177370707,0.06268956479276505,0.7502666666666666,0.023023973013651042,0.24973333333333333,0.023023973013651042,53.16121292114258,0.4249603237645445
1e-05,7,0.5815853644464124,0.014921334949108984,0.7090794164021811,0.04798636159636556,0.7662666666666667,0.008020806277010597,0.23373333333333335,0.008020806277010597,54.995670318603516,0.4313023536150006
1e-05,8,0.5416511440012868,0.014056499863723402,0.7506195977846781,0.06913214799810442,0.7611666666666667,0.01150014492662302,0.23883333333333334,0.01150014492662302,56.71167755126953,0.40636882323399887
1e-05,9,0.5124995825083359,0.009376604905817846,0.7007551373163858,0.10707935607984205,0.7757000000000001,0.02890051902648115,0.22430000000000003,0.028900519026481147,58.3457285563151,0.38358675289817296
1e-05,10,0.48854642163863676,0.013330984179132878,0.6107619181950886,0.08969674094654118,0.7968999999999999,0.02186938499363895,0.20309999999999997,0.021869384993638954,59.87772750854492,0.3556106959724387
1e-05,11,0.4624098885140659,0.010008254810698737,0.5971453398227692,0.06194451831763192,0.8041666666666667,0.0192458653568327,0.19583333333333333,0.0192458653568327,61.352073669433594,0.3715980096702827
1e-05,12,0.4400636166308745,0.006735882376398322,0.5618899997711181,0.03424057170083009,0.8142333333333335,0.008796211305632254,0.18576666666666666,0.008796211305632254,62.726165771484375,0.39485356849365155
1e-05,13,0.42308812708501015,0.008810778123771313,0.5565345575094223,0.052055004369059174,0.8190333333333334,0.015610680104765861,0.1809666666666667,0.015610680104765863,64.03945541381836,0.36282109048321715
1e-05,14,0.40517385879440987,0.010293292051664732,0.5846639238675436,0.10045779983803378,0.8128333333333333,0.027460941960051815,0.1871666666666667,0.027460941960051815,65.30316162109375,0.3571347274623996
1e-05,15,0.39027442534764606,0.009045888830211828,0.5122526545524597,0.03607540463359391,0.8342333333333333,0.011842860014934476,0.16576666666666665,0.011842860014934476,66.52196502685547,0.3588591303082568
1e-05,16,0.37421189844354236,0.007154695219668787,0.4821134195486705,0.01274941939864495,0.8434333333333334,0.006615386106141763,0.15656666666666666,0.006615386106141763,67.70352935791016,0.337709163594204
1e-05,17,0.3642896482274762,0.00827138284241392,0.5291344121774039,0.05233214339774035,0.8309666666666665,0.010050041459284304,0.16903333333333337,0.010050041459284304,68.85412851969402,0.31495902288806815
1e-05,18,0.35187750970920945,0.009164364646491507,0.4906119546095531,0.017841048399556917,0.842,0.006194352266379425,0.15800000000000003,0.006194352266379425,69.96986389160156,0.2974428972099748
1e-05,19,0.34112423618990234,0.007166071015236151,0.5487067551612854,0.045052488417416416,0.8280666666666666,0.009174057626444966,0.17193333333333335,0.009174057626444966,71.05349222819011,0.2986667028318319
1e-05,20,0.333585585855767,0.004410415756712723,0.4884862696965535,0.0530411953238915,0.8429333333333334,0.016363781144140686,0.15706666666666666,0.016363781144140686,72.11505126953125,0.2945411990210893
1e-05,21,0.320519432730382,0.009667776285553847,0.5041654907862346,0.02408501347537909,0.8443,0.003659234892706415,0.15569999999999998,0.003659234892706415,73.13185119628906,0.3046608946299804
1e-05,22,0.31185021943143565,0.007070765562965518,0.47888669951756796,0.05062569195707757,0.8461666666666666,0.013124150766176583,0.1538333333333333,0.013124150766176585,74.12297821044922,0.3198356925748044
1e-05,23,0.3045449625805516,0.005562184744385525,0.44251677521069843,0.013800514602142872,0.8561666666666666,0.003178574103797704,0.14383333333333334,0.003178574103797704,75.09500885009766,0.31685124347388277
1e-05,24,0.2951684872487215,0.0048534794133206745,0.49703109464645384,0.0136765126279998,0.8445666666666667,0.001950213663508025,0.15543333333333334,0.0019502136635080247,76.03314717610677,0.30858311928448423
1e-05,25,0.2902761333306834,0.005044474762827538,0.4981868902683258,0.011760878656984847,0.8463666666666666,0.0012897028081435215,0.15363333333333332,0.0012897028081435217,76.96078745524089,0.2970360415334916
1e-05,26,0.2849881401934994,0.003225767799900772,0.48578086756070454,0.012901858834969002,0.85,0.0025709920264364986,0.15000000000000002,0.0025709920264364986,77.86366271972656,0.29528186195440626
1e-05,27,0.2731590800158813,0.008237010120824466,0.48042252926826484,0.03007321385097636,0.8517666666666667,0.00878995638972878,0.14823333333333336,0.00878995638972878,78.71329498291016,0.2704081914593742
1e-05,28,0.2677452967637945,0.0033324450741050427,0.4645819465637207,0.04845675022572987,0.8557,0.01285729364990941,0.1443,0.01285729364990941,79.5679194132487,0.2709761631928074
1e-05,29,0.26225515583312525,0.007697857351859469,0.4593100425322851,0.031136930102507177,0.8583999999999999,0.007454528824815166,0.14160000000000003,0.007454528824815166,80.40534973144531,0.24305924345262267
1e-05,30,0.25351751518879606,0.004638921703042385,0.45882029202779134,0.005712131621692107,0.8607,0.00407308237088323,0.1393,0.00407308237088323,81.22025299072266,0.24763599233083014
1e-05,31,0.24917928213277438,0.006409917189090191,0.4483893097082774,0.02648087260556817,0.86,0.008354040938372304,0.13999999999999999,0.008354040938372304,82.01376597086589,0.22242458430128706
1e-05,32,0.2469241684342386,0.009052406088953302,0.45947122631072995,0.06021832287896093,0.8627666666666666,0.015408547411528846,0.13723333333333335,0.015408547411528846,82.79239654541016,0.20135105573836437
1e-05,33,0.24075390091713741,0.003368238787625944,0.510665739997228,0.09668951516880481,0.8510333333333334,0.02277330308350839,0.14896666666666666,0.02277330308350839,83.56180063883464,0.20601067851780794
1e-05,34,0.23494654559138892,0.005516698246073928,0.43385084058443707,0.02823670984363365,0.8662000000000001,0.008681589716175272,0.13379999999999995,0.008681589716175272,84.32266743977864,0.21098573510875965
1e-05,35,0.2305386244348756,0.007552400504441514,0.4385896297772726,0.02407373490099394,0.8676333333333334,0.009487008660970676,0.13236666666666666,0.009487008660970676,85.05416361490886,0.19039502750526557
1e-05,36,0.22526667124170172,0.005053343838283624,0.4442107398192088,0.008938565819055094,0.8684999999999999,0.0007937253933193527,0.13150000000000003,0.0007937253933193527,85.78181711832683,0.21637762433350383
1e-05,37,0.22068653652049086,0.005514751344279537,0.4554440990447998,0.03413721157983637,0.8650666666666668,0.005918051481132374,0.13493333333333332,0.005918051481132374,86.4850565592448,0.21267601397397942
1e-05,38,0.21639723594333002,0.005772931110907883,0.4613662022431691,0.024068591024009586,0.8671333333333333,0.004852147290976804,0.1328666666666667,0.004852147290976804,87.17728932698567,0.18649948274824113
1e-05,39,0.21189241394565742,0.0051752421723368,0.43666555690765385,0.0009410883054052444,0.8666333333333333,0.007223111056417025,0.13336666666666666,0.007223111056417025,87.8562723795573,0.18602944105193664
1e-05,40,0.21014170475043703,0.004815130666303801,0.44694762563705454,0.0074899744866939715,0.8676333333333334,0.0008082903768654511,0.13236666666666666,0.0008082903768654511,88.52662404378255,0.185305785468979
1e-05,41,0.20464251626470306,0.0032773614343447645,0.45773802154858906,0.022861548556841485,0.8661333333333333,0.005185878260558523,0.1338666666666667,0.005185878260558523,89.18149312337239,0.18831824619167414
1e-05,42,0.20224424557663492,0.004308374780217417,0.46264665569464364,0.020847403879816286,0.8652333333333333,0.005575242894559217,0.1347666666666667,0.005575242894559217,89.80893198649089,0.1911201187845119
1e-05,43,0.1971122938488552,0.0056036424235747645,0.4850322761535644,0.037711863545258545,0.8591666666666667,0.005204164998665327,0.14083333333333334,0.005204164998665327,90.44242350260417,0.1883755463740864
1e-05,44,0.19485431297889452,0.0058164882893993195,0.43894125372568765,0.009358824231676346,0.8731333333333334,0.002768272626265975,0.12686666666666666,0.002768272626265975,91.06187947591145,0.18203246218517508
1e-05,45,0.1887373641920923,0.006289084008998971,0.4528604174137116,0.02432059636666484,0.8689,0.004521061822182937,0.1311,0.004521061822182937,91.65160115559895,0.16994583871645946
1e-05,46,0.18963149303645022,0.0073540543043526,0.44516044834454854,0.04634135476184122,0.8734999999999999,0.009550392662084588,0.12650000000000003,0.009550392662084588,92.24732716878255,0.16581244558378497
1e-05,47,0.1844709047576046,0.008509808384528802,0.4560671672026317,0.04799662417607436,0.8693666666666667,0.010327310072489004,0.1306333333333333,0.010327310072489004,92.82420857747395,0.15042845628969725
1e-05,48,0.1808410541036143,0.003146132075345863,0.44361789145469666,0.019841129796701256,0.8737666666666666,0.007642861593234105,0.12623333333333334,0.007642861593234104,93.40401458740234,0.15367278411844312
1e-05,49,0.17792677609702512,0.0037494264540480645,0.4468711908658345,0.0332264112474421,0.8725333333333335,0.004277070648625428,0.12746666666666664,0.004277070648625428,93.95570119222005,0.1561733580043277
1e-05,50,0.1744139504040141,0.003577785209623031,0.4348863615989685,0.022772554249772575,0.8778333333333334,0.007150058274820786,0.12216666666666665,0.007150058274820786,94.49928029378255,0.14469804682624482
1e-05,51,0.1713876203750558,0.005187437541749744,0.462882673072815,0.038640055435610776,0.8690000000000001,0.010872442227944925,0.13099999999999998,0.010872442227944925,95.03855641682942,0.12203259656312672
1e-05,52,0.17066103949799868,0.005597329615153407,0.4696990719954173,0.04088732675861418,0.8705000000000002,0.009868637190615556,0.12949999999999998,0.009868637190615556,95.60035705566406,0.13854969293531036
1e-05,53,0.16521205145544918,0.005007972080100007,0.4981821714599927,0.019990723435118818,0.8640333333333333,0.0023028967265887514,0.13596666666666668,0.0023028967265887514,96.11480204264323,0.16067898996947008
1e-05,54,0.16572039247588122,0.0030553211853162625,0.4697827428261439,0.01774527209908228,0.8704999999999999,0.003651027252705753,0.12950000000000003,0.003651027252705753,96.63565063476562,0.14969216147385056
1e-05,55,0.16263211227616794,0.003561201410874266,0.47604667284488683,0.02453952087442229,0.8724,0.007535914012248285,0.12759999999999996,0.007535914012248285,97.15539805094402,0.15878262105252433
1e-05,56,0.15973486912969537,0.005185410951988016,0.4776205533504487,0.04042996185648096,0.8679333333333333,0.010728622154467632,0.1320666666666667,0.010728622154467632,97.66347249348958,0.14293487000606914
1e-05,57,0.15669839260726534,0.003714784266492324,0.4482597199440003,0.04167782282037292,0.8779666666666667,0.007803418054502385,0.12203333333333333,0.007803418054502385,98.16158294677734,0.1486577982256431
1e-05,58,0.1563649829111847,0.0038023384750474334,0.4634736320177714,0.022609870044680437,0.8777,0.007907591289387705,0.1223,0.007907591289387705,98.62759399414062,0.12957133705936166
1e-05,59,0.15545283815008093,0.004817895231618303,0.46097123516400657,0.014221220132657749,0.8769,0.0018330302779823644,0.12310000000000003,0.0018330302779823644,99.11089579264323,0.13787898627416384
1e-05,60,0.1528101761659444,0.007670095914808567,0.495589338217179,0.031938391371762305,0.8664999999999999,0.008216446920658574,0.13350000000000004,0.008216446920658574,99.57503255208333,0.14091182499501634
1e-05,61,0.14963292637609663,0.0031701477262058345,0.44324828144709266,0.018496355717864756,0.8774333333333333,0.0017953644012660638,0.12256666666666667,0.001795364401266064,100.02885182698567,0.13158656070367403
1e-05,62,0.14541337475853908,0.004152971078292273,0.4649757793347041,0.050360517196619915,0.8735333333333334,0.009089737803332533,0.12646666666666664,0.009089737803332533,100.46118672688802,0.14075553491696705
1e-05,63,0.1426429807860325,0.00457767841165713,0.48495680818557735,0.0552742382776617,0.8743,0.010655045753069307,0.1257,0.010655045753069307,100.90154520670573,0.11774946645460496
1e-05,64,0.14590944030908876,0.0037050777180014025,0.4633673034667969,0.02146609474785809,0.8790999999999999,0.0009539392014169512,0.12090000000000001,0.0009539392014169512,101.36059824625652,0.10772800724300159
1e-05,65,0.14350128576845464,0.004338022910512862,0.43861755692164106,0.013659846343971889,0.8836333333333334,0.0019295940851208591,0.11636666666666666,0.0019295940851208591,101.79379781087239,0.1289410590035124
1e-05,66,0.14035043936899252,0.007951739802877549,0.45598768752415975,0.003173938001155018,0.8784666666666666,0.0032929217016706143,0.12153333333333331,0.0032929217016706143,102.20711008707683,0.13124600658179023
1e-05,67,0.13765960929396057,0.0029290467503711036,0.5184935857295989,0.025668644396339958,0.8673333333333333,0.00679288843816334,0.13266666666666668,0.006792888438163341,102.61594136555989,0.12293393820261879
1e-05,68,0.14009339355872363,0.004267288155664517,0.47881195344924926,0.02201323011840934,0.8749666666666666,0.0052624455658309,0.12503333333333333,0.0052624455658309,103.04198964436848,0.13641543596890382
1e-05,69,0.13325992917351406,0.003751525539741741,0.46373064368565875,0.02475793922898319,0.8794333333333334,0.004907477288111791,0.12056666666666664,0.004907477288111792,103.43639628092448,0.15390567541418596
1e-05,70,0.13175493116408765,0.0022229559542104606,0.5124461262226104,0.04344521683804949,0.8697333333333334,0.00829718827876848,0.13026666666666667,0.00829718827876848,103.8209966023763,0.15749901367968974
1e-05,71,0.13350395724901457,0.0034345484627287953,0.45829021458625796,0.025140880072217358,0.8774000000000001,0.0046861498055440235,0.1226,0.0046861498055440235,104.20004018147786,0.16322849596123395
1e-05,72,0.12658079182578272,0.004591611764506619,0.46214017936388646,0.01096547327030959,0.8823666666666666,0.0008020806277010337,0.11763333333333333,0.0008020806277010337,104.55963134765625,0.1750275538763242
1e-05,73,0.1294495011191539,0.003870206165401815,0.47102063078880313,0.058958036692462856,0.8814000000000001,0.008507055894961554,0.11859999999999997,0.008507055894961554,104.93232981363933,0.16428855831450062
1e-05,74,0.12613676105707708,0.0019500356483557926,0.44990902849833164,0.029009083168386563,0.8830333333333332,0.00603434613966861,0.11696666666666666,0.00603434613966861,105.29048665364583,0.14962116360544264
1e-05,75,0.12307301202101373,0.004431860270549325,0.4901109900474549,0.014080786829242254,0.8765000000000001,0.0034073450074801454,0.12350000000000001,0.0034073450074801454,105.63554128011067,0.15024330350251916
1e-05,76,0.12483197265643649,0.0010505270276510552,0.5142452314376831,0.07528134023776344,0.8744333333333333,0.012703280416228485,0.1255666666666667,0.012703280416228485,106.00611623128255,0.15078509917816532
1e-05,77,0.12599991916663764,0.004981260217697828,0.5337947832902272,0.14117918496013895,0.8701333333333334,0.022343082449235437,0.12986666666666666,0.022343082449235437,106.37945556640625,0.1768611797043131
1e-05,78,0.12053034198132978,0.003063052103328604,0.47805190003315606,0.005043158411431158,0.8805333333333333,0.0018036999011291272,0.11946666666666668,0.0018036999011291272,106.72448984781902,0.1717030430277539
1e-05,79,0.1217182528081478,0.004446699400299346,0.49473197307586675,0.028156211088874068,0.8780999999999999,0.004687216658103152,0.12190000000000001,0.004687216658103152,107.06255594889323,0.18207136834554297
1e-05,80,0.11932208928623367,0.004509105482664831,0.49144739470481874,0.0019686724642245675,0.8768333333333334,0.002059935274064044,0.12316666666666665,0.002059935274064044,107.39424896240234,0.1901352262462861
1e-05,81,0.11781244072507358,0.004340037626039897,0.502566739988327,0.020188617146767247,0.8733999999999998,0.0018999999999999573,0.12660000000000002,0.0018999999999999573,107.70987447102864,0.18863392122196548
1e-05,82,0.11754327960064649,0.0026438934292154067,0.4941627103328705,0.02119003415268906,0.8770666666666666,0.0018556220879622544,0.12293333333333334,0.0018556220879622544,108.03387196858723,0.18562447975616744
1e-05,83,0.11427499153647329,0.004246785269402496,0.4740297685861587,0.013981268748496822,0.8834,0.0033719430600174885,0.1166,0.0033719430600174885,108.33445739746094,0.20606833750023715
1e-05,84,0.11256467122886289,0.0021782980595031393,0.496917636791865,0.03524940602195257,0.8741666666666666,0.0072569506911190325,0.12583333333333335,0.0072569506911190325,108.64039357503255,0.21140170543010822
1e-05,85,0.11238779751179012,0.004374279363227066,0.47099692743619287,0.028081159098080306,0.8821,0.006486139067272589,0.1179,0.006486139067272589,108.93798065185547,0.20644443398656842
1e-05,86,0.11123987151673485,0.0023136044253217317,0.493318861635526,0.045622745431750815,0.8774333333333334,0.010251016209787847,0.12256666666666664,0.010251016209787847,109.23561350504558,0.2100783986131445
1e-05,87,0.11233546673768824,0.0017271759628996225,0.4768187988122305,0.02687718675749884,0.8828333333333332,0.0035921210076128233,0.11716666666666664,0.0035921210076128233,109.52999114990234,0.20194444176546936
1e-05,88,0.10614196811814595,0.0035128736742618427,0.5230844029108683,0.02451439490168418,0.8763000000000001,0.0024248711305964177,0.12369999999999996,0.0024248711305964172,109.78730773925781,0.20827696111748886
1e-05,89,0.10572670514791416,0.0023829722168444783,0.4818150954325994,0.012354810657189304,0.8855333333333334,0.005688878038184139,0.11446666666666667,0.005688878038184139,110.05900065104167,0.20520762917598806
1e-05,90,0.10271985828241322,0.0023036749132317024,0.4839787907282512,0.011141144590951437,0.8834666666666666,0.0011015141094572268,0.11653333333333334,0.0011015141094572268,110.31629180908203,0.20358178755077722
1e-05,91,0.1075144873952647,0.0011807220509199195,0.4954760023117066,0.041091445081160326,0.8794,0.011635720862928967,0.1206,0.011635720862928968,110.60412343343098,0.19772456421414097
1e-05,92,0.10169334890986241,0.0039646311804224085,0.5100152610460916,0.0674694548008793,0.8799333333333333,0.009728480525412643,0.12006666666666665,0.009728480525412643,110.85984293619792,0.20822826648994638
1e-05,93,0.10407066420562254,0.0032678765237102287,0.4931849129358927,0.007938306418615306,0.8822000000000001,0.0006928203230276028,0.11779999999999997,0.0006928203230276027,111.1263427734375,0.22723870819185887
1e-05,94,0.10462084152312585,0.0025014014183847087,0.5051387283007304,0.02787737829111035,0.8818999999999999,0.008179853299418031,0.11810000000000002,0.008179853299418031,111.3865458170573,0.22999874631741796
1e-05,95,0.10046132332395258,0.001732664035625465,0.5093865621328354,0.032224931714917894,0.8804666666666666,0.00366651514838456,0.11953333333333334,0.00366651514838456,111.64219665527344,0.2331017099114592
1e-05,96,0.09868739101835682,0.001715524803362879,0.5187229311784108,0.06022465718018448,0.8828,0.01047902667235846,0.11719999999999997,0.01047902667235846,111.87149810791016,0.2335320185473022
1e-05,97,0.10067715919961658,0.005077590418673404,0.4799080190340678,0.009211429458814547,0.8858666666666667,0.0035529330606322014,0.11413333333333335,0.0035529330606322014,112.10982767740886,0.24669092546775698
1e-05,98,0.09746460182606564,0.0024134116657252755,0.5256312168916066,0.03327493890737324,0.8793000000000001,0.005211525688318138,0.12069999999999999,0.005211525688318138,112.34022267659505,0.2440234772639056
1e-05,99,0.09817502616832426,0.00521174052478911,0.48995570678710937,0.04891136935188414,0.8849333333333332,0.0065125519831578625,0.11506666666666669,0.0065125519831578625,112.57196807861328,0.2827527270152832
1e-05,100,0.09927641069048099,0.004187312544457668,0.5029634131411712,0.015131725198110664,0.8797333333333333,0.0024785748593361546,0.12026666666666667,0.0024785748593361546,112.80727895100911,0.2740298855053055
0.0001,1,1.663039632363901,0.08515785102733404,1.560762074724833,0.23133114678204644,0.47323333333333334,0.05792601603194662,0.5267666666666666,0.05792601603194661,39.64065933227539,0.4926976637469014
0.0001,2,1.158973013501033,0.08905443455212456,1.3090470167795816,0.15491948702943922,0.5601666666666666,0.053390760748778715,0.43983333333333335,0.053390760748778715,41.409689585367836,0.6206977524396647
0.0001,3,0.9144964285213929,0.050037150224221935,1.0605192491849262,0.09905126831421333,0.6321,0.03365724290550255,0.36789999999999995,0.03365724290550255,43.0434455871582,0.6363171502417606
0.0001,4,0.7764111106353037,0.03183964397754947,0.8120959267934164,0.039915958772626776,0.7234333333333334,0.01667253230116326,0.2765666666666667,0.01667253230116326,44.44784164428711,0.5913896674526938
0.0001,5,0.6854583980533068,0.01758076562845496,0.7377857474009195,0.07130051448663266,0.7499333333333333,0.021969600208773348,0.2500666666666667,0.02196960020877335,45.60402806599935,0.5761183752806899
0.0001,6,0.627354836829788,0.00969926690543137,0.7307751426060994,0.07530874725001435,0.7540666666666667,0.026382822694574114,0.24593333333333334,0.026382822694574114,46.57573699951172,0.5718556105281974
0.0001,7,0.579220031457179,0.0059911226057275955,0.7211269907315572,0.009494450710168502,0.7617333333333334,0.005200320502943371,0.23826666666666665,0.00520032050294337,47.41507085164388,0.5759327027548694
0.0001,8,0.545126913097915,0.011451949934194456,0.6561505293846129,0.04312313446227478,0.7820333333333332,0.013505677818359731,0.21796666666666667,0.013505677818359731,48.16818110148112,0.5269337246147404
0.0001,9,0.5161776075430233,0.011487194411746948,0.6281903450965881,0.044299279935546804,0.7946333333333332,0.010100165015153628,0.2053666666666667,0.010100165015153628,48.84864044189453,0.510580388426623
0.0001,10,0.4961563759346041,0.008714151478525408,0.6657509702841441,0.10876185656012619,0.7827333333333334,0.03082926099233217,0.21726666666666664,0.03082926099233217,49.447547912597656,0.48485120081966526
0.0001,11,0.4741363550924584,0.004498018023132607,0.6062663162708283,0.06191256533878222,0.801,0.017394251924127132,0.19899999999999998,0.017394251924127132,50.00142288208008,0.48828012467791104
0.0001,12,0.4550386671697799,0.0072158412137588125,0.5619097244103749,0.02551649730268078,0.8139333333333333,0.0030287511177601693,0.18606666666666669,0.0030287511177601693,50.48028310139974,0.49402469141419975
0.0001,13,0.43954303705682135,0.006270060721917628,0.6776725241343181,0.07813416576847926,0.7835666666666666,0.01907074548446738,0.21643333333333334,0.01907074548446738,50.94919204711914,0.43381793876082636
0.0001,14,0.42440496886884266,0.004705274030257835,0.5412919108072917,0.06547219828662958,0.8194333333333333,0.022310162109077835,0.18056666666666665,0.022310162109077835,51.382895151774086,0.43205257559813254
0.0001,15,0.4132202440922014,0.00419741739446095,0.5263875691890717,0.01733115792010681,0.8297333333333333,0.007358215363342782,0.17026666666666668,0.007358215363342782,51.77875773111979,0.4083953559854877
0.0001,16,0.402094733544831,0.0062613627306412675,0.5751041160583495,0.021847144651455427,0.8116,0.006993568473962354,0.18839999999999998,0.006993568473962354,52.15609232584635,0.34389490749240975
0.0001,17,0.39079957392514514,0.00553664680725158,0.5829751202265422,0.06178243521289518,0.8126333333333333,0.015421197532401086,0.1873666666666667,0.015421197532401088,52.54025904337565,0.32896476560333404
0.0001,18,0.38083462537808593,0.0037345984374786596,0.5278934196949006,0.02232306617556041,0.8273333333333334,0.005186842327788007,0.17266666666666666,0.005186842327788007,52.87369155883789,0.31518867347168944
0.0001,19,0.372333464936019,0.005541038731088541,0.5582331545829773,0.02440942031405699,0.8203333333333335,0.005179124765183183,0.17966666666666667,0.005179124765183183,53.17327626546224,0.3154347570911094
0.0001,20,0.3679479927535964,0.007499968928404943,0.5970182249704997,0.08091853141254862,0.8100999999999999,0.025486466997212465,0.18990000000000004,0.025486466997212465,53.48920694986979,0.2556864165001341
0.0001,21,0.35854934718704384,0.004676505984146552,0.5031107885042826,0.051955688083479966,0.8355666666666667,0.01733705088339232,0.16443333333333335,0.01733705088339232,53.77570724487305,0.26016463930350814
0.0001,22,0.35023448204038904,0.005332168164993409,0.5223047712008159,0.0825771442414554,0.8301333333333334,0.02220367837393918,0.16986666666666664,0.02220367837393918,54.02865854899088,0.24156401031096936
0.0001,23,0.3455687425808325,0.004430752053809732,0.49763300468126936,0.017812175186348197,0.8376666666666667,0.004860384072615376,0.1623333333333333,0.004860384072615376,54.28792953491211,0.21785548040172611
0.0001,24,0.34029420153360945,0.003533879940688927,0.5790238062699635,0.002202255866234308,0.8208333333333333,0.0012342339054382746,0.17916666666666667,0.0012342339054382746,54.528029123942055,0.20749399786596495
0.0001,25,0.33706996430470615,0.004824937259854544,0.5034713986714681,0.046784195527740366,0.8414,0.008207313811473263,0.1586,0.008207313811473263,54.75352986653646,0.22503391002258025
0.0001,26,0.3294034767689506,0.004347717615194544,0.543336985429128,0.028236349585352784,0.8327666666666667,0.006528654787422402,0.16723333333333334,0.006528654787422402,54.9544423421224,0.21864621022134975
0.0001,27,0.32227307605062505,0.002975787300656966,0.5132920569419861,0.03793342063811866,0.835,0.012652667702899648,0.165,0.01265266770289965,55.143778483072914,0.23929272034322419
0.0001,28,0.3221774952960949,0.0071003963862022595,0.5379494563142458,0.05269830717606285,0.8298,0.010923369443537083,0.1702,0.010923369443537083,55.32490921020508,0.23657437413760152
0.0001,29,0.31378395520055385,0.0041629777060947035,0.5353470937728882,0.03946375676301239,0.8317333333333333,0.011508402727282955,0.16826666666666665,0.011508402727282955,55.514703114827476,0.2125558121045223
0.0001,30,0.31188993594225717,0.005463326863365524,0.4721453595161438,0.04616056586765524,0.8491,0.012428596059088876,0.15090000000000003,0.012428596059088876,55.691549936930336,0.19932880373179088
0.0001,31,0.30481863686876837,0.0010569300263902617,0.5106709717909496,0.01614981693316847,0.8394666666666667,0.004301550108197457,0.16053333333333333,0.004301550108197457,55.861062367757164,0.19603533655069144
0.0001,32,0.3053748214463342,0.005049239508704756,0.4681754141171773,0.030886618133344777,0.8521666666666666,0.005706429122781943,0.14783333333333334,0.005706429122781943,56.037620544433594,0.1794998557250756
0.0001,33,0.29943266662134643,0.006867295781519133,0.45172076865434646,0.057983352498368015,0.8548666666666667,0.016164879626317425,0.14513333333333334,0.016164879626317425,56.198909759521484,0.18055859258735674
0.0001,34,0.2967939865914351,0.0025560572528168343,0.4827445264657338,0.035367394949135725,0.8459,0.012744802862343585,0.15410000000000001,0.012744802862343585,56.365247090657554,0.1943340790142957
0.0001,35,0.295871721547278,0.0022231165209032917,0.5088221877574921,0.06344098066728314,0.8399000000000001,0.015878601953572588,0.16010000000000002,0.015878601953572588,56.53030649820963,0.18404915897520524
0.0001,36,0.2878157004510757,0.00504868685273546,0.47981392879486084,0.04345101941551544,0.8485999999999999,0.014356531614564823,0.1514,0.014356531614564823,56.67183303833008,0.14354325030180667
0.0001,37,0.287954932270859,0.0026908787142725216,0.5583545742034912,0.008231237583206555,0.8279666666666667,0.00441172679722273,0.17203333333333334,0.00441172679722273,56.79188791910807,0.13598137016592352
0.0001,38,0.28746247931184266,0.0015955276880032377,0.5284215143839518,0.11632427477245155,0.8379,0.031172263312117723,0.1621,0.031172263312117723,56.93729909261068,0.13835087573034832
0.0001,39,0.2822484709671798,0.005057938231439503,0.44847069176038107,0.059944422858112745,0.8558333333333333,0.01455002863685609,0.14416666666666667,0.01455002863685609,57.089193979899086,0.18255499732656397
0.0001,40,0.2811786628313178,0.00567820575779511,0.5088870376586914,0.042276381791342806,0.8439,0.009592184318495931,0.15610000000000002,0.009592184318495931,57.213033040364586,0.17413446396977264
0.0001,41,0.2789693396516265,0.0014075012910439333,0.4699731547673543,0.02923414539703346,0.8492666666666665,0.005600297611139364,0.15073333333333336,0.005600297611139364,57.291760762532554,0.1897808344213091
0.0001,42,0.27649620454837803,0.005679694144865277,0.45002395148277285,0.05596882680020467,0.8587333333333333,0.014121378591813678,0.14126666666666665,0.014121378591813678,57.409698486328125,0.23475338038413027
0.0001,43,0.2748372923306492,0.002427961939038245,0.4655806199709574,0.026482081254514286,0.8557333333333332,0.006664332924857015,0.14426666666666665,0.006664332924857015,57.492104848225914,0.20518202510230207
0.0001,44,0.27340005583368804,0.0017815484126142767,0.4782873040040334,0.051899665590606374,0.8473666666666667,0.013974739115036553,0.15263333333333332,0.013974739115036555,57.587755839029946,0.21049210048776268
0.0001,45,0.26988387637583494,0.0032825825443649577,0.48520410830179855,0.062475042752021065,0.8453666666666666,0.01631083484476908,0.15463333333333337,0.016310834844769084,57.719075520833336,0.2369509767280919
0.0001,46,0.2716712351612118,0.0031609477668170156,0.48638891126314804,0.0790804902931882,0.8501666666666666,0.01509315518151629,0.14983333333333335,0.015093155181516289,57.85995356241862,0.20214462839377467
0.0001,47,0.26748324256749206,0.0017154599485398033,0.44564107399781544,0.06202420558904596,0.8561,0.021121789696898294,0.1439,0.021121789696898294,57.95810572306315,0.18676521797392664
0.0001,48,0.2645378291022544,0.003962479892099621,0.48632947273254395,0.06785993683234842,0.8484333333333334,0.01945619010323796,0.15156666666666666,0.01945619010323796,58.03991572062174,0.20690790658229055
0.0001,49,0.2627620221721445,0.0018988318315739793,0.45528969741662345,0.03678363759965545,0.8563000000000001,0.01030582359639444,0.14369999999999997,0.01030582359639444,58.106302897135414,0.20922941241680487
0.0001,50,0.26052311705607994,0.003936169140934122,0.4797699726422628,0.037169164556220505,0.8505333333333334,0.01060204382811793,0.14946666666666664,0.01060204382811793,58.1995849609375,0.20939375780483527
0.0001,51,0.2583683612363418,0.0028996793771561935,0.5841572765906652,0.15944090706290914,0.8263666666666666,0.03561198300198025,0.17363333333333333,0.03561198300198025,58.30510711669922,0.17781501100345873
0.0001,52,0.26220131239902233,0.006867612675102949,0.47019490060806274,0.028336416411541755,0.8523666666666667,0.006903863652574045,0.1476333333333333,0.006903863652574045,58.400099436442055,0.18056543162653907
0.0001,53,0.2564971245958677,0.0013303572328389847,0.5299987999359766,0.05075557282851892,0.8435333333333332,0.0039004273270160108,0.15646666666666667,0.0039004273270160108,58.481615702311196,0.1696705503337971
0.0001,54,0.2568771786930616,0.0033897061921393102,0.46777593959172564,0.06761712234392903,0.8521666666666666,0.01455002863685608,0.14783333333333334,0.01455002863685608,58.53883616129557,0.15435996146314138
0.0001,55,0.25267578196495083,0.004250740428687883,0.47306830042203263,0.05582616814343216,0.8515666666666667,0.01769076972133585,0.14843333333333333,0.01769076972133585,58.59853871663412,0.164203222197951
0.0001,56,0.2551697528804355,0.004077624689145404,0.5225096330960591,0.019123930927325217,0.8411,0.00720000000000004,0.1589,0.00720000000000004,58.69078699747721,0.17618058488401248
0.0001,57,0.25287260470208406,0.004317916190568987,0.5544485526243846,0.033551399445290495,0.8354666666666667,0.009603298044595636,0.16453333333333334,0.009603298044595636,58.778943379720054,0.1678214061667143
0.0001,58,0.25045105813028257,0.001537643991369035,0.40939025273422397,0.013539826251638135,0.8719666666666667,0.0027574142476845024,0.12803333333333333,0.0027574142476845024,58.83287811279297,0.16919027989014865
0.0001,59,0.24870295142985163,0.0020808087228784576,0.4763063939412435,0.05374224825791206,0.8493999999999998,0.01221965629631209,0.15060000000000004,0.01221965629631209,58.8861198425293,0.1982042514229145
0.0001,60,0.2521338734683682,0.0021437485941390787,0.4589464738766353,0.02887603721779589,0.8554666666666666,0.009135826910210884,0.14453333333333332,0.009135826910210884,58.97949473063151,0.15455538600081667
0.0001,61,0.24795343342593665,0.005757492962424123,0.47792923437754314,0.039434918253173724,0.8548,0.009761659694949413,0.14519999999999997,0.009761659694949411,59.03774770100912,0.19028899914767988
0.0001,62,0.2487283456444944,0.004780746374992145,0.4837465518951416,0.06864871676277123,0.8492666666666667,0.02111334491105884,0.1507333333333333,0.02111334491105884,59.103790283203125,0.15315287500562258
0.0001,63,0.24348723452668464,0.003385578440289775,0.4723047096093496,0.07957594418208357,0.8557666666666667,0.015083876601634369,0.14423333333333332,0.015083876601634369,59.11075337727865,0.12952723818599254
0.0001,64,0.24594000991805434,0.0038875062692145627,0.46780771775245666,0.007081677802064729,0.8564666666666666,0.0030171730698343243,0.14353333333333332,0.003017173069834324,59.1803830464681,0.16402168074499218
0.0001,65,0.24398848584647478,0.001991989490127621,0.46799154739379883,0.04276406373579455,0.8553999999999999,0.014158742882049925,0.14460000000000003,0.014158742882049926,59.239654541015625,0.16155571295813625
0.0001,66,0.24281193263263448,0.002034441547437592,0.4821754040241242,0.05179276046864302,0.8566666666666666,0.011943757086165683,0.14333333333333334,0.011943757086165683,59.290897369384766,0.1747018381906088
0.0001,67,0.23927251811044803,0.0009445502710259691,0.47095860211451845,0.06448816605378456,0.8546666666666667,0.013715805967325889,0.14533333333333334,0.013715805967325889,59.32899475097656,0.1742325917785788
0.0001,68,0.2401168716456884,0.005304369094832282,0.4384357508659363,0.041182739645510814,0.8649333333333334,0.018258240148856974,0.13506666666666664,0.01825824014885697,59.3637949625651,0.1818618644120843
0.0001,69,0.2407408129909764,0.0030367151494073564,0.4458870697339376,0.01857471700472353,0.8614333333333333,0.0024664414311581073,0.13856666666666664,0.0024664414311581073,59.444906870524086,0.1889735302855819
0.0001,70,0.23927650594320038,0.0032876822641605815,0.46331918373107905,0.060482807611535995,0.8570666666666668,0.016836369363177235,0.14293333333333333,0.016836369363177235,59.47717793782552,0.16740143351549783
0.0001,71,0.2399353206996113,0.001571759520534485,0.44337537495295204,0.039300964673514856,0.8639333333333333,0.01173726259965811,0.13606666666666667,0.01173726259965811,59.550421396891274,0.1521494881474714
0.0001,72,0.2352375854870649,0.0018546651409306774,0.44607804252306615,0.03961578819830128,0.8607333333333332,0.012254522974531995,0.13926666666666668,0.012254522974531994,59.54544576009115,0.1461262014721897
0.0001,73,0.23730431970936153,0.006554824096735039,0.48232443499565125,0.06716040852409627,0.8562333333333334,0.014443106775667547,0.14376666666666663,0.014443106775667547,59.571879069010414,0.18036256503750456
0.0001,74,0.2348060737104367,0.0034336319695449967,0.48342381089528397,0.040668702033618484,0.8533,0.01671496335622668,0.14670000000000002,0.01671496335622668,59.57378387451172,0.14119452832977916
0.0001,75,0.23496274685031415,0.00418190055143387,0.5606882078329721,0.10741449151041774,0.8354333333333334,0.021511934672021768,0.16456666666666667,0.021511934672021768,59.629767100016274,0.15425605514705892
0.0001,76,0.236908695200825,0.005007609397323628,0.4296269827127457,0.04285719934895203,0.8683333333333333,0.01413022764619646,0.13166666666666668,0.01413022764619646,59.69211196899414,0.13958282217160053
0.0001,77,0.23111288632502033,0.003273491575042055,0.4693449095487594,0.039264168241013545,0.8570333333333333,0.011244702456416235,0.14296666666666666,0.011244702456416235,59.67926025390625,0.13614438403405466
0.0001,78,0.23102839891969496,0.0007115169219930379,0.47131543231010437,0.08942780977008866,0.8560333333333333,0.020284312493484544,0.1439666666666667,0.020284312493484544,59.67933781941732,0.08025360527489456
0.0001,79,0.23391846713482164,0.002509269594973423,0.472065401506424,0.06187840051788013,0.8564333333333334,0.014579551890690387,0.14356666666666665,0.014579551890690389,59.695701599121094,0.10190551409625008
0.0001,80,0.22816339528342136,0.0038238241603333507,0.5004370388348898,0.04922393231020091,0.8528666666666668,0.01616611682913778,0.14713333333333334,0.01616611682913778,59.70177205403646,0.1753609258474126
0.0001,81,0.23061521895045614,0.008100957193373162,0.45225062505801517,0.040030337394720124,0.8622000000000001,0.009417005893594836,0.1378,0.009417005893594836,59.71679433186849,0.20965596849846857
0.0001,82,0.23129382464663148,0.0016379831276323972,0.48485056823889416,0.10000361552155039,0.8530000000000001,0.02173867521262509,0.14700000000000002,0.021738675212625087,59.780957539876304,0.19084563839218255
0.0001,83,0.22920190324436773,0.004811535716885257,0.46387170914808906,0.06225111377400829,0.8575666666666667,0.01723291424377588,0.14243333333333333,0.01723291424377588,59.813470204671226,0.1757132225698093
0.0001,84,0.2294038618420142,0.0021144667087601965,0.4643313520034154,0.01920765748921493,0.8545333333333334,0.0032715949219506175,0.14546666666666666,0.003271594921950617,59.85512161254883,0.2051278325491412
0.0001,85,0.2286612435997498,0.005001705083750467,0.4436731524149577,0.008154758229070637,0.8645333333333333,0.0016441816606851231,0.1354666666666667,0.0016441816606851231,59.91158803304037,0.19917240332457486
0.0001,86,0.2277170318001778,0.003839285084631765,0.4781410546938578,0.021630175121190275,0.8565333333333335,0.009372477438400856,0.14346666666666663,0.009372477438400854,59.92606735229492,0.16869965427871259
0.0001,87,0.22766776927901655,0.001950080853896485,0.4726994356314341,0.12992101354813715,0.8537666666666667,0.027725499694925836,0.14623333333333333,0.027725499694925836,59.97007624308268,0.18263792213865684
0.0001,88,0.22440025698193503,0.0005473902993709365,0.43306792298952734,0.030792350976522,0.8649,0.00799249648107525,0.13509999999999997,0.00799249648107525,59.97135925292969,0.16497207210820186
0.0001,89,0.2199778047986551,0.003313752429491478,0.44071752624511723,0.007578857310986548,0.8635,0.000435889894354083,0.13650000000000004,0.00043588989435408305,59.960906982421875,0.19351921491324825
0.0001,90,0.22936229197545022,0.005916710547491992,0.4212181345303853,0.026421409085707424,0.8673666666666667,0.009327557736799772,0.1326333333333333,0.009327557736799772,60.0273551940918,0.21223913597425337
0.0001,91,0.22548839337456864,0.0013877273644590353,0.454827462609609,0.0022345151324806097,0.8620666666666666,0.0015631165450257696,0.13793333333333332,0.0015631165450257696,60.04227956136068,0.18049806774544974
0.0001,92,0.22045063622492758,0.0007251983119222721,0.4251380356788635,0.03441665881372646,0.8684,0.010138540328863951,0.13160000000000002,0.010138540328863953,60.06255976359049,0.16847880235450888
0.0001,93,0.2263168725490773,0.0019497548827443695,0.4276100135644277,0.055845294196475465,0.8691666666666666,0.010886842211281162,0.13083333333333333,0.010886842211281162,60.10674158732096,0.21753469749495816
0.0001,94,0.22481300202273755,0.0015520910482560502,0.43800746300220483,0.03349928669924225,0.8670666666666667,0.008582152022268873,0.13293333333333335,0.008582152022268873,60.118490854899086,0.23713603031951133
0.0001,95,0.2231250055585269,0.0022199180629280143,0.5294214930216471,0.037023336070710254,0.8435333333333334,0.010861552989022048,0.15646666666666667,0.010861552989022048,60.137463887532554,0.22317268495174125
0.0001,96,0.22217858589721964,0.0013927096630885643,0.4525227725982666,0.025588139496299893,0.8637666666666667,0.0056367839530474684,0.13623333333333335,0.0056367839530474684,60.162837982177734,0.2129535646263237
0.0001,97,0.22339386287171517,0.00551140876541323,0.4770349653879802,0.05185262026516139,0.8586,0.006581793068761702,0.14139999999999997,0.006581793068761702,60.21715799967448,0.23035034088502793
0.0001,98,0.2234803416463725,0.002256573730790274,0.4896330876668295,0.04519638786399032,0.8552333333333334,0.009222978549976854,0.14476666666666668,0.009222978549976855,60.222408294677734,0.21879029395148172
0.0001,99,0.22022559512200157,0.002898854423204294,0.4530579800605774,0.059302462831798464,0.8619666666666667,0.013897601711566393,0.13803333333333334,0.013897601711566393,60.25132624308268,0.18095024792182188
0.0001,100,0.2213628252893559,0.0015098186798255153,0.5023618199507395,0.12920030909534547,0.8532333333333334,0.02755437049423071,0.14676666666666668,0.02755437049423071,60.26039250691732,0.1287109502583178
0.001,1,1.6616756494291198,0.05988570776759595,1.9310713907241819,0.5368852023424736,0.40573333333333333,0.07703728534504141,0.5942666666666667,0.07703728534504142,29.2498296101888,0.4011753751306234
0.001,2,1.151857080362032,0.059039644668042686,1.3644195833206176,0.18817297972965247,0.5431333333333334,0.04044234579414666,0.4568666666666667,0.04044234579414663,25.098114013671875,0.4197145470327265
0.001,3,0.9499063852599616,0.040298429556079714,1.2756670975367228,0.201052747151235,0.5836666666666667,0.06514056595803676,0.4163333333333334,0.06514056595803677,23.488556543986004,0.4550228524384178
0.001,4,0.835776750236521,0.03348657663574404,1.3269046704610188,0.41452785599607245,0.6040000000000001,0.08305305533211886,0.39599999999999996,0.08305305533211887,23.11905860900879,0.28398361790445154
0.001,5,0.7753744690416212,0.013433495184313221,0.9718457486470541,0.1489855198522301,0.6755666666666666,0.03569178243424292,0.32443333333333335,0.03569178243424292,23.18988800048828,0.25006343559558986
0.001,6,0.732653910394215,0.008097292658773491,1.0851077015240989,0.14785978305589978,0.6524666666666666,0.03950206745644253,0.3475333333333333,0.03950206745644253,23.30878257751465,0.17588274284926225
0.001,7,0.7045894225794133,0.014489657741904104,1.001793150806427,0.2274451111757527,0.6724,0.06122899639876517,0.3276,0.06122899639876517,23.504336675008137,0.18671407071735885
0.001,8,0.6873586321883188,0.006730313017703349,1.4002003545125323,0.22228749860908956,0.5964999999999999,0.05632024502787608,0.4035,0.05632024502787608,23.798309326171875,0.09415803148608123
0.001,9,0.6676157691086445,0.008083291199948842,1.1889413040479024,0.2727700624673332,0.6461333333333333,0.06707088290259297,0.3538666666666666,0.06707088290259298,23.87103843688965,0.07242761250828682
0.001,10,0.6599795586363637,0.0061483296245052116,0.9802018114407858,0.1345453540074117,0.6854666666666667,0.04036859340295789,0.31453333333333333,0.04036859340295789,24.02384376525879,0.07014744302671976
0.001,11,0.6498609066822542,0.007141585700319668,0.8438045456727347,0.054502015543763604,0.7144333333333334,0.01317662070992913,0.2855666666666667,0.013176620709929131,24.224597930908203,0.09265325372597803
0.001,12,0.6430091300736304,0.004623886807027376,0.8543376160939534,0.08024918384211399,0.7157,0.01455060136214311,0.2843,0.01455060136214311,24.318949381510418,0.1421782761083869
0.001,13,0.634428571887435,0.01189057271250766,1.1823152961095174,0.28594419918430874,0.6214333333333334,0.06827366500586692,0.37856666666666666,0.06827366500586693,24.390429814656574,0.07705264160855753
0.001,14,0.6305555152212161,0.0020889801709111644,0.9313238690058391,0.13194881610122985,0.7019333333333333,0.032830067519475675,0.29806666666666665,0.032830067519475675,24.471811930338543,0.13262758682681358
0.001,15,0.6214742264936647,0.004545127388808383,0.8174462054570516,0.13269418754950843,0.7274333333333334,0.039385572654632495,0.2725666666666667,0.039385572654632495,24.532156626383465,0.19235419334676357
0.001,16,0.6163950388185611,0.00833658432034555,1.0062230923016866,0.14258090649200694,0.6781666666666667,0.03254079490936467,0.32183333333333336,0.03254079490936467,24.63904635111491,0.07028568900146175
0.001,17,0.61471895320946,0.004139664391956189,0.8452761907895406,0.11454279380141177,0.7243666666666666,0.03379561115490199,0.27563333333333334,0.03379561115490199,24.71674919128418,0.03502993758409337
0.001,18,0.6102267627216057,0.0035690080190704213,0.9872828709443411,0.3125739101413331,0.6905666666666667,0.06846329917067494,0.30943333333333334,0.06846329917067494,24.738047917683918,0.1274532381409797
0.001,19,0.6111629241212047,0.006312759502516478,1.014302359231313,0.11005446243581413,0.6799666666666666,0.029538167399710748,0.32003333333333334,0.029538167399710748,24.81541633605957,0.14883710394448382
0.001,20,0.6058792029551127,0.0054895911017988795,1.1077659883499147,0.43450363655811697,0.6739,0.0790480233781971,0.3261,0.0790480233781971,24.780537923177082,0.051782991458301765
0.001,21,0.6076594918890073,0.0012623999936106068,0.9327267214298248,0.26927732881249505,0.7066666666666667,0.07108089288503157,0.29333333333333333,0.07108089288503157,24.876028060913086,0.061865410553047936
0.001,22,0.5998410895301659,0.003842705290201492,1.0452989329020184,0.23468778680860888,0.6770333333333333,0.04125170703538624,0.3229666666666667,0.04125170703538624,24.896931330362957,0.07773935517670053
0.001,23,0.6013219999586124,0.004412344554813281,0.9326172717412313,0.05287602440949324,0.6971333333333334,0.020913472531680015,0.3028666666666667,0.02091347253168002,24.895039876302082,0.06940013719581731
0.001,24,0.5949462010935648,0.0032573904536993535,0.8220317485014598,0.09656702492383396,0.7297666666666668,0.028222390638167675,0.2702333333333333,0.02822239063816767,24.96908950805664,0.07645280816066424
0.001,25,0.5948953482450223,0.007662277553093753,1.1333988573392233,0.3091377958969208,0.649,0.08330468174118426,0.351,0.08330468174118426,25.027485529581707,0.06478192374066145
0.001,26,0.59616177222308,0.0037328339049976615,1.4607071900685629,0.8418543829300863,0.6049000000000001,0.14142386644410485,0.3951,0.14142386644410485,25.02223269144694,0.034133760659840126
0.001,27,0.5934796990844192,0.002341267285086097,1.0610757317860922,0.27164062077256684,0.6728333333333333,0.061354244623606405,0.32716666666666666,0.061354244623606405,25.059612274169922,0.07854684279549386
0.001,28,0.5893950843953314,0.0019033003157685727,0.9536225306193034,0.1543613498835673,0.6898666666666666,0.04522900986461378,0.3101333333333333,0.04522900986461378,25.06007957458496,0.08502246179374948
0.001,29,0.5882157310398847,0.0028035966366247896,0.9321494731267294,0.18820796694303282,0.7013000000000001,0.04897336010526539,0.29869999999999997,0.04897336010526539,25.0503724416097,0.2150794611413007
0.001,30,0.5876039479242261,0.0012849759083717546,0.9466320777575175,0.254101822123655,0.6873666666666667,0.06731748163243582,0.3126333333333334,0.06731748163243582,25.091999689737957,0.12628348055035293
0.001,31,0.5870800383916189,0.002103022633493734,0.8983660816510518,0.15967419972533195,0.7024333333333334,0.046181417619355646,0.2975666666666667,0.046181417619355646,25.10421371459961,0.11283433764040934
0.001,32,0.5869943505662786,0.0009560988001864315,1.0388121594746909,0.19708701377376314,0.6786666666666666,0.03906217266529515,0.32133333333333336,0.03906217266529515,25.041601816813152,0.14415500159286784
0.001,33,0.5834889143629147,0.0015821902265627198,1.0304582947095235,0.25472319784692216,0.6835999999999999,0.04207219984740522,0.3164,0.04207219984740522,25.08616828918457,0.20198218799513468
0.001,34,0.5810360038067068,0.0036662563588886077,1.1358994867960612,0.5479195699570543,0.6724333333333333,0.11000442415345545,0.3275666666666667,0.11000442415345545,25.15814145406087,0.14993433930897748
0.001,35,0.5804934688642912,0.007400593182949214,0.9355275047302246,0.2472274792443611,0.7039333333333332,0.0573569815570287,0.29606666666666664,0.057356981557028695,25.23256238301595,0.1379136914160704
0.001,36,0.578666106742971,0.0014852879699534,1.1483718395868936,0.6952076787740351,0.6518333333333334,0.1644672105111938,0.34816666666666674,0.1644672105111938,25.217648188273113,0.09326965968412182
0.001,37,0.5817017703867324,0.0007193147803219041,1.0339819961547854,0.1605499746483037,0.6797666666666666,0.03865647854284365,0.3202333333333333,0.03865647854284366,25.152029037475586,0.0965466956387824
0.001,38,0.5813124868367741,0.0010825357063032302,0.8120399072964988,0.03408071787520122,0.7233999999999999,0.011875605247733723,0.2766,0.011875605247733723,25.148175557454426,0.12074358129393807
0.001,39,0.5817224328983368,0.0032715857485279016,1.3906045148690545,0.5378609957820413,0.6223,0.08889426303198648,0.3777,0.08889426303198648,25.222265879313152,0.1944940003582377
0.001,40,0.5766511809490525,0.004003749968188096,1.1233660377820334,0.3811559574570571,0.6684666666666667,0.07275832140266385,0.3315333333333333,0.07275832140266383,25.131038665771484,0.057224678774050144
0.001,41,0.5766843745114959,0.0030835769508672363,0.9337356481234232,0.1405080698134301,0.6983,0.03274034208740037,0.3017,0.03274034208740038,25.23574701944987,0.040264134939371976
0.001,42,0.5797328813555702,0.0030180120671756466,0.8473056551615397,0.05660442890251016,0.7236333333333334,0.020647598730441575,0.27636666666666665,0.020647598730441575,25.231266021728516,0.13966953859422113
0.001,43,0.5751191396186827,0.0007662902713155991,1.0154370278994242,0.23716141504765234,0.6852333333333332,0.06061322737928855,0.31476666666666664,0.06061322737928855,25.24928092956543,0.11081460374119159
0.001,44,0.5729299675473167,0.0029671026612510653,1.1144014885584512,0.344747357391896,0.6718999999999999,0.07009144027625627,0.3281,0.07009144027625627,25.21252695719401,0.12326617746588862
0.001,45,0.5723474070950644,0.0016813053094254413,0.9648470429102579,0.13660933004695622,0.6830333333333334,0.04815042402028595,0.3169666666666667,0.04815042402028595,25.192294438680012,0.1563711607496447
0.001,46,0.5744132693771206,0.006692008330465628,0.8320413025379181,0.08905883247590252,0.7227666666666667,0.022898544349659735,0.2772333333333334,0.022898544349659735,25.244948705037434,0.1312144963066089
0.001,47,0.5717959156020117,0.004254089680451736,1.306216980711619,0.4585381428037329,0.6354666666666667,0.08771227584171633,0.3645333333333333,0.08771227584171633,25.239336649576824,0.144268439739428
0.001,48,0.5709404342975356,0.0014420581335500703,0.8309900996367136,0.08709573762112971,0.7313000000000001,0.02300717279458738,0.2687,0.02300717279458738,25.234052658081055,0.15865700971376417
0.001,49,0.5714804877202325,0.0016290063906627724,1.0930468502680462,0.2671902677064128,0.6650333333333333,0.05365876753461012,0.3349666666666667,0.05365876753461012,25.167980194091797,0.09742035498877162
0.001,50,0.5673377910487588,0.0033045683826012297,0.7687599524815877,0.07112729509201048,0.7406,0.019574728606036904,0.25939999999999996,0.019574728606036904,25.196004231770832,0.13141189003457202
0.001,51,0.5689952408820264,0.0015916844603705504,0.7760611229896547,0.08021927140314358,0.7452333333333333,0.02155605096796103,0.25476666666666664,0.021556050967961028,25.29796600341797,0.0617740815210681
0.001,52,0.5731824332338465,0.006616066466261496,0.8265294644673666,0.11713491445548721,0.7296666666666667,0.02772117121142856,0.2703333333333333,0.02772117121142856,25.32281430562337,0.04774364772863852
0.001,53,0.568797426480873,0.0018896253613525787,0.8882249207814534,0.1792390267632188,0.713,0.047307610381417495,0.287,0.04730761038141749,25.28150685628255,0.04681868111835295
0.001,54,0.5716465501224294,0.0025636397775008605,0.8076129724184673,0.07800878101154926,0.7314666666666666,0.02424878003804181,0.26853333333333335,0.02424878003804181,25.27955691019694,0.13164264096041386
0.001,55,0.5664664250556365,0.0021354716256337994,0.9271171879132588,0.15930569149387794,0.6987666666666668,0.04249486243457359,0.3012333333333333,0.04249486243457359,25.252351760864258,0.13864817194278592
0.001,56,0.5695201835618097,0.0016732809530087967,0.9543649715264638,0.19934436803271074,0.6943,0.05326077355803237,0.30569999999999997,0.05326077355803237,25.32595952351888,0.13559746977430692
0.001,57,0.5664341124274846,0.0028300342525333613,0.8039954007466634,0.09421955169159245,0.7424333333333334,0.020816659994661344,0.25756666666666667,0.020816659994661348,25.251270294189453,0.08886869432621365
0.001,58,0.567855092164094,0.006105041370992829,0.8157365018526712,0.06733034169160114,0.7305333333333333,0.02646135547044661,0.2694666666666667,0.02646135547044661,25.22866376241048,0.03157292377033562
0.001,59,0.5726717646215476,0.0020886958963216486,0.7322819816907247,0.025875818307234368,0.7555999999999999,0.011294689017409912,0.24440000000000003,0.011294689017409912,25.325347264607746,0.118556540926269
0.001,60,0.5686572216965659,0.0051602774108349585,0.8752554233233134,0.016060374609800455,0.7115,0.017086837039077755,0.28850000000000003,0.017086837039077755,25.301573435465496,0.15046812128887666
0.001,61,0.5658473048267055,0.001097854173148618,1.0833434393246968,0.28887173336123173,0.6765333333333334,0.06118254108267596,0.3234666666666666,0.06118254108267596,25.278486887613933,0.16876384765279942
0.001,62,0.5699639594260181,0.005304000033819776,0.7834815265973409,0.04018179685636466,0.7374,0.017996944185055437,0.2626,0.017996944185055437,25.30899175008138,0.16808013022726026
0.001,63,0.5647842738227974,0.002672764393131232,0.8831359057108562,0.16899292007569985,0.7238333333333333,0.04053767794698328,0.27616666666666667,0.04053767794698328,25.234065373738606,0.10060257172185509
0.001,64,0.5669340060139353,0.006613635853981117,1.0861233531951904,0.2861193736992182,0.6746,0.06505782043690062,0.3254,0.06505782043690062,25.230623245239258,0.14136084262807316
0.001,65,0.5655213398295188,0.005164366440114731,0.7759103887875876,0.05788344362255028,0.7396333333333333,0.01737824310260773,0.2603666666666667,0.01737824310260773,25.243364969889324,0.16647565047886392
0.001,66,0.5648228113252896,0.002270876541805928,0.814239910030365,0.04154922428060986,0.7279333333333332,0.012512527056247773,0.2720666666666667,0.012512527056247773,25.2307923634847,0.1949803236498976
0.001,67,0.5665058003768694,0.007457605628917188,0.9483274642944335,0.08979606300663763,0.6984,0.024585971609842872,0.3016,0.024585971609842872,25.23301951090495,0.10064055326503295
0.001,68,0.5703197846733802,0.00168480620522645,0.8421885890960693,0.08262363576411368,0.7255333333333334,0.01915263254316055,0.2744666666666667,0.01915263254316055,25.303165435791016,0.14246040952679434
0.001,69,0.5638010991707075,0.0031948156300064473,0.8735744148572285,0.1367394224023524,0.7070000000000002,0.03883619445826277,0.293,0.03883619445826277,25.347710927327473,0.13886862085664012
0.001,70,0.5670275377444701,0.003812717782889823,0.8581602307955425,0.29502387626871357,0.7234000000000002,0.07835196232386266,0.2766,0.07835196232386267,25.340078353881836,0.07791515291976434
0.001,71,0.5628385281369712,0.0023709359191992157,0.8035619249025981,0.15640031242725463,0.7359666666666667,0.04822886410992209,0.26403333333333334,0.04822886410992209,25.279626846313477,0.049891796738096315
0.001,72,0.5638755998444781,0.00280312914334773,0.9063315225601197,0.20186578919133602,0.7102666666666666,0.04601764154466556,0.28973333333333334,0.04601764154466556,25.331823348999023,0.14145047522389795
0.001,73,0.5658642673024944,0.005156280390923452,1.039533899497986,0.37147937293497324,0.6880000000000001,0.07441800857319418,0.312,0.07441800857319418,25.389721552530926,0.11802590813643138
0.001,74,0.5641630112565895,0.00019547499634267436,0.7767744164466858,0.04345909805354921,0.7440333333333333,0.01027926715935204,0.2559666666666666,0.01027926715935204,25.31321398417155,0.06124955638960523
0.001,75,0.5659944122912838,0.004429351980130563,1.2077035414377848,0.2203659391329264,0.6377,0.04488529826123474,0.3623,0.04488529826123474,25.27996889750163,0.0912080942035122
0.001,76,0.5645415305278287,0.004787525539314787,0.8832174604415893,0.17386994856439733,0.7075,0.05876538096532687,0.29250000000000004,0.05876538096532687,25.295753479003906,0.10866492339986014
0.001,77,0.5645915843540038,0.00508327602902033,0.8407769294738769,0.09567738991227041,0.7286666666666667,0.026278762020562053,0.27133333333333337,0.026278762020562053,25.308082580566406,0.1491534587074885
0.001,78,0.5622048294147871,0.00017923343479690936,0.789271102921168,0.18513480082742312,0.7408333333333332,0.056717663327514975,0.2591666666666667,0.056717663327514975,25.294905344645183,0.15367743718093163
0.001,79,0.5656866288195282,0.004276728344235928,0.9738707315762838,0.16034346401570343,0.6980666666666666,0.02610102169136933,0.30193333333333333,0.02610102169136933,25.297910690307617,0.09650799911376812
0.001,80,0.5643545859711656,0.0023383923755543675,0.7935886310100555,0.06011464318176303,0.7356333333333334,0.01875375517951895,0.2643666666666667,0.01875375517951895,25.34327443440755,0.13245514217594606
0.001,81,0.5611556853022417,0.0061961407244743505,0.8687795675913493,0.1314086157342849,0.7289333333333333,0.015015103507246743,0.2710666666666667,0.015015103507246743,25.377057393391926,0.11230754784404584
0.001,82,0.5659338661929226,0.004381971410709598,0.8169623235066732,0.0452386510798798,0.7340666666666668,0.013788521796528199,0.2659333333333333,0.0137885217965282,25.375322977701824,0.13009754007138907
0.001,83,0.5628373832501414,0.0013671568125035545,0.9687560383796692,0.10488260978527075,0.6973333333333334,0.023150017998553124,0.30266666666666664,0.023150017998553124,25.356921513875324,0.16784898588734734
0.001,84,0.5640867893653149,0.0029138572674808163,0.8923361613432567,0.135505599822864,0.7047333333333333,0.029006953189422226,0.2952666666666667,0.029006953189422226,25.355038324991863,0.13387870097456628
0.001,85,0.5622179094584497,0.0029773061649393355,0.9888948020617168,0.32652668604245183,0.6848666666666666,0.08700674303370588,0.3151333333333333,0.08700674303370588,25.40977732340495,0.15032173830984727
0.001,86,0.5611969023714285,0.007919992094937761,0.9981444450060527,0.14747001171872648,0.6943,0.023675514777930406,0.3057,0.023675514777930406,25.307614008585613,0.0644213665923739
0.001,87,0.5596156151042672,0.005457943278553397,0.8780000531514487,0.11708610923194783,0.7213333333333334,0.021723336146488515,0.2786666666666667,0.021723336146488515,25.323105494181316,0.1954978398237704
0.001,88,0.5578493542988282,0.0036316220145838247,1.0209464889208475,0.5080239892191802,0.6952333333333334,0.10116923115914903,0.3047666666666667,0.10116923115914903,25.249335606892902,0.12268290011086523
0.001,89,0.5599081191311306,0.005840405496062922,0.9461800968805948,0.32355064986723947,0.7038333333333333,0.07080002354048569,0.29616666666666663,0.07080002354048569,25.358565012613933,0.1781288502715248
0.001,90,0.5638878045179655,0.0020524525535184795,0.758005670038859,0.06618558890233711,0.7430666666666667,0.02262417585975974,0.2569333333333333,0.02262417585975974,25.32099215189616,0.14701159565183264
0.001,91,0.5589371391676067,0.007291037813959328,0.8744500934918721,0.08671985920340095,0.7154333333333334,0.03885052552197114,0.2845666666666667,0.03885052552197114,25.285687764485676,0.07995008254163578
0.001,92,0.5590508456222034,0.0025204321997902715,1.061502351442973,0.035931240090088114,0.6696666666666667,0.004501481237696472,0.3303333333333333,0.004501481237696472,25.298126856486004,0.18220803526320148
0.001,93,0.5613558708300269,0.003398117050266106,0.8527181983947755,0.1283200050090909,0.7187666666666667,0.040992235037057095,0.28123333333333334,0.040992235037057095,25.36311213175456,0.16575071056204066
0.001,94,0.5588488757915204,0.005158299223882391,0.7759653966903687,0.0597236194637256,0.737,0.021260526804385643,0.263,0.021260526804385643,25.370328903198242,0.19346458687088242
0.001,95,0.5601255086021146,0.007031119448517664,0.856716178337733,0.0389091406409238,0.7099666666666667,0.002458319208998981,0.2900333333333333,0.002458319208998981,25.360989888509113,0.10277112987974187
0.001,96,0.5583048277905327,0.00815334622428158,0.967681778828303,0.22386468039870835,0.6958000000000001,0.045574115460423344,0.30419999999999997,0.04557411546042334,25.370954513549805,0.10620316532335884
0.001,97,0.5567544932204845,0.00347716628429743,0.8326582689603169,0.20968204277782324,0.735,0.04470044742505382,0.26499999999999996,0.04470044742505382,25.34131685892741,0.16418738303307115
0.001,98,0.5574274507223391,0.0021524376463717397,0.7765896148999532,0.08114717736722409,0.7376333333333333,0.024896251391190068,0.2623666666666667,0.024896251391190068,25.355300267537434,0.17983671091982334
0.001,99,0.556141984000332,0.0050041617655099116,0.7979658106803894,0.10219450765915365,0.7321333333333332,0.02476899944150618,0.26786666666666664,0.02476899944150618,25.303367614746094,0.1039612829408268
0.001,100,0.5605959780228412,0.008498150447261791,0.8965064686775207,0.27922176195358256,0.7112666666666666,0.06740299202063167,0.28873333333333334,0.06740299202063167,25.36078389485677,0.12434844979441013
0.01,1,1.7849440187444465,0.042902508169552885,2.2160356871287026,0.24992151826981412,0.2839,0.01335514881983724,0.7161000000000001,0.013355148819837234,7.357500235239665,0.5513455829847533
0.01,2,1.4865095710917,0.035247495863391785,1.8174606307983396,0.2765650566510562,0.375,0.05219952107059987,0.6250000000000001,0.05219952107059985,8.36630121866862,0.15028754672506833
0.01,3,1.408063501653159,0.01136868211220525,2.8741411018371585,0.44372020389087397,0.21430000000000002,0.0388253782982214,0.7857,0.0388253782982214,8.432303746541342,0.20663596210832955
0.01,4,1.3839690052131657,0.008277863857778765,2.6929166535695397,1.6891548952743656,0.30823333333333336,0.13813567002528107,0.6917666666666666,0.13813567002528102,8.311808268229166,0.18506479242193935
0.01,5,1.3884145361891387,0.008523464976269619,1.9932198574701945,0.32551950693274473,0.33336666666666664,0.07146302074033348,0.6666333333333333,0.0714630207403335,8.385294596354166,0.15614657273003063
0.01,6,1.3938142137454292,0.0038039443092713504,3.520185157903036,2.6284723200818285,0.2515,0.11016183549669097,0.7484999999999999,0.11016183549669095,8.282442092895508,0.07718871330770141
0.01,7,1.3973457851881463,0.01760529908986898,2.6108578694025675,0.2972921385822631,0.2516,0.012600396819148187,0.7484000000000001,0.012600396819148147,8.18171755472819,0.1153337500516484
0.01,8,1.4046171400553125,0.007884747855702241,3.2517960947672524,0.8245387623829638,0.2524666666666667,0.03626518072936262,0.7475333333333333,0.03626518072936257,8.12132183710734,0.2549838334901872
0.01,9,1.4115097534930918,0.011379462418684936,2.5207008071263632,0.6749610207752911,0.2932666666666667,0.038855415752933754,0.7067333333333333,0.03885541575293373,8.175858497619629,0.06315905297537461
0.01,10,1.4147156925152633,0.004652468353213029,2.914906425348917,1.0949522966086787,0.26093333333333335,0.11301611979418394,0.7390666666666666,0.11301611979418394,8.17688020070394,0.22500858332425097
0.01,11,1.4109764425346,0.011119872211460127,2.442676835505168,0.32680373956550035,0.2753333333333334,0.024782318966015546,0.7246666666666667,0.024782318966015553,8.147685527801514,0.1677911016370678
0.01,12,1.4088913488875876,0.007848794253795208,2.110707524490356,0.3616615941734262,0.3117666666666667,0.07383131675199442,0.6882333333333334,0.07383131675199438,8.166766166687012,0.06431790053017016
0.01,13,1.414951717152315,0.008133280139235156,2.971797979545593,1.143837962404813,0.2756,0.11096679683581029,0.7244,0.11096679683581029,8.033647378285727,0.12233222233000816
0.01,14,1.4141574228104625,0.005196879448462974,2.7019232302347818,0.8860419579979527,0.25930000000000003,0.045758387209341195,0.7407,0.045758387209341195,7.955739498138428,0.07265543815750777
0.01,15,1.4155677009218286,0.0003943717426779764,2.4215147201538088,0.7753819703071503,0.29190000000000005,0.08077846247608331,0.7081,0.08077846247608332,7.797964890797933,0.04619746426403705
0.01,16,1.422664630341916,0.007719720902566574,2.8023332174936932,0.5291082473645519,0.23809999999999998,0.03448869379956277,0.7619000000000001,0.03448869379956277,7.940550645192464,0.11804936912041314
0.01,17,1.4291404052768524,0.010779775078026467,2.5205874066670737,0.3936983852714548,0.23456666666666667,0.09965311502072242,0.7654333333333335,0.09965311502072244,7.982391993204753,0.08025592843969738
0.01,18,1.4242857742390873,0.00673550010408326,3.066805205408732,1.0806433408897995,0.22,0.07715121515569277,0.7799999999999999,0.07715121515569279,8.046285629272461,0.011048307159511684
0.01,19,1.4297002151494136,0.003408795274759485,3.6843215485890703,1.9234055221543562,0.19863333333333333,0.06314881893854653,0.8013666666666667,0.06314881893854653,7.854042053222656,0.0659202324579414
0.01,20,1.428180153209332,0.0008529005940742772,5.438476768112182,2.9901893244537816,0.1492,0.044549186300088583,0.8508,0.04454918630008854,7.924623966217041,0.09428210985806555
0.01,21,1.4332409416216618,0.005270185959929942,4.165205002593994,1.3364108600170919,0.18166666666666667,0.05821935531533592,0.8183333333333334,0.0582193553153359,7.8427934646606445,0.09553429287152372
0.01,22,1.4338183527000927,0.0039711910031169475,3.1565971818923955,1.0848681488888465,0.22723333333333331,0.04829226991282697,0.7727666666666667,0.048292269912826966,7.936244646708171,0.10037429924680269
0.01,23,1.420971737594962,0.007968315916856199,2.432402390098572,0.45579511044244825,0.27216666666666667,0.040356453428582316,0.7278333333333333,0.040356453428582316,7.926467736562093,0.03419179828327661
0.01,24,1.428795424162173,0.009545619193174393,2.5396866781870524,0.3088192714434563,0.24293333333333336,0.04046706479760218,0.7570666666666667,0.04046706479760219,7.862152258555095,0.04275795039151927
0.01,25,1.4257462691366418,0.0053871688088208015,2.8616159631093345,0.4244644410730812,0.19943333333333335,0.026991171396094193,0.8005666666666666,0.02699117139609418,7.938679854075114,0.07862484417264166
0.01,26,1.4282468262637462,0.008086202303630354,5.360684005482991,2.340312876167732,0.16116666666666668,0.05528131088653138,0.8388333333333332,0.055281310886531425,7.891369819641113,0.016941627906600056
0.01,27,1.427930890345106,0.001424061140427354,3.411407139333089,1.2493423070363965,0.1767,0.0485485324186015,0.8233,0.048548532418601444,7.913317362467448,0.10609729948220767
0.01,28,1.4288655076388712,0.013732357196751772,2.6348239334106442,0.5918607393753372,0.23233333333333336,0.06646926608089887,0.7676666666666666,0.06646926608089884,7.885842164357503,0.12227176777367861
0.01,29,1.4318335310374177,0.008780448834794848,2.1963619342803953,0.3287961539038124,0.29186666666666666,0.012068277977132174,0.7081333333333334,0.012068277977132176,7.836707592010498,0.013958281040731086
0.01,30,1.42642777644968,0.0049890042259673716,2.907329416402181,0.9807774369331408,0.24149999999999996,0.07107242784652851,0.7585000000000001,0.07107242784652844,7.8154629071553545,0.06438300709608386
0.01,31,1.4409721310283015,0.007009611395566062,2.484733115196228,0.46289057858441235,0.2627333333333333,0.05258491545427581,0.7372666666666667,0.05258491545427581,7.930002212524414,0.1764490063318874
0.01,32,1.441004718457748,0.012083248346305074,2.4312231745402015,0.3748596244142057,0.2316,0.07849961783346464,0.7684000000000001,0.07849961783346464,7.816644350687663,0.0745302225408241
0.01,33,1.4401386827865625,0.012883738884378987,2.8086253671010333,1.3071585805804522,0.2633,0.13068393168251408,0.7366999999999999,0.13068393168251408,7.7155148188273115,0.0681312801216004
0.01,34,1.4451719274504613,0.01867280145996068,2.3939061144510903,0.3923501220484561,0.2707333333333333,0.08458896697166442,0.7292666666666666,0.08458896697166446,7.754396756490071,0.1259636915495949
0.01,35,1.4475710158254584,0.013424112739643508,3.002059631029765,1.5521242264117865,0.2668,0.11481110573459347,0.7332000000000001,0.11481110573459345,7.717292944590251,0.08808618383573276
0.01,36,1.4395971371389715,0.010559472630271795,2.315304149119059,0.14704028472723873,0.27909999999999996,0.036678740436389044,0.7209,0.036678740436389044,7.80906359354655,0.19796880447010812
0.01,37,1.4419137797392239,0.012625952431172264,3.4983465784708656,1.143566167899112,0.2171666666666667,0.07216067719563983,0.7828333333333334,0.07216067719563982,7.819753011067708,0.1384529951019663
0.01,38,1.4441643674863471,0.013052515781976654,2.2754572434743245,0.2355549945496573,0.28403333333333336,0.045707147508166956,0.7159666666666666,0.04570714750816702,7.825629075368245,0.14066803708096434
0.01,39,1.4431514346691043,0.011583629329815118,2.439077054723104,0.10874941946356766,0.27540000000000003,0.06474542454876639,0.7246,0.06474542454876643,7.745839277903239,0.09727782292882287
0.01,40,1.4488671270071292,0.011195185199039616,2.901470500946045,1.330065072166906,0.2087,0.08909618398113356,0.7913,0.08909618398113357,7.693176905314128,0.05088605527673857
0.01,41,1.444813739613194,0.010796544958435692,2.740079848098755,0.2986695390243219,0.2098,0.0275804278429469,0.7902,0.027580427842946936,7.765148957570394,0.19238272734325662
0.01,42,1.4508682619478594,0.02143273097401253,3.5417799224853517,1.6188394041243623,0.2139,0.07078622747399384,0.7860999999999999,0.07078622747399378,7.728799819946289,0.09085036948116396
0.01,43,1.4460685849697896,0.017915460386729726,4.412411670557658,3.4339523102912737,0.2456,0.08694015182871491,0.7544000000000001,0.0869401518287149,7.774735609690349,0.14889396084101705
0.01,44,1.459592172251943,0.02250577850807925,2.125083903694153,0.7329298429716483,0.29400000000000004,0.15473577479044723,0.706,0.1547357747904472,7.895436922709147,0.20592728135125538
0.01,45,1.4495492581109766,0.02336328973054312,3.42393607304891,1.5004082477762186,0.20186666666666667,0.04048732311888912,0.7981333333333334,0.04048732311888908,7.690244356791179,0.2069658147278156
0.01,46,1.44986553204334,0.017977834236640858,2.869206141026815,0.23102754061850106,0.21293333333333334,0.022494740125934633,0.7870666666666667,0.022494740125934658,7.668892065684001,0.07852971826804013
0.01,47,1.4536804978093425,0.017496952433989323,3.380301055018107,1.5320683956896584,0.2362666666666667,0.0836241791190403,0.7637333333333333,0.08362417911904027,7.7810319264729815,0.05938983582645599
0.01,48,1.4563690717669502,0.021592741998503064,2.8905935830434166,0.26297007965758273,0.20006666666666664,0.033352111377442546,0.7999333333333333,0.033352111377442546,7.787459214528401,0.10260595291679027
0.01,49,1.4566177676502496,0.010098575578960784,4.0188015243530275,2.3679303492710577,0.21210000000000004,0.13818650440618288,0.7878999999999999,0.13818650440618288,7.72587792078654,0.1426724495563781
0.01,50,1.4400066496059616,0.015792098570147853,2.7866731313069657,1.2784849684865711,0.2603333333333333,0.07867409569441096,0.7396666666666666,0.078674095694411,7.80386479695638,0.30820145670670884
0.01,51,1.4467919785449979,0.014477090226718219,2.6982475251515705,1.7041559635934385,0.3247666666666667,0.13567882418908758,0.6752333333333334,0.13567882418908755,7.709431807200114,0.16721682782232178
0.01,52,1.4482888509753618,0.004638929209266525,2.5752510510762536,0.11700929579155887,0.25403333333333333,0.013273030299571146,0.7459666666666666,0.013273030299571126,7.732593854268392,0.015860978208147487
0.01,53,1.443468865226297,0.01721694987715981,2.9736063135782875,0.5003965519255653,0.20053333333333334,0.04419064757766437,0.7994666666666667,0.04419064757766433,7.682758331298828,0.10217738678358411
0.01,54,1.453956406338034,0.037906822866406086,3.5203995508829755,0.6788797182517228,0.18616666666666667,0.05758596472521177,0.8138333333333333,0.057585964725211804,7.650297482808431,0.15202843294966467
0.01,55,1.4636396828209957,0.028245516807369985,6.1658859409332285,3.755393503617597,0.19193333333333332,0.11557064217755879,0.8080666666666666,0.11557064217755877,7.818850199381511,0.1403839475940012
0.01,56,1.4655800950090194,0.04340623468826757,3.03316720123291,0.40248296656138005,0.1910333333333333,0.02812638144755441,0.8089666666666666,0.0281263814475544,7.777747631072998,0.12632236990832515
0.01,57,1.467187621709331,0.04789316658025602,2.4467206682205203,0.9195998590099331,0.24993333333333334,0.14290004665266326,0.7500666666666667,0.1429000466526633,7.73325252532959,0.08089350267777157
0.01,58,1.4614503261683236,0.03194751442068272,2.660018939971924,0.2395460322815952,0.22993333333333332,0.023693107295864206,0.7700666666666667,0.02369310729586418,7.750378767649333,0.053323774591413256
0.01,59,1.459378322168791,0.03500545297608935,1.9752696723302208,0.20049987864747149,0.3551,0.04896845923653305,0.6448999999999999,0.04896845923653304,7.721829414367676,0.08159231849177973
0.01,60,1.45731799732592,0.03267265840850695,3.1513869995117187,0.1421192547436458,0.20156666666666667,0.028862143602534678,0.7984333333333334,0.028862143602534644,7.764076550801595,0.15309224017558615
0.01,61,1.4606509525757616,0.028643805678475028,3.8029398183186847,0.5313609991653228,0.15893333333333334,0.05884932738216584,0.8410666666666667,0.05884932738216581,7.674970785776774,0.08714925965329795
0.01,62,1.4759046409441077,0.03154088969514117,3.4724589869181313,1.422223530816379,0.19263333333333332,0.03620778001111547,0.8073666666666668,0.03620778001111543,7.51459280649821,0.0980500039222427
0.01,63,1.465874696529938,0.025970371531459705,3.1907028156280517,1.4375355202847457,0.22706666666666667,0.0830236311741021,0.7729333333333334,0.08302363117410211,7.667786280314128,0.13606629236993423
0.01,64,1.467775324014955,0.029169438319335075,3.0174467274983727,1.2997965166155494,0.21656666666666666,0.08541125999148669,0.7834333333333333,0.0854112599914867,7.631298224131267,0.13009254284107719
0.01,65,1.4709280053469633,0.03219314987357672,4.877711713790894,2.8685957782212372,0.15823333333333334,0.053397971247354827,0.8417666666666667,0.053397971247354827,7.729757150014241,0.1739721717203407
0.01,66,1.4831191910095736,0.06251794991870753,4.995700924046834,1.7306561769469586,0.14356666666666665,0.03982214626728867,0.8564333333333334,0.039822146267288645,7.7164351145426435,0.02101680083851986
0.01,67,1.4781200618491859,0.04423637550551721,3.7347350653330484,1.082324357043392,0.19693333333333332,0.03029394879069636,0.8030666666666667,0.030293948790696343,7.83181635538737,0.21510672638091782
0.01,68,1.4724734369141366,0.03737806783211662,2.563696702130636,0.6069706644453328,0.2417,0.03413019191273323,0.7583000000000001,0.03413019191273324,7.715904712677002,0.2818161378374064
0.01,69,1.4953320708319557,0.04956156512222775,2.962763955307006,0.7067669822400323,0.22999999999999998,0.0354187803290853,0.7699999999999999,0.035418780329085305,7.579067389170329,0.09638672208626411
0.01,70,1.47765264608671,0.04040798165890931,4.379221384048462,3.677109237894242,0.20803333333333332,0.11165770610814701,0.7919666666666667,0.11165770610814701,7.649387359619141,0.09858538837488355
0.01,71,1.4765567281565295,0.033834825680179745,2.90901352481842,0.7649118786015748,0.2339,0.09431797283657023,0.7660999999999999,0.09431797283657024,7.584069728851318,0.10267070380543575
0.01,72,1.476276934909089,0.032586662094323156,5.399873200162252,4.278275316751449,0.21483333333333335,0.11365308325484766,0.7851666666666667,0.11365308325484769,7.62322203318278,0.08866118268727864
0.01,73,1.481555035047214,0.036518719077212984,2.8047937189737957,0.17346196236460057,0.20053333333333334,0.07861783088672272,0.7994666666666665,0.07861783088672274,7.556769688924153,0.06916095161608377
0.01,74,1.4798840145117589,0.037818234546368824,2.8256091259002685,0.22717613044444,0.19956666666666667,0.07185209345129294,0.8004333333333333,0.07185209345129294,7.58419672648112,0.12403501138680831
0.01,75,1.4885118037131946,0.044545805384553404,2.7122984762827556,0.8095944553490445,0.22806666666666667,0.07537382392670108,0.7719333333333332,0.07537382392670106,7.539936701456706,0.15012827653125024
0.01,76,1.4781525653341543,0.03796425859353395,3.440436553192139,1.2360732396036949,0.16920000000000002,0.10516544109164377,0.8308,0.10516544109164376,7.5071431795756025,0.15577352760861035
0.01,77,1.4829317982747632,0.028058342977029964,3.383635542297363,1.8572636321784561,0.2147,0.09261279609211677,0.7853,0.09261279609211678,7.480228424072266,0.08570548559595831
0.01,78,1.4891923625349286,0.037359611132375146,3.221888307317098,0.670160306776859,0.18403333333333335,0.01204422406522451,0.8159666666666666,0.012044224065224512,7.439957936604817,0.2992274635806687
0.01,79,1.4936428791625014,0.040227510674226044,2.6827928759256996,0.6358148501635356,0.2394666666666667,0.02652929198703451,0.7605333333333334,0.026529291987034506,7.48848819732666,0.26550339775868037
0.01,80,1.4944272420392115,0.028973841970166336,3.004633336257935,1.1539065847013605,0.2619666666666667,0.08878267473630953,0.7380333333333334,0.08878267473630952,7.53771177927653,0.20438278439031377
0.01,81,1.484385072524387,0.03900578844900006,2.473714702987671,0.2873184641321997,0.2285,0.04301708962726325,0.7715,0.04301708962726324,7.473085403442383,0.14041706872427476
0.01,82,1.5047423448302455,0.041346973217888015,6.980812784957885,7.112873392574042,0.16303333333333334,0.08174731392121293,0.8369666666666666,0.08174731392121297,7.508900165557861,0.21852066289414662
0.01,83,1.5029357030466899,0.05384559648677666,3.2796503297170005,0.5837010435026957,0.18173333333333333,0.02086967496951817,0.8182666666666667,0.02086967496951817,7.476192474365234,0.10888480808216722
0.01,84,1.5058839662605539,0.05340949594402131,4.218380550511678,2.458915983027005,0.1888,0.09270404521918123,0.8112,0.0927040452191812,7.475939591725667,0.03559217877343951
0.01,85,1.5095943391373903,0.04455476610160389,3.8619636660257974,1.5666677206169537,0.18636666666666665,0.12625059735832275,0.8136333333333333,0.1262505973583227,7.558784166971843,0.19122870822269944
0.01,86,1.5092182860654944,0.05454602854083308,2.470790478897095,0.20382741696242798,0.19683333333333333,0.07184750053643713,0.8031666666666667,0.0718475005364371,7.615805308024089,0.2049714064101426
0.01,87,1.515937314314001,0.0544171708518431,4.147403702672322,2.1396188068359083,0.17033333333333334,0.08205427065871301,0.8296666666666667,0.08205427065871303,7.422331015268962,0.11305451449549593
0.01,88,1.513099472744284,0.053484267528373035,4.588462985483805,2.415256825025918,0.16306666666666667,0.06696934622148655,0.8369333333333332,0.06696934622148652,7.514308134714763,0.12527825236458381
0.01,89,1.5279577845502692,0.06621407238687983,2.51438236579895,0.46990586655587946,0.2222666666666667,0.054790540546095494,0.7777333333333333,0.05479054054609552,7.46718692779541,0.13841626086362205
0.01,90,1.5218501157061421,0.05765793577382051,2.4953034214655556,0.2515479965374137,0.23253333333333334,0.03854637899120141,0.7674666666666666,0.03854637899120142,7.536563396453857,0.1249385614079904
0.01,91,1.5098440424560586,0.05215206064412345,4.01751708132426,2.292876783307668,0.19406666666666664,0.08408105216595077,0.8059333333333334,0.08408105216595077,7.425643603006999,0.2957547311302179
0.01,92,1.508985522356383,0.0527048930857465,11.262374501546224,9.207681680397533,0.1396,0.061527148479350154,0.8603999999999999,0.06152714847935015,7.504160563151042,0.21508533447625527
0.01,93,1.5111433342797878,0.05104691167318678,3.39114975903829,0.9558316256300877,0.19256666666666666,0.04616105862448709,0.8074333333333333,0.046161058624487106,7.450823624928792,0.13090339137722168
0.01,94,1.5229754603427388,0.05763865578179116,2.6147878127415978,0.3021621375267015,0.19800000000000004,0.06769128452023936,0.8019999999999999,0.0676912845202394,7.494078954060872,0.20521143705328843
0.01,95,1.51980219279612,0.051888136970251804,2.829613457489014,0.469180739137764,0.21273333333333333,0.02821813837469321,0.7872666666666667,0.028218138374693193,7.538658777872722,0.09960248750513581
0.01,96,1.514103692714109,0.04527989902342953,2.9821638058980304,1.1891751571452462,0.23886666666666664,0.13909242730405325,0.7611333333333333,0.13909242730405322,7.486748695373535,0.19974458599723566
0.01,97,1.5208101519538315,0.053086272557389055,2.870610386530558,0.5453334432628878,0.2106,0.040491480585426856,0.7894,0.04049148058542686,7.504923661549886,0.15428418331017715
0.01,98,1.5211298328531369,0.050661504698168346,2.7018666700363156,0.14136010797745424,0.2107,0.015447653543499737,0.7893,0.015447653543499716,7.440852324167888,0.16298403904480388
0.01,99,1.5161831795610328,0.05068359950633554,2.6801307286580403,0.6125578643299856,0.22116666666666665,0.0782804147493697,0.7788333333333334,0.0782804147493697,7.5578257242838545,0.29049278454400224
0.01,100,1.5158764119851516,0.05270316062174042,5.942996700286865,3.6483607655745582,0.12323333333333335,0.029119466570205806,0.8767666666666667,0.02911946657020583,7.438100973765056,0.2362523666033986
0.1,1,2.1891996474318898,0.013902996932340657,2.4552117585500084,0.39207794494799064,0.15869999999999998,0.043497011391588736,0.8412999999999999,0.04349701139158872,1.4440771738688152,0.15813809211840138
0.1,2,2.1800898601128726,0.0026494578680148306,2.2320007921854654,0.07667956536207385,0.14883333333333335,0.042735738361859774,0.8511666666666667,0.042735738361859794,2.1151150862375894,0.8015119646681632
0.1,3,2.187499048561493,0.010184237623550587,2.2884636095046997,0.013533875567639119,0.12173333333333332,0.03535680038314175,0.8782666666666666,0.03535680038314178,2.0263512134552,1.498543147425449
0.1,4,2.1844859661856777,0.004829999614734512,2.3821350835164385,0.13357652148358623,0.1301,0.052048150783673384,0.8699,0.05204815078367342,2.054109772046407,0.9888439395367027
0.1,5,2.2152768596054035,0.01212671336075615,2.3309985003153484,0.04962152708732673,0.10003333333333335,5.773502691895622e-05,0.8999666666666667,5.773502691895622e-05,0.7240833540757498,0.5888416102111675
0.1,6,2.2543453005573633,0.043070901890555326,2.2386188510894773,0.06183667125182615,0.13726666666666665,0.03247404091475733,0.8627333333333334,0.032474040914757335,0.6506321034132948,0.5640819797326454
0.1,7,2.239961618047846,0.05824447671112562,2.265171200815837,0.03299838012200453,0.1521,0.045157834314767574,0.8479,0.045157834314767574,0.6900527874628702,0.6480980106058184
0.1,8,2.2400260040725484,0.058055633710802766,2.268408199818929,0.05653512488766136,0.11983333333333335,0.03435234101678273,0.8801666666666667,0.03435234101678273,0.8912624518076578,0.8005065065914648
0.1,9,2.232898471097304,0.061298274030151916,2.3729590986887614,0.07193943854347554,0.10149999999999999,0.0025980762113533102,0.8985,0.00259807621135335,1.8490363756815593,1.7817802812118495
0.1,10,2.230716655727949,0.06333881351092606,2.2724427308400474,0.03811832807352123,0.12390000000000001,0.022172279991015814,0.8761,0.02217227999101584,0.7635103861490885,0.6616348230193887
0.1,11,2.228908006898989,0.06506744028491927,2.294860673904419,0.015324593615762737,0.10096666666666666,0.001193035344544885,0.8990333333333332,0.001193035344544923,1.158050775527954,1.114422864030377
0.1,12,2.2322104210947074,0.0618045605141549,2.239682470957438,0.0658163936136365,0.13636666666666666,0.032458024174822055,0.8636333333333334,0.032458024174822075,0.8031360308329264,0.6987516386047268
0.1,13,2.2309891116588623,0.06307700794612361,2.2882410073598227,0.05165547238755818,0.12643333333333331,0.045783876346737314,0.8735666666666666,0.04578387634673734,0.7741609414418539,0.673069269940911
0.1,14,2.264751342454733,0.06072391291432901,2.3126205487569176,0.01649723460806633,0.10000000000000002,1.6996749443881478e-17,0.9,0.0,0.4260833143385672,0.7379978766333811
0.1,15,2.2756901762979416,0.04858066731166343,2.2784329982757567,0.04371238710225275,0.10786666666666667,0.013625466352875166,0.8921333333333333,0.013625466352875206,0.3165316979090374,0.5482489829844959
0.1,16,2.2665459524335154,0.06416078040378113,2.2665861165364585,0.06400228646306817,0.1265666666666667,0.04601481645441317,0.8734333333333333,0.04601481645441317,0.5852733850479126,1.0137232392208075
0.1,17,2.2706034770910293,0.057080498887571024,2.3032463639577228,0.0003539153270620149,0.10000000000000002,1.6996749443881478e-17,0.9,0.0,0.05597942074139913,0.09695920090237832
0.1,18,2.303625303156236,0.00013588247211592967,2.3036265279134116,0.0004379052052072125,0.10000000000000002,1.6996749443881478e-17,0.9,0.0,1.6739210018101858e-10,2.8993162229918365e-10
0.1,19,2.3035689410447873,6.581764600568414e-05,2.303345266723633,0.000505406317936822,0.10000000000000002,1.6996749443881478e-17,0.9,0.0,1.7986773586266507e-18,3.1154005715651456e-18
0.1,20,2.3036368222492736,0.0001635320912381555,2.303241908391317,0.00018503475463281153,0.10000000000000002,1.6996749443881478e-17,0.9,0.0,0.0,0.0
0.1,21,2.303555977212397,8.359716780660443e-05,2.3035485652923584,0.0003163830959025167,0.10000000000000002,1.6996749443881478e-17,0.9,0.0,0.0,0.0
0.1,22,2.3035836654754145,0.00014518309205440857,2.3034868586222332,0.00041412752632894237,0.10000000000000002,1.6996749443881478e-17,0.9,0.0,0.0,0.0
0.1,23,2.303577181221782,9.540127852022592e-05,2.303235671615601,7.757694151920062e-05,0.10000000000000002,1.6996749443881478e-17,0.9,0.0,0.0,0.0
0.1,24,2.3036048205002495,0.0001130919537034239,2.3031440367380775,0.00014845953904694934,0.10000000000000002,1.6996749443881478e-17,0.9,0.0,0.0,0.0
0.1,25,2.303620327260895,9.984586224788544e-05,2.3034342594146726,0.0003519999633140726,0.10000000000000002,1.6996749443881478e-17,0.9,0.0,0.0,0.0
0.1,26,2.303617166436237,0.0002976945263332927,2.303526553726196,0.000332181078216183,0.10000000000000002,1.6996749443881478e-17,0.9,0.0,0.0,0.0
0.1,27,2.303545127845888,0.00020765412197730894,2.3031813899993896,0.00011490176009993703,0.10000000000000002,1.6996749443881478e-17,0.9,0.0,0.0,0.0
0.1,28,2.303402311458409,9.524673343638368e-05,2.303476451237996,0.00037274388852636466,0.10000000000000002,1.6996749443881478e-17,0.9,0.0,0.0,0.0
0.1,29,2.303472354690539,0.00011220728055769718,2.3038555147806807,0.0005907313059145714,0.10000000000000002,1.6996749443881478e-17,0.9,0.0,0.0,0.0
0.1,30,2.3035555656202207,0.0001429455987725037,2.303356371561686,0.0002872196520813255,0.10000000000000002,1.6996749443881478e-17,0.9,0.0,0.0,0.0
0.1,31,2.303428626324718,6.581583737488798e-05,2.3038171460469563,0.0003873860889017546,0.10000000000000002,1.6996749443881478e-17,0.9,0.0,0.0,0.0
0.1,32,2.3034924804300503,0.00014140746671650927,2.3034792591094972,0.00037172443232526503,0.10000000000000002,1.6996749443881478e-17,0.9,0.0,0.0,0.0
0.1,33,2.3035618866597702,0.00013751567498563222,2.303827899169922,0.00047613497088211355,0.10000000000000002,1.6996749443881478e-17,0.9,0.0,0.0,0.0
0.1,34,2.30354551179533,3.4241350431283214e-05,2.3033671768188477,0.00042400656684643816,0.10000000000000002,1.6996749443881478e-17,0.9,0.0,0.0,0.0
0.1,35,2.303504723925318,4.696203855263526e-05,2.3034159173329667,0.0002880101849093376,0.10000000000000002,1.6996749443881478e-17,0.9,0.0,0.0,0.0
0.1,36,2.3034931261724423,0.00010130319082466086,2.303144056828817,4.1822432391928205e-05,0.10000000000000002,1.6996749443881478e-17,0.9,0.0,0.0,0.0
0.1,37,2.3034987443548336,0.00021125208400640528,2.3034325853983564,3.604678236101075e-05,0.10000000000000002,1.6996749443881478e-17,0.9,0.0,0.0,0.0
0.1,38,2.303581216451152,0.00015125487320684936,2.3034847262064617,0.000501472886273913,0.10000000000000002,1.6996749443881478e-17,0.9,0.0,0.0,0.0
0.1,39,2.303504032450462,7.120405866472251e-05,2.303160834757487,0.000222553779453093,0.10000000000000002,1.6996749443881478e-17,0.9,0.0,0.0,0.0
0.1,40,2.303437346184447,0.00022647463531398122,2.3033385879516604,0.0001913079955713284,0.10000000000000002,1.6996749443881478e-17,0.9,0.0,0.0,0.0
0.1,41,2.3034776244931816,0.00011551695286771747,2.3037639736175533,0.0003458320428320099,0.10000000000000002,1.6996749443881478e-17,0.9,0.0,0.0,0.0
0.1,42,2.30359095035205,0.0002951495337473761,2.3033627951304116,0.0005295793346779404,0.10000000000000002,1.6996749443881478e-17,0.9,0.0,0.0,0.0
0.1,43,2.303494800183881,0.00010948556164333155,2.303682371393839,0.00013559868389140066,0.10000000000000002,1.6996749443881478e-17,0.9,0.0,0.0,0.0
0.1,44,2.30352395310528,0.00012160179131653833,2.3033286084493003,0.000247401633390665,0.10000000000000002,1.6996749443881478e-17,0.9,0.0,0.0,0.0
0.1,45,2.30357697959243,0.00017959548862383638,2.303345471445719,0.0007058279630557982,0.10000000000000002,1.6996749443881478e-17,0.9,0.0,0.0,0.0
0.1,46,2.3033529155191355,0.00014915397293423802,2.303340326309204,0.00013835882835339813,0.10000000000000002,1.6996749443881478e-17,0.9,0.0,0.0,0.0
0.1,47,2.303533002238749,0.00014427232690418713,2.3032898581186934,0.00012478681632722318,0.10000000000000002,1.6996749443881478e-17,0.9,0.0,0.0,0.0
0.1,48,2.303526157410045,0.00017831108831485817,2.303218966801961,8.970987837600884e-05,0.10000000000000002,1.6996749443881478e-17,0.9,0.0,0.0,0.0
0.1,49,2.303573893565758,2.8978671615578923e-05,2.3033052379608154,0.0002865146927238598,0.10000000000000002,1.6996749443881478e-17,0.9,0.0,0.0,0.0
0.1,50,2.3033760667152112,0.00011523387691153842,2.3034761881510417,0.0004459958770656401,0.10000000000000002,1.6996749443881478e-17,0.9,0.0,0.0,0.0
0.1,51,2.303664272906733,0.0001681296434574413,2.3032457252502443,0.0004170481115468592,0.10000000000000002,1.6996749443881478e-17,0.9,0.0,0.0,0.0
0.1,52,2.303545891273154,0.0001644223141007177,2.303412974802653,0.00014392204732398313,0.10000000000000002,1.6996749443881478e-17,0.9,0.0,0.0,0.0
0.1,53,2.3035647352841404,0.00016372776614206978,2.3033844974517823,0.0004326602141753507,0.10000000000000002,1.6996749443881478e-17,0.9,0.0,0.0,0.0
0.1,54,2.303570356108852,0.00025667238776045065,2.3032899620056155,0.0005484751003620766,0.10000000000000002,1.6996749443881478e-17,0.9,0.0,0.0,0.0
0.1,55,2.3034200377679745,0.0001861113133262464,2.3035536736806232,0.0005745675392115252,0.10000000000000002,1.6996749443881478e-17,0.9,0.0,0.0,0.0
0.1,56,2.3036272306271526,5.276349011941088e-05,2.3035021377563476,0.0001417828870430612,0.10000000000000002,1.6996749443881478e-17,0.9,0.0,0.0,0.0
0.1,57,2.303472900431276,0.00030908642296014556,2.3034594187418618,0.0002883814598165193,0.10000000000000002,1.6996749443881478e-17,0.9,0.0,0.0,0.0
0.1,58,2.3035398456446656,0.00010016573196497446,2.3032076026916504,0.00030197169164887207,0.10000000000000002,1.6996749443881478e-17,0.9,0.0,0.0,0.0
0.1,59,2.3036139686190973,9.401108439473186e-05,2.303014074707031,0.00011099296463754287,0.10000000000000002,1.6996749443881478e-17,0.9,0.0,0.0,0.0
0.1,60,2.303409903250692,6.869719334334048e-05,2.3037922921498617,0.00043732373298678465,0.10000000000000002,1.6996749443881478e-17,0.9,0.0,0.0,0.0
0.1,61,2.3034919806250325,0.0001775161201261286,2.3033687987009683,0.00031299989200089074,0.10000000000000002,1.6996749443881478e-17,0.9,0.0,0.0,0.0
0.1,62,2.303416347869522,0.00012742429063264686,2.3037758518218996,0.0003810115044815669,0.10000000000000002,1.6996749443881478e-17,0.9,0.0,0.0,0.0
0.1,63,2.303635887477709,0.00019146302970487428,2.303424612681071,0.000387612669949279,0.10000000000000002,1.6996749443881478e-17,0.9,0.0,0.0,0.0
0.1,64,2.303651168218354,2.204078625458465e-05,2.303554196802775,0.00022029143829850657,0.10000000000000002,1.6996749443881478e-17,0.9,0.0,0.0,0.0
0.1,65,2.303624734854149,9.816218971055452e-06,2.303298687616984,0.00026120192155556804,0.10000000000000002,1.6996749443881478e-17,0.9,0.0,0.0,0.0
0.1,66,2.3034828235629474,9.335453651176915e-05,2.3036792930603025,6.486165508710846e-05,0.10000000000000002,1.6996749443881478e-17,0.9,0.0,0.0,0.0
0.1,67,2.3034682405980753,0.00014274152513226018,2.303774005508423,0.0004751577925794279,0.10000000000000002,1.6996749443881478e-17,0.9,0.0,0.0,0.0
0.1,68,2.3037198394765634,0.00016452867550051484,2.303188915888468,0.0001941338821510108,0.10000000000000002,1.6996749443881478e-17,0.9,0.0,0.0,0.0
0.1,69,2.303547574024574,2.9526409761799373e-05,2.3031372890472412,0.0004141883762705598,0.10000000000000002,1.6996749443881478e-17,0.9,0.0,0.0,0.0
0.1,70,2.3036483197972397,6.401495831401079e-05,2.3033673489888504,0.0006561222254642546,0.10000000000000002,1.6996749443881478e-17,0.9,0.0,0.0,0.0
0.1,71,2.3034625779027524,0.00014805679507102218,2.3033870630900064,0.0006324170093201483,0.10000000000000002,1.6996749443881478e-17,0.9,0.0,0.0,0.0
0.1,72,2.3034636311722125,0.00010431273721964511,2.303607757949829,0.0006905633749009993,0.10000000000000002,1.6996749443881478e-17,0.9,0.0,0.0,0.0
0.1,73,2.3035344177093244,9.199910493948332e-05,2.3033124542236325,0.00044493003394800447,0.10000000000000002,1.6996749443881478e-17,0.9,0.0,0.0,0.0
0.1,74,2.30353500369463,0.0002124683545589508,2.3035470324198406,0.00034952757030923617,0.10000000000000002,1.6996749443881478e-17,0.9,0.0,0.0,0.0
0.1,75,2.303590972710144,0.00023688793626926947,2.303482140350342,0.0003855573552141272,0.10000000000000002,1.6996749443881478e-17,0.9,0.0,0.0,0.0
0.1,76,2.3035710876250204,0.00013499150349068856,2.303522193400065,0.0004230154899404305,0.10000000000000002,1.6996749443881478e-17,0.9,0.0,0.0,0.0
0.1,77,2.3036239935817213,0.0001348944143776482,2.303503040949504,0.00027826646896157763,0.10000000000000002,1.6996749443881478e-17,0.9,0.0,0.0,0.0
0.1,78,2.3032828088713218,0.00021684446637231604,2.3033661464691164,0.0001599737153345262,0.10000000000000002,1.6996749443881478e-17,0.9,0.0,0.0,0.0
0.1,79,2.3034780342560595,5.6766145748808515e-05,2.3030716083526612,8.687867203457217e-05,0.10000000000000002,1.6996749443881478e-17,0.9,0.0,0.0,0.0
0.1,80,2.3034233374160675,0.00016409018866422526,2.3034149909973145,0.00010052751969620324,0.10000000000000002,1.6996749443881478e-17,0.9,0.0,0.0,0.0
0.1,81,2.3035654879388705,5.982332895489283e-05,2.3034194629669185,0.0004451433287688831,0.10000000000000002,1.6996749443881478e-17,0.9,0.0,0.0,0.0
0.1,82,2.3035809601460984,0.00014196240500898661,2.3032767481486007,0.0005873380309004166,0.10000000000000002,1.6996749443881478e-17,0.9,0.0,0.0,0.0
0.1,83,2.303503966189203,0.00031519867864315403,2.303899504470825,0.0007424912847182051,0.10000000000000002,1.6996749443881478e-17,0.9,0.0,0.0,0.0
0.1,84,2.303432936558638,0.0002964719417074264,2.3032781683603925,0.0001721974032442528,0.10000000000000002,1.6996749443881478e-17,0.9,0.0,0.0,0.0
0.1,85,2.303523737044794,0.00018066848526248646,2.303626837158203,0.0005012062615668609,0.10000000000000002,1.6996749443881478e-17,0.9,0.0,0.0,0.0
0.1,86,2.3036085902780727,0.00011937648397999762,2.303782580566406,0.000283793244524747,0.10000000000000002,1.6996749443881478e-17,0.9,0.0,0.0,0.0
0.1,87,2.303450921815578,0.00012422199961578656,2.3032280301411947,0.0002723763372300444,0.10000000000000002,1.6996749443881478e-17,0.9,0.0,0.0,0.0
0.1,88,2.3035364886785508,0.00021428496843712292,2.303454794947306,0.00017310326392110855,0.10000000000000002,1.6996749443881478e-17,0.9,0.0,0.0,0.0
0.1,89,2.3035279714644514,6.421315426609257e-05,2.303391954421997,0.00029743661157719805,0.10000000000000002,1.6996749443881478e-17,0.9,0.0,0.0,0.0
0.1,90,2.3035285814338935,9.531299210775131e-05,2.3031804289499918,0.0003785579298838054,0.10000000000000002,1.6996749443881478e-17,0.9,0.0,0.0,0.0
0.1,91,2.3035969508578407,0.00013781835007861145,2.3034543347676597,0.00013710450506667266,0.10000000000000002,1.6996749443881478e-17,0.9,0.0,0.0,0.0
0.1,92,2.3034073586963935,7.56260803966123e-05,2.3033512700398764,0.00019469011042541701,0.10000000000000002,1.6996749443881478e-17,0.9,0.0,0.0,0.0
0.1,93,2.303594389839855,0.00018120565418854783,2.303254578145345,4.154913268592858e-05,0.10000000000000002,1.6996749443881478e-17,0.9,0.0,0.0,0.0
0.1,94,2.303676512133638,8.454387644587426e-05,2.3034171915690105,0.00020212853369508413,0.10000000000000002,1.6996749443881478e-17,0.9,0.0,0.0,0.0
0.1,95,2.3034901647413273,0.00014304559277461594,2.3034382619222007,0.0005319746636981154,0.10000000000000002,1.6996749443881478e-17,0.9,0.0,0.0,0.0
0.1,96,2.303434606098458,2.4265284236526367e-05,2.3036388331095377,0.0005757887878097186,0.10000000000000002,1.6996749443881478e-17,0.9,0.0,0.0,0.0
0.1,97,2.3036308971512347,5.48099814485791e-05,2.303395988337199,0.00041912644966273855,0.10000000000000002,1.6996749443881478e-17,0.9,0.0,0.0,0.0
0.1,98,2.3035357955776514,0.0001395480283326346,2.303565467453003,0.000142164358893199,0.10000000000000002,1.6996749443881478e-17,0.9,0.0,0.0,0.0
0.1,99,2.3034799767678757,0.00020498678481348744,2.3034546298980714,0.00017158496974857475,0.10000000000000002,1.6996749443881478e-17,0.9,0.0,0.0,0.0
0.1,100,2.3035782698576814,0.00021166704537965052,2.3035730538686114,0.0003165242885906647,0.10000000000000002,1.6996749443881478e-17,0.9,0.0,0.0,0.0
1.0,1,2.3118890388745683,0.006359964102418782,2.3027356829325356,5.1341562387957034e-05,0.10000000000000002,1.6996749443881478e-17,0.9,0.0,4.209618846099753e-08,9.115557937932555e-11
1.0,2,2.302751753539584,0.00016977555476941584,2.302757958730062,1.5879517433156412e-05,0.10000000000000002,1.6996749443881478e-17,0.9,0.0,4.6346925309716205e-17,8.739608374229645e-20
1.0,3,2.302839941787395,0.00010123151356091459,2.3028484010060626,0.00011533310502779846,0.10000000000000002,1.6996749443881478e-17,0.9,0.0,0.0,0.0
1.0,4,2.302793382886934,0.00014363426989758886,2.3027312004089353,2.995494691203261e-05,0.10000000000000002,1.6996749443881478e-17,0.9,0.0,0.0,0.0
1.0,5,2.3027943881881208,1.2584484330961094e-05,2.3027747433980306,5.983141770724064e-05,0.10000000000000002,1.6996749443881478e-17,0.9,0.0,0.0,0.0
1.0,6,2.3027560153987197,4.612665254340824e-05,2.302779597600301,0.00012165831804272926,0.10000000000000002,1.6996749443881478e-17,0.9,0.0,0.0,0.0
1.0,7,2.3027445145986674,3.574914027431358e-05,2.3027421489715576,8.047430481031321e-05,0.10000000000000002,1.6996749443881478e-17,0.9,0.0,0.0,0.0
1.0,8,2.302798348619505,6.852438196869467e-05,2.302722658920288,5.8332888583388276e-05,0.10000000000000002,1.6996749443881478e-17,0.9,0.0,0.0,0.0
1.0,9,2.3027518915499976,2.238934009474921e-05,2.3028027814229333,9.63755549012278e-05,0.10000000000000002,1.6996749443881478e-17,0.9,0.0,0.0,0.0
1.0,10,2.3026953662244662,8.459986165889907e-05,2.302750664393107,6.347963669823582e-05,0.10000000000000002,1.6996749443881478e-17,0.9,0.0,0.0,0.0
1.0,11,2.302789983643697,4.1899453308929266e-05,2.302714046859741,0.00010073674070155278,0.10000000000000002,1.6996749443881478e-17,0.9,0.0,0.0,0.0
1.0,12,2.3027128732214597,5.606924931395364e-05,2.3026871234893798,6.98727650155489e-05,0.10000000000000002,1.6996749443881478e-17,0.9,0.0,0.0,0.0
1.0,13,2.302854654429209,5.241799406465669e-06,2.302793963114421,6.910072024338913e-05,0.10000000000000002,1.6996749443881478e-17,0.9,0.0,0.0,0.0
1.0,14,2.3027790098848855,4.760612561304837e-05,2.302800355021159,4.677132026675941e-05,0.10000000000000002,1.6996749443881478e-17,0.9,0.0,0.0,0.0
1.0,15,2.3027666682172616,6.954700588788358e-05,2.302686859893799,8.730451253219852e-05,0.10000000000000002,1.6996749443881478e-17,0.9,0.0,0.0,0.0
1.0,16,2.3027810515853346,4.191015950416985e-05,2.3026738432566325,4.56370143230942e-05,0.10000000000000002,1.6996749443881478e-17,0.9,0.0,0.0,0.0
1.0,17,2.302754955218576,5.697023993476032e-05,2.3027135559082033,9.706440557493329e-05,0.10000000000000002,1.6996749443881478e-17,0.9,0.0,0.0,0.0
1.0,18,2.302775358401703,5.8770155498986085e-05,2.3028358216603597,0.0001520626249389595,0.10000000000000002,1.6996749443881478e-17,0.9,0.0,0.0,0.0
1.0,19,2.3028508094468894,0.00011101381752017352,2.302767944463094,8.384529939488986e-05,0.10000000000000002,1.6996749443881478e-17,0.9,0.0,0.0,0.0
1.0,20,2.30279813825017,4.166493064958486e-05,2.302772510274251,8.552717617414126e-05,0.10000000000000002,1.6996749443881478e-17,0.9,0.0,0.0,0.0
1.0,21,2.302834122178906,0.00012087071353154846,2.3026926954905194,6.432132259444392e-05,0.10000000000000002,1.6996749443881478e-17,0.9,0.0,0.0,0.0
1.0,22,2.3028098238093775,5.262883408734764e-05,2.3027895568847656,8.333629438323094e-05,0.10000000000000002,1.6996749443881478e-17,0.9,0.0,0.0,0.0
1.0,23,2.302793760128948,6.270262089794788e-05,2.302751503753662,1.949139631233681e-05,0.10000000000000002,1.6996749443881478e-17,0.9,0.0,0.0,0.0
1.0,24,2.3026379870230174,8.480937449695685e-05,2.302809162521362,8.64801075965846e-05,0.10000000000000002,1.6996749443881478e-17,0.9,0.0,0.0,0.0
1.0,25,2.302743177584675,0.00013558484224338114,2.3027813475290935,8.123237319903844e-05,0.10000000000000002,1.6996749443881478e-17,0.9,0.0,0.0,0.0
1.0,26,2.3027576322953927,4.88638073333365e-05,2.3027113759358726,3.073860210580304e-05,0.10000000000000002,1.6996749443881478e-17,0.9,0.0,0.0,0.0
1.0,27,2.3026914169721286,3.9126149070563664e-05,2.3027558250427247,2.197676695673132e-05,0.10000000000000002,1.6996749443881478e-17,0.9,0.0,0.0,0.0
1.0,28,2.3027651614850133,7.99735610072907e-05,2.3027259857177733,6.456034110899319e-05,0.10000000000000002,1.6996749443881478e-17,0.9,0.0,0.0,0.0
1.0,29,2.3028287751392127,8.814866179283754e-05,2.302854885864258,0.0001098991794138244,0.10000000000000002,1.6996749443881478e-17,0.9,0.0,0.0,0.0
1.0,30,2.302781324557331,3.309798128820369e-05,2.3026876717885334,4.6075141704386095e-05,0.10000000000000002,1.6996749443881478e-17,0.9,0.0,0.0,0.0
1.0,31,2.302660298977565,6.659677255498916e-05,2.302729273732503,5.903857498017233e-05,0.10000000000000002,1.6996749443881478e-17,0.9,0.0,0.0,0.0
1.0,32,2.3027512433685406,2.2530837688983622e-05,2.3027633675893147,6.130463481483215e-05,0.10000000000000002,1.6996749443881478e-17,0.9,0.0,0.0,0.0
1.0,33,2.3028027072282096,0.00010432826927277444,2.3027999182383216,6.879184713463304e-05,0.10000000000000002,1.6996749443881478e-17,0.9,0.0,0.0,0.0
1.0,34,2.3027510140964544,6.111950920284598e-05,2.3027001031239833,1.8588077507672646e-05,0.10000000000000002,1.6996749443881478e-17,0.9,0.0,0.0,0.0
1.0,35,2.3027806666196153,8.360903434377889e-06,2.3027023234049477,7.634249392245867e-05,0.10000000000000002,1.6996749443881478e-17,0.9,0.0,0.0,0.0
1.0,36,2.302747916280969,3.5340169366345944e-05,2.3027536029815674,0.00011030462828308445,0.10000000000000002,1.6996749443881478e-17,0.9,0.0,0.0,0.0
1.0,37,2.3027530726671013,2.855473494448041e-05,2.3026787008921303,3.912169058668991e-05,0.10000000000000002,1.6996749443881478e-17,0.9,0.0,0.0,0.0
1.0,38,2.302760206524978,9.872799993403046e-06,2.3027505961100263,9.254801939564169e-05,0.10000000000000002,1.6996749443881478e-17,0.9,0.0,0.0,0.0
1.0,39,2.3027561434496193,0.00016984173223728898,2.302694580205282,1.257603608688226e-05,0.10000000000000002,1.6996749443881478e-17,0.9,0.0,0.0,0.0
1.0,40,2.302727667775199,5.616620278954575e-05,2.3027673482259114,0.00011844520953598119,0.10000000000000002,1.6996749443881478e-17,0.9,0.0,0.0,0.0
1.0,41,2.3027610441404636,6.495997505540813e-05,2.302759502283732,9.906653887384298e-05,0.10000000000000002,1.6996749443881478e-17,0.9,0.0,0.0,0.0
1.0,42,2.3027935361415017,0.0001471416539068083,2.3027360487620037,4.1406164628225734e-05,0.10000000000000002,1.6996749443881478e-17,0.9,0.0,0.0,0.0
1.0,43,2.3027539332504467,6.234225355572902e-05,2.302729436620077,7.482241329232968e-05,0.10000000000000002,1.6996749443881478e-17,0.9,0.0,0.0,0.0
1.0,44,2.30278840008091,1.5834392403096895e-05,2.3027644739786783,0.00011710911102252057,0.10000000000000002,1.6996749443881478e-17,0.9,0.0,0.0,0.0
1.0,45,2.302816818437308,5.4566284381557066e-05,2.302805235417684,0.00015636208777561992,0.10000000000000002,1.6996749443881478e-17,0.9,0.0,0.0,0.0
1.0,46,2.3027533308014543,0.00010192902319817788,2.302698353703817,4.9663382226654565e-05,0.10000000000000002,1.6996749443881478e-17,0.9,0.0,0.0,0.0
1.0,47,2.3027455455100347,0.0001662831259114574,2.302783399836222,7.108590527482591e-05,0.10000000000000002,1.6996749443881478e-17,0.9,0.0,0.0,0.0
1.0,48,2.3027153433842833,5.4018096502498385e-05,2.3027108183542886,2.9570630476835066e-05,0.10000000000000002,1.6996749443881478e-17,0.9,0.0,0.0,0.0
1.0,49,2.302741781423362,7.434660813393712e-05,2.3027426545461016,7.902173720377413e-05,0.10000000000000002,1.6996749443881478e-17,0.9,0.0,0.0,0.0
1.0,50,2.302826204974735,7.910161705788885e-05,2.30276097869873,0.00010549316532885416,0.10000000000000002,1.6996749443881478e-17,0.9,0.0,0.0,0.0
1.0,51,2.3027159316053982,9.279049962967515e-05,2.3027831108093264,8.009977691991564e-05,0.10000000000000002,1.6996749443881478e-17,0.9,0.0,0.0,0.0
1.0,52,2.3027944623763403,5.4722264039778535e-05,2.302772974522908,7.16852197834092e-05,0.10000000000000002,1.6996749443881478e-17,0.9,0.0,0.0,0.0
1.0,53,2.3027492388638287,1.969837216150249e-05,2.302721566518148,6.806820982813249e-05,0.10000000000000002,1.6996749443881478e-17,0.9,0.0,0.0,0.0
1.0,54,2.3026983904614977,2.775513090495607e-05,2.302784481684367,2.8977188952376986e-05,0.10000000000000002,1.6996749443881478e-17,0.9,0.0,0.0,0.0
1.0,55,2.3026997561345017,7.486798961735345e-05,2.3027302876790365,7.062886446330712e-05,0.10000000000000002,1.6996749443881478e-17,0.9,0.0,0.0,0.0
1.0,56,2.30281587675506,8.745358657844312e-05,2.30273444480896,0.0001308095778859724,0.10000000000000002,1.6996749443881478e-17,0.9,0.0,0.0,0.0
1.0,57,2.3026479776354805,0.0001456439932823676,2.302718657048543,2.5053313885850802e-05,0.10000000000000002,1.6996749443881478e-17,0.9,0.0,0.0,0.0
1.0,58,2.3028117435565894,5.319685606911705e-05,2.302691900507609,7.288038023870685e-05,0.10000000000000002,1.6996749443881478e-17,0.9,0.0,0.0,0.0
1.0,59,2.302741252756078,6.57582238594922e-05,2.3027580685933433,2.24074312933825e-05,0.10000000000000002,1.6996749443881478e-17,0.9,0.0,0.0,0.0
1.0,60,2.302759930910662,5.8450737184476777e-05,2.302750010045369,0.00010352555739879839,0.10000000000000002,1.6996749443881478e-17,0.9,0.0,0.0,0.0
1.0,61,2.302769803228484,0.0001186955662529178,2.3027084732055663,4.336944494817284e-05,0.10000000000000002,1.6996749443881478e-17,0.9,0.0,0.0,0.0
1.0,62,2.3027897834371323,8.278763223011087e-05,2.302738216145833,5.156816315524933e-05,0.10000000000000002,1.6996749443881478e-17,0.9,0.0,0.0,0.0
1.0,63,2.3027125134594097,6.226788707270836e-05,2.3027390047709146,4.362231936945337e-05,0.10000000000000002,1.6996749443881478e-17,0.9,0.0,0.0,0.0
1.0,64,2.302761472196327,0.00011792626047745962,2.3027390604654947,8.314105854448149e-05,0.10000000000000002,1.6996749443881478e-17,0.9,0.0,0.0,0.0
1.0,65,2.302768566419401,3.0103548415607394e-05,2.302785371271769,6.432093300717167e-05,0.10000000000000002,1.6996749443881478e-17,0.9,0.0,0.0,0.0
1.0,66,2.302794427416412,5.72007186692854e-05,2.3027538600921633,4.307297725368237e-05,0.10000000000000002,1.6996749443881478e-17,0.9,0.0,0.0,0.0
1.0,67,2.30281049556846,6.4051735706830784e-06,2.302775234222412,4.473953247540686e-05,0.10000000000000002,1.6996749443881478e-17,0.9,0.0,0.0,0.0
1.0,68,2.3027816493594533,4.932984581247694e-05,2.302751769510905,6.573023456616468e-05,0.10000000000000002,1.6996749443881478e-17,0.9,0.0,0.0,0.0
1.0,69,2.302801577331465,4.6075381432179314e-05,2.3027224365234376,4.35091272190708e-05,0.10000000000000002,1.6996749443881478e-17,0.9,0.0,0.0,0.0
1.0,70,2.3028075136085504,5.7085293964719415e-05,2.3027299475351968,0.00010783386957989376,0.10000000000000002,1.6996749443881478e-17,0.9,0.0,0.0,0.0
1.0,71,2.302791228989506,0.00010789110265235233,2.3027979223887125,2.6706438836672995e-05,0.10000000000000002,1.6996749443881478e-17,0.9,0.0,0.0,0.0
1.0,72,2.302827817196533,2.7496542652929467e-05,2.3027530010223387,4.3713073286922036e-05,0.10000000000000002,1.6996749443881478e-17,0.9,0.0,0.0,0.0
1.0,73,2.302738314089568,0.00011994027559811987,2.3028809335072835,0.00015799256936892346,0.10000000000000002,1.6996749443881478e-17,0.9,0.0,0.0,0.0
1.0,74,2.3027595284649784,1.9484000587994458e-05,2.302832004419962,0.00013166640362724551,0.10000000000000002,1.6996749443881478e-17,0.9,0.0,0.0,0.0
1.0,75,2.302742197283902,2.4292565696438874e-05,2.302777467473348,8.786697608655406e-05,0.10000000000000002,1.6996749443881478e-17,0.9,0.0,0.0,0.0
1.0,76,2.3026663419637328,2.2351376874318005e-05,2.302674674987793,3.8444131658981894e-05,0.10000000000000002,1.6996749443881478e-17,0.9,0.0,0.0,0.0
1.0,77,2.302682567841968,0.00010476423744697932,2.3027084908803306,4.715382322155263e-05,0.10000000000000002,1.6996749443881478e-17,0.9,0.0,0.0,0.0
1.0,78,2.302855909937788,0.00011942506626915053,2.302783141962687,7.335804224304933e-05,0.10000000000000002,1.6996749443881478e-17,0.9,0.0,0.0,0.0
1.0,79,2.302828903799878,6.2124242773431e-05,2.302704548772176,5.4245991042266264e-05,0.10000000000000002,1.6996749443881478e-17,0.9,0.0,0.0,0.0
1.0,80,2.302830451183205,8.970369695973322e-05,2.3027263017018633,4.215316125916955e-05,0.10000000000000002,1.6996749443881478e-17,0.9,0.0,0.0,0.0
1.0,81,2.30277306080271,6.92513749762341e-05,2.302799619928996,9.631510020134138e-05,0.10000000000000002,1.6996749443881478e-17,0.9,0.0,0.0,0.0
1.0,82,2.302827104786371,8.561975156520962e-05,2.302710452143351,4.250190141829076e-05,0.10000000000000002,1.6996749443881478e-17,0.9,0.0,0.0,0.0
1.0,83,2.302836162659823,7.520908206119648e-05,2.3027395360310874,0.00011344040949655533,0.10000000000000002,1.6996749443881478e-17,0.9,0.0,0.0,0.0
1.0,84,2.302739608216672,8.452874469545857e-05,2.3027752843221028,1.1194033295594285e-05,0.10000000000000002,1.6996749443881478e-17,0.9,0.0,0.0,0.0
1.0,85,2.302744888791851,5.8396937790480147e-05,2.302775529098511,2.5169274991094575e-05,0.10000000000000002,1.6996749443881478e-17,0.9,0.0,0.0,0.0
1.0,86,2.3027795391619357,8.133319996411561e-05,2.3027894808451332,5.742244232894658e-05,0.10000000000000002,1.6996749443881478e-17,0.9,0.0,0.0,0.0
1.0,87,2.3027454810780736,7.241014223843383e-06,2.302748557281494,3.839044819003918e-05,0.10000000000000002,1.6996749443881478e-17,0.9,0.0,0.0,0.0
1.0,88,2.3027598343643487,4.555449233308206e-05,2.302681855646769,2.965590399434666e-05,0.10000000000000002,1.6996749443881478e-17,0.9,0.0,0.0,0.0
1.0,89,2.3027282511181846,6.927693753451536e-05,2.3028066459655765,5.232836533157485e-05,0.10000000000000002,1.6996749443881478e-17,0.9,0.0,0.0,0.0
1.0,90,2.3027715815099405,8.983816793008801e-05,2.3028195267995195,0.00016879807391696235,0.10000000000000002,1.6996749443881478e-17,0.9,0.0,0.0,0.0
1.0,91,2.3026595487618997,5.002091844031161e-05,2.3027824596405027,6.171218031683859e-05,0.10000000000000002,1.6996749443881478e-17,0.9,0.0,0.0,0.0
1.0,92,2.3027950723457824,9.635280308639532e-05,2.3027834770202635,2.79060283673036e-05,0.10000000000000002,1.6996749443881478e-17,0.9,0.0,0.0,0.0
1.0,93,2.30283063858468,8.604216841901898e-05,2.30266800626119,1.2225941818130225e-05,0.10000000000000002,1.6996749443881478e-17,0.9,0.0,0.0,0.0
1.0,94,2.302736839878183,4.7770998064484213e-05,2.3027259967803957,0.00010586090554246837,0.10000000000000002,1.6996749443881478e-17,0.9,0.0,0.0,0.0
1.0,95,2.3027871699792546,0.0001123689968335454,2.3028309716542563,5.0264685184522874e-05,0.10000000000000002,1.6996749443881478e-17,0.9,0.0,0.0,0.0
1.0,96,2.3028311654226656,4.3268665762363716e-05,2.3027624675750733,6.958012018806787e-05,0.10000000000000002,1.6996749443881478e-17,0.9,0.0,0.0,0.0
1.0,97,2.302752038706904,8.821434678905993e-05,2.302783027776082,9.11414833272678e-05,0.10000000000000002,1.6996749443881478e-17,0.9,0.0,0.0,0.0
1.0,98,2.302766874724744,7.251990324453387e-05,2.3027496859232586,6.541203261796366e-06,0.10000000000000002,1.6996749443881478e-17,0.9,0.0,0.0,0.0
1.0,99,2.3027261584006307,0.00010901652048462793,2.302681893539429,2.9658794904425706e-05,0.10000000000000002,1.6996749443881478e-17,0.9,0.0,0.0,0.0
1.0,100,2.302709635159752,5.1092673620655415e-05,2.3027919911702472,0.00011398140456713425,0.10000000000000002,1.6996749443881478e-17,0.9,0.0,0.0,0.0
